:020000040800F2
:10780000D81F002089A6000851D6000853D60008CA
:1078100055D6000857D6000859D6000800000000C9
:107820000000000000000000000000005BD600081F
:107830005DD60008000000005FD6000885A600089D
:1078400085A6000885A6000885A6000885A600086C
:1078500085A6000885A6000861E3000885A6000843
:1078600085A6000885A6000885A6000885A600084C
:1078700085A6000885A6000885A6000885A600083C
:1078800085A6000885A6000885A6000885A600082C
:1078900061D6000885A6000885A600080DC100086D
:1078A00085A6000885A6000885A6000885A600080C
:1078B000CDA70008D9A9000865E8000885A600083A
:1078C00085A6000885A6000885A6000885A60008EC
:1078D00085A60008BDE6000885A6000859A6000890
:1078E000D9E9000885A6000885A600080000000068
:1078F0000000000000000000000000000000000088
:1079000000000000000000005FF808F107B5012149
:10791000042004F007FD03238DF8063048238DF87A
:10792000073002A94FF4004321F8043D044803F056
:10793000FBFD044B00221A7003B05DF804FB00BF8E
:1079400000080140F6100020014B00221A70704719
:10795000F610002008B5054803F03EFE044B00F485
:1079600000401B78C01A18BF012008BD0008014064
:10797000F610002008B5FFF7EDFF60B1064B0022BE
:107980001A70064B064A07CA83E80700054A1378AF
:1079900043F04003137008BD0E14002010140020A3
:1079A0001C1400200D14002010B5064C18B92368D3
:1079B00001221A8210BD044B1B681B68984720687F
:1079C0000A3010BDEC130020E813002010B5064C5F
:1079D00018B9236801221A8210BD044B1B689B68EA
:1079E000984720680C3010BDEC130020E8130020ED
:1079F00010B5204A18B9136802221A8210BD1E4819
:107A00001468002303802178024611F07F010DD114
:107A1000637A990644BF0221017013F0400F037886
:107A200014BF43F0010323F0010314E0012920D027
:107A300002291DD1617901F00F039B0003F18043FE
:107A400003F5B84311F0800F1B6806D003F0300334
:107A5000102B07D10123137004E003F44053B3F556
:107A6000805FF6E7054B1B681B699847024810BD0D
:107A7000184610BDEC130020F8100020E813002079
:107A80002DE9F843234FDFF8A0803C68238ABBB977
:107A9000267A042E14D120480268012A0BD11F4AED
:107AA00011681F4A89B20A44520013603022A8F8B4
:107AB0000020036029E01023A8F80030072624E006
:107AC000A58AAB4294BF042602269D4228BF1D46CC
:107AD000A369284698478146002001F075FB2A4695
:107AE0000146484607F010FA2946002001F00CFB39
:107AF000238A4FF440525B1B2382638A1D44302348
:107B0000A8F80030074B65821A803B681E72BDE8FA
:107B1000F88300BFEC1300204C050020505C0040AF
:107B200002300020FA100020FC10002010B50A4B93
:107B30000A491B684978DA7891420AD3997841B9A1
:107B40009C8834B99A72064B1B685B68984720463C
:107B500010BD022010BD00BFEC130020C8000020A3
:107B6000E813002038B50E4A0E4D12682B68926952
:107B7000D978587990472B689A7A7AB170B91A797E
:107B800062B99C7854B9084B1B68DB6898472B682E
:107B900020465A79DA72DA781A7338BD022038BD75
:107BA000C4130020EC130020E813002038B5314B3B
:107BB0001B68187810F07F0004D15A7A22F0200256
:107BC0005A7238BD022853D15A88002A51D11A79E5
:107BD000002A4ED15979284D21F08000840004F10B
:107BE000804202F5B84212682D7811F0800F14BF60
:107BF00002F0300202F44052A84239D2002A37D0B3
:107C00009B7A002B34D004F1804404F5B8440A0672
:107C100023680CD503F03003102B23D1C4B22046C7
:107C200001F060FA3021204601F0E0F91AE003F497
:107C30004053B3F5805F15D128B9104B93F82C1041
:107C400001F070FA01E001F03BFA236823F480436D
:107C500023F070039BB283F4405343F4004343F09A
:107C600080032360064B1B685B699847002038BD82
:107C7000022038BDEC130020C80000204400002082
:107C8000E813002038B51F4B1F4D18682D78417937
:107C900021F08004A30003F1804202F5B84212688B
:107CA00011F0800F14BF02F0300202F44052AC42D7
:107CB00025D244881CBB12B3827A02B303F18043FD
:107CC00003F5B8431A6809064BBF22F4E04222F4D8
:107CD000804222F0400222F070024BBF92B292B278
:107CE00082F0100282F4805242F4004242F080029C
:107CF0001A60064B1B689B699847002038BD02201C
:107D000038BD00BFEC130020C8000020E81300209D
:107D100008B5064B1A68537A43F020035372044B9C
:107D20001B68DB699847002008BD00BFEC130020EA
:107D3000E8130020054B10B51C68628A18B98B88BF
:107D40009B1A238210BD0868104410BDEC1300205C
:107D500008B50B4B002093F82C1001F0E3F9094B08
:107D60001B68187A082806D1074B4FF480521A80F6
:107D7000064B10221A80A0F109035842584108BD51
:107D800044000020EC130020FA100020FC1000201A
:107D9000F7B59F4D9F4E2F6832683B7A092B19D05B
:107DA0009D4B92B213445B001C88640004F1804434
:107DB00004F5C04423783B7063787B70A08801F0A1
:107DC00027FA788020892F6801F022FAB880A289EA
:107DD0002B68DA802B6801221A72DA885C78002A14
:107DE00059D11A7812F07F023BD1092C02D1FFF74A
:107DF0009DFE45E0052C10D193F90320002A01DAFD
:107E0000082345E09A78002AFAD19A88002AF7D107
:107E10009B7A002B00F01681F2E7032C13D1DA785D
:107E2000012A07D07D4B20461B685B6998470328D1
:107E30002AD12CE09A88002AF4D15B7A9806F1D5F1
:107E4000FFF766FF1CE0012CECD1DA78012AE9D1BA
:107E50009A88002AE6D15B7A9906E3D5FFF7A6FE59
:107E60000EE0012A04D10B2CDCD1FFF77BFE07E0EA
:107E7000022AD7D1012CF1D0032CD3D1FFF702FF76
:107E8000002800F0DF80CDE70028B9D1DAE009232F
:107E90002A681372D2E0062C15D11A78520640F0E7
:107EA000DF809A785D4B012A02D11B68DB6972E0A2
:107EB000022A02D11B681B6A6DE0032A40F0D080C1
:107EC0001B685B6A67E0002C41D15988002940F0AB
:107ED000C7805A6822F47F42B2F5003F40F0C0806C
:107EE0001A7812F07F0204D19B88002B00F0B68034
:107EF000B6E0012A0BD1494A587912689269904735
:107F0000002840F0AD80424B1B689B7A1BE0022AA0
:107F100040F0A6805A79424802F00F018B0003F12D
:107F2000804303F5B8431B68007812F0800F14BF3C
:107F300003F0300303F44053814280F0918012F04B
:107F4000700F40F08D80002B40F0888088E0082C76
:107F500005D11B785B0640F08380324B1DE00A2C74
:107F60007ED11A7802F07F02012A79D19A7A002A0A
:107F700076D05988002973D15A6822F47F42B2F52D
:107F8000803F6DD1254A5879126892699047002840
:107F900066D1254B01E0002B62D02A680024548270
:107FA00093612046984720464FF6FF712B681A8A46
:107FB0008A4201D1092203E0022800D012B9082226
:107FC0001A723BE093F90010002931DAD988134C7A
:107FD00001910198824202D9019A1A8210E08A42E4
:107FE0000ED2216891F82C00824201D2002105E0D6
:107FF00092FBF0F100FB112212B901210B4A116032
:10800000226892F82C209A82FFF73AFD16E000BF12
:10801000EC130020505C004004300020C41300200A
:10802000C8000020A9790008CD7900084C0500207F
:1080300003221A72104B4FF440521A80FFF788FE49
:1080400003B0F0BD32680D4B92B213445B000022C6
:108050001A600B4B30221A80062319E7094B9CE764
:10806000094B2A681B6850781B69984703289BD1E5
:10807000064B1B689EE700BFFA100020023000206C
:10808000FC100020F1790008C4130020EC1300203C
:10809000F8B52C4D2C68237A022B4BD0042B49D0F9
:1080A000032B01D0052B3FD1A169268AA9B1A6B126
:1080B000A38A9E4228BF1E4630468847238A074629
:1080C0009B1B2382638A00203344638201F08CF877
:1080D00032460146384606F029FF238A53B11A4B2F
:1080E00000214FF4405208461A8001F00DF8174B5A
:1080F00030221A80A38A228A93422B6801D8032255
:1081000001E012B105221A720BE006211972104B20
:108110001968104B89B20B445B001A600B4B30227C
:108120001A802B681B7A06E0072B03D10A4B1B68C9
:10813000DB68984708232A681372BDE8F840FFF708
:1081400007BE00BFEC130020FA100020FC10002036
:10815000505C004002300020C413002030B50D4BAD
:1081600000221D78AA4210D240F60F7402F180530B
:1081700003F5B8539B0019680C4042F4004141F0EC
:108180008001214319600132ECE7034B40F080008D
:10819000186030BDC80000204C5C004010B5134C86
:1081A00023681A7A022A01D0042A04D1FFF768FC56
:1081B00023681B7A13E0062A10D15A78052A09D1C0
:1081C0001A78520606D1D878FFF7C8FF084B1B680B
:1081D0001B6A9847074B1B689B68984708232268CF
:1081E0001372BDE81040FFF7B3BD00BFEC130020D1
:1081F000E8130020C41300207047000008B50348AE
:1082000003F0EDF9C0F3C00008BD00BF000C014051
:1082100008B50821044803F0E7F9BDE808404FF429
:108220000041024803F0DEB9000C0140001001409B
:108230002DE9F3414FF008080DEB08041C4F012114
:10824000082004F06FF824F8048D10250326214639
:1082500038468DF806608DF8075003F065F9404602
:10826000012104F05FF8214638468DF806608DF84C
:108270000750ADF8045003F057F92846012104F0E7
:1082800051F88DF807500B4D8DF8066021464FF4DC
:1082900000462846ADF8046003F046F9314628460A
:1082A00003F0A0F9FFF7B4FF02B0BDE8F08100BF12
:1082B000000C01400010014010B50B4B5A781C46D1
:1082C00082B910B9FFF7A4FF0AE0430608D50821D8
:1082D000064803F087F94FF40041054803F084F99C
:1082E0000023237310BD00BFF8130020000C0140D1
:1082F0000010014010B5064B04461B78022B06D037
:1083000000F014FD2046BDE81040FFF7D5BF10BDBA
:10831000F8130020224A038890429BB212D002F543
:10832000006290420ED0B0F1804F0BD0A2F598328F
:10833000904207D002F58062904203D002F580623D
:10834000904203D14A8823F070031343154A9042A8
:1083500008D002F5806290421FBF23F44073CA88A0
:108360009BB2134303808B8883850B8803850C4B5A
:1083700098420FD003F5006398420BD003F5406399
:10838000984207D003F58063984203D003F58063D9
:10839000984201D10B7A038601238382704700BF84
:1083A000002C014000100040038C70B523F0010345
:1083B0001B041B0C0384028C8688038B0D8823F01E
:1083C00073031B041B0C1D4322F002020C894B8813
:1083D0001204120C23431343144AB6B290429BB2C8
:1083E0000FD002F5006290420BD002F5406290423D
:1083F00007D002F58062904203D002F5806290427D
:108400000ED14C8923F008031C438B8824F004040C
:1084100026F4407223438E89CC893443224396B29A
:10842000CA88868005838286038470BD002C014043
:108430004FF6FF73838000230380C3804380037261
:108440007047038819B19BB243F0010303E023F0A6
:1084500001031B041B0C03807047B0F8443029B1A2
:108460006FEA43436FEA53439BB201E0C3F30E0349
:10847000A0F84430704783899BB20AB1194301E0E8
:1084800023EA010181817047FFF7F5BF038B23F0D9
:1084900008031B041B0C194301837047038A82895C
:1084A00011EA030092B203D0114214BF0120002050
:1084B0007047C94389B201827047000037B5012176
:1084C000082002AC022503F02DFF032324F8045DED
:1084D0008DF806302146102310488DF8073003F040
:1084E00023F80F4B93F849309B0603D429460B48D9
:1084F00003F07AF80121102003F014FF03238DF814
:10850000063010238DF8073021464FF4804305488C
:10851000ADF8043003F008F803B030BD000C0140A2
:108520002C14002000100140054B022193F8493023
:1085300004489B0601D503F055B803F055B800BFB9
:108540002C140020000C014008B505F001FC20B1FE
:10855000BDE80840022003F009BC08BDF8B5824B15
:10856000824C1B78824E03F0FF05A3B101272846F9
:10857000013D277004F018F9BD4202D903F02CFE2A
:1085800009E0384604F022F9102003F0ABFD3378FF
:10859000DB06FCD5F2E7337803F0FF05002B00F093
:1085A000EE80EF0602D501236370F8BDEE0704D517
:1085B00004F0A2FB012003F095FD15F0E80F58D060
:1085C00023786A4F13F0030F6EB243D113F0280FD4
:1085D00010D0FB7813F0C00F0CD102F0A3FA0223E5
:1085E0007B713B78202B05D1002E08DBFB7863F0F4
:1085F0007F03FB70237813B95C4A0121D1706806B0
:1086000005D599065EBFE27842F04002E2702A0783
:1086100004D513F0E00F04BF10232370AF0619D563
:10862000062004F0D3F8E378504918060ED40A78EF
:10863000402A08D11A0740F13C8123F01C0343F083
:108640000203CB7035E1802A40F03381E37843F0B8
:108650002003E370002E09DA2378444A012B02BF7D
:10866000D37843F00503D37080232370E82003F010
:1086700039FDAB073FD515F0680F39D123783B4A58
:10868000402B0ED1D37803F0200101F0FF0041B957
:10869000DF0601D5107004E05E0744BF43F0080315
:1086A000D3702378314A63B1D80621D5D178C90770
:1086B0001ED5102B05D1D37A1BB143F00803D3721A
:1086C00016E00023294E637105F042FB68B1F37890
:1086D00003F0400303F0FF023BB90823F27033704C
:1086E00002F038FA01F0F4FF02E00023E370237097
:1086F000022003F0F7FC6B0741D523781B4D13F0E4
:10870000D00F13D02B798BB995F90330002B0DDBEB
:1087100005F03EFD6B799F0748BFEA7823F006031A
:1087200044BF42F00102EA70637125E094F903301E
:10873000002B0ADA0D4B00225A7105F0DFFA02F025
:10874000AFF900F069FE05F005FDE378074A03F094
:10875000200000F0FF0168B103F07F0343F0010344
:10876000D3704023137007E028140020F813002072
:108770000D140020D1701170042003F0B3FC4F4B96
:108780001B7803F0FF05002B38D003F041FD207A61
:1087900015F0010F0CBF03466423AE0744BF0A3334
:1087A000DBB2690744BF0A3BDBB22F0744BF01338A
:1087B000DBB2EE0644BF03F1FF33DBB2C82B28BFA8
:1087C000C8230A2B617A38BF0A2315F0200F14BF83
:1087D00064220A4615F0400F18BF322215F0800FB0
:1087E00018BF1922984201D18A4207D02372002370
:1087F0006272237305F012FB05F0CAFC304B1B7844
:1088000003F0FF05002B4CD003F00AFDA27A15F00F
:10881000010F0CBF13466423A80744BF0A33DBB221
:10882000690744BF0A3BDBB22F0744BF0133DBB209
:10883000EE0644BF03F1FF33DBB2C82B28BFC823C9
:108840000A2B38BF0A239A4206D06279A37242F0FB
:108850000802002362712373A8060CD52378194AF5
:10886000102B08D1D37A0BB9022303E0D90702D524
:1088700043F00403D37215F0C00F12D0237813B164
:1088800013F0180F0DD0104B1E461D7A15F0400F37
:1088900014BF05F0BF0545F040052846FFF70CFD65
:1088A0003572237813F0FC0F06D0BDE8F84002F0D3
:1088B00051B940232370C9E6F8BD00BFF41300206E
:1088C0000C140020F8130020001100202DE9F047BF
:1088D0006B4DFFF743FEEB78002B00F0CE8005F0E8
:1088E00037FA30B9674B5E7A1A7AD3F80C801643A0
:1088F00002E0467CD0F83080634F97F84830990703
:108900000DD5202003F07AFC09E094F80190B9F12C
:10891000000F40F0B280DA0706D4FFF71FFEEB78B5
:10892000574C002BF1D1A8E0227812F0C00067D09C
:1089300003F0040303F0FF0A7BB90021504684F8DA
:108940000BA006F0A5FA5046FFF7B6FCE37823F03B
:10895000020343F00403E370DFE7802A12D10B2007
:1089600003F034FF0021484606F092FA4846FFF72C
:10897000A3FC01F0EDFE6B7813B9FFF7EFFDFAE70A
:10898000BDE8F087402A06D103F07EF918B9E378F4
:1089900023F02003E370EB78394A1807BDD5394C32
:1089A000617AA1B1990712D497F848309B0704D592
:1089B000537943F00803537109E0414606F0300053
:1089C00006F066FA01214FF0814003F031FD237A71
:1089D0005BB1EB78980708D406F04000FFF76CFC19
:1089E00001214FF07E5003F023FDEB78990794D4DA
:1089F000234A43F010030220D37003F0B7F98CE749
:108A0000E37A63B39A0708D51E4B5B7A93B10021D2
:108A100006F03EFA0123E3727FE713F00C0F3FF4F8
:108A20007CAF184B5B7A43B9EB7A1A0702D5022068
:108A300003F09CF90023EB726FE70A2003F0C6FEF7
:108A400097F84830990704D5637943F008036371B8
:108A5000EAE7414606F0300006F01AFAE4E76379E7
:108A60001B077FF55AAF414606F0300006F010FABA
:108A7000637923F0080363714FE7BDE8F08700BF17
:108A8000F8130020001100202C1400202DE9F84FCD
:108A9000934B944E93F8483013F0080F07D005F02D
:108AA00073FF20B101230720337003F08FFE33786A
:108AB0008C4C13F0810305D0022003F087FE0123C4
:108AC00023700DE0237003F0DFF830B1864A13788D
:108AD00043F020031370FFF7F9FE844803F0D6F843
:108AE000DFF8408200242546C246814FDFF838B2C5
:108AF0009BF80030D946012B06D13B6823B10320F7
:108B000006F030FB00233B6098F80020012A09D1D1
:108B10007849002388F800300B608BF80030B27081
:108B200004F0D4FC744A1378012B04D10021117095
:108B3000B37004F0CBFC05F0DDFBFFF7F5FC3378F8
:108B40000BB902F08FFC3378DFF898B19BB305F0D6
:108B50006FFC002863D005F063FC9BF80030082B05
:108B600017D008D8012B1ED011D3022B1DD0042BF7
:108B700055D162481AE0202B13D002D8102B0AD00E
:108B80004DE0402B15D0802B49D15D480EE05D486B
:108B90000CE05D480AE09BF90330002B01DB5B48E9
:108BA00004E05B4802E05B4800E05B4800F035FB16
:108BB00035E05A48FAE705F03BFC80B3584800F02E
:108BC0002CFB05F02DFC04F081FC06F0AFFA26E04A
:108BD00099F80020012A28D09AF80010012909D11B
:108BE000444B00221A6088F8002089F80020B170F8
:108BF00004F06CFCBBF10A0F20D1FFF767FE96F87A
:108C000001B0BBF1000F69D1384815F0010500F83B
:108C100004B017D00B2003F0B1FD5C46254605F0EB
:108C2000ABFCFF288346D3D150E03A68002AD3D06A
:108C3000032006F097FA00223A60CDE7BBF10D0F52
:108C400018D1DAE704781CB9204603F097FDE5E770
:108C5000242C02D103F094F805E0224B1B7813F08A
:108C6000210404D0092003F089FD2C46D6E700F04A
:108C7000DBFBEAE73DB1BBF1290FD0D1AB07CED585
:108C800005F0FD05CBE7BBF1200FC8D9BBF12F0FD5
:108C9000C5D0BBF1280F13D0BBF13B0F12D04E2C27
:108CA00012D8ABF16102D2B2192A104904F10102C3
:108CB0009ABFABF120030B5501F804B0D4B2AEE774
:108CC0000225ACE70425AAE70125A8E7FFF73CFC4D
:108CD000FFF7FCFD7378002B3FF408AFBDE8F88F79
:108CE0002C140020F81300200D1400205005002043
:108CF000D01B0020F0100020F51000203F160108C6
:108D0000561601082C1601083116010835160108FF
:108D10003B160108441601084A16010850160108BE
:108D20005C160108EC100020F410002010B5FFF7CD
:108D30000BFC064CFFF7CAFD637833B905F008F861
:108D40000028F7D12378082BF4D010BDF8130020A9
:108D50002DE9F743544E0023B046544FADF806308A
:108D60003B68534A99B21B04118040F199801388E3
:108D700003F00F033370002B64D14E4C4E4D23682B
:108D80004E499BB22B802B88894603F030030B8021
:108D90002B8803F440532B804BF6BF7320680340AD
:108DA00083F4005383F0200343F4004343F0800333
:108DB0002360138813F0100F07D148F60F73226851
:108DC00013402360FFF7EAF91AE023689BB2ADF87D
:108DD0000630BDF806301A0507D540F68F732268B5
:108DE00013402360FEF7D4FF0AE0BDF806301B04F1
:108DF000B6D540F68F73226813402360FFF748F919
:108E00004BF6BF73226813402A88D6042A8848BFCD
:108E100083F480539504B9F8002048BF83F40053CD
:108E2000D406B9F8002048BF83F01003900648BF6D
:108E300083F0200343F4004343F080031D4A9BB2B8
:108E400013602DE09A0002F1804202F5B8421168E9
:108E500089B2ADF80610BDF80610090409D540F630
:108E60008F711068013B01401160154A52F82330A0
:108E70009847BDF806301A067FF572AF48F60F71B5
:108E800098F80020930003F1804303F5B843186875
:108E9000013A014019600B4B53F8223098475FE7C5
:108EA00003B0BDE8F08300BFC8130020445C00405D
:108EB000CC170020005C0040FA100020FC100020BD
:108EC000E0000020FC000020384B82B01A6842F01D
:108ED00001021A605968364A0A404FF6FF715A601B
:108EE0001A6822F0847222F480321A601A6822F41E
:108EF00080221A605A6822F4FE025A604FF41F0260
:108F00009A600022009201921A6842F480321A603C
:108F10001A6802F400320192009A01320092019A1A
:108F200012B9009A8A42F3D11A6812F4003218BFBB
:108F300001220192019A012A04D01E4A1E4B9A6016
:108F400002B070471D4A116841F0100111601168AC
:108F500021F003011160116841F0020111605A68AB
:108F60005A605A685A605A6842F480625A605A6875
:108F700022F47C125A605A6842F4E8125A601A6865
:108F800042F080721A601968084A8901FBD551685D
:108F900021F003015160516841F0020151605A68AB
:108FA00002F00C02082AFAD1C7E700BF0010024005
:108FB0000000FFF80078000800ED00E0002002400B
:108FC0004FF6F873014A034013607047505C00404D
:108FD000800000F1804000F5B840036823F4EC43C2
:108FE00023F07003194389B201607047800000F1DB
:108FF000804000F5B8400368CA0623F4E04323F03C
:1090000040039BB248BF83F010038A0648BF83F039
:10901000200343F4004343F0800303607047800063
:1090200000F1804000F5B8400368CA0423F480438F
:1090300023F070039BB248BF83F480538A0448BF77
:1090400083F4005343F4004343F08003036070470C
:10905000800000F1804000F5B840036823F4E0434D
:1090600023F040039BB283F0300343F4004343F00A
:10907000800303607047800000F1804000F5B84035
:10908000036823F4804323F070039BB283F44053BE
:1090900043F4004343F0800303607047800000F115
:1090A000804000F5B840036823F4F8731B051B0DDE
:1090B00043F4004343F0800303607047FFF7EEBFC3
:1090C000800000F1804000F5B84003685B0408D5DB
:1090D00040F60F730268134043F4404343F08003AB
:1090E00003607047800000F1804000F5B8400368DD
:1090F0005B0608D540F60F730268134043F4004343
:1091000043F0C00303607047044B1B689BB203EB42
:10911000C000034B03445B0019607047505C004083
:10912000023000200D4B3E291B689BB203EBC000B0
:109130000B4B03444FEA430209D94B09C80604BF4D
:1091400003F1FF339BB29B0243F4004304E04B085E
:10915000C90748BF01339B0213607047505C004051
:1091600006300020064B49081B6849009BB203EB00
:10917000C00000F1005000F5405040000160704711
:10918000505C0040FFF7EEBF054B49081B684900E3
:109190009BB203EBC000034B03445B0019607047B4
:1091A000505C004004300020FFF7EEBF054B1B6809
:1091B0009BB203EBC00000F1005000F540504000AE
:1091C00000887047505C0040FFF7F0BF044B1B68FD
:1091D0009BB203EBC000034B03445B00188870474D
:1091E000505C004004300020FFF7F0BF054B1B68C7
:1091F0009BB203EBC000044B03445B001868C0F350
:1092000009007047505C004006300020FFF7EEBFB9
:10921000C3B2000A40EA0320704710B5441E14F898
:10922000010F10B105F07EF9F9E710BD632838B5DC
:1092300008D90A23B0FBF3F203FB12043034E4B282
:10924000D0B203E009284FF0000408D90A25B0FB8A
:10925000F5F305FB13053035EDB2D8B200E0254635
:109260003030C0B205F05EF915B1284605F05AF964
:1092700024B12046BDE8384005F054B938BD1FB5CB
:1092800028B9302004B0BDE8104005F04BB90023E8
:109290000A2104AA5C1C1344B0FBF1F201FB12008A
:1092A000E4B203F80C0C23461046002AF1D154B165
:1092B00004AB234413F80D0C013C3030C0B205F070
:1092C00031F9E4B2F3E704B010BD10B5041E03DABF
:1092D0002D2005F027F96042BDE81040FFF7CFBF11
:1092E0007FB50D460021044608F096F820B12D20E8
:1092F00005F018F904F100442E46012E07D9204646
:10930000244907F0EBFE023E0446F6B2F5E7EB0710
:1093100004D52046204907F0E1FE04464FF07C5179
:10932000204607F0D3FD08F0B5F800230A22DCB28E
:10933000013350B104A90C44B0FBF2F102FB11005F
:10934000303004F8100C0846F1E73023AC4206D266
:1093500004A9621C0C4404F8103CD4B2F6E714D102
:1093600004AA631C1444302204F8102CDCB20CE074
:10937000AC4202D12E2005F0D5F804AB234413F8FB
:10938000110C05F0CFF8013CE4B2002CF0D104B090
:1093900070BD00BF0000C8420000204108B5074B67
:1093A00093F84830DB0704D5054907F097FE042100
:1093B00000E00321BDE80840FFF792BF2C14002015
:1093C0008B42213D08B5074B93F8481011F001017D
:1093D00003D0054907F082FE0121BDE80840FFF7F0
:1093E0007FBF00BF2C1400208B42213D08B5002117
:1093F0004422074808F0CCF80649002004F017FA88
:1094000020B9BDE80840072003F0B8B908BD00BF87
:1094100000110020281100200149024802F066BC1A
:109420001C1400201C1100202DE9F04F8346BB4C7A
:109430004022002197B0204608F0AAF8B84BA14678
:1094400003CBC4F80100C4F8051018889978A4F873
:109450000900E1729BF80020A3F1080A242A4FF0CA
:10946000000340F035870125A370032365708DF854
:109470003B30002426462746099408949DF83B205B
:109480001BF80230002B00F0ED81A3F141011929F6
:109490000A9300F2F18601328DF83B200DF13B0179
:1094A0000FAA584602F056FF002800F0E7860F9AF0
:1094B0001046079205F0A2FF08F012F85FFA80F854
:1094C000404607F0B7FD079A0146104607F0FCFC3E
:1094D000944907F003FE05F027FF0A9B82B2472B51
:1094E00003D04D2B00F0C98022E1B8F1280F00F025
:1094F000BB8025D8B8F1130F0CD8B8F1110F80F04C
:109500008680B8F1040F53D064D3B8F10A0F4AD063
:1095100000F0C2BEB8F11C0F45D009D8B8F1150F44
:1095200000F2BA86C8F1150889F803800623A0E086
:10953000B8F11E0F37D0B8F1260F4BD000F0ACBEFB
:10954000B8F13D0F00F08B8015D8B8F1350F2FD052
:1095500007D8B8F12B0F70D0B8F1310F6DD000F0F3
:109560009BBEB8F13B0F00F29786A8F1360889F848
:10957000078009237DE0B8F15B0F07D8B8F15A0FD7
:109580004BD2B8F1500F29D000F086BEB8F15C0F75
:1095900009D0B8F15E0F00F27F86C8F15E0889F845
:1095A0000280052365E01AB9002F40F06986012783
:1095B00008F0FD031C2B89F8008002D0B8F15C0F85
:1095C00054D112B10A2A40F06786404489F800005D
:1095D000002365E0002F40F053860227B8F1260FE4
:1095E00089F8018044D1A2F114039BB21E2B00F232
:1095F00053864D4921FA03F3D90740F14D860A23DA
:10960000B2FBF3F2454B763A5A70012348E0A8F1D9
:10961000110889F8058002232BE02AB9A8F15A081D
:1096200089F8048003233BE00A2A40F03586B8F12C
:109630005A0F00F03186042332E0002F40F02086DC
:10964000B8F1310F02D189F8067005E00A2A40F01E
:109650002386012389F806300823032720E0002A07
:1096600040F01A860A231BE0072302E0002300E0F3
:109670000123AAB1172000F030BE002AFAD1B8F1B8
:109680001E0F00F209860123284A03FA08F31A4044
:109690006AB1B8F1000F12D1032389F808300B2307
:1096A000099A1A41D20731D5152000F016BE13F4DD
:1096B000407F1BD113F0380F07D100F0EDBDB8F19A
:1096C000010FECD089F80880E9E7B8F1040F07D062
:1096D000B8F1050F06D0B8F1030F13D1102302E043
:1096E000202300E0002389F80A300BE0B8F1080FCE
:1096F00004D0B8F1090F07D1002300E0402389F816
:10970000093001E00C23CBE70D23C9E7012202FA5F
:1097100003F3099A13439BB20993AFE64411002067
:10972000001100200000C842010410400700004062
:10973000463B142B00F2B085DFE813F01500AE05B0
:10974000AE051B0025002F003900AE053E00AE051A
:109750004600AE054C0052005800AE05AE05AE0501
:1097600064006C0074000F9B4FF00008C9F80C30C7
:109770005FE00F9B4FF00108C9F81030089B43F0E1
:109780000103089355E00F9B4FF00208C9F814300D
:10979000089B43F0020308934BE00F9B4FF0030834
:1097A000C9F81830089B43F00403089341E089F896
:1097B0001C804FF004083CE00F9807F06BFE4FF060
:1097C0000508C9F8200034E00F9B4FF00608C9F8DF
:1097D00024302EE00F9B4FF00708C9F8283028E00E
:1097E0000F9B4FF00808C9F82C3022E0B8490F98B9
:1097F00007F030FE002840F0458589F830804FF0B2
:10980000090816E00F9B46F00106C9F834304FF006
:109810000A080EE00F9B46F00206C9F838304FF0F8
:109820000B0806E00F9B46F00406C9F83C304FF0E9
:109830000C0844FA08F3D80700F1268540F261339A
:1098400043FA08F3D90706D500210F9807F0E4FD85
:10985000002840F01B85012303FA08F848EA0404B5
:10986000A4B20BE616B1002F08BF0227A20605D549
:10987000D9F82020974B9A4200F30A853DB1E307BF
:1098800040F11085DFF85C8299F8033017E099F811
:109890000230DFF85082012B0AD1022F1DD198F837
:1098A0000130502B19D0C3B1E00740F1FB8414E024
:1098B0009AF801308BB9E1070BD598F80330012BEA
:1098C0000BD1D8F80C00844907F008FCC8F80C004C
:1098D00003E0824B1B69C8F80C30E2055CBFDAF884
:1098E0000C30C9F82C3099F80030042B07D16306EE
:1098F00002D41C2000F0F1BC24F04004A4B299F87A
:10990000053063B1012B0CBF012300230C930CBF66
:10991000002302230B930CBF0223012303E0022246
:109920000C9201220B920A9399F80330012B02D07A
:10993000032F1ED116E0DFF8B0A14FF0000846FA61
:1099400008F3D80706D5DAF80000634907F0C6FB2C
:10995000CAF8000008F10108B8F1030F0AF1040A7F
:10996000EDD1E5E799F80630012B02D1042E40F045
:109970009184DFF868E110AB0EF1280207CA83E892
:109980000700099A91050AD499F800A0DFF85481DC
:10999000BAF10A0F15D0BAF15C0F73D0B4E099F8A0
:1099A0000700062802D91D2000F097BC9EF806206B
:1099B0008242E9D0194603F03AFF002800F0808483
:1099C000E2E716B91A2000F088BC14F0500F90D0CE
:1099D000D8F8240005F012FD07F082FDC0B2062879
:1099E000E1D898F81C30142B05D0022B40F0548499
:1099F000220600F1518424F05004A4B210B10138C1
:109A0000C3B201E099F8073007933549079803F08E
:109A10000EFF002800F05484324A4FF0000B137FF1
:109A200002F110080D932D4BD3F8409003F11C0A5E
:109A300046FA0BF3DB071BD50D9B142B14D1DAF878
:109A40001810DAF8000007F03FFAD8F8241007F0F1
:109A50003BFABBF1020FC8F8000009D1494607F0F4
:109A600033FAC8F8000003E0D8F82430C8F8003012
:109A70000BF1010BBBF1030F08F104080AF1040A12
:109A8000D6D1B3E0002E9DD0144B08F13408D3F8A2
:109A9000409003F1340A4FF0000B46FA0BF3D8075D
:109AA00024D510AB53F82B105AF8180C07F00CFA09
:109AB000D8F8001007F008FABBF1020FC8F8000050
:109AC00018D1494607F000FAC8F8000012E000BFBC
:109AD00000007F43809698003333CB410011002073
:109AE000541100204411002078110020DAF80030D1
:109AF000C8F800300BF1010BBBF1030F08F10408AB
:109B00000AF1040AC9D16FE0032F0BD1BAF11E0F7D
:109B100048D0BAF1350F62D0BAF11C0F64D1AC490C
:109B2000062041E0002EF1D098F804304FF0000BF1
:109B30000793A84B08F134081A6C03F11C090D9225
:109B400046FA0BF3D90704D4D9F80030C8F800302E
:109B50001EE0BAF1350F1BD0079B8BB910ABD9F8BB
:109B6000181053F82B0007F0B1F9D8F8001007F0DF
:109B7000ADF9BBF1020FC8F8000009D10D9903E05F
:109B8000D9F80010D8F8000007F0A0F9C8F80000D4
:109B90000BF1010BBBF1030F09F1040908F10408F3
:109BA000CED1B3E78A49072003F041FE002800F038
:109BB000878316B90796374618E0874985480023FA
:109BC00046FA03F2D20706D49A0002EB010E0244D1
:109BD000D269CEF810200133032BF1D104E07E4B83
:109BE0005B78012B00F25A83002307937A4B93F89A
:109BF00001809A46B8F1500F03D1002E40F05083F7
:109C00006BE1022F40F06981B8F1000F21D00021F3
:109C1000D86807F0F7FB002840F04483B8F18C0FB8
:109C200000F047810AD8B8F1020F17D0B8F1030F3E
:109C300016D0B8F1010F40F050810AE0B8F18E0F54
:109C400000F03781C0F03381B8F18F0F00F02F8121
:109C500043E1002E14BF022700273EE145F0040532
:109C6000002E3FF4AFAE0A9B0B99012202FA03F3D8
:109C70008A4013431E4200F017830D93DFF854B15E
:109C80000A9BDFF854810AEB83020BEB8301C9695D
:109C9000506B07F019F90B9B81460AEB830A0BEB1B
:109CA0008302D169DAF8340007F00EF904F080027B
:109CB00092B282460D9B002A00F0928024F080042C
:109CC0000C2208F134010BF11C00A4B207F02EFCA9
:109CD00008B9212001E398F80330012B06D1D8F808
:109CE00028003E4907F0FAF9C8F82800DFF8E880B4
:109CF0004FF08141D8F828B0584607F0EFF959469F
:109D000007F0ECF949468346484607F0E7F9014673
:109D1000584607F0D9F851468346504607F0DEF919
:109D20000146584607F0D0F80021834607F074FB3F
:109D3000002840F0BB82584605F076FB514683462A
:109D4000484602F0A1FB0BF1004B0146584607F0D4
:109D500079FA98F80130DFF88080032BD8F82830A2
:109D600083464FF0000108BF00F1004B18460893EE
:109D700007F052FB089B28B103F100430BF1004BA5
:109D8000C8F828300A9B5146023308EB8303584633
:109D9000089307F0A3F90146484607F095F84FF0FD
:109DA0007C5107F09BF9089B494698600B9B5846ED
:109DB000023308EB830807F091F9514607F086F863
:109DC0004FF07C5107F08AF9C8F8080085E000BF21
:109DD0005411002000110020441100203333CB41E6
:109DE00008990B4200F0648298F8033024F00E04C6
:109DF000012BA4B230D00B9A8C4B02F1020B03EB77
:109E00008B0BDBF808105046089307F05DF882468C
:109E10000A9B484603F10208089B03EB8808D8F820
:109E2000081007F051F8514602F02EFBDBF808103D
:109E30008146D8F8080002F027FB089B014698628B
:109E40008246484607F040F820F0004878494046EE
:109E500007F000FBB8B940E0934608F11008089BF2
:109E600043FA0BF3D90706D5D8F80000714907F07B
:109E700035F9C8F800000BF1010BBBF1030F08F135
:109E80000408ECD1B7E74FF07C51404607F0E2FA06
:109E900000287FF41EAF6849504607F01FF90146BD
:109EA000404607F0D7FA00287FF413AF15E045F0DD
:109EB000100508F172085FFA88F8B8F1010F98BF31
:109EC00045F00805002E3FF47DAD0C225B495C484F
:109ED00007F02CFB00283FF4FCAE15F001030ABF8D
:109EE00024F4487424F0210424F00104A4B217B12E
:109EF00024F4E054A4B2002C40F0DC8113941494B8
:109F0000159413B3099B23F04903002B40F0D4812F
:109F1000464B1B78352B02D0002B40F0CD81494CAD
:109F20004249E368627A1493237A13A813438DF8A5
:109F3000543002F07DF90346002840F0BF813F4ACB
:109F40001C3407CA84E80700B8E13F4BDFF8DC8027
:109F500093F848303B4C13F0020F1BD098F80130B7
:109F6000013B022B88BF45F0400526B1022F02D1EC
:109F700045F080050EE0637A102B0BD1314B1B7836
:109F8000013B022B05F0400301D81BB100E00BB9E7
:109F900045F02005D8F82030A36198F802306370AE
:109FA00013B108238DF85430D8F80C30D8F82C9021
:109FB00023614946E068139307F024FA05F0400650
:109FC00008B1AA060CD5607A38B12B0605D40EB1BB
:109FD000002100E0494604F085FFD8F82C30E3600A
:109FE0000EB9E368149398F8303098F80A00237596
:109FF000637A834206D0149904F074FF0B4B9A7A6B
:10A00000104B5A729DF85420637A98F80900134354
:10A010008DF85430237A0B4E83421AD0FEF76AF93A
:10A02000024B5A7A92B9327213E000BF44110020F9
:10A030000AD7A33B3333CB416F12833A7811002008
:10A040001C110020001100202C140020337A13432F
:10A0500033729DF85420237A13438DF8543098F8C6
:10A060000030042B03D19E4B586A03F08FF998F807
:10A070000520032F227198F80320994BA27010D16C
:10A080009A7998494A710AB90022DA63D8F83C6093
:10A09000206C314607F0B6F918B9924B1E6401F0F6
:10A0A0000DFE98F80720A1798E4B914207D09A7146
:10A0B000283310AA07CA83E8070001F0FFFD98F8CB
:10A0C0000430884EE37098F80030262B35D006D83F
:10A0D0001C2B1CD01E2B1AD00A2B0AD040E05C2B64
:10A0E00031D0662B36D0282B3AD106F11C0107203F
:10A0F00026E0DFF8F8910798494603F0C9FAB379EA
:10A10000079A93422CD199E8070028361FE09DF862
:10A11000543043F001038DF854301FB113A9724835
:10A1200002F070FF714E13A9304602F06BFF96E803
:10A1300007006F4B83E8070012E006F11C010620C0
:10A1400003F0A6FA0CE0684B343693E8070086E883
:10A15000070003E000237363B363F36301F0AEFD14
:10A1600098F801205E4B502A227037D0022F35D14B
:10A17000012A03F1340606D052B99DF8543043F059
:10A1800001038DF8543013A9304602F03BFF99E0EB
:10A19000023A012A11D80C9AC5F3800503920B9A52
:10A1A000049502920A9A103301929A6913A90092B7
:10A1B00030464F4A02F05CFF84E09DF854302A4656
:10A1C00043F0040313A930468DF8543003F018F916
:10A1D000002877D0012801D1FFF71EF998F8083040
:10A1E000404EE3719BB3FEF7A1FDF379032B414B86
:10A1F00008D11B78022B28D0082001F0B7FDFEF70C
:10A2000065FB22E00122327064221A725A729A723D
:10A210001B780025022B3571F5707570B57175725C
:10A2200035720FD006F12801284603F000FB002804
:10A2300046D001F043FD2846002104F029FE2846BF
:10A24000FEF73AF8082002F0C1FA0023E37198F80B
:10A250000A303BB1224B2849D86A07F0F1F808B11F
:10A2600004F0C0F898F80A3013B1224B1878A0B364
:10A2700004F0D6F8002030E001202EE002202CE08F
:10A2800018202AE0262028E0192026E0042024E0D7
:10A290001B2022E0252020E014201EE01E201CE0D0
:10A2A0001F201AE0162018E0202016E0222014E0DB
:10A2B000232012E0242010E010200EE018460CE0CD
:10A2C00007200AE00A4B96E8070083E8070085E7C5
:10A2D0008DF83B301D46FFF7CCB817B0BDE8F08FC6
:10A2E000441100200011002078110020541100209A
:10A2F0001C110020F813002000004843F0B5074669
:10A3000087B00121092002F00DF801214FF48020CF
:10A31000002402F013F80126272301A88DF8043049
:10A320002E4D8DF805408DF8076004F0ADF84FF420
:10A330008063ADF8003018238DF80330694603239D
:10A3400028468DF8023001F0EFF84FF40063ADF8C5
:10A3500000306946042328468DF8033001F0E4F804
:10A360000C23A5F54445ADF80C40ADF80E40ADF812
:10A370001040ADF81440ADF81230AB8902979BB293
:10A3800043F00C03AB8102A9284602F035F93246AE
:10A39000284640F2255102F08FF92846104D3146EB
:10A3A00002F07EF92146502205F122002C602C712A
:10A3B0006C71AC6085F8204085F8214007F0E8F822
:10A3C00021460848FE2285F8724085F8734085F8DA
:10A3D000744007B0BDE8F04007F0DAB8000C014067
:10A3E000A0050020B4110020014608B5034802F082
:10A3F0007BF9024A13881B06FCD508BD00480040C3
:10A4000038B5451E841C15F8010FFFF7EDFFA54276
:10A41000F9D138BD2DE9F041444B93F875101C4635
:10A420004A1C194481F8760093F87610D2B2552967
:10A4300083F8752004D0002083F87500BDE8F08112
:10A440000A2A02D80020BDE8F08193F87730522B19
:10A450005BD0532B5BD0512B60D101F0A7FB214681
:10A46000334B51F8782F1E461A604A68DFF8CC80CB
:10A470005A60002536F9150006F0DCFD06F0E2F919
:10A4800000222C4B06F032FA00222B4B06F02EFA5B
:10A4900006F0C6FC48F825000135032D274FE9D109
:10A4A0002379012B07D12A463946254807F070F851
:10A4B0001E4B02221A712379022B31D1214B93F8C2
:10A4C00049301B07BED5204B1B7813F0FB0FB9D0CA
:10A4D0001B4B3E681D683046294606F0BBFF10B195
:10A4E0002946304601E03146284606F0EDFC174982
:10A4F00006F0A6FFA0B11648FEF78FFE03F090FF0E
:10A5000002F0E4FF04F012FE0AE0124900E01249F2
:10A51000224652F8783F0B6053684B60002000E001
:10A520000120002384F87530BDE8F081A0050020EB
:10A53000B21200200000503F000030409411002073
:10A54000A41100202C140020F8130020000020404B
:10A550001817010884110020BA12002010B54FF41A
:10A5600016500E4CFFF7CAFE322001F083FF204642
:10A57000FFF746FFC82001F07DFFE01CFFF740FF1A
:10A58000C82001F077FF0648FEF747FE322001F0B1
:10A5900071FF044B01221A7110BD00BF2E00002074
:10A5A00026170108A005002070B5204B1B79012B50
:10A5B00005D002D3022B04D070BD1D4832E01D48E7
:10A5C00030E01D48FEF729FE1C4D002455F82400FC
:10A5D000FEF723FE1A48FEF720FE1A4B022153F81D
:10A5E00024000134FEF77CFE032C144EEED11648F5
:10A5F000FEF713FE0220FEF768FE1448FEF70DFE7C
:10A60000134D002456F82400FEF707FE0C48FEF711
:10A6100004FE55F8240002210134FEF761FE032CEC
:10A62000F0D10C48BDE87040FEF7F7BDA005002052
:10A630005217010826170108641701080C170108B2
:10A640007D170108A4110020741701088017010864
:10A65000941100204517010813B5094C23889BB2BB
:10A660000193019B9B0603D5A088C0B2FFF7D2FEE1
:10A67000238823F020031B041B0C238002B010BD91
:10A6800000480040FEE7000008B50C4A0C4B0D499D
:10A690008B4204D252F8040F43F8040BF8E70A483F
:10A6A0000A494FF000028842B8BF40F8042BFADB99
:10A6B000FEF70AFCBDE8084001F096B9801D0108CC
:10A6C000000000204C0500204C050020D41B002079
:10A6D00038B5184B402193F84820174812F0040F62
:10A6E0001D4602D000F07EFF01E000F07DFF134C1C
:10A6F000134AA38D1348E381134B1B68B3FBF2F39A
:10A7000095F8302001255343DBB26373013B9BB2C4
:10A71000838529468582FDF7CCFEA36A4FF08042EF
:10A720005B88013B9BB29385084B95824FF080522A
:10A730001A6038BD2C14002000080140D807002002
:10A7400040420F00000400400000002000E100E053
:10A75000184B10B54FF08052C3F88020164B0022E2
:10A7600083F82E20154B164A93F833001C46FF2819
:10A7700007D1144B197801F0FF0311B91178802922
:10A7800007D11378042B03D001F074FE012300E0FD
:10A79000002394F848204021520748BF83F001036A
:10A7A00009481BB1BDE8104000F01CBFBDE81040D7
:10A7B00000F01ABF00E100E0D80700202C140020B0
:10A7C000F81300202814002000080140F8B54FF0CD
:10A7D00080452B8ADB0740F1EF802B8A774E23F0F0
:10A7E00001031B041B0C2B820023AB8496F82E3034
:10A7F0003446002B40F0E080714800F0F0FE318AD2
:10A8000020F0380001F03801014389B26C4800F0B3
:10A81000F2FE01216B48FDF74CFE694800F0DFFEB7
:10A82000F38920F0070040EA030189B2644800F090
:10A83000E2FE654B4FF00052B76A1A60012386F8BA
:10A840002E30002F4CD196F82F3096F830209A42B7
:10A8500039D096F82F3006F13202DB00F1181A4495
:10A86000B2628A8E013A92B2AA854A8E91F8360077
:10A87000328496F8222082420ED01422424306F1FE
:10A88000840111443244D2F8902086F82200520804
:10A890007162B26072603260626AB4F83811107C22
:10A8A000234441402182106893F83710C84060610A
:10A8B00050689268C840A061CA4093F83800E261CD
:10A8C00004F084FA0CE0FFF743FF736A5B7C13B17A
:10A8D000384604F07BFABDE8F840042001F046BA9F
:10A8E0003A4B1B78012B01D1FDF744F80023606A35
:10A8F0002268E3816369C1681A448A422F4D22604D
:10A900000DD90123EB81037C521A13F0080F304B51
:10A910002A601A6814BF02F1FF3201321A606568BA
:10A92000A269264B2A44914262600FD2DD89521AF5
:10A9300045F002055A60DD81037C13F0100F244BB3
:10A940005A6814BF02F1FF3201325A60A368E2690B
:10A950001A4D13449942A3600FD25B1AAB60037C7B
:10A96000EA8913F0200F1A4B42F00402EA819A6838
:10A9700014BF02F1FF3201329A60164B1A78042A92
:10A9800001BFDA79E3891340E381238C0B4A013B51
:10A990009BB223844BB9936292F82F300133DBB220
:10A9A0000A2B08BF002384F82F30E289A38D53407F
:10A9B000E381002384F82E30F8BD00BFD8070020C3
:10A9C000000801400004004000E100E00E140020F7
:10A9D0001C140020F8130020114A08B5138ADB0765
:10A9E0001CD5138A0F4823F001031B041B0C138290
:10A9F000002393840C4B4FF00052C3F8802000F0EA
:10AA0000EEFD0A4B20F00700998DBDE8084001F0EB
:10AA10000701014389B2034800F0EDBD08BD00BF46
:10AA2000000400400008014000E100E0D8070020D9
:10AA30002DE9F0411749002391F8317091F832E087
:10AA40001C4619461D461846134A144E9385A2F813
:10AA5000383106F1060C47FA03F818F0010F18BF59
:10AA600036F813504EFA03F81CBF2843012518F09E
:10AA7000010F18BF3CF8134003F101031CBF214331
:10AA80000124032BE7D105B190850CB1A2F8381150
:10AA9000BDE8F0812C140020D80700208A17010897
:10AAA00038B51E4CFFF754FE3822002104F59E7085
:10AAB00006F06EFD00212C22204606F069FD184D9F
:10AAC0000023012284F8782184F82F30C4F87431EF
:10AAD00084F8303084F82E30FFF7AAFFB4F838310C
:10AAE0002846238200F07BFDA18D20F0070001F0B5
:10AAF0000701014389B2284600F07DFD284600F099
:10AB00006EFDB4F8381120F0380001F0380101432F
:10AB100089B22846BDE8384000F06DBDD807002056
:10AB20000008014038B50A4CD4F8745175B194F856
:10AB30003D31D4F8581143F0010384F83D31084603
:10AB400006F0CCFA00236861C4F8743138BD00BF48
:10AB5000D80700202DE9F04FBA4B8DB05B79DE07A6
:10AB600000F1CA83B84C94F82F3094F878219A42B7
:10AB700000F0C283D4F87431002B40F08F81B14BC8
:10AB80005B795D0702D503F0D9F801E003F0E0F846
:10AB9000C4F87401D4F87451DFF8AC82002D00F0D1
:10ABA000AB8398F83D6116F0010703D0002388F8C5
:10ABB0003D3169E098F83C3108F184020133DBB2A1
:10ABC000092B18BF1F4614237B439F491A44C4F81E
:10ABD0007C212A7C0B4483F8942084F83C712A68F9
:10ABE000D200C3F884206A68D200C3F88820AA681B
:10ABF000D200C3F88C20EA68D200C3F89020E8683D
:10AC000006F014FA296AC4F8440106F01BFB014659
:10AC1000C4F848018D4806F015FB0023C4F8403104
:10AC2000884BC4F84C015B79980701D431070CD5E7
:10AC3000D4F8601126F00806C4F85811084606F04A
:10AC40004DFA84F83D61686104E0686904F0ECFB4A
:10AC5000C8F858017C4A142303FB0727002387F810
:10AC600095307B4B93F848309A070DD56B7C9B064B
:10AC70000AD5E96A4FF07E5006F0E4FA724BC3F849
:10AC80006C01012387F89530D4F874910023D9F82A
:10AC90001C70C4F8543139464FF07C5006F0D2FA9B
:10ACA000684B694D5B79804603F0020202F0FF01B8
:10ACB000D9F8206032B3022385F85031D9F81480D6
:10ACC000414606F00BFA0146304606F0FDF8002139
:10ACD000814606F0A1FB78B13946384606F0F6F811
:10ACE000314606F0FBF90146404606F0EDF804F067
:10ACF0009BFBC5F86001CBE00023C5F85491C5F873
:10AD00006031C5E0C5F864615E0785F8501104D56F
:10AD10000023C5F860319B4606E003F027F8834620
:10AD200004F082FBC5F86001D4F8740103F03EF82A
:10AD30000146029006F0D2F9D4F87471424DD7F86A
:10AD400014A03B6A51468146019306F065FB00283A
:10AD500037D04946504606F0B7F8414606F0BEF9EE
:10AD60000146019806F0B0F80021C5F8640106F02C
:10AD70005DFBC0B1F969022385F85031084606F041
:10AD8000A5F8019906F0AAF90146786906F09CF841
:10AD900004F04AFB95F83D31C5F8600143F0080323
:10ADA00085F83D3174E05946484606F08DF8414635
:10ADB00006F094F9029BC5F86801C5F85C310323DD
:10ADC0005CE05946504606F07FF8414606F086F9A9
:10ADD000019906F07BF84FF07C5106F07FF90021D5
:10ADE000064606F037FB00284BD03146019806F0A6
:10ADF00031FB002841D05946484606F065F84146E7
:10AE000006F06CF90146C5F86801304606F022FBF1
:10AE100000B3029B5146C5F85C31484606F0F2FA91
:10AE200008B101232AE05146484606F04DF8414654
:10AE300006F054F90146D5F8640106F045F8C5F866
:10AE4000640125E0F8130020D80700200000A03F8F
:10AE50002C140020F969C5F864610846C5F86861DA
:10AE600006F034F8314606F039F9594606F02EF866
:10AE700004F0DAFAC5F85C010AE0022385F85031E3
:10AE800006E00023C5F86431D5F86031C5F85C31BF
:10AE9000944B944A5B7943F00803537194F8303033
:10AEA000D4F874A10793079A8F4BD4F84C1103EB95
:10AEB000C20394F83C2183F83620DAF82030184693
:10AEC000049306F001F80021089006F0A5FA08B1F5
:10AED00000230893D4F86831D4F864B10593D4F80A
:10AEE000543105990693D4F860315846D4F85C7112
:10AEF000D4F8585194F85061099306F083FA10B1D0
:10AF00004FF0020301E04FF00103DBB2774C0A93EC
:10AF10004FF000080023DDF81090CDF80880019371
:10AF20000394012E77D0DAF81C1020463DD3032E6F
:10AF300040F08E8006F0D2F839468046284605F06B
:10AF4000C3FF0146404606F07BFAC0B1594604985B
:10AF500005F0BAFF014605F0B9FF29460446384618
:10AF600005F0B4FF0146204606F06CF94FF00108E9
:10AF700004463D46D946CDF808804646A4E04FF049
:10AF80007C51404606F0AAF80146284605F09CFF91
:10AF9000214606F0A3F80146484605F095FF4146D4
:10AFA0008146284605F090FF33E006F097F84FF011
:10AFB0007C51804606F092F8294605F087FF21462D
:10AFC00006F08CF80146484605F07EFF81460146B2
:10AFD000584606F03FFAC0B15946049805F074FF90
:10AFE000014605F073FF29460446384605F06EFF1A
:10AFF0000146204606F026F94FF0010804463D467A
:10B000000A9ED946CDF808805EE04146284605F004
:10B010005DFF05463FE03946204606F05FF80146F1
:10B02000484605F051FF01460B90059806F012FACC
:10B030000B9B002847D00599484605F045FF394647
:10B0400006F000F902960446DDF8149002263BE073
:10B0500006F044F82946804606F0DEF9F0B14FF0DC
:10B060007C51404606F03AF80146284605F02CFF90
:10B07000214606F033F80146484605F025FF0699BB
:10B080000B9006F0E7F948B12846414605F01CFF51
:10B090000546DDF82C904FF0010815E0069948466A
:10B0A00005F012FF014605F011FF294604460998F4
:10B0B00005F00CFF0146204606F0C4F8099D044641
:10B0C000DDF81890E7E799462146019805F0FEFE65
:10B0D00001900146039806F0BDF948B10199039823
:10B0E00011E000BFF8130020D80700203EC32E391E
:10B0F0000899484606F0AEF978B18149039805F001
:10B10000E5FE0199039005F0DFFE069904464846E6
:10B1100006F0A0F900287FF404AF029A794B0AB137
:10B1200083F85061B8F1000F01D0C3F85851754C45
:10B13000754FD4F87C31A0465A7C12B97B79180738
:10B1400020D59AF8113013F0300313D0DAF83050CC
:10B1500052B1D4F86C11D4F8580105F0BFFF014684
:10B16000284605F0BBFF0546284603F04BFE84F851
:10B17000700103E000223A6184F870317B7923F09A
:10B1800008037B71079BD4F84811DD0094F87031F7
:10B1900008EB050686F83830484605F09FFF029018
:10B1A00003F0FCFF8346D4F8440103F0F7FF59464F
:10B1B000824605F089FE06F093F983B273863BB9A7
:10B1C0007A79910704D5504B42F001025A7193E00D
:10B1D0000198D4F84011039305F078FE029901908C
:10B1E000504605F071FE019A0146104606F02AF815
:10B1F000464A474912688246B2FBF1F04843019241
:10B2000005F014FF514605F069FF424905F066FF5D
:10B2100003F0C4FF06F064F9019A4FF4FA51B2FB4F
:10B22000F1F18842374E039B04D22E44002386F866
:10B2300037301AE04FF47A61B2FBF1F1884202D262
:10B240002E44012208E04FF4FA61B2FBF1F2904281
:10B250002E4434BF0222032286F8372008EB050271
:10B2600092F837108B40C8405386B0F5803F28BF16
:10B270004FF6FF73454428BFAB8694F8783138BF4A
:10B28000A88684F830300133DBB20A2B1D4A08BF90
:10B29000002382F87831D4F874310299C3F82090F1
:10B2A000C4F844B1584605F00FFE514605F016FFAC
:10B2B000D4F85411C4F84001484606F0A3F8002819
:10B2C0003FF450AC0021484606F0C4F87B7918B131
:10B2D00043F001037B710FE003F0040202F0FF0171
:10B2E00022B1094A43F00103537105E0054BC3F84D
:10B2F000741102F00FFD35E40DB0BDE8F08F00BF12
:10B300003EC32E39D8070020F8130020000000208B
:10B3100040420F0000007042044B1B7813F07C0F7A
:10B320001ABF034BD3F8580100207047F8130020D0
:10B33000D807002030B5044685B00139013AADF890
:10B340000810ADF8042001A900221D46ADF80A201E
:10B35000ADF80620FCF7DEFF01212046FDF7A9F835
:10B36000012211462046FDF78FF801212046FDF706
:10B3700068F84FF4407003F07DF8B4F1804F01D1CC
:10B380001C2308E00B4B9C4201D11D2303E00A4B18
:10B390009C4202D11E238DF80030012368468DF8AF
:10B3A00001508DF802308DF8033003F06DF805B0D0
:10B3B00030BD00BF000400400008004037B5012147
:10B3C000042000F0AFFF03238DF80630102302ACF9
:10B3D000204D8DF80730402324F8043D21462846AF
:10B3E00000F0A2F80121042000F09CFF0723214671
:10B3F0002846ADF8043000F097F80121042000F051
:10B4000091FF2146144C38232846ADF8043000F053
:10B410008BF8E3694FF0804043F00103E3610123BF
:10B420001A461946FFF786FFE3690C4843F002030A
:10B43000E36101231A461946FFF77CFF084B4FF0E2
:10B440000052C3F880204FF08052C3F8802003B030
:10B4500030BD00BF00080140001002400004004061
:10B4600000E100E0054B402193F8493004485B06B9
:10B4700001D500F0B7B800F0B7B800BF2C14002019
:10B4800000080140002330B51D46DCB2A2420CD9B1
:10B49000040F092C94BF3034373401F8134001EB0A
:10B4A0004304000165700133EFE730BD08B50020AB
:10B4B00000F0F0FEBDE8084001214FF4000000F06C
:10B4C0003DBF07B54FF4C06002F0D4FF14238DF8E0
:10B4D00004300022012301A88DF805308DF80620E4
:10B4E0008DF8073002F0D0FF03B05DF804FB704721
:10B4F000094A0A4B10B51B681468506818180AD01E
:10B5000008220749FFF7BEFF2046BDE8104004228D
:10B510000449FFF7B7BF10BDECF7FF1FE8F7FF1FA7
:10B520001600002026000020CA782DE9F041D4063C
:10B5300048BF8C780E8802F00F0348BF234316F0F3
:10B54000FF0F1ED0016800244FF0010E4FF00F0CCA
:10B550000EFA04F737EA06050FD1A5000CFA05F834
:10B5600021EA080103FA05F5282A41EA050101D17B
:10B57000476102E0482A08BF07610134082CE7D17F
:10B580000160FF2E20D9416800244FF0010E4FF0DA
:10B590000F0C04F108050EFA05F535EA06070FD180
:10B5A000A7000CFA07F821EA080103FA07F7282A8E
:10B5B00041EA070101D1456102E0482A08BF05615F
:10B5C0000134082CE5D14160BDE8F081836819425F
:10B5D00014BF012000207047806880B27047C068A7
:10B5E00080B2704701617047416170470AB10161E3
:10B5F000704741617047C160704700000028164ADB
:10B6000030B500F44015B4BFD3695368B5F5401F99
:10B6100084B206D1556823F0706325F070655560DB
:10B620000EE0C20255BF420D03221201C0F30345D2
:10B630004CBFAA4004FA02F223EA020343F070630B
:10B6400019B1420D120194402343034A0028B4BFAC
:10B65000D361536030BD00BF0000014001F003031F
:10B6600001F0FC0101F1804101F5803110B59B0032
:10B670008C680F229A4024EA02028A608A68984005
:10B680001043886010BD0000034B9B7A13B1034B3D
:10B6900005221A60704700BFCC1300205C0900200F
:10B6A000014B04221A6070475C090020034B1A7892
:10B6B000202A04BF00221A70704700BF58090020DA
:10B6C00070470000212810B508D1114B1B681B786A
:10B6D00003F07F03212B10D0022010BD2028FBD1C6
:10B6E0000B4B0C4A1B681B78107003F07F03212B57
:10B6F000094B18BF00230BB9EEE7084B044A00249E
:10B7000012682046936154829847204610BD00BFBE
:10B71000EC1300205809002055B700086DB7000849
:10B72000074B1B681B7803F07F03212B06D100F029
:10B73000DF00022814BF022000207047022070475B
:10B74000EC13002021B901288CBF02200020704793
:10B750000220704720B9034B08221B681A827047E9
:10B7600001487047EC1300203C000020FFF7F2BFB7
:10B7700010B5FFF7BDFE054B00241B689C7200F05E
:10B7800095F801F01DFC024B1C6010BDEC1300206D
:10B790005C090020334B344A1B68D27910B5002471
:10B7A0005A729C72DC722046FDF70AFC4FF400715D
:10B7B0002046FDF70DFC10212046FDF717FC402127
:10B7C0002046FDF7F1FC80212046FDF7DBFC2046FA
:10B7D000FDF774FC254B204693F83410FDF7A2FCCE
:10B7E0002046FDF748FC21460120FDF7F1FBC02172
:10B7F0000120FDF7C7FC20210120FDF7F7FB2146C2
:10B800000120FDF70CFC4FF4C0610220FDF7E0FBC6
:10B810004FF480710220FDF7B5FC21460220FDF7B0
:10B82000FEFB20210220FDF7E1FB21460320FDF76E
:10B83000CFFB4FF488710320FDF7B6FC40210320B5
:10B84000FDF770FC4FF440510320FDF7E8FB214663
:10B850000320FDF7CBFB2046FCF780FC044B0122C4
:10B860001A6010BDEC130020B71601083C00002040
:10B870005C0900200149FCF75DBA00BF740000209C
:10B880000149FCF757BA00BF7C000020054B1B683C
:10B89000DB78042B04D8044901EBC301FCF74ABA56
:10B8A00000207047EC1300208400002008B5012020
:10B8B000FFF71DFE064B01221A60064A00200649CA
:10B8C000186010604FF4E0520A801A6008BD00BF93
:10B8D000405C0040445C0040F0130020064B074AE7
:10B8E0000749136002221A72064B074A1360074A7F
:10B8F0001B681160184700BFCC130020EC13002018
:10B90000A400002044000020C4130020E8130020FD
:10B91000F0B5074687B04FF4407002F0ABFD00244D
:10B920000125252301A88DF804308DF805408DF8F8
:10B93000075002F0A9FD294644F2050000F0F2FC90
:10B940001D4E4FF40073ADF8003018238DF803300E
:10B950006946032330468DF80230FFF7E5FD4FF4CA
:10B960008063ADF800306946042330468DF803301B
:10B97000FFF7DAFDADF80C40ADF80E40ADF8104021
:10B98000ADF814400C230D4CADF81230A38902978A
:10B990009BB243F00C03A38102A9204600F02CFEC9
:10B9A0002A46204640F2255100F086FE29462046D0
:10B9B00000F076FE07B0F0BD0008014000380140FD
:10B9C00042F22832074B5A6000229A6001221A6024
:10B9D0001A68044902F00112012AF9D000230B6011
:10B9E0008B60704710E000E02DE9F34701216148CA
:10B9F000FFF704FE0121102000F094FC4FF40055E5
:10BA000002A90223102421F8085D5B488DF802305A
:10BA10008DF80340FFF788FD012229465648FFF7BD
:10BA2000E5FD4FF4E130FFF773FF0121042000F042
:10BA300079FC02A98DF807404FF48054032321F8C4
:10BA4000044D4E488DF80630FFF76EFD21464B48F9
:10BA5000FFF7C8FD0120FFF7B3FF21464748FFF776
:10BA6000C3FD0120FFF7ACFFFFF720FDFFF729FD25
:10BA7000FFF734FF01F060FD03F0D0FA404A0A25D9
:10BA8000136823F00403136002F052F803F028FB5C
:10BA900003F04CFB0A240120FFF792FF013CFAD18E
:10BAA000013DF7D1374D03F04FFBA846344F01F06D
:10BAB00043FD03F0B3FA3B68334E23F004033B60CD
:10BAC00002F02EFD02F034F8FFF778FC00F082F867
:10BAD00003F006FBFCF7F2FC02F0D8FB02F040FC9E
:10BAE000FEF73CFD02F080FE284A002313605360FD
:10BAF000936027482B70AB7001F08CFDDFF8A890A5
:10BB000098F802401CB12348FDF787FBCFE71422C9
:10BB100021461C4895F800A005F03AFD64232B72DD
:10BB20006B72AB721C4B89F800401C701B4B85F884
:10BB300000A01C701A4B34601C701A4B74601C708F
:10BB4000B46002F039FEFDF751FC03F0B7F8FCF7E2
:10BB50006FFB02F0B7FEFBF7D9FE02F0CFF8FEF75D
:10BB60009FFF02F0F7FAFDF757FC00F073FEFCF7B9
:10BB70008DFFC5E7000130000010014000080140C2
:10BB800010E000E0F8130020101400201C14002026
:10BB900000F801089C1701080D140020281400204B
:10BBA000F41300200C1400200E14002010B5074CD4
:10BBB0004FF4005122780648FFF718FD237813F15F
:10BBC000FF3318BF0123237010BD00BFCA0000203F
:10BBD000001001401FB50121092000F0A3FB4FF424
:10BBE000F07404A903238DF8023021F8104D482386
:10BBF00018488DF80330FFF797FC05210120FFF767
:10BC00002DFD06210120FFF729FD07210120FFF767
:10BC100025FD08210120FFF721FD002302948DF866
:10BC20000C3001240C2302A88DF80D308DF80E4045
:10BC300000F094FC17238DF8043001A802238DF83E
:10BC400005308DF806308DF8074002F01DFC04B079
:10BC500010BD00BF000C014008B50A48FFF7BCFC4E
:10BC6000024670B180F02003C3F3401051065CBF60
:10BC700040F00203D8B2130603D440F00400C0B26F
:10BC800008BD08BD000C01400020704738B50446CF
:10BC900000252146E8B201F0A3FD10B9207007216C
:10BCA00005E0237833B12046FDF7BEFB0146204670
:10BCB00000F0E2FF0135022DEBD138BD08B5FDF7EC
:10BCC00035F8024B00225A7308BD00BFF81300205C
:10BCD00010B50C4650F8210005F0ACF9024B53F8B2
:10BCE000241005F0AFFA10BD2C14002070B50546E5
:10BCF0000E460024E1B23046FFF7EAFF45F8240083
:10BD00000134032CF6D170BD2DE9F0418046164C6C
:10BD1000002594F84A70243447FA05F358F8256052
:10BD200013F0010F4FF00001304609D005F074FB0D
:10BD3000B0B92168304601F1004105F08BFB06E007
:10BD400005F088FB60B92168304605F065FB38B91D
:10BD50000135032D04F10404DED10020BDE8F0819B
:10BD60000120BDE8F08100BF2C14002072B6034B07
:10BD70001A781043187062B6704700BF0D14002087
:10BD80007FB544780123432C05468DF8073024D035
:10BD90000CD8242C21D005D8002C40F0818000F054
:10BDA00067FD99E1262C18D02A2C07E04A2C07D0F1
:10BDB00001D8472C02E0582C0FD05E2C70D10CE03B
:10BDC000AD4B1B7813F0DF0F40F0858183783D2B5E
:10BDD00040F07F81FDF728FB75E1AD78002D40F044
:10BDE0007881432C28D007D8262C18D02A2C41D073
:10BDF000242C40F06A8109E0582C30D05E2C18D0F9
:10BE0000472C40F0628100F08FFE31E09A4B1C78A5
:10BE100014F0180440F05F8100F030FD5CE1964BB7
:10BE20001C7814F0180440F056819448FDF7F5F999
:10BE300052E1FEF7B9FB1BE08F4B1C78022C05D1B9
:10BE400001F044FB052000F0C1FC11E0002C40F0A3
:10BE50004281022204201A7000F0B8FC3CE1864CBA
:10BE60002378012B40F03181032000F0AFFC2570D6
:10BE70002C4631E1804B1B7813F0180F40F02B81DA
:10BE800001217F4801F09CFBBFF34F8F7D497E4B22
:10BE9000CA6802F4E0621343CB60BFF34F8FFEE742
:10BEA000754E3378012B00F21681492C56D004D8F8
:10BEB000232C0AD0482C0FD0AEE0522C6CD0532C3F
:10BEC0003CD04E2C40F0A8808BE0AC78002C40F0A9
:10BED000008100F0D5FDFFE06C4B93F84830DB06A5
:10BEE00040F1F580A8780423337028B901F060FA96
:10BEF000674B01221A7011E0EB78002B40F0E980CB
:10BF0000592806D05A2806D0582840F0E28001204F
:10BF100002E0022000E0042001F04AFA7478002CCC
:10BF200040F0D380544B1C70FEF712FCAB78002B12
:10BF300040F0CB802846FFF7A9FECDE0AB784C2B34
:10BF400040F0C780EB78502B40F0C3802C79002C58
:10BF500040F0BF808020FFF709FFBDE0AC780223EE
:10BF60008DF8073034B9284601F050FC284600F01F
:10BF700095FEB1E03D2C40F0AC800323EC5CEA1868
:10BF8000013302F8034CDBB2002CF7D128468DF8C0
:10BF9000073001F077FB9FE0AB78532B40F099809E
:10BFA000EB78542B40F095802B793D2B40F091801D
:10BFB000AB79002B40F08D806B79242B06D02A2B97
:10BFC00006D0232B40F08580022002E0012000E013
:10BFD000FF2001F07BFB092000F0F8FB01F076FA6E
:10BFE00073E0AC7802228DF807208CB9E6B22946BE
:10BFF000304601F0F5FB18B9072000F0BFFB03E065
:10C000002946304600F022FE0134022C5DD0EDE7D7
:10C01000002B60D1012400E0002402AA0DF10701E9
:10C02000284600F097F908B9022455E09DF807303A
:10C030005A1CEB5CD2B23D2B8DF8072049D14CB392
:10C040001346EC5C981AE9182C5409780133DBB2DA
:10C050000029F6D128468DF80730FDF7E5F90446AA
:10C06000002839D1029803F0C9F905F039FA2946B8
:10C07000C0B201F0F7FA2FE0F8130020A917010869
:10C0800000F8010800ED00E00400FA052C1400207F
:10C09000F510002003AA0DF10701284600F05AF917
:10C0A0000028C1D09DF80730EB5C93B9029C0C4985
:10C0B000204605F0CFF960B9204605F011FA039942
:10C0C000C0B201F0E1FB044606E0002404E00524D0
:10C0D00002E0032400E00824204604B070BD00BF45
:10C0E00000007F4372B6034A137823EA0000107001
:10C0F00062B670470D14002072B6034B1A781043D5
:10C10000187062B6704700BF2814002008B52A4B8B
:10C110001B78012B26D0042B24D0284B1B780BBB7B
:10C120004FF4007000F054FAE0B14FF4007000F0EA
:10C130005DFA234B4FF4007193F8483021485B06B9
:10C140000CD4FFF743FA012830D11F48FDF765F8FA
:10C1500001F0BCF90120FFF7CFFF27E0FFF736FA27
:10C1600020BBF2E74FF4F07000F040FAFFF774FDE7
:10C17000C0B1C10703D5154B01221A700DE042076B
:10C1800004D5134A137843F0020305E0830704D56E
:10C190000F4A137843F0080313700E4B4FF400025C
:10C1A000C3F880214FF4007000F020FA094B4FF4DF
:10C1B0000002C3F8802108BDF813002028140020D5
:10C1C0002C140020000C0140C3170108F4100020BB
:10C1D0000D14002000E100E072B6024B00221A703C
:10C1E00062B670472814002072B6034B1A781043C9
:10C1F000187062B6704700BFF413002072B6034B8C
:10C200001A781043187062B6704700BF0C140020F3
:10C2100072B6024B00221A7062B67047F413002007
:10C2200072B6024B00221A7062B670470C140020DE
:10C2300038B5CB6805460360037A01F1340443F056
:10C2400004030372114B93F8483013F0200F07D109
:10C2500029460F4D204600F0D5FE2C783CB908E069
:10C260002046FFF751FD0028F2D00F240BE00024F8
:10C2700009E001F06DFD0028F9D020232B70FEF7B6
:10C2800069FCFEF725FA204638BD00BF2C140020BB
:10C29000F8130020014B1860704700BFD8004242DD
:10C2A0001C4A10B5536803F00C03042B01D0082B73
:10C2B00001D0194B0EE053685168C3F38343CC039C
:10C2C00003F1020302D55168890301D5134900E047
:10C2D00011494B43036053681149C3F30313CC5C0A
:10C2E0000368E34043605468C4F302240C5D23FAFE
:10C2F00004F484605468C4F3C2240C5DE340C3605A
:10C300005268C2F381320A44127CB3FBF2F3036138
:10C3100010BD00BF0010024000127A0000093D006D
:10C32000CB000020044B9A6909B1104301E022EAD6
:10C3300000009861704700BF00100240044BDA69AA
:10C3400009B1104301E022EA0000D861704700BF44
:10C35000001002402DE9F0470D789146435D0646F6
:10C360002D2B884600EB050203D1951C537801273D
:10C3700006E02B2B15BF013553782D18951C00278F
:10C3800000210A460C460846303BDBB2092B0FD889
:10C390000132D2B2082A07D809B1013C64B200EBDD
:10C3A000800003EB400007E029B9013464B203E0E8
:10C3B000FE2B04D119B9012115F8013BE4E772B352
:10C3C00004F034FE0021824605F01CF8D8B9631C45
:10C3D00007DA5046134904F081FE0234824664B203
:10C3E000F5E705D15046104904F078FE82460AE090
:10C3F0004CB150460D4904F071FE013CE3B2824657
:10C400005CB2002BF5D10FB10AF1004AAD1B013D22
:10C41000C9F800A088F800500120BDE8F087104658
:10C42000BDE8F0870AD7233CCDCCCC3D00002041AD
:10C4300070B50E460D4904F051FE02F0AFFE05F056
:10C440004FF80B4D84B284B16B7873B916B9FCF711
:10C450003DFA04E0FCF782F8EB789B0705D4322024
:10C46000013CFFF7ADFAA4B2EDE770BD0000A041BA
:10C47000F813002010B504462CB10120013CFFF751
:10C480009FFAA4B2F8E710BD38B50D46014604F096
:10C4900025FE29460446284604F020FE0146204693
:10C4A00004F014FDBDE8384002F0BEBF2DE9F041B4
:10C4B0000446061F00F10808002556F8047F0021F5
:10C4C000384604F09FFF40B93946384604F006FE6E
:10C4D0000146284604F0FAFC0546B045EDD1284651
:10C4E00002F0A2FF064601464FF07E5004F0AAFE7D
:10C4F00005460146206804F0F1FD29462060606889
:10C5000004F0ECFD29466060A06804F0E7FDA0603F
:10C510003046BDE8F08100002DE9F041074688462D
:10C520000D4D002458F824600021304604F06AFFC5
:10C5300060B9314657F8240004F084FE20F000462C
:10C540002946304604F086FF00B935460134032CF5
:10C55000E8D12846BDE8F081FFFF7F7F827970B582
:10C560000168037942B3CE43184A03F1804315684A
:10C5700003F58233354015605468344054601C68BC
:10C580002143196001689468CD432C409460D368BE
:10C590002B40D3604379102B06D193680B439360F3
:10C5A000D3681943D16070BD03F1804303F5823332
:10C5B0001A681143196070BD03F1804303F582339B
:10C5C0001A6822EA01021A6070BD00BF000401402F
:10C5D000054B1A685B69034004D0024214BF012076
:10C5E000002070471846704700040140014B586115
:10C5F000704700BF0004014070B50E460446038A30
:10C60000CA889BB223F440531343038282898988EA
:10C61000338992B20B43718922F4B0520B4322F05A
:10C620000C0213439BB28381838AB2899BB223F4A9
:10C63000407386B01343838201A8FFF731FE174A87
:10C64000039B049D3168944218BF1D4619226A431A
:10C65000A389642613F4004F14BF4D008D00B2FB74
:10C66000F5F5B5FBF6F0A28900010109120406FBFD
:10C67000115307D5D9003231B1FBF6F202F00702AF
:10C68000104306E01A013232B2FBF6F303F00F0357
:10C69000184380B2208106B070BD00BF0038014051
:10C6A000838919B19BB243F4005303E023F4005390
:10C6B0001B041B0C83817047012310B5C1F3421486
:10C6C0009C4201F01F0103FA01F101D10C3003E09B
:10C6D000022C0CBF1030143003680AB1194301E07A
:10C6E00023EA0101016010BDC1F308018180704798
:10C6F0000148FCF792BD00BF4517010808B55D2051
:10C7000001F010FFBDE80840FFF7F2BF10B5044686
:10C710000068FCF743FE2C2001F004FF6068FCF782
:10C720003DFE2C2001F0FEFEA068BDE81040FCF7A5
:10C7300035BE10B50446242001F0F4FE2046FCF777
:10C7400075FDBDE810403D2001F0ECBE10B50C4673
:10C75000FFF7EFFFE0B2FCF769FDBDE81040FFF71F
:10C76000C7BF38B50C461546FFF7E3FF29462046FC
:10C77000FCF7B6FDBDE83840FFF7BABF10B5044678
:10C7800020B9BDE810400648FCF747BD0548FCF756
:10C7900044FD2046FCF74AFDBDE81040FFF7A8BF66
:10C7A000CD170108D217010810B504460648FCF75A
:10C7B00034FD2046FCF73AFDFFF79AFFBDE8104034
:10C7C0004FF4FA70FFF756BED917010810B50446AA
:10C7D0001448FCF722FD601E0A281ED8DFE800F08E
:10C7E00006080A0C0E10121416181A000E4812E051
:10C7F0000E4810E00E480EE00E480CE00E480AE02D
:10C800000E4808E00E4806E00E4804E00E4802E03C
:10C810000E4800E00E48FCF700FDBDE81040FFF7B1
:10C820006DBF00BFE0170108E6170108F8170108FF
:10C830000C1801081E180108261801082F180108F5
:10C840003A180108471801084F1801086218010832
:10C850007418010808B50448FCF7DFFCBDE808407F
:10C860000248FCF7DABC00BF7D18010889180108EE
:10C870000148FCF7D2BC00BFA61801082DE9F84317
:10C880006D4C002094F83010FFF760FF94F83310DF
:10C890000120FFF75BFF94F831100220FFF756FFED
:10C8A00094F832100320FFF751FF94F84810042049
:10C8B000C1F38001FFF74AFF94F848100520C1F347
:10C8C0008011FFF743FF94F948100620C90FFFF7C6
:10C8D0003DFF94F834100A20FFF738FF0322A16BC4
:10C8E0000B20FFF73EFF0322E16B0C20FFF739FF1F
:10C8F00094F848100D2001F00101FFF727FF94F88C
:10C9000048101420C1F34011FFF720FF94F848109D
:10C910001520C1F3C001FFF719FF94F84810162045
:10C92000C1F30011FFF712FF94F84A101720FFF728
:10C930000DFF0322E16C1820FFF713FF0322216D86
:10C940001920FFF70EFFB4F854101A20FFF7FEFE6F
:10C950000322A16D1B20FFF704FF0022216C1E2083
:10C96000FFF7FFFE0022616C1F20FFF7FAFE94F82C
:10C9700048102020C1F34001FFF7E8FE94F8491069
:10C98000212001F00101FFF7E1FE94F84910222077
:10C99000C1F34001FFF7DAFE94F849102320C1F3F8
:10C9A000C001FFF7D3FE94F849102420C1F3001111
:10C9B000FFF7CCFE94F849102520C1F34011FFF792
:10C9C000C5FE94F849102720C1F38011FFF7BEFE81
:10C9D0004FF0000964252C4605F10308174E5FFA55
:10C9E00089F75FFA88F8022F09D0032F0ED0012FA4
:10C9F0004FF0030214BF56F80C1C31680AE01049CE
:10CA0000F06804F01FFC0322014603E03A46B169D6
:10CA100001F1004120460134E4B2FFF7A2FEA04537
:10CA200006F10406DFD10A35EDB28C2D09F10109BA
:10CA3000D1D1BDE8F88300BF2C14002038140020A9
:10CA4000000061451FB50B48FCF7E7FB0A4901A848
:10CA5000FFF74CF901A8FFF759FE3A2001F062FDFB
:10CA6000064B9879FCF7E2FBFFF748FE05B05DF84E
:10CA700004FB00BFF018010810140020F813002078
:10CA800030B5002585B0ECB201A9204600F0CFFEFC
:10CA900040B91D48FCF7C1FB0720FCF7C7FBFFF7B7
:10CAA00027FE2FE01948FCF7B8FB062C03D0072C13
:10CAB00005D1174800E01748FCF7AFFB04E004F18C
:10CAC0003600C0B2FCF7B2FB3A2001F02BFD013575
:10CAD00001A8FFF71BFEFFF711FE082DD3D10E486A
:10CAE000FCF79BFB0D48FFF711FEFFF707FE0C4814
:10CAF000FCF793FB0B4B186CFCF750FCFFF7FEFDAB
:10CB0000FFF7A0FF05B030BDD2170108F6180108E5
:10CB1000FC180108F9180108FF1801083411002059
:10CB2000051901080011002010B5404C4048FCF7E1
:10CB300074FB20788B2805D93E48FCF76EFB2078E3
:10CB40007630C0B2FCF772FB3B48FCF766FBA0797D
:10CB50003630C0B2FCF76AFB3748FCF75EFB207941
:10CB60001130C0B2FCF762FB3348FCF756FBA078EB
:10CB7000C0F11500C0B2FCF759FB2F48FCF74DFB84
:10CB8000E0785A30C0B2FCF751FB2B48FCF745FB6C
:10CB90006078C0F15E00C0B2FCF748FBE3798BB16E
:10CBA0002648FCF73AFB214BD879032804D01E28ED
:10CBB00006D0022806D103E0302001F0B3FC01E0EA
:10CBC000FCF734FB1D48FCF728FB637A102B04D0DC
:10CBD000202B04D033B9352002E0332000E034208C
:10CBE00001F0A0FC1548FCF718FB1448FCF715FBF6
:10CBF000237A0BB1382000E0392001F093FC104873
:10CC0000FCF70BFB207DFCF711FB0E48FCF705FB46
:10CC10002069FCF7D7FB0C48FCF7FFFAE06800211D
:10CC2000FCF75EFBBDE81040FFF768BD0011002077
:10CC30000B19010811190108151901081819010823
:10CC40001B1901081E1901082119010838B50546EC
:10CC50000C460848FCF7E1FA2846FCF7E7FA3D20C5
:10CC600001F060FC2046FCF7D8FABDE83840FFF739
:10CC70003FBD00BF2419010838B505460C463E20CB
:10CC800001F050FC2846FCF7C8FA3A2001F04AFCB3
:10CC90002046BDE83840FFF771BD000010B50446DE
:10CCA0001348FCF7BAFA2046FCF7B7FAFFF726FD5F
:10CCB0001048FCF7B2FA562001F034FC5A2001F07B
:10CCC00031FC482001F02EFC4C2001F02BFC2C20E4
:10CCD00001F028FC2320FCF7A9FA2C2001F022FC0B
:10CCE000FE20FCF7A3FABDE81040FFF707BD00BF28
:10CCF000271901083B1901082DE9F04F9B4A8BB019
:10CD000001AB0DF1100907CA994C83E807001946D9
:10CD10004846FEF7EBFF3C2001F004FC2378082B8B
:10CD200017D008D8012B2AD011D3022B29D0042BDD
:10CD300037D1904833E0202B1FD002D8102B0AD0D7
:10CD40002FE0402B1FD0802B2BD18B4827E08B4826
:10CD500025E08B4823E094F90330002B0DDB894854
:10CD6000FCF75BFAE378DE0705D5302014E05807BE
:10CD700011D59906F9D531200EE083480FE083489C
:10CD80000DE083480BE08348FCF747FAE3781D0782
:10CD9000EDD5332000E0322001F0C4FB01E0FCF7C8
:10CDA0003CFA7D4B93F83470984617F0010707D191
:10CDB0007A4E0025D6F840A00DF11C0B243615E064
:10CDC000637B002BF4D076481FE0514604F07EF8D8
:10CDD0000990002FF7D159F825005BF8251004F0D1
:10CDE00073F849F825000135032D0BD00436F1689E
:10CDF000306804F06BF8022D4BF82500E5D0002FC9
:10CE0000E9D0F0E7002FDED16648FCF706FA484685
:10CE1000FFF77CFC98F834309A070DD56248FCF790
:10CE2000FCF901F0A7F9FCF701FA2C2001F07AFBDC
:10CE300001F060FBFCF7FAF95C48FCF7EEF9FEF74D
:10CE40006BFAFCF7BFFA2C2001F06CFB0021206983
:10CE5000FCF746FA01F098FD0646FEF7FDFE054692
:10CE6000FAF778FD46EA0503034313F0FF0F074680
:10CE700026D04F48FCF7D1F917B1502001F052FBF2
:10CE800076B1F30702D5582001F04CFBB70702D565
:10CE9000592001F047FB760702D55A2001F042FBEA
:10CEA00075B1E80702D5522001F03CFBA90702D575
:10CEB000482001F037FB6A0702D5532001F032FB0E
:10CEC000627B2B4B12B1013A5A7311E01A7812F0BF
:10CED0007C0F14BF1D2209225A73237B13B9244BE4
:10CEE00001221A733348FCF798F907A8FFF70EFCE4
:10CEF000227B1F4B12B1013A1A732FE01A782E4889
:10CF000012F07C0F14BF132209221A73FCF785F963
:10CF1000207AFCF78BF92C2001F004FB607AFCF7F7
:10CF200085F92C2001F0FEFAA07AFCF77FF901F0D8
:10CF3000ADFE0446FBF762F9054604B970B11F481F
:10CF4000FCF76BF92CB1012C0CBF5320432001F0EE
:10CF5000E9FAEB0702D5462001F0E4FA3E2001F0A1
:10CF6000E1FAFFF7C5FB0BB0BDE8F08F1C14002001
:10CF7000F81300203F160108561601082C16010868
:10CF800031160108351601083B1601084416010840
:10CF90004A160108501601082C1400200011002028
:10CFA0004919010850190108571901085C190108AD
:10CFB00061190108661901086C1901087119010845
:10CFC000044B0020044A18604FF406431380034AC0
:10CFD00013607047445C0040F0130020405C004048
:10CFE00070B500F07F0528460E46FCF70FF90446A1
:10CFF0002846FCF7F9F822460146304601F096FF34
:10D00000204670BDF8B5174B074693F848200D46EB
:10D0100012F0200F1C46144E04D03378202B01D080
:10D0200001F012FE3378022B1BD0FBF74FFC737814
:10D03000BBB900F0AFFE10B1FBF786FAF5E7294661
:10D04000384600F029FF60B994F848309A0708D5AF
:10D050002B7ADB0605D569681020BDE8F84001F0A1
:10D0600041BFF8BD2C140020F81300200000000080
:10D070002DE9F04F1D4693468FB09DF864609DF8F2
:10D08000702055F82640B3000290019105925BF89C
:10D0900026100BEB03022046EB180892099303F0CD
:10D0A00015FF9DF8688003904FEA88030BEB03029D
:10D0B000EB1855F828505BF8281028460A920B9375
:10D0C00003F004FF029B0399049053F8260003F039
:10D0D000FBFE029B0646049953F8280003F0F4FE79
:10D0E00004F1004480463146204603F0F7FF05F185
:10D0F000004581464146284603F0F0FF0146484678
:10D1000003F0E4FE41468146204603F0E7FF314646
:10D110008046284603F0E2FF0146404603F0D4FE75
:10D120004946189F9DF86CA002F07CF9059A0646C6
:10D130008AB103F087FB8CA3D3E90023804689469C
:10D1400003F05AFED8B18AA3D3E9002340464946EA
:10D1500003F018FA10E003F075FB87A3D3E900236E
:10D160008046894603F03EFE48B181A3D3E90023FF
:10D170004046494603F008FA03F052FE0646804B4B
:10D180003946D3F83C80384603F0A0FE414603F010
:10D190009BFE414603F0A2FF02F046F94FF07C519E
:10D1A0008046304603F09AFF394603F097FF414628
:10D1B00020F0004004F046F802F070F804F090F916
:10D1C00087B237B9019902980FB0BDE8F04FFFF769
:10D1D00019BF019B93F8088018F0080F0DD038464E
:10D1E00003F028FF019B0146186803F077FF019BBD
:10D1F00028F00808186083F80880384603F01AFF02
:10D2000081460146304604F01DF80BEB8A03059376
:10D21000029B80465BF82A1053F82A0003F054FE64
:10D22000494604F00FF841460C90404603F056FF83
:10D2300001464FF0804003F047FE52490646404603
:10D2400003F04CFF4FF081418146304603F03EFE33
:10D250000146484603F042FF4FF07C5106903046AD
:10D2600003F03CFF012607904FF00009B3B29F4244
:10D27000A8D9B9F10B0F20D80799284603F02EFF43
:10D2800082460699204603F029FF514603F01EFE10
:10D2900007998246204603F021FF06990446284656
:10D2A00003F01CFF0146204603F00EFE09F10109C0
:10D2B00004465FFA89F9554634E0304603F0BAFE79
:10D2C000414603F00BFF044601F0ACFF0546204643
:10D2D00002F056F8099B0B9A1B68824603F1004343
:10D2E00019462846D2F800900D9303F0F7FE494600
:10D2F0000446504603F0F2FE0146204603F0E6FDE8
:10D300000D9B04461946504603F0E8FE4946824606
:10D31000284603F0E3FE0146504603F0D5FD0546DE
:10D320004FF000090399204603F0D0FD089B0499B3
:10D330001860284603F0CAFD0A9B0C991860059BEB
:10D340000136186803F0C2FD059B01991860584624
:10D35000FFF758FE0C4B5B78002B87D00FB0BDE871
:10D36000F08F00BFAFF300808DEDB5A0F7C6A0BE73
:10D37000182D4454FB2119408DEDB5A0F7C6A03EF1
:10D380002C140020ABAA2A3EF813002010B5074B3E
:10D3900004461B78022B07D0FBF7C8FC2046BDE8EB
:10D3A00010400021FFF744B810BD00BFF813002063
:10D3B00010B5044601F0E0FA0CB1204600E003206D
:10D3C00001F050FBFBF782FA0B4B5B7893B9FCF74B
:10D3D00023F800F0BFFE4FF41240FFF707F9074BA8
:10D3E0004FF480714FF40002C3F88411C3F8802118
:10D3F00059601A6010BD00BFF813002000E100E082
:10D400002DE9F8432D4C804623788946022B174698
:10D4100025464FD0FBF78AFC66787EB9C7F3C0007B
:10D42000A671FAF791FAFAF795FA50B10420FEF7CF
:10D4300063FEFBF74BFA3046FAF786FA0220BDE8A6
:10D44000F883494640461E4CFFF7DCFD01230220CD
:10D4500023702E46FEF78AFCFBF738FA6B78002B18
:10D46000ECD13378002BF7D12378012B0BD1FB06BD
:10D4700005D5144B144A07CA83E8070006E00520C7
:10D48000FEF73AFE02E00D4B01229A710020207057
:10D49000FAF75AFAFBF71AFAFDF702FB00F02EFC36
:10D4A00000F058FEFFF7CEFAA879003018BF01202F
:10D4B000BDE8F8830020BDE8F88300BFF813002022
:10D4C0000E140020101400201C14002008B5114B6D
:10D4D0001B78DB061DD41020FEF748FC01F0DEFBB4
:10D4E000FAF796FE0C4A137813F02C0F03D15279F9
:10D4F00012F0060F0DD0042B04D1084B1B7823B972
:10D50000062000E00320FEF7F7FDBDE80840FDF728
:10D510001FB908BD0D140020F813002028140020A6
:10D52000034B044A5A6002F188325A60704700BFC8
:10D530000020024023016745FFF7F2BF084BDA687D
:10D54000D10709D4DA68520708D4DB6813F0100F4A
:10D5500014BF032004207047012070470220704749
:10D560000020024010B50446FFF7E8FF012806D16D
:10D570001CB1FFF7E3FF013CF8E7052010BD002CCC
:10D5800008BF052010BD000070B505464FF6FF70BE
:10D590000E46FFF7E7FF04280ED1084C4FF6FF7048
:10D5A000236943F0010323612E80FFF7DBFF41F67F
:10D5B000FE7322691340236170BD00BF002002404A
:10D5C00073B5002306464FF6FF700D460193FFF733
:10D5D000C9FF04281AD10E4C4FF6FF70236943F09F
:10D5E00001032361ABB23380FFF7BCFF042808D1ED
:10D5F00002360196019B2D0C1D804FF6FF70FFF740
:10D60000B1FF41F6FE7322691340236102B070BD81
:10D610000020024038B505460B48FFF7A3FF042859
:10D6200011D10A4C0848236943F002032361656164
:10D63000236943F040032361FFF794FF41F6FD7334
:10D6400022691340236138BDFFFF0F000020024014
:10D650007047FEE7FEE7FEE7FEE77047704770475A
:10D6600001F076BC38B505460C46FBF75FFB51234D
:10D6700003FB05F02146BDE83840502200F540701C
:10D6800001F0F8BC0146502240F2AE3001F0F2BC8D
:10D6900038B505460C46FBF749FB0D2303FB05F0A7
:10D6A0002146BDE838400C2200F5007001F0E2BCD4
:10D6B00008B50A21002001F0D7FCBDE808405C2233
:10D6C0000149012001F0D6BC2C14002030B50546DC
:10D6D000E80785B03CD5374B0A2283F83020192261
:10D6E00083F83320002283F8312083F8322001228E
:10D6F00083F83420304A9A63304ADA63304A1A6435
:10D7000000225A64032283F84A202E4ADA642E4A01
:10D710001A65FA22A3F854204FF07E529A651A2215
:10D7200083F84820232283F84920284A1A605A6047
:10D730009A60274ADA601A615A61264A9A61DA6168
:10D740001A62254A5A629A62244ADA62FFF7B0FFE7
:10D75000A9070AD50024019402940394E0B201A918
:10D760000134FFF795FF082CF8D16A0713D5002183
:10D770004FF4407001F078FC002140F2013001F0DC
:10D7800073FC002140F2513001F06EFC002140F2A8
:10D79000523001F069FC2B0709D5002140F2AE3070
:10D7A00001F062FC002140F2AF3001F05DFC05B0F9
:10D7B00030BD00BF2C1400200AD7233C6F12033B5E
:10D7C00000007A440000C84100C05A450000A04251
:10D7D00000409C4600BADB490080BBC4000096C3F1
:10D7E00070B50D46512141430646502201F5407166
:10D7F000284601F059FC044630B9287029463046C5
:10D80000FFF730FF204670BD012070BD38B55022B3
:10D8100040F2AE31054601F047FC044628B92870B5
:10D820002846FFF72FFF204638BD012038BD70B5D0
:10D830000D460D21414306460C2201F50071284694
:10D8400001F032FC044648B9002330462B606B607F
:10D85000AB602946FFF71CFF204670BD012070BD5C
:10D8600008B5002001F0FAFB0A2808D15C2201214A
:10D87000044801F019FC003018BF012008BD002049
:10D8800008BD00BF2C14002070B50D4604460021D1
:10D89000284603F0C1FD002840F03D81632C2CD9BF
:10D8A000A4F16403DBB2022BC2B21DD8022A9E4E41
:10D8B00009D0032A12D0012A0ABF06EB830346F8D7
:10D8C0002350DD6023E1994928469C1D03F006FCA6
:10D8D000964903F003FC46F8240018E106EB8303A5
:10D8E00005F100455D6212E1092B40F2168101301D
:10D8F000042800F012810A3BD4E7284601F07EFD9F
:10D9000003F0EEFDC0B2272C00F20781DFE814F02F
:10D9100028002F00330037003D004700510005016B
:10D92000050105016000640067006A00050105014A
:10D9300005010501050105017800850093009D00A2
:10D94000A100A400A700AB0005010501AE00B100D5
:10D95000B600C200CC00D600E000EA000501F400E9
:10D96000022840F2DC80704B83F83000CFE06E4B31
:10D9700083F83300CBE06C4B83F8310002E06A4B54
:10D9800083F83200FDF754F8C1E0674B93F8482064
:10D9900010B142F004027AE022F0040277E0624B18
:10D9A00093F8482010B142F0400270E022F04002AB
:10D9B0006DE05D4B93F8482010B162F07F0201E00A
:10D9C00002F07F02002083F84820F9F7BDFF9EE0B7
:10D9D000554B83F834009AE0534B9D6397E0524BCC
:10D9E000DD6394E0504B93F8482010B142F00102FF
:10D9F00001E022F0010283F84820FEF75FF986E09B
:10DA0000494B93F8482028B1D10640F18A8042F072
:10DA100020023CE022F0200239E0434B93F84820FA
:10DA200010B142F0080201E022F0080283F8482019
:10DA300000F048FF6BE03C4B93F8482010B142F0F7
:10DA4000100224E022F0300221E0374B83F84A0034
:10DA50005DE0354BDD645AE0334B1D6557E0324BDA
:10DA6000A3F8540053E0304B9D6550E02E4B1D64ED
:10DA700001E02D4B5D6401F021F948E02A4B93F859
:10DA8000482010B142F0020201E022F0020283F8C5
:10DA900048203CE0244B93F8492010B142F00102A9
:10DAA00033E022F0010230E01F4B93F8492010B11F
:10DAB00042F0020229E022F0020226E01A4B93F81B
:10DAC000492010B142F008021FE022F008021CE0D9
:10DAD000154B93F8492010B142F0100215E022F0E6
:10DAE000100212E0104B93F8492010B142F02002CE
:10DAF0000BE022F0200208E00B4B93F8492010B114
:10DB000042F0400201E022F0400283F84920FFF792
:10DB1000CFFD002070BD042070BD032070BD062025
:10DB200070BD0A2070BD00BF2C14002000007042A0
:10DB300008B5FFF795FE48B90720FEF71FFEFF2046
:10DB4000FFF7C4FDBDE80840FEF798BE08BD000021
:10DB50002DE9F04F614D85B02C786F78002C08BF0F
:10DB60002424013CE4B2A74200F0B480342606FB32
:10DB7000045ADAF82010DAF81C90084603F0A6F9E7
:10DB8000DAF8241003F0AAFA824601464846A04675
:10DB900003F042FC00B9D146002C06FB045608BF36
:10DBA0002424013CE4B2A742C6F81890DFF8309173
:10DBB00003D0342707FB08981EE095F85437BB4282
:10DBC00035D1FCF7AFFF32E0002C264607FB049A64
:10DBD00008BF2424013C95F85437E4B2A34201D194
:10DBE000FCF7A0FF07FB0656D6F81CB0B0695946F3
:10DBF00003F008FC20B1D0466B78A342E4D116E0D4
:10DC0000316A084603F062F9716A03F067FAD8F8DE
:10DC1000141003F05BF980460146584603F01AFCE5
:10DC200010B1C6F81880E6E7C6F818B0E3E795F833
:10DC300001A034260AF1010406FB0A9BE4B22B780A
:10DC4000242C08BF002402934FF00008029B9C4242
:10DC50003BD006FB04F709EB07030393DBF8143012
:10DC60002F440093BB6900981946019303F0D4FB3D
:10DC7000B0B1DBF81C10084603F028F9DBF82010DF
:10DC800003F02CFA009903F021F98346014601982C
:10DC900003F0E0FB20B1A246C7F818B04FF001082E
:10DCA00006FB0452D169906903F0ACFB002818BF51
:10DCB000A24604F10104E4B218BF4FF00108242C7D
:10DCC00008BF0024DDF80CB0C0E7B8F1000F01D0A8
:10DCD00085F801A005B0BDE8F08F00BF6009002005
:10DCE00064090020044B0022012183F854271A7094
:10DCF00083F855175A7070476009002008B51C2238
:10DD00000021034803F044FCBDE80840FFF7EABFE8
:10DD1000B8100020084B93F854171A788A420AD09A
:10DD20004A1CD2B25878242A08BF0022884208BF71
:10DD30005A7083F85427704760090020034B342041
:10DD40001A1D1B7800FB0320704700BF60090020EC
:10DD50000548027890F854379A421DBF04303422A7
:10DD600002FB03000020704760090020084991F879
:10DD700054270132D3B2242B0A7808BF00239A42D9
:10DD80001DBF342202FB031398690020704700BFB7
:10DD900060090020044B93F8540793F85537C31AD1
:10DDA00058425841704700BF6009002038B5437C95
:10DDB0000546DA07C46A0CD5164B587A03F03AF9CF
:10DDC000154903F08BF90146204603F087F9044614
:10DDD00014E05B070BD40F4B187A03F02BF90E49B4
:10DDE00003F07CF90146204603F078F90446AD6A59
:10DDF0002046294603F02EFB00B12C464FF07E5101
:10DE0000204603F027FB08B1204638BD4FF07E5076
:10DE100038BD00BFF81300200AD7233C2DE9F84F86
:10DE20001B4DDFF870B095F8544795F8009005F158
:10DE3000040A4FF034084C4526D008FB04F60AEBE0
:10DE40000600FFF7B3FF01460746584603F0E4FA21
:10DE50002E4410B15946584601E03946384603F081
:10DE60003DF9F06108FB0456D6F828B0F069594630
:10DE700003F0F0FA08B1C6F81CB00134E4B2242C67
:10DE800008BF0024BB46D6E7C5F870B7BDE8F88FD9
:10DE900060090020FFFF7F7F2DE9F04FA34C8A46E9
:10DEA000264616F8045B342202FB05F793B0F319FB
:10DEB000039000211846019303F06AFB9AF808309A
:10DEC00027447B75DAF8042013F0020F4FF0340971
:10DED0007A6309FB05F918BF954A0DF1240B08BFB9
:10DEE00004F5EB6207CA8BE8070006EB090302930F
:10DEF0000027A144039BDFF8588253F8270058F805
:10DF0000271003F0EBF801F00FFA5BF8271006ABCF
:10DF100043F82700401A80EAE076029BA6EBE07601
:10DF200043F82760D9F8101033468E4238BF0B46AD
:10DF3000C9F81030059303F07DF858F8271003F066
:10DF400081F90CAE46F82700002103F065FACDF800
:10DF50001080059B38B1774A99F8141012F81720F1
:10DF60000A4389F814200137032FC3D1002B00F096
:10DF7000D6803046FEF79AFA342707FB054731462C
:10DF800078626D48FEF7C8FA314638626B48FEF792
:10DF9000C3FA97F81580F86218F0010F08D1DAF883
:10DFA000001018F0080F396303D0786A03F096F870
:10DFB0003863227894F854374FF000099A4204D01D
:10DFC00008F0020303F0FF073BB1342303FB0543D2
:10DFD000C3F81890C3F8289066E0C846DFF84CB143
:10DFE0000DF13C0A0BF5EB633B44DA68F35910463C
:10DFF00019460393029203F071F80146404602F07D
:10E0000063FF029A039B80461146184602F05CFFAC
:10E010004AF8070004370C2FE0D14949404603F085
:10E0200019FA28B1342303FB05BBCBF828903BE059
:10E030004449404603F0F0F930B1342303FB05BBFB
:10E04000414BCBF828302FE05046FEF72FFA5146CF
:10E050003948FEF761FA414681464FF07E5002F0A2
:10E0600033FF4FF07C5103F039F801F0DDF907463A
:10E07000049B4846996B03F031F8394603F02EF8BB
:10E08000394680464FF07E5002F01EFF0146404662
:10E0900003F0D8F80021074603F0BEF900B10027CD
:10E0A000342303FB05439F62342707FB05477B7D31
:10E0B0009B0736D40198FFF779FE1C4B8046D3F8B6
:10E0C0007097494603F0C6F910B14946484601E049
:10E0D0004146404603F002F8342303FB0545F8614E
:10E0E000AF6AE869394603F0B5F900B1EF61174B43
:10E0F00096E80700C4F8708783E8070006AA07CAF5
:10E1000003E9070094F8553723700133DBB2242B61
:10E1100008BF002384F85537FFF71AFD01E01846C1
:10E1200000E0012013B0BDE8F08F00BF60090020BF
:10E130001C140020901701084414002038140020FB
:10E14000EFFF7F3FEFFF7FBFFFFF7F7FC410002007
:10E150002C140020054A064B1168C3F85817516863
:10E160009268C3F85C17C3F8602770471C1400203E
:10E1700060090020054B187893F8543798422CBF5B
:10E18000233303F1FF33181AC0B27047600900202F
:10E1900008B5FCF7C7FC044B93F854275A70BDE848
:10E1A0000840FFF7D5BC00BF6009002010B5074C40
:10E1B00003202146FEF714FFC1B2204600F006FA04
:10E1C000BDE810400320FAF756BF00BF88140020B6
:10E1D000F8B5244B244D1B782A78934240D0234A2B
:10E1E000126802F03002202A3AD12A782C78934221
:10E1F00098BF80331C1BA4B2002C31D01C49402C8A
:10E200000E4628BF40242B78621C1A480B4452103B
:10E2100013F8017B0430C1EB030EBEF1800F08BF81
:10E22000334613F801EB47EA0E2720F8087C9F1BC2
:10E23000802F08BF3346013AEAD121460120FAF780
:10E2400063FF0120FAF704FF2B78074A1C44E4B26D
:10E250002C702B781B0642BF137883F08003137059
:10E26000F8BD00BFDE100020DD100020045C00407F
:10E27000C615002084610040034B1B68052B01D1AB
:10E28000FFF7A6BF704700BF5C0900201FB5012142
:10E290000920FEF747F8012404A903238DF8023072
:10E2A00021F8104D282312488DF80330FDF73CF972
:10E2B00000212046FDF7D2F900238DF80C3002A88A
:10E2C00010238DF80D3002948DF80E40FEF746F9BC
:10E2D00006238DF8043001A802238DF805308DF84F
:10E2E00006308DF8074000F0CFF804B010BD00BF35
:10E2F000000C014070B5164B164C197822781D465B
:10E30000914223D0144E20237AB1C6F884300022E3
:10E3100040F225511148FEF7CFF900210F48FEF7D2
:10E32000BFF94FF4801333600EE04FF48012C6F84B
:10E33000802040F22551094873600122FEF7BCF9A4
:10E3400001210648FEF7ACF923782B70207870BDC8
:10E35000DF000020D410002000E100E00038014080
:10E3600010B50120FEF742F9194B4022C3F8802175
:10E3700001211848FDF72AF9174C20703220FDF7CB
:10E380001FFB01211348FDF721F92378834207D0B1
:10E390003220FDF715FB01210E48FDF717F920701B
:10E3A0000E4B93F849309B0710D5237853B90C4A8C
:10E3B00012783AB1084A1370FFF788F8BDE81040A8
:10E3C00000F0B4BEBDE8104000F0BEBE10BD00BFFE
:10E3D00000E100E0000C0140D41000202C140020CB
:10E3E000F813002038B50C4B0C4C93F8493003F06F
:10E3F000100303F0FF000BB9207038BD657845B9F4
:10E4000000F0E2F90123A070637000F0DDF92570DF
:10E41000E070607838BD00BF2C140020D5100020BB
:10E42000024B00221A705A709A707047D510002063
:10E4300038B50E4B93F84930DB0601D4002038BDC7
:10E440000B4CE57800F0C0F9854207D063782BB11A
:10E4500023780133237000F0B7F9E0702378042BA0
:10E46000ECD9FFF7DDFF012038BD00BF2C140020E0
:10E47000D510002040F0BF60024B40F40030D8605F
:10E48000704700BF00ED00E0C27810B503780AB312
:10E49000164A03F16043D1684278C943C1F30221AF
:10E4A000C1F1040402FA04F40F22CA40817803F592
:10E4B00061430A4022431201D2B283F80023037859
:10E4C0000122590903F01F0302FA03F3084A42F834
:10E4D000213010BD5A09012103F01F0301FA03F393
:10E4E0000349203241F8223010BD00BF00ED00E0AA
:10E4F00000E100E008B5FFF7FDFE084A18B1137807
:10E500005078DBB202E09378D078DBB2834294BFDC
:10E51000023B03F1FF33181AC0B208BDD910002026
:10E520007047000038B50446FFF7E4FE40B92146C5
:10E530000D48FEF7D9F80C4A13881806FCD538BDEB
:10E540000A4A0B4D5079431CDBB2802B08BF0023D5
:10E550001179994203D12978C90604D4F8E7054A0C
:10E560001454024A537138BD00380140D9100020BC
:10E570000D140020C615002008B5FFF7BBFE104A99
:10E5800068B113785178DBB2994216D00D49C85C56
:10E590000133DBB2FE2B08BF0023137008BD937854
:10E5A000D178DBB2994208D00749C85C0133DBB2AD
:10E5B000FE2B08BF0023937008BDFF2008BD00BFDD
:10E5C000D910002046160020C81400202DE9F04183
:10E5D000374D06460C462F46DFF8DC80002C64D011
:10E5E00016F8013B212B0DD004D8182B0ED1FEF7C5
:10E5F0006DFF57E03F2B03D07E2B07D1022002E0B6
:10E60000012000E00820FDF7B1FB4BE01A063DD5E4
:10E61000843B1C2B46D8DFE803F00F1145454545E8
:10E6200045454545454517191B1D1F2123254529EE
:10E630002B2D2F31334535002020E4E71D4B1B786F
:10E640009B062FD54020DEE701200CE002200AE0E7
:10E65000042008E0082006E0102004E0202002E06A
:10E66000402000E08020FDF7BFFD1BE001200AE014
:10E67000022008E0042006E0082004E0102002E068
:10E68000202000E04020FDF7B9FD0BE069783878E4
:10E690004A1CD2B2FE2A08BF002282421CBF08F8E0
:10E6A00001306A70013CE4B298E7BDE8F08100BF38
:10E6B000D9100020F81300204616002013B53A4A5E
:10E6C00013889BB20193019B99066AD5928892B2F6
:10E6D000D3B2212B0DD004D8182B0ED1FEF7F6FEA5
:10E6E00058E03F2B03D07E2B07D1022002E001200F
:10E6F00000E00820FDF73AFB4CE012063DD5843BD4
:10E700001C2B47D8DFE803F00F1146464646464625
:10E710004646464617191B1D1F21232546292B2D2A
:10E720002F31334635002020E4E7204B1B789B0631
:10E7300030D54020DEE701200CE002200AE0042072
:10E7400008E0082006E0102004E0202002E040203D
:10E7500000E08020FDF748FD1CE001200AE00220D7
:10E7600008E0042006E0082004E0102002E0202059
:10E7700000E04020FDF742FD0CE00D49C8788C78A0
:10E78000421CD2B2FE2A08BF0022A2421EBF094C80
:10E79000CA702354044A138823F020031B041B0C63
:10E7A000138002B010BD00BF00380140F8130020F4
:10E7B000D9100020C8140020024B5A781A70DA7859
:10E7C0009A707047D9100020014B1868704700BF3D
:10E7D000C8170020024A00231360024A13607047E2
:10E7E000C4170020C817002030B5012185B00420CF
:10E7F000FDF7A4FD1E238DF80030042301248DF8BD
:10E800000130684603238DF802308DF80340FFF78E
:10E810003BFE124B4FF080421A6001A8F9F708FE48
:10E8200040F60F630E4DADF80430C722002301A956
:10E830002846ADF80630ADF80A30ADF80820F9F7F3
:10E8400069FD224621462846F9F71EFE2146284644
:10E85000F9F7F7FDFFF7BEFF05B030BD00E100E0BE
:10E860000008004008B501211248F9F717FE00B36F
:10E8700001211048F9F71DFE0F4B1A68642A0F4A50
:10E8800002BF0021116019601168642905D119685F
:10E8900001311960094B002119604FF6FF711368AF
:10E8A00001331360064A136801338B4208BF00230B
:10E8B000136008BD00080040C8170020C4170020DE
:10E8C000D01B002030B5012185B00920FDF72AFDBD
:10E8D00003238DF80230254B04A91C4693F84820E9
:10E8E0004FF4124512F0400F0CBF2823482321F8A3
:10E8F000105D1F488DF80330FCF716FE94F8483081
:10E900001A072CD509210120FCF7A8FE0F210120B0
:10E91000FCF7A4FE0C210120FCF7A0FE00238DF8DB
:10E920000C30124B012493F8483002A85B0654BF08
:10E9300008230C238DF80D3002958DF80E40FDF75D
:10E940000DFE28238DF8043001A802238DF8053030
:10E950008DF806308DF80740FFF796FD04E0054B73
:10E960004FF48072C3F8842005B030BD2C14002011
:10E97000000C014000E100E0024B4FF48072C3F84C
:10E980008420704700E100E008B51048FCF724FE41
:10E9900003460F4A92F84820520644BF80F41243BF
:10E9A0009BB28BB10B4A11880B425188928814BFDD
:10E9B000012000200B4218BF40F00200134204D097
:10E9C00040F00400C0B208BD184608BD000C01406C
:10E9D0002C1400209617010808B51D4B1B78012B3D
:10E9E00027D01C4B1B7823BBFFF7CEFF08B34FF497
:10E9F0000040FDF7EDFD30B11748FAF70EFC4FF47B
:10EA00000040FDF7F3FD4FF48050FDF7E1FD30B11C
:10EA10001248FAF702FC4FF48050FDF7E7FD104B67
:10EA20004FF48072C3F88421FEF750FD0120FDF7FA
:10EA300063FB4FF48050FDF7D9FD4FF40040FDF724
:10EA4000D5FD074B4FF48072C3F8842108BD00BF89
:10EA5000F813002028140020751901087F190108F7
:10EA600000E100E02DE9F04F6F4F8BB07C788146DC
:10EA7000002C40F0D58006236C4D6D4E0694049416
:10EA800005948DF818304FF0000B0DF10C0A35F895
:10EA9000143004F80A3049FA04F3D8070BD506EB12
:10EAA00084036449586A02F019FB5946804602F013
:10EAB000B3FC00B9C3460134032CE8D15C4B0424F9
:10EAC000D3F850800126019307A85B49FDF70EF9A2
:10EAD000019B0BF1004E93F84A20002318461D4677
:10EAE0009C4649FA03F1C90715D55349013041F84D
:10EAF00023C042FA03F111F0010FC0B207A901D0FF
:10EB00000EB103E016B141F823B001E041F823E073
:10EB10001AF803100D430133032BE2D102F086FAF9
:10EB200000F082FCFD710146404602F0D7FA04A9CC
:10EB3000049007A8FFF7B0F904237B71FCF70AF8EB
:10EB4000FBF7C6FDDFF8F4B07EB1FFF71DFF002331
:10EB50001AF803202A4204D040FA03F1C90748BF3B
:10EB600095430133032BF3D1FD71FBF7F3FF9BF8C2
:10EB7000003013F0340F25D0304B1D78EDB2EA068B
:10EB800002D50620FDF7B8FAAB0602D50720FDF73F
:10EB9000B3FA36B9FFF7F8FE19EA000F06D00820DD
:10EBA00002E06B0702D50920FDF7A6FA244B1B787B
:10EBB00023B1FEF78BFCF9F789FE31E00420FDF765
:10EBC00091FA01E06807BFD1FBF76AFF019BDFF80C
:10EBD0006080B3F85400FDF74DFC86F0010546B99E
:10EBE000D8F85800174902F079FAD8F84C808346D3
:10EBF00003E0D8F858B0D8F85080013C14F0FF0476
:10EC000001D02E4660E722460B4B49FA04F1C907B2
:10EC100048BF43F824200134032CF6D100237B7134
:10EC20000BB0BDE8F08F00BFF81300208A17010871
:10EC30002C1400200000C0BF1C1400200D14002064
:10EC4000281400200000A04038B5FDF75DF8D0B1D1
:10EC50000D4B012218781A7108281C4608D0FEF7BF
:10EC600035FC0220FDF748FABDE83840F9F72EBE22
:10EC7000FDF77CF82546F9F729FE63781BB92B7858
:10EC8000002BF8D1EBE738BDF813002008B5024897
:10EC9000FCF7A2FC012008BD000C014008B50021D2
:10ECA0000448F9F7DAFBBDE808404FF48041024818
:10ECB000FCF79ABC002C0140001001402DE9F04106
:10ECC0003A4B88B0596C186C02F0FEF8014638488F
:10ECD00002F0B8FA374B012118600820FDF722FB3B
:10ECE00008AE4FF4804326F8203D10244FF003086F
:10ECF000314631488DF803408DF80280FCF714FC52
:10ED000001214FF40060FDF70DFB224600210DEBC1
:10ED1000040002F03DFC01A8F9F78AFB274B284AC2
:10ED20001B68284DB3FBF2F3013B0024ADF804301F
:10ED300001A9632328460127ADF80830ADF8064045
:10ED4000ADF80A408DF80C40F9F7E4FA602304A905
:10ED50002846ADF81030ADF81640ADF81270ADF899
:10ED60001840F9F721FB28460821F9F78FFB2146C7
:10ED70002846F9F772FB39462846F9F762FB39460F
:10ED80000420FDF7CFFA18238DF8033031464FF4F5
:10ED900080730D48ADF800308DF80280FCF7C4FB9D
:10EDA000FFF77CFF08B0BDE8F08100BF2C14002005
:10EDB0000000B042E4100020000C014000000020E0
:10EDC00040420F00002C01400008014001460B4862
:10EDD00008B5818641B9F9F740FBBDE808404FF41A
:10EDE00080410748FCF700BC0121F9F736FBBDE87C
:10EDF00008404FF480410248FCF7F4BB002C01406E
:10EE000000100140F8B51E4B05465E6C1F6C304685
:10EE1000394602F015FB1B4C68B9A07A02F00AF9DA
:10EE2000194902F05BF9294602F058F939460546BE
:10EE300002F006FB10B127616420F8BD3146284678
:10EE400002F0F4FA58B100273946284602F0DAFAFF
:10EE500010B127610020F8BD26610C20F8BD3146B5
:10EE60002561284602F030F8084B196802F036F99F
:10EE700000F014FA02F034FB0C3080B2F8BD00BF91
:10EE80002C140020F81300200AD7233CE4100020A3
:10EE900070B5114C054662780E46E2B920B90023E0
:10EEA0002361FFF7FBFE14E0102818BF01224FF486
:10EEB00080410A48FCF79AFB094B93F848309B07BE
:10EEC00002D5202D08BF00263046FFF79BFFFFF735
:10EED0007DFF0023237370BDF8130020000C014058
:10EEE0002C14002038B5074B04461B780D46022B26
:10EEF00007D0F9F71BFF29462046BDE83840FFF749
:10EF0000C7BF38BDF813002010B501F10051013220
:10EF100001F540515210490000239A4205D030F8C3
:10EF2000024B21F823400133F7E710BD10B501F182
:10EF30000051013201F540515210490000239A421C
:10EF400005D051F8234020F813400133F7E710BDF6
:10EF500070B5164C164B2268164D92B21A8019885D
:10EF60002A881E460A4012F4007F09D04FF6FF534C
:10EF7000114A236013780133DBB21370FFF77CF979
:10EF800032882B8813401A0401D5F9F7E1FE328844
:10EF90002B8813405B0507D54FF6FF332360074BE3
:10EFA000BDE870405B68184770BD00BF445C00401E
:10EFB000CC170020F0130020E810002044000020AF
:10EFC0002DE9F0411048FEF725FB04281AD14FF631
:10EFD000FF760D4CDFF840800C4F34F808100C4BD6
:10EFE000B142234407EB030502D02046FEF7CCFADA
:10EFF0002988B14202D0A01CFEF7C6FA054B0434A2
:10F000009C42EAD1BDE8F08100E00108CE17002063
:10F010000220FEF700E80108CE37FE1710B50C4BB2
:10F020000C480D491C7803F178420133A2F5F03207
:10F030008B428454074AF5D113780A2B06D000235B
:10F04000FF21D1540133B3F5006FFAD110BD00BFD9
:10F0500000E00108CE17002000E80108014B185C11
:10F06000704700BFCE170020014B1954704700BFF6
:10F07000CE170020F0B40B4C451E25448F180023FA
:10F08000B9420AD00BB9DB0900E0012311F8016B8A
:10F090003344DBB205F8016FF2E720448354F0BC3F
:10F0A000FFF78EBFCE170020F0B50C4C4D1E254447
:10F0B00087180023B8420AD015F8016F0BB9DB0995
:10F0C00000E001233344DBB200F8016BF2E7214496
:10F0D000885CC31A58425841F0BD00BFCE170020CB
:10F0E00013B501210420FDF71DF9802402A9032393
:10F0F0008DF8063021F8044D10230A488DF80730AA
:10F10000FCF712FA21460748FCF76EFA064B93F813
:10F110004930DB0703D421460248FCF765FA02B008
:10F1200010BD00BF000801402C140020044B93F8D0
:10F130004930DB0703D580210248FCF753BA7047FA
:10F140002C14002000080140044B93F84930DB07E1
:10F1500003D580210248FCF747BA70472C140020E1
:10F160000008014038B50B4C054623788BB92021A7
:10F170000948FCF72BFA636830B9AB4202D301238C
:10F18000237038BD013301E013B1013B636038BD2A
:10F19000237238BDEC100020000C01402DE9F04135
:10F1A00020F00047FC0D7F3C162C054618DC002C97
:10F1B00080461DDB194F2741384223D0184901F002
:10F1C00085FE002102F046F9E0B1002D04DD4FF488
:10F1D000000343FA04F4A04428EA0700BDE8F081E4
:10F1E000B7F1FF4F0ED3014601F070FEBDE8F0818C
:10F1F0000B4901F06BFE002102F02CF910B1002D3B
:10F2000007DB17B92846BDE8F0814FF07E50BDE816
:10F21000F0814FF00040BDE8F08100BFFFFF7F00AC
:10F22000CAF2497100B51C4A20F00043934283B0F2
:10F2300018DDB3F1FF4F05DB014601F045FE03B0D9
:10F240005DF804FB694600F0CFF900F00302012AE3
:10F2500015D0022A0CD0CAB101220199009800F001
:10F260009DFFECE7002100F085FB03B05DF804FB97
:10F270000199009800F07EFB00F10040DFE7019962
:10F28000009800F08BFF00F10040D8E7019900984A
:10F2900000F070FBD3E700BFD80F493F2DE9F041E4
:10F2A00020F00047FC0D7F3C162C054613DC002C9B
:10F2B00080461BDB194F2741384214D0184901F012
:10F2C00005FE002102F0C6F868B1002D1BDB28EA1C
:10F2D0000700BDE8F081B7F1FF4F04D3014601F00C
:10F2E000F5FDBDE8F0812846BDE8F0810C4901F04C
:10F2F000EDFD002102F0AEF80028F4D0002D08DB6F
:10F300000020BDE8F0814FF4000343FA04F4A04468
:10F31000DDE7002FE7D00348BDE8F081FFFF7F0065
:10F32000CAF24971000080BF10B5C0F3C75400286D
:10F33000A4F17F02B4BF4FF0FF3101211E2A0CDC83
:10F34000002A17DBC0F31603162A43F4000307DD77
:10F35000963CA34001FB03F010BD02F09BF810BDEA
:10F360004FF4800010410344C2F11702D34001FB67
:10F3700003F010BD01320CBF0846002010BD00BFD5
:10F3800000B51D4A20F00043934283B019DDB3F16C
:10F39000FF4F05DB014601F097FD03B05DF804FB6C
:10F3A000694600F021F900F00300012818D0022876
:10F3B0000ED0D0B10199009800F0DCFA00F10040C5
:10F3C000EBE70022002100F0E9FE03B05DF804FB4A
:10F3D00001220199009800F0E1FE00F10040DCE715
:10F3E0000199009800F0C6FAD7E701220199009828
:10F3F00000F0D4FED1E700BFD80F493FC0F3C75398
:10F400007F3B162B024609DC002B00F0004005DB99
:10F41000034941FA03F322EA03021043704700BF95
:10F42000FFFF7F0000F04EB8F0B58BB0054600F04E
:10F430004DFA224B044693F90060731C0AD029460A
:10F44000284602F011F8074620B90021284601F0AD
:10F45000E3FF10B920460BB0F0BD194A012328463E
:10F4600001920093089701F0EDF90022CDE9040123
:10F47000CDE9020100239EB11046194601F060FB60
:10F48000022ECDE906010DD102F04AF821230360D6
:10F49000089B6BB9DDE9060101F0C2FC0BB0F0BDC1
:10F4A000CDE90623684600F0EFFE0028F0D1EBE737
:10F4B00002F036F8089B0360ECE700BF180100205B
:10F4C0008C190108F8B50C4621F00041B1F1FF4F4D
:10F4D000034614DC20F00046B6F1FF4F07460EDC71
:10F4E000B4F17E5F3DD0A51705F0020545EAD07561
:10F4F00056B9022D31D0032D2CD13248F8BD194612
:10F50000204601F0E3FCF8BD01B3B1F1FF4F2CD070
:10F51000B6F1FF4F1AD0711AC9153C291BDC002C1B
:10F5200039DB2146184601F08DFE00F0C5FF00F0E2
:10F53000ADFE012D2CD0022D22D0002D2FD022493E
:10F5400001F0C4FC214901F0BFFCF8BD002F06DB2F
:10F550001F48F8BDF8BD1E48EBE71C48F8BD1D4824
:10F56000F8BDBDE8F84000F091BEB6F1FF4F17D0EE
:10F57000022DF2D0032DC0D0012D19D00020F8BDEE
:10F58000114901F0A3FC0146104801F09DFCF8BDB3
:10F5900000F10040F8BD3C31C3DA0020C9E7F8BDF6
:10F5A000022D0CD0032D08D0012D04D00A48F8BD3F
:10F5B0004FF00040F8BD0948F8BD0948F8BD0948BA
:10F5C000F8BD00BFDB0F49C02EBDBB33DB0F494088
:10F5D000DB0FC93FDB0FC9BFDB0F493FDB0F49BF63
:10F5E000E4CB16C0E4CB16402DE9F04FAA4A20F038
:10F5F0000044944289B067DDA84A0D46944207460C
:10F6000001461CDC0028A64940F3EA8001F05CFCBE
:10F61000A44B24F00F049C42064663D0A24901F09B
:10F6200053FC01463046296001F04EFC9E4901F032
:10F630004BFC01236860184609B0BDE8F08F9B4A77
:10F64000944261DDB4F1FF4F46DAE615863EA4EB45
:10F65000C654204601F01EFF01F0ECFC0346204694
:10F660001946059301F030FC4FF0874101F036FD5B
:10F67000804601F00FFF01F0DDFC044640462146C4
:10F68000069401F021FC4FF0874101F027FD002195
:10F69000079001F0B7FE002800F0C380204600214B
:10F6A00001F0B0FE002814BF01230223804802218C
:10F6B000019000913246294605A800F01FFA002F5C
:10F6C000C0F2A580034603E0002208604A600023E0
:10F6D000184609B0BDE8F08F01F0F6FB0023686022
:10F6E0002860F5E7734901F0EFFB7349044601F028
:10F6F000EBFB01462046296001F0E6FB6E4901F074
:10F70000E3FB01236860E3E700F0D6FE6B49804627
:10F7100001F0E4FC4FF07C5101F0D8FB01F0BAFE9F
:10F72000064601F087FC5E49834601F0D7FC01469E
:10F73000404601F0C9FB5C498146584601F0CEFCC9
:10F740001F2E82460146484618DC5D4B721E53F858
:10F75000223024F0FF029A4210D001F0B5FB80461F
:10F76000C5F800804146484601F0AEFB514601F025
:10F77000ABFB002F686056DB3346A9E701F0A4FB22
:10F78000E215C0F3C753D31A082B8046E8DD494978
:10F790005846039201F0A2FC80460146484601F01B
:10F7A00093FB01460446484601F08EFB414601F0BA
:10F7B0008BFB80464049584601F090FC414601F0E1
:10F7C00083FB01468246204601F07EFB039AC0F38C
:10F7D000C753D21A192A804641DC2860A146C1E7E6
:10F7E00001F074FB2F4B24F00F049C42064623D0FB
:10F7F0002D4901F06BFB01463046296001F064FBA6
:10F80000294901F063FB4FF0FF33686060E795E83A
:10F810000C0002F1004103F10042296043426A609A
:10F8200056E7032342E708F1004800F10040C5F81D
:10F830000080686073424BE71E4901F047FB1E4998
:10F84000044601F043FB01462046296001F03CFBE1
:10F85000194901F03BFB4FF0FF33686038E7194965
:10F86000584601F03BFC01468046204601F02CFB47
:10F8700001468146204601F027FB414601F024FB6A
:10F8800004461149584601F029FC214601F01CFBB1
:10F8900082460146484660E7D80F493FE3CB164011
:10F8A000800FC93FD00FC93F43443537800F4943CC
:10F8B000141A01080044353708A3852E84F9223F25
:10F8C0009419010800A3852E32318D2420F00042C6
:10F8D000B2F1FF4F70B504462ED262B30028034642
:10F8E0003DDBB2F5000F4FEAE0502CD30026314645
:10F8F0007F38C3F31603C20743F4000348BF5B001D
:10F9000040105B0019244FF080728D189D4202DC7C
:10F910005B1BA9181644013C4FEA43034FEA52020D
:10F92000F3D113B106F001031E44761006F17C56A4
:10F9300006EBC05070BD70BD014601F0CFFB214603
:10F9400001F0C4FA70BD14F4000201D00EE00A46C2
:10F950005B001C0202F10101F9D5801AC6E70146DD
:10F9600001F0B2FA014601F06DFC70BD4FF0FF32BC
:10F97000F3E700BF2DE9F84320F00044B4F1485FFD
:10F9800006460F4649DA01F085FD002800F09D800B
:10F990003146304601F0A2FB05464E4901F09EFB80
:10F9A0004D4901F093FA294601F098FB4B4901F0CB
:10F9B0008BFA294601F092FB494901F087FA294662
:10F9C00001F08CFB474901F07FFA294601F086FBE4
:10F9D000454901F07BFA294601F080FB80464FF053
:10F9E0007C51284601F07AFB41460446284601F046
:10F9F00075FB39460546304601F070FB0146284646
:10FA000001F062FA0146204601F05EFA01464FF02D
:10FA10007E5001F059FABDE8F883014601F05EFB23
:10FA200005462C4901F05AFB2B4901F04FFA2946B3
:10FA300001F054FB294901F047FA294601F04EFB39
:10FA4000274901F043FA294601F048FB254901F016
:10FA50003BFA294601F042FB234901F037FA2946D7
:10FA600001F03CFB214B80469C42B8DD204B9C4280
:10FA700027DC04F17F4421464FF07E5001F024FA48
:10FA800081464FF07C51284601F028FB214601F0C9
:10FA90001BFA41460446284601F020FB394605463C
:10FAA000304601F01BFB0146284601F00DFA0146E5
:10FAB000204601F009FA0146484601F005FABDE882
:10FAC000F883DFF834900B4CDBE74FF07E50BDE855
:10FAD000F88300BF4ED747ADF6740F317CF29334F4
:10FAE000010DD037610BB63AABAA2A3D9999993EE0
:10FAF0000000483F0000903E0000383F2DE9F04FE5
:10FB00001C46DFB00891611E01910A936899BB4BB6
:10FB1000029053F821300793D31E48BF131DDB100A
:10FB200023EAE37319460B930133A2EBC303069355
:10FB3000019A079B8D1A9C1815D42C44013421AED0
:10FB4000699F08E057F8250001F074FA0135A542D5
:10FB500046F8040F07D0002DF4DA01350020A54245
:10FB600046F8040FF7D1079B002B2ADB079B0A9A64
:10FB700019469346019E49AF01EB0208019B002BF9
:10FB8000C0F2A18122ABCBEB060503EB8505029BFE
:10FB90004FF00009A3F1040A22AB03EB86045AF8E4
:10FBA000041F54F8040901F099FA0146484601F08F
:10FBB0008DF9AC428146F2D10136464547F8049FA3
:10FBC000DCD1079B0EA91E4603F18043023B9B003C
:10FBD0001A1D0A440B440D920C935EAB03EB860393
:10FBE000002E53F8508C23DD5EAB03EB8604543CAF
:10FBF0000DAD49AF4FF06E51404601F06FFA01F084
:10FC000049FC01F017FA4FF08741814601F066FA8E
:10FC10000146404601F058F901F03CFC54F8041943
:10FC200045F8040F484601F051F9BC428046E1D145
:10FC30004046DDF81880414600F042FC4FF0785114
:10FC4000044601F04BFAFFF729FB4FF0824101F027
:10FC500045FA0146204601F037F9044601F01AFC46
:10FC6000074601F0E7F901462046444601F02CF929
:10FC7000002C054640F30E81701E0EAB53F8203069
:10FC8000C8F1080243FA02F101FA02F29B1AC8F124
:10FC9000070A0EAA42F820300F4443FA0AFABAF1D2
:10FCA000000F30DD002E07F1010740F34D820022E6
:10FCB00014460DA907E0C3F580700BB1086001245C
:10FCC000013296420BDD51F8043F002CF3D0013293
:10FCD000C3F1FF0396420B604FF00104F3DC069B77
:10FCE000002B0DDD012B00F0DD80022B08D1721EF0
:10FCF0000EAB53F822300EA903F03F0341F8223037
:10FD0000BAF1020F7CD00021284601F07BFB0028CD
:10FD100000F09080079B741EA34210DC06F1804324
:10FD20000EAA013B0D9802EB8303002253F804193D
:10FD3000834242EA0102F9D1002A40F0DE80079BAB
:10FD40000EAA013B52F82330002B40F0FB810C9BA4
:10FD5000012753F804290137002AFAD0F219731C3D
:10FD60009342099240DC0B9AB90003EB02080A9A0D
:10FD700008F1804803916999164408F1FF38B200F0
:10FD800001EB880822A99B00049201EB020A4AAA0F
:10FD900002EB0309043B0593002658F8040F01F019
:10FDA00049F9019B4AF8040B002B1FDB049B002739
:10FDB000F418059BF51822AB1C441D44029BA3F1CB
:10FDC000040B5BF8041F54F8040901F087F901469D
:10FDD000384601F07BF8AC420746F2D1039B04366B
:10FDE0009E4249F8047BD8D1099EF6E6039B04366F
:10FDF00000279E4249F8047BCFD1F5E72C1D01086E
:10FE000029464FF07E5001F05FF80546002C3FF484
:10FE10007AAF06994FF07E5000F052FB014628461B
:10FE200001F052F805460021284601F0EBFA0028BF
:10FE30007FF470AF0297069F2846794200F040FB9E
:10FE40004FF08741044601F0FBFA002800F0818161
:10FE50004FF06E51204601F041F901F01BFB01F01B
:10FE6000E9F84FF08741054601F038F90146204690
:10FE700001F02AF801F00EFB0EAB43F826002846ED
:10FE800001F008FB3B460833741C06930EAB43F8A5
:10FE9000240047E010D1731E0EAA52F823304FEA17
:10FEA000232AFCE6721E0EAB53F822300EA903F093
:10FEB0007F0341F8223023E74FF07C5101F0C0FA74
:10FEC00050B982461FE701364FF00009464547F812
:10FED000049F7FF453AE74E6002E07F10107C8BFFC
:10FEE0004FF0020A3FF7E3AE29464FF07E5000F094
:10FEF000EBFF4FF0020A054605E7069A0EAB53F8F2
:10FF00002430083A0297069263B904F18043013B1A
:10FF10000EA901EB830353F80419013C083A0029A8
:10FF2000F9D0069206994FF07E5000F0C9FA002CE5
:10FF30000546C0F21881A3004AAA1F1D02EB03095F
:10FF400001930EAB1F4409F1040657F8040D01F0AC
:10FF500071F8294601F0C2F84FF06E5146F8040DD1
:10FF6000284601F0BBF80EAB9F420546EDD1A346F3
:10FF7000DDF81C80A9F104090027CDF80CA0B8F128
:10FF8000000FB8BF002615DB824CCA468248002607
:10FF9000002503E0AF420DDB54F8040F5AF8041FAC
:10FFA00001F09CF80146304600F090FF0135A8456D
:10FFB0000646EFDA5EAB03EB8703A9F1040943F8C9
:10FFC000A06C48AB994507F10107D8D1689B5C4606
:10FFD000DDF80CA0032B5AD8DFE803F08D5F5F0239
:10FFE000002C40F3BE80019A5EA98B1836AE53F800
:10FFF000A07CB51855F8049C3946484600F066FFC9
:020000040801F1
:1000000080460146484600F05FFF394600F05EFF3B
:10001000286045F8048DAE424746EBD1012C40F3F1
:10002000A080019B5EAAF418254602EB030858F84D
:10003000A06C0DF1DC0955F8048C3046414600F007
:1000400045FF07460146404600F03EFF314600F0BE
:100050003DFF286045F8047DA9453E46EBD10020D0
:10006000043438AD54F8041D00F030FFA542F9D136
:10007000BAF1000F6AD0369A379B00F1004002F1C6
:10008000004203F10043089CA06022606360029B71
:1000900003F007005FB0BDE8F08F019D36AE043578
:1000A0003544002055F8041D00F010FFB542F9D189
:1000B000BAF1000F39D0089A00F1004301461360ED
:1000C000369800F001FF002C0BDD36AE012501351E
:1000D00056F8041F00F0FAFEAC42F8DABAF1000F4D
:1000E00050D0089A00F100435360029B03F00700D0
:1000F0005FB0BDE8F08F019B5EAA13440020A3F11E
:100100009C05013C55F8041D00F0E0FE631CF8D18D
:10011000BAF1000F01D000F10040089B1860029B6B
:1001200003F007005FB0BDE8F08F089B0146186040
:10013000369800F0C9FE002CD8BF0346C5DC089AEB
:100140005360D2E7012709E60024C8E5369A379BB9
:1001500099E7204601F09EF90EAB344643F826009D
:10016000E0E6002084E7689B032B90D801A252F8B8
:1001700023F000BF910101088D0101088D010108E4
:10018000630101080346089A5360AEE700208FE739
:100190000020BDE7381D01080000C93F2DE9F843E4
:1001A00020F00043B3F1485F04460F46904603DA5F
:1001B00001F070F9002858D02146204600F08EFF4B
:1001C00005460146204600F089FF29490646284693
:1001D00000F084FF274900F077FE294600F07EFFFB
:1001E000254900F073FE294600F078FF234900F00E
:1001F0006BFE294600F072FF214900F067FE814640
:10020000B8F1000F22D04FF07C51384600F066FF65
:1002100049468046304600F061FF0146404600F006
:1002200053FE294600F05AFF394600F04DFE1549AD
:100230000546304600F052FF0146284600F046FED3
:100240000146204600F040FEBDE8F88301462846FE
:1002500000F044FF0B4900F037FE314600F03EFF4E
:10026000214600F033FEBDE8F8832046BDE8F88360
:10027000D3C92E2F342FD7321BEF3836010D50390A
:100280008988083CABAA2A3E002070472DE9F0413E
:1002900020F00045B5F1A14F0446064608DBB5F154
:1002A000FF4F6FDC002840F3A0806F48BDE8F0816D
:1002B0006E4B9D4277DCB5F1445F68DB4FF0FF3752
:1002C0002146204600F00AFF0146804600F006FF66
:1002D0000546674900F002FF664900F0F7FD294630
:1002E00000F0FCFE644900F0F1FD294600F0F6FE46
:1002F000624900F0EBFD294600F0F0FE604900F095
:10030000E5FD294600F0EAFE5E4900F0DFFD4146CA
:1003100000F0E4FE5C498046284600F0DFFE5B49C1
:1003200000F0D2FD294600F0D9FE594900F0CCFD7D
:10033000294600F0D3FE574900F0C6FD294600F0DB
:10034000CDFE554900F0C0FD294600F0C7FE7B1CDC
:10035000014640464CD000F0B9FD214600F0BEFEFB
:100360004E4B4F4D53F8271000F0AEFD214600F0E4
:10037000ABFD014655F8270000F0A6FD002E30DB4E
:10038000BDE8F081014600F0A1FDBDE8F0814549DE
:1003900000F09CFD4FF07E5101F05CF800288DD0FC
:1003A0002046BDE8F08100F087F83F4B04469D42AF
:1003B00029DCA3F5D0039D4244DC014600F086FD14
:1003C0004FF07E5100F080FD4FF080410546204601
:1003D00000F07CFD0146284600F034FF002704466B
:1003E0006EE700F10040BDE8F0813048BDE8F081E3
:1003F00000F06CFD214600F071FE0146204600F041
:1004000063FDBDE8F0812A4B9D4214DC4FF07F5123
:1004100000F05AFD4FF07F510546204600F05EFE89
:100420004FF07E5100F052FD0146284600F00AFFD1
:100430000227044644E701461E4800F003FF032755
:1004400004463DE74FF07E5100F03EFD4FF07E51F7
:100450000546204600F03AFD0146284600F0F2FE2F
:10046000012704462CE700BFDB0FC93FFFFFDF3E3B
:10047000D769853C59DA4B3D356B883D6E2EBA3DC8
:100480002549123EABAAAA3E21A215BD6BF16E3DD5
:1004900095879D3D388EE33DCDCC4C3E641D0108D3
:1004A000741D0108CAF24971FFFF973FDB0FC9BFF6
:1004B000FFFF1B40000080BF20F00040704700BFDE
:1004C00030F0004238B5034616D0B2F1FF4F0FD2DC
:1004D000B2F5000F0D4610D30446D20D2A44FE2A71
:1004E0002EDC002A1DDD24F0FF4444EAC25038BD52
:1004F000014600F0EBFC38BD38BD4FF0984100F0EC
:10050000EDFD184A0346954207DBC0F3C752044687
:10051000193AE3E7144800F02BF8134900F0DEFD28
:1005200038BD12F1160F13DA4CF2503295421946CB
:10053000F0DD0E4800F01CF80C4900F0CFFD38BD8E
:1005400019460A4800F014F8084900F0C7FD38BD04
:10055000193224F0FF4040EAC2504FF04C5100F0F5
:10056000BDFD38BDB03CFFFF6042A20DCAF249712B
:1005700001F0004120F000400843704781F0004145
:1005800002E000BF83F0004330B54FEA41044FEA78
:10059000430594EA050F08BF90EA020F1FBF54EA13
:1005A000000C55EA020C7FEA645C7FEA655C00F0AF
:1005B000E2804FEA5454D4EB5555B8BF6D420CDD80
:1005C0002C4480EA020281EA030382EA000083EA03
:1005D000010180EA020281EA0303362D88BF30BDA3
:1005E00011F0004F4FEA01314FF4801C4CEA1131F9
:1005F00002D0404261EB410113F0004F4FEA033358
:100600004CEA133302D0524263EB430394EA050FE2
:1006100000F0A780A4F10104D5F1200E0DDB02FA51
:100620000EFC22FA05F2801841F1000103FA0EF2E5
:10063000801843FA05F359410EE0A5F120050EF1AB
:10064000200E012A03FA0EFC28BF4CF0020C43FADC
:1006500005F3C01851EBE37101F0004507D54FF0E9
:10066000000EDCF1000C7EEB00006EEB0101B1F539
:10067000801F1BD3B1F5001F0CD349085FEA30007F
:100680004FEA3C0C04F101044FEA445212F5800F8A
:1006900080F09A80BCF1004F08BF5FEA500C50F127
:1006A000000041EB045141EA050130BD5FEA4C0C0A
:1006B000404141EB010111F4801FA4F10104E9D193
:1006C00091F0000F04BF01460020B1FA81F308BF8A
:1006D0002033A3F10B03B3F120020CDA0C3208DD56
:1006E00002F1140CC2F10C0201FA0CF021FA02F131
:1006F0000CE002F11402D8BFC2F1200C01FA02F1A1
:1007000020FA0CFCDCBF41EA0C019040E41AA2BFC5
:1007100001EB0451294330BD6FEA04041F3C1CDA8D
:100720000C340EDC04F11404C4F1200220FA04F0AD
:1007300001FA02F340EA030021FA04F345EA030157
:1007400030BDC4F10C04C4F1200220FA02F001FA19
:1007500004F340EA0300294630BD21FA04F029469B
:1007600030BD94F0000F83F4801306BF81F4801134
:100770000134013D4EE77FEA645C18BF7FEA655CA7
:1007800029D094EA050F08BF90EA020F05D054EA79
:10079000000C04BF1946104630BD91EA030F1EBF7E
:1007A0000021002030BD5FEA545C05D14000494182
:1007B00028BF41F0004130BD14F580043CBF01F575
:1007C000801130BD01F0004545F0FE4141F470015B
:1007D0004FF0000030BD7FEA645C1ABF1946104636
:1007E0007FEA655C1CBF0B46024650EA013406BF37
:1007F00052EA033591EA030F41F4002130BD00BFF6
:1008000090F0000F04BF0021704730B54FF48064B2
:1008100004F132044FF000054FF0000150E700BF33
:1008200090F0000F04BF0021704730B54FF4806492
:1008300004F1320410F0004548BF40424FF000017F
:100840003EE700BF42004FEAE2014FEA31014FEAC2
:1008500002701FBF12F07F4393F07F4F81F0605111
:10086000704792F0000F14BF93F07F4F704730B580
:100870004FF4607401F0004521F0004120E700BF13
:1008800050EA010208BF704730B54FF000050AE09A
:1008900050EA010208BF704730B511F0004502D59B
:1008A000404261EB41014FF4806404F132045FEA9D
:1008B000915C3FF4DCAE4FF003025FEADC0C18BF42
:1008C00003325FEADC0C18BF033202EBDC02C2F138
:1008D000200300FA03FC20FA02F001FA03FE40EACA
:1008E0000E0021FA02F11444C1E600BF70B54FF0CA
:1008F000FF0C4CF4E06C1CEA11541DBF1CEA1355AC
:1009000094EA0C0F95EA0C0F00F0DEF82C4481EA13
:10091000030621EA4C5123EA4C5350EA013518BF33
:1009200052EA033541F4801143F4801338D0A0FB20
:1009300002CE4FF00005E1FB02E506F00042E0FBCD
:1009400003E54FF00006E1FB03569CF0000F18BFD3
:100950004EF0010EA4F1FF04B6F5007F64F540747B
:1009600004D25FEA4E0E6D4146EB060642EAC6210E
:1009700041EA55514FEAC52040EA5E504FEACE2E7B
:10098000B4F1FD0C88BFBCF5E06F1ED8BEF1004F7E
:1009900008BF5FEA500E50F1000041EB045170BDFA
:1009A00006F0004646EA010140EA020081EA03013E
:1009B000B4EB5C04C2BFD4EB0C0541EA045170BD3A
:1009C00041F480114FF0000E013C00F3AB8014F1B4
:1009D000360FDEBF002001F0004170BDC4F10004FD
:1009E000203C35DA0C341BDC04F11404C4F120057E
:1009F00000FA05F320FA04F001FA05F240EA0200D9
:100A000001F0004221F0004110EBD37021FA04F60E
:100A100042EB06015EEA430E08BF20EAD37070BDC8
:100A2000C4F10C04C4F1200500FA04F320FA05F027
:100A300001FA04F240EA020001F0004110EBD37029
:100A400041F100015EEA430E08BF20EAD37070BD99
:100A5000C4F1200500FA05F24EEA020E20FA04F372
:100A600001FA05F243EA020321FA04F001F0004121
:100A700021FA04F220EA020000EBD3705EEA430E92
:100A800008BF20EAD37070BD94F0000F0FD101F0C1
:100A90000046400041EB010111F4801F08BF013CFA
:100AA000F7D041EA060195F0000F18BF704703F038
:100AB0000046520043EB030313F4801F08BF013DBF
:100AC000F7D043EA0603704794EA0C0F0CEA13557B
:100AD00018BF95EA0C0F0CD050EA410618BF52EA35
:100AE0004306D1D181EA030101F000414FF000003B
:100AF00070BD50EA410606BF1046194652EA430649
:100B000019D094EA0C0F02D150EA013613D195EABC
:100B10000C0F05D152EA03361CBF104619460AD104
:100B200081EA030101F0004141F0FE4141F470010E
:100B30004FF0000070BD41F0FE4141F4780170BDFE
:100B400070B54FF0FF0C4CF4E06C1CEA11541DBF63
:100B50001CEA135594EA0C0F95EA0C0F00F0A7F865
:100B6000A4EB050481EA030E52EA03354FEA013192
:100B700000F088804FEA03334FF0805545EA1313A5
:100B800043EA12634FEA022245EA111545EA10656D
:100B90004FEA00260EF000419D4208BF964244F104
:100BA000FD0404F5407402D25B084FEA3202B61A23
:100BB00065EB03055B084FEA32024FF480104FF4F7
:100BC000002CB6EB020E75EB030E22BFB61A75466B
:100BD00040EA0C005B084FEA3202B6EB020E75EBFE
:100BE000030E22BFB61A754640EA5C005B084FEA66
:100BF0003202B6EB020E75EB030E22BFB61A754633
:100C000040EA9C005B084FEA3202B6EB020E75EB3D
:100C1000030E22BFB61A754640EADC0055EA060EFE
:100C200018D04FEA051545EA16754FEA06164FEA41
:100C3000C30343EA52734FEAC2025FEA1C1CC0D1ED
:100C400011F4801F0BD141EA00014FF000004FF07A
:100C5000004CB6E711F4801F04BF01430020B4F13B
:100C6000FD0C88BFBCF5E06F3FF6AFAEB5EB030CF3
:100C700004BFB6EB020C5FEA500C50F1000041EBF0
:100C8000045170BD0EF0004E4EEA113114EB5C04BD
:100C9000C2BFD4EB0C0541EA045170BD41F4801190
:100CA0004FF0000E013C90E645EA060E8DE60CEA98
:100CB000135594EA0C0F08BF95EA0C0F3FF43BAFB5
:100CC00094EA0C0F0AD150EA01347FF434AF95EA6C
:100CD0000C0F7FF425AF104619462CE795EA0C0F50
:100CE00006D152EA03353FF4FDAE1046194622E71D
:100CF00050EA410618BF52EA43067FF4C5AE50EAF7
:100D000041047FF40DAF52EA43057FF4EBAE12E7E6
:100D10004FF0FF3C06E000BF4FF0010C02E000BFC7
:100D20004FF0010C4DF804CD4FEA410C7FEA6C5CAA
:100D30004FEA430C18BF7FEA6C5C1BD001B050EA4D
:100D4000410C0CBF52EA430C91EA030F02BF90EA38
:100D5000020F0020704710F1000F91EA030F58BFF7
:100D6000994208BF90422CBFD8176FEAE37040F059
:100D7000010070474FEA410C7FEA6C5C02D150EAF7
:100D8000013C07D14FEA430C7FEA6C5CD6D152EAB2
:100D9000033CD3D05DF8040B704700BF8446104677
:100DA00062468C461946634600E000BF01B5FFF776
:100DB000B7FF002848BF10F1000F01BD4DF808ED46
:100DC000FFF7F4FF0CBF012000205DF808FB00BF17
:100DD0004DF808EDFFF7EAFF34BF012000205DF871
:100DE00008FB00BF4DF808EDFFF7E0FF94BF0120BE
:100DF00000205DF808FB00BF4DF808EDFFF7CEFFBF
:100E000094BF012000205DF808FB00BF4DF808EDFD
:100E1000FFF7C4FF34BF012000205DF808FB00BFCE
:100E20004FEA4102B2F1E04324BFB3F5001CDCF10C
:100E3000FE5C0DD901F0004C4FEAC0024CEA507044
:100E4000B2F1004F40EB830008BF20F00100704773
:100E500011F0804F21D113F13872BCBF01F0004076
:100E6000704741F480114FEA5252C2F11802C2F1A8
:100E7000200C10FA0CF320FA02F018BF40F0010029
:100E80004FEAC1234FEAD32303FA0CFC40EA0C00DB
:100E900023FA02F34FEA4303CCE77FEA625307D118
:100EA00050EA01331EBF4FF0FE4040F4400070474F
:100EB00001F0004040F0FE4040F40000704700BFE9
:100EC00080F0004002E000BF81F0004142001FBFFF
:100ED0005FEA410392EA030F7FEA226C7FEA236C08
:100EE0006AD04FEA1262D2EB1363C1BFD2184140FD
:100EF00048404140B8BF5B42192B88BF704710F093
:100F0000004F40F4000020F07F4018BF404211F035
:100F1000004F41F4000121F07F4118BF494292EA9D
:100F2000030F3FD0A2F1010241FA03FC10EB0C00C9
:100F3000C3F1200301FA03F100F0004302D5494256
:100F400060EB4000B0F5000F13D3B0F1807F06D303
:100F500040084FEA310102F10102FE2A51D2B1F1FB
:100F6000004F40EBC25008BF20F0010040EA0300F0
:100F70007047490040EB000010F4000FA2F101029D
:100F8000EDD1B0FA80FCACF1080CB2EB0C0200FA27
:100F90000CF0AABF00EBC25052421843BCBFD04075
:100FA0001843704792F0000F81F4000106BF80F4EF
:100FB00000000132013BB5E74FEA41037FEA226CB2
:100FC00018BF7FEA236C21D092EA030F04D092F07D
:100FD000000F08BF0846704790EA010F1CBF0020B1
:100FE000704712F07F4F04D1400028BF40F000400E
:100FF000704712F100723CBF00F50000704700F02E
:10100000004343F0FE4040F4000070477FEA226254
:1010100016BF08467FEA23630146420206BF5FEA25
:10102000412390EA010F40F4800070474FF0000325
:1010300004E000BF10F0004348BF40425FEA000CEC
:1010400008BF704743F0964301464FF000001CE094
:1010500050EA010208BF70474FF000030AE000BFEA
:1010600050EA010208BF704711F0004302D5404228
:1010700061EB41015FEA010C02BF8446014600209A
:1010800043F0B64308BFA3F18053A3F50003BCFAB5
:101090008CF2083AA3EBC25310DB01FA02FC634462
:1010A00000FA02FCC2F12002BCF1004F20FA02F269
:1010B00043EB020008BF20F00100704702F120025C
:1010C00001FA02FCC2F1200250EA4C0021FA02F2BD
:1010D00043EB020008BF20EADC7070474FF0FF0CC2
:1010E0001CEAD0521EBF1CEAD15392EA0C0F93EABD
:1010F0000C0F6FD01A4480EA010C400218BF5FEA5F
:1011000041211ED04FF0006343EA501043EA5111D1
:10111000A0FB01310CF00040B1F5000F3EBF4900CB
:1011200041EAD3715B0040EA010062F17F02FD2ACF
:101130001DD8B3F1004F40EBC25008BF20F00100B2
:10114000704790F0000F0CF0004C08BF49024CEAC9
:10115000502040EA51207F3AC2BFD2F1FF0340EA5B
:10116000C250704740F400004FF00003013A5DDCCC
:1011700012F1190FDCBF00F000407047C2F100020D
:10118000410021FA02F1C2F1200200FA02FC5FEAFA
:10119000310040F1000053EA4C0308BF20EADC7044
:1011A000704792F0000F00F0004C02BF400010F4B6
:1011B000000F013AF9D040EA0C0093F0000F01F063
:1011C000004C02BF490011F4000F013BF9D041EA85
:1011D0000C018FE70CEAD15392EA0C0F18BF93EA87
:1011E0000C0F0AD030F0004C18BF31F0004CD8D1B1
:1011F00080EA010000F00040704790F0000F17BF38
:1012000090F0004F084691F0000F91F0004F14D07D
:1012100092EA0C0F01D142020FD193EA0C0F03D1D5
:101220004B0218BF084608D180EA010000F00040D8
:1012300040F0FE4040F40000704740F0FE4040F4B3
:10124000400070474FF0FF0C1CEAD0521EBF1CEA52
:10125000D15392EA0C0F93EA0C0F69D0A2EB030270
:1012600080EA010C49024FEA402037D04FF080530A
:1012700043EA111143EA10130CF000408B4238BFCF
:101280005B0042F17D024FF4000C8B4224BF5B1ADD
:1012900040EA0C00B3EB510F24BFA3EB510340EA2B
:1012A0005C00B3EB910F24BFA3EB910340EA9C00D9
:1012B000B3EBD10F24BFA3EBD10340EADC001B0149
:1012C00018BF5FEA1C1CE0D1FD2A3FF650AF8B42ED
:1012D00040EBC25008BF20F0010070470CF0004CFA
:1012E0004CEA50207F32C2BFD2F1FF0340EAC25025
:1012F000704740F400004FF00003013A37E792F0E6
:10130000000F00F0004C02BF400010F4000F013A43
:10131000F9D040EA0C0093F0000F01F0004C02BF3E
:10132000490011F4000F013BF9D041EA0C0195E7A7
:101330000CEAD15392EA0C0F08D142027FF47DAF40
:1013400093EA0C0F7FF470AF084676E793EA0C0F30
:1013500004D14B023FF44CAF08466EE730F0004C2E
:1013600018BF31F0004CCAD130F000427FF45CAFBE
:1013700031F000437FF43CAF5FE700BF4FF0FF3C2C
:1013800006E000BF4FF0010C02E000BF4FF0010C7F
:101390004DF804CD4FEA40024FEA41037FEA226C48
:1013A00018BF7FEA236C11D001B052EA530C18BF6A
:1013B00090EA010F58BFB2EB030088BFC81738BFCF
:1013C0006FEAE17018BF40F0010070477FEA226CBD
:1013D00002D15FEA402C05D17FEA236CE4D15FEAB9
:1013E000412CE1D05DF8040B704700BF84460846ED
:1013F0006146FFE70FB5FFF7C9FF002848BF10F1AE
:10140000000F0FBD4DF808EDFFF7F4FF0CBF0120F2
:1014100000205DF808FB00BF4DF808EDFFF7EAFF7C
:1014200034BF012000205DF808FB00BF4DF808ED37
:10143000FFF7E0FF94BF012000205DF808FB00BF2C
:101440004DF808EDFFF7D2FF94BF012000205DF8B2
:1014500008FB00BF4DF808EDFFF7C8FF34BF0120BF
:1014600000205DF808FB00BF4FEA40024FEA41034D
:101470007FEA226C02D15FEA402C08D17FEA236C1C
:1014800002D15FEA412C02D14FF0000070474FF0CB
:10149000010070474FEA4002B2F1FE4F0FD34FF008
:1014A0009E03B3EB12620DD94FEA002343F00043D1
:1014B00010F0004F23FA02F018BF404270474FF07F
:1014C0000000704712F1610F01D1420205D110F006
:1014D000004008BF6FF0004070474FF000007047B9
:1014E00042000ED2B2F1FE4F0BD34FF09E03B3EB8E
:1014F000126209D44FEA002343F0004323FA02F0BA
:1015000070474FF00000704712F1610F01D14202A5
:1015100002D14FF0FF3070474FF00000704700BF1E
:10152000014B1868704700BF48050020032A70B4BB
:1015300026D940EA01039B0711D004780D78AC420C
:1015400022D10244431C05E013F8014B11F8015F5E
:10155000AC4219D19342F7D1002070BC70470C46C1
:1015600003461E6825681846AE42214603F104036F
:1015700004F10404E1D1043A032A18462146F0D8C4
:10158000002ADAD11046E8E7601B70BC704700BF44
:1015900070B4840746D0541E002A41D0CDB2034611
:1015A00002E0621EE4B3144603F8015B9A07F8D127
:1015B000032C2ED9CDB245EA05250F2C45EA054569
:1015C00019D9264603F11002103E0F2E42F8105C86
:1015D00042F80C5C42F8085C42F8045C02F110022C
:1015E000F2D8A4F1100222F00F0204F00F0410321E
:1015F000032C13440DD91E462246043A032A46F80A
:10160000045BFAD8221F22F003020432134404F0D0
:1016100003042CB1C9B21C4403F8011BA342FBD143
:1016200070BC704714460346C2E700BF49646C654E
:101630000052756E00486F6C643A004A6F6700484C
:101640006F6D6500416C61726D00436865636B008E
:10165000446F6F723A00536C656570004C6173653E
:1016600072206E6F20636C6F7365205265736574B2
:101670000D0A002A034C0055004E00590045004554
:10168000005F00320061007800690073005F004372
:10169000006F006E00740072006F006C001603741F
:1016A000006F006D0065006B006F0020006E00652C
:1016B0000074000403090409024300020100C0325F
:1016C00009040000010202010005240010010524A4
:1016D000010001042402020524060001070582031B
:1016E0000800FF09040100020A00000007050302C8
:1016F00040000007058102400000120100020200C4
:10170000004083044057000201020001390000201C
:1017100037000020350000204D6F7665302052657F
:101720007365740D0A004A5932333020494E4954CA
:1017300020535543434553530D0A0041542B5052F7
:101740004154453D300D0A00494E49545F53550DF3
:101750000A004A5932333020494E495420466169C3
:101760006C0D0A004A5932333020494E49542056F4
:10177000414C20002C656467652076616C3A20003E
:101780002C6E6F772076616C00000100020004006F
:101790000800100020000002008000107379732EF2
:1017A00061626F7274730D0A005F564752424C2D8E
:1017B0003261786973352E302D312E302E382E322D
:1017C0000D0A00585F4C494D49540D0A006F6B0DCE
:1017D0000A006572726F723A00414C41524D3A00F4
:1017E0005B4D53473A00526573657420746F2063F4
:1017F0006F6E74696E756500272448277C2724580E
:101800002720746F20756E6C6F636B004361757475
:10181000696F6E3A20556E6C6F636B656400456E40
:1018200061626C65640044697361626C6564004365
:101830006865636B20446F6F7200436865636B205B
:101840004C696D6974730050676D20456E64005279
:101850006573746F72696E672064656661756C7418
:101860007300526573746F72696E67207370696E6E
:10187000646C6500536C656570696E67000D0A4D98
:101880006F6E506F72740D0A000D0A4772626C2001
:10189000312E3166205B27242720666F7220686511
:1018A0006C705D0D0A005B484C503A2424202423C0
:1018B00020244720244920244E2024783D76616C42
:1018C00020244E783D6C696E6520244A3D6C696E1B
:1018D000652024534C5020244320245820244820A1
:1018E0007E2021203F206374726C2D785D0D0A00EC
:1018F0005B5052423A005B47003238003330005BA5
:101900004739323A005B544C4F3A005B47433A4701
:101910000033382E00204700204D00205400204680
:1019200000205300244E005B5645523A312E31665A
:101930002E32303233303630363A005B4F50543A24
:10194000005B6563686F3A20007C4D506F733A000E
:101950007C57506F733A007C42663A007C46533A9B
:10196000007C506E3A007C57434F3A007C4F763AE9
:10197000007C413A00595F4C494D49540D0A005AC8
:101980005F4C494D49540D0A000000007371727498
:1019900066000000000FC93F000F494000CB964091
:1019A000000FC9400053FB4000CB164100ED2F4112
:1019B000000F49410031624100537B41003A8A41A6
:1019C00000CB9641005CA34100EDAF41007EBC41DD
:1019D000000FC94100A0D5410031E24100C2EE41F3
:1019E0000053FB4100F20342003A0A4200831042D6
:1019F00000CB164200141D42005C234200A5294280
:101A000000ED2F4200363642007E3C4200C7424283
:101A1000000F4942A2000000F9000000830000000E
:101A20006E0000004E0000004400000015000000A1
:101A300029000000FC000000270000005700000003
:101A4000D1000000F500000034000000DD000000BF
:101A5000C0000000DB0000006200000095000000F4
:101A6000990000003C0000004300000090000000CE
:101A700041000000FE000000510000006300000073
:101A8000AB000000DE000000BB000000C50000004D
:101A900061000000B7000000240000006E0000009C
:101AA0003A000000420000004D000000D20000009B
:101AB000E000000006000000490000002E000000C9
:101AC000EA00000009000000D100000092000000C0
:101AD0001C000000FE0000001D000000EB000000E4
:101AE0001C000000B100000029000000A700000059
:101AF0003E000000E8000000820000003500000009
:101B0000F50000002E000000BB00000044000000B3
:101B100084000000E90000009C000000700000004C
:101B200026000000B40000005F0000007E000000FE
:101B3000410000003900000091000000D6000000C4
:101B4000390000008300000053000000390000004D
:101B5000F40000009C000000840000005F00000012
:101B60008B000000BD000000F9000000280000000C
:101B70003B0000001F000000F8000000970000007C
:101B8000FF000000DE0000000500000098000000DB
:101B90000F000000EF0000002F0000001100000007
:101BA0008B0000005A0000000A0000006D000000D9
:101BB0001F0000006D000000360000007E000000E5
:101BC000CF00000027000000CB000000090000004B
:101BD000B70000004F000000460000003F0000007A
:101BE000660000009E0000005F000000EA000000A8
:101BF0002D0000007500000027000000BA00000062
:101C0000C7000000EB000000E5000000F10000004C
:101C10007B0000003D0000000700000039000000CC
:101C2000F70000008A00000052000000920000004F
:101C3000EA0000006B000000FB0000005F000000F5
:101C4000B10000001F0000008D0000005D000000DA
:101C500008000000560000000300000030000000F3
:101C600046000000FC0000007B0000006B0000004C
:101C7000AB000000F0000000CF000000BC0000003E
:101C8000200000009A000000F40000003600000070
:101C90001D000000A9000000E3000000910000000A
:101CA000610000005E000000E60000001B00000074
:101CB0000800000065000000990000008500000099
:101CC0005F00000014000000A00000006800000099
:101CD000400000008D000000FF000000D800000060
:101CE000800000004D00000073000000270000008D
:101CF0003100000006000000060000001500000092
:101D000056000000CA00000073000000A800000098
:101D1000C900000060000000E20000007B0000003D
:101D2000C00000008C0000006B00000004000000F8
:101D300007000000090000000000C93F0000F03962
:101D40000000DA370000A2330000842E0000502B80
:101D50000000C2270000D0220000C41F0000C61BE4
:101D6000000044176937AC3168212233B40F1433B3
:101D70006821A2333863ED3EDA0F493F5E987B3F1E
:041D8000DA0FC93F6E
:101D840000A24A0400000000000000000102030455
:101D9400060708091A03530054004D0033003200AB
:101DA4000000000000000000000000000000FFAA86
:101DB40067FFAA52015A00590058000000C20100EE
:101DC4000000080071B7000895B70008ADB6000818
:101DD400C1B60008C5B6000821B7000845B7000819
:101DE40075B8000881B800088DB80008000000002C
:101DF40040000000FA16010812000000B71601089E
:101E040043000000B3160108040000009D160108F9
:101E140016000000731601082A00000014000020B8
:101E24001A000000F981000889B60008F981000849
:101E3400F9810008F9810008F9810008F981000896
:101E4400F9810008A1B600080401010000000001A6
:101E54000203040102030406070809020406083702
:101E6400F9810008F9810008ADE10008F981000852
:101E7400F9810008F9810008F9810008D1E100081E
:101E8400F9810008F9810008F9810008F981000846
:101E9400F9810008F9810008010000000000000039
:101EA400000000000C04002074040020DC04002066
:101EB400000000000000000000000000000000001E
:101EC400000000000000000000000000000000000E
:101ED40000000000000000000000000000000000FE
:101EE40000000000000000000000000000000000EE
:101EF40000000000000000000000000000000000DE
:101F040000000000000000000000000000000000CD
:101F140000000000000000000000000000000000BD
:101F240000000000000000000000000000000000AD
:101F3400000000000000000000000000000000009D
:101F4400000000000000000001000000000000008C
:101F54000E33CDAB34126DE6ECDE05000B00000051
:101F6400000000000000000000000000000000006D
:101F7400000000000000000000000000000000005D
:101F8400000000000000000000000000000000004D
:101F9400000000000000000000000000000000003D
:101FA400000000000000000000000000000000002D
:101FB400000000000000000000000000000000001D
:101FC400000000000000000000000000000000000D
:101FD40000000000000000000000000000000000FD
:101FE40000000000000000000000000000000000ED
:101FF40000000000000000000000000000000000DD
:1020040000000000000000000000000000000000CC
:1020140000000000000000000000000000000000BC
:1020240000000000000000000000000000000000AC
:10203400000000000000000000000000000000009C
:10204400000000000000000000000000000000008C
:10205400000000000000000000000000000000007C
:10206400000000000000000000000000000000006C
:10207400000000000000000000000000000000005C
:10208400000000000000000000000000000000004C
:10209400000000000000000000000000000000003C
:1020A400000000000000000000000000000000002C
:1020B400000000000000000000000000000000001C
:1020C400000000000000000000000000000000000C
:1020D40000000000000000000000000000000000FC
:1020E40000000000000000000000000000000000EC
:1020F40000000000000000000000000000000000DC
:1021040000000000000000000000000000000000CB
:1021140000000000000000000000000000000000BB
:1021240000000000000000000000000000000000AB
:10213400000000000000000000000000000000009B
:10214400000000000000000000000000000000008B
:10215400000000000000000000000000000000007B
:10216400000000000000000000000000000000006B
:10217400000000000000000000000000000000005B
:10218400000000000000000000000000000000004B
:10219400000000000000000000000000000000003B
:1021A400000000000000000000000000000000002B
:1021B400000000000000000000000000000000001B
:1021C400000000000000000000000000000000000B
:1021D40000000000000000000000000000000000FB
:1021E40000000000000000000000000000000000EB
:1021F40000000000000000000000000000000000DB
:1022040000000000000000000000000000000000CA
:1022140000000000000000000000000000000000BA
:1022240000000000000000000000000000000000AA
:10223400000000000000000000000000000000009A
:10224400000000000000000000000000000000008A
:10225400000000000000000000000000000000007A
:10226400000000000000000000000000000000006A
:10227400000000000000000000000000000000005A
:10228400000000000000000000000000000000004A
:10229400000000000000000000000000000000003A
:1022A400000000000000000000000000000000002A
:1022B400000000000000000000000000000000001A
:0C22C400000000000000000020010020CD
:040000050800780077
:00000001FF
