  0
SECTION
  2
HEADER
  9
$ACADVER
  1
AC1018
  9
$ACADMAINTVER
 70
     0
  9
$DWGCODEPAGE
  3
ANSI_936
  9
$LASTSAVEDBY
  1
admin
  9
$INSBASE
 10
0.0
 20
0.0
 30
0.0
  9
$EXTMIN
 10
0.0
 20
0.0
 30
0.0
  9
$EXTMAX
 10
210.0
 20
148.5
 30
0.0
  9
$LIMMIN
 10
0.0
 20
0.0
  9
$LIMMAX
 10
210.0
 20
148.5
  9
$ORTHOMODE
 70
     0
  9
$REGENMODE
 70
     1
  9
$FILLMODE
 70
     1
  9
$QTEXTMODE
 70
     0
  9
$MIRRTEXT
 70
     1
  9
$LTSCALE
 40
0.5
  9
$ATTMODE
 70
     1
  9
$TEXTSIZE
 40
1.75
  9
$TRACEWID
 40
1.0
  9
$TEXTSTYLE
  7
STANDARD
  9
$CLAYER
  8
0
  9
$CELTYPE
  6
ByLayer
  9
$CECOLOR
 62
   256
  9
$CELTSCALE
 40
1.0
  9
$DISPSILH
 70
     0
  9
$DIMSCALE
 40
1.0
  9
$DIMASZ
 40
2.04
  9
$DIMEXO
 40
0.0
  9
$DIMDLI
 40
3.75
  9
$DIMRND
 40
0.0
  9
$DIMDLE
 40
0.0
  9
$DIMEXE
 40
1.0
  9
$DIMTP
 40
0.0
  9
$DIMTM
 40
0.0
  9
$DIMTXT
 40
1.75
  9
$DIMCEN
 40
2.5
  9
$DIMTSZ
 40
0.0
  9
$DIMTOL
 70
     0
  9
$DIMLIM
 70
     0
  9
$DIMTIH
 70
     1
  9
$DIMTOH
 70
     1
  9
$DIMSE1
 70
     0
  9
$DIMSE2
 70
     0
  9
$DIMTAD
 70
     1
  9
$DIMZIN
 70
     0
  9
$DIMBLK
  1

  9
$DIMASO
 70
     1
  9
$DIMSHO
 70
     1
  9
$DIMPOST
  1

  9
$DIMAPOST
  1

  9
$DIMALT
 70
     0
  9
$DIMALTD
 70
     3
  9
$DIMALTF
 40
0.0393700787401575
  9
$DIMLFAC
 40
1.0
  9
$DIMTOFL
 70
     1
  9
$DIMTVP
 40
0.0
  9
$DIMTIX
 70
     0
  9
$DIMSOXD
 70
     0
  9
$DIMSAH
 70
     0
  9
$DIMBLK1
  1

  9
$DIMBLK2
  1

  9
$DIMSTYLE
  2
ISO-25
  9
$DIMCLRD
 70
     0
  9
$DIMCLRE
 70
     0
  9
$DIMCLRT
 70
     0
  9
$DIMTFAC
 40
1.0
  9
$DIMGAP
 40
0.762
  9
$DIMJUST
 70
     0
  9
$DIMSD1
 70
     0
  9
$DIMSD2
 70
     0
  9
$DIMTOLJ
 70
     0
  9
$DIMTZIN
 70
     0
  9
$DIMALTZ
 70
     0
  9
$DIMALTTZ
 70
     0
  9
$DIMUPT
 70
     0
  9
$DIMDEC
 70
     2
  9
$DIMTDEC
 70
     2
  9
$DIMALTU
 70
     2
  9
$DIMALTTD
 70
     3
  9
$DIMTXSTY
  7
STANDARD
  9
$DIMAUNIT
 70
     0
  9
$DIMADEC
 70
     2
  9
$DIMALTRND
 40
0.0
  9
$DIMAZIN
 70
     0
  9
$DIMDSEP
 70
    44
  9
$DIMATFIT
 70
     3
  9
$DIMFRAC
 70
     0
  9
$DIMLDRBLK
  1

  9
$DIMLUNIT
 70
     2
  9
$DIMLWD
 70
    -2
  9
$DIMLWE
 70
    -2
  9
$DIMTMOVE
 70
     0
  9
$LUNITS
 70
     2
  9
$LUPREC
 70
     4
  9
$SKETCHINC
 40
1.0
  9
$FILLETRAD
 40
0.0
  9
$AUNITS
 70
     0
  9
$AUPREC
 70
     2
  9
$MENU
  1
.
  9
$ELEVATION
 40
0.0
  9
$PELEVATION
 40
0.0
  9
$THICKNESS
 40
0.0
  9
$LIMCHECK
 70
     0
  9
$CHAMFERA
 40
0.0
  9
$CHAMFERB
 40
0.0
  9
$CHAMFERC
 40
0.0
  9
$CHAMFERD
 40
0.0
  9
$SKPOLY
 70
     0
  9
$TDCREATE
 40
2460886.744984468
  9
$TDUCREATE
 40
2460886.411651134
  9
$TDUPDATE
 40
2460888.722204063
  9
$TDUUPDATE
 40
2460888.388870729
  9
$TDINDWG
 40
0.0000000116
  9
$TDUSRTIMER
 40
0.0000000116
  9
$USRTIMER
 70
     1
  9
$ANGBASE
 50
0.0
  9
$ANGDIR
 70
     0
  9
$PDMODE
 70
     0
  9
$PDSIZE
 40
-1.0
  9
$PLINEWID
 40
0.0
  9
$SPLFRAME
 70
     0
  9
$SPLINETYPE
 70
     6
  9
$SPLINESEGS
 70
     8
  9
$HANDSEED
  5
3B4
  9
$SURFTAB1
 70
     6
  9
$SURFTAB2
 70
     6
  9
$SURFTYPE
 70
     6
  9
$SURFU
 70
     6
  9
$SURFV
 70
     6
  9
$UCSBASE
  2

  9
$UCSNAME
  2

  9
$UCSORG
 10
0.0
 20
0.0
 30
0.0
  9
$UCSXDIR
 10
1.0
 20
0.0
 30
0.0
  9
$UCSYDIR
 10
0.0
 20
1.0
 30
0.0
  9
$UCSORTHOREF
  2

  9
$UCSORTHOVIEW
 70
     0
  9
$UCSORGTOP
 10
0.0
 20
0.0
 30
0.0
  9
$UCSORGBOTTOM
 10
0.0
 20
0.0
 30
0.0
  9
$UCSORGLEFT
 10
0.0
 20
0.0
 30
0.0
  9
$UCSORGRIGHT
 10
0.0
 20
0.0
 30
0.0
  9
$UCSORGFRONT
 10
0.0
 20
0.0
 30
0.0
  9
$UCSORGBACK
 10
0.0
 20
0.0
 30
0.0
  9
$PUCSBASE
  2

  9
$PUCSNAME
  2

  9
$PUCSORG
 10
0.0
 20
0.0
 30
0.0
  9
$PUCSXDIR
 10
1.0
 20
0.0
 30
0.0
  9
$PUCSYDIR
 10
0.0
 20
1.0
 30
0.0
  9
$PUCSORTHOREF
  2

  9
$PUCSORTHOVIEW
 70
     0
  9
$PUCSORGTOP
 10
0.0
 20
0.0
 30
0.0
  9
$PUCSORGBOTTOM
 10
0.0
 20
0.0
 30
0.0
  9
$PUCSORGLEFT
 10
0.0
 20
0.0
 30
0.0
  9
$PUCSORGRIGHT
 10
0.0
 20
0.0
 30
0.0
  9
$PUCSORGFRONT
 10
0.0
 20
0.0
 30
0.0
  9
$PUCSORGBACK
 10
0.0
 20
0.0
 30
0.0
  9
$USERI1
 70
     0
  9
$USERI2
 70
     0
  9
$USERI3
 70
     0
  9
$USERI4
 70
     0
  9
$USERI5
 70
     0
  9
$USERR1
 40
0.0
  9
$USERR2
 40
0.0
  9
$USERR3
 40
0.0
  9
$USERR4
 40
0.0
  9
$USERR5
 40
0.0
  9
$WORLDVIEW
 70
     1
  9
$SHADEDGE
 70
     3
  9
$SHADEDIF
 70
    70
  9
$TILEMODE
 70
     1
  9
$MAXACTVP
 70
    64
  9
$PINSBASE
 10
0.0
 20
0.0
 30
0.0
  9
$PLIMCHECK
 70
     0
  9
$PEXTMIN
 10
1.000000000000000E+20
 20
1.000000000000000E+20
 30
1.000000000000000E+20
  9
$PEXTMAX
 10
-1.000000000000000E+20
 20
-1.000000000000000E+20
 30
-1.000000000000000E+20
  9
$PLIMMIN
 10
0.0
 20
0.0
  9
$PLIMMAX
 10
420.0
 20
297.0
  9
$UNITMODE
 70
     0
  9
$VISRETAIN
 70
     1
  9
$PLINEGEN
 70
     0
  9
$PSLTSCALE
 70
     1
  9
$TREEDEPTH
 70
  3020
  9
$CMLSTYLE
  2
Standard
  9
$CMLJUST
 70
     0
  9
$CMLSCALE
 40
20.0
  9
$PROXYGRAPHICS
 70
     1
  9
$MEASUREMENT
 70
     1
  9
$CELWEIGHT
370
    -1
  9
$ENDCAPS
280
     0
  9
$JOINSTYLE
280
     0
  9
$LWDISPLAY
290
     1
  9
$INSUNITS
 70
     4
  9
$HYPERLINKBASE
  1

  9
$STYLESHEET
  1

  9
$XEDIT
290
     1
  9
$CEPSNTYPE
380
     0
  9
$PSTYLEMODE
290
     1
  9
$FINGERPRINTGUID
  2
{1a342e86-71e0-4bee-adc8-26045213f2da}
  9
$VERSIONGUID
  2
{FAEB1C32-E019-11D5-929B-00C0DF256EC4}
  9
$EXTNAMES
290
     1
  9
$PSVPSCALE
 40
0.0
  9
$OLESTARTUP
290
     0
  9
$SORTENTS
280
   127
  9
$INDEXCTL
280
     0
  9
$HIDETEXT
280
     1
  9
$XCLIPFRAME
290
     0
  9
$HALOGAP
280
     0
  9
$OBSCOLOR
 70
   257
  9
$OBSLTYPE
280
     0
  9
$INTERSECTIONDISPLAY
280
     0
  9
$INTERSECTIONCOLOR
 70
   257
  9
$DIMASSOC
280
     2
  9
$PROJECTNAME
  1

  0
ENDSEC
  0
SECTION
  2
CLASSES
  0
CLASS
  1
ACDBDICTIONARYWDFLT
  2
AcDbDictionaryWithDefault
  3
ObjectDBX Classes
 90
        0
 91
        3
280
     0
281
     0
  0
CLASS
  1
VISUALSTYLE
  2
AcDbVisualStyle
  3
ObjectDBX Classes
 90
     4095
 91
        3
280
     0
281
     0
  0
CLASS
  1
MATERIAL
  2
AcDbMaterial
  3
ObjectDBX Classes
 90
     1153
 91
        3
280
     0
281
     0
  0
CLASS
  1
SCALE
  2
AcDbScale
  3
ObjectDBX Classes
 90
     1153
 91
        3
280
     0
281
     0
  0
CLASS
  1
TABLESTYLE
  2
AcDbTableStyle
  3
ObjectDBX Classes
 90
     4095
 91
        3
280
     0
281
     0
  0
CLASS
  1
MLEADERSTYLE
  2
AcDbMLeaderStyle
  3
ACDB_MLEADERSTYLE_CLASS
 90
     4095
 91
        3
280
     0
281
     0
  0
CLASS
  1
SUN
  2
AcDbSun
  3
SCENEOE
 90
     1153
 91
        3
280
     0
281
     0
  0
CLASS
  1
DICTIONARYVAR
  2
AcDbDictionaryVar
  3
ObjectDBX Classes
 90
        0
 91
        3
280
     0
281
     0
  0
CLASS
  1
CELLSTYLEMAP
  2
AcDbCellStyleMap
  3
ObjectDBX Classes
 90
     1152
 91
        3
280
     0
281
     0
  0
ENDSEC
  0
SECTION
  2
TABLES
  0
TABLE
  2
VPORT
  5
8
102
{ACAD_XDICTIONARY
360
374
102
}
330
0
100
AcDbSymbolTable
 70
     1
  0
VPORT
  5
29
330
8
100
AcDbSymbolTableRecord
100
AcDbViewportTableRecord
  2
*Active
 70
     0
 10
0.0
 20
0.0
 11
1.0
 21
1.0
 12
105.0
 22
74.25
 13
0.0
 23
0.0
 14
10.0
 24
10.0
 15
10.0
 25
10.0
 16
0.0
 26
0.0
 36
1.0
 17
0.0
 27
0.0
 37
0.0
 40
148.5
 41
1.414141414141414
 42
50.0
 43
0.0
 44
0.0
 50
0.0
 51
0.0
 71
     0
 72
  2000
 73
     1
 74
     3
 75
     0
 76
     0
 77
     0
 78
     0
281
     0
 65
     1
110
0.0
120
0.0
130
0.0
111
1.0
121
0.0
131
0.0
112
0.0
122
1.0
132
0.0
 79
     0
146
0.0
  0
ENDTAB
  0
TABLE
  2
LTYPE
  5
5
330
0
100
AcDbSymbolTable
 70
     8
  0
LTYPE
  5
14
330
5
100
AcDbSymbolTableRecord
100
AcDbLinetypeTableRecord
  2
ByBlock
 70
     0
  3

 72
    65
 73
     0
 40
0.0
  0
LTYPE
  5
15
330
5
100
AcDbSymbolTableRecord
100
AcDbLinetypeTableRecord
  2
ByLayer
 70
     0
  3

 72
    65
 73
     0
 40
0.0
  0
LTYPE
  5
16
330
5
100
AcDbSymbolTableRecord
100
AcDbLinetypeTableRecord
  2
Continuous
 70
     0
  3
Solid line
 72
    65
 73
     0
 40
0.0
  0
LTYPE
  5
5E
330
5
100
AcDbSymbolTableRecord
100
AcDbLinetypeTableRecord
  2
SLD-实线
 70
     0
  3
SolidWorks Line Style
 72
    65
 73
     0
 40
0.0
  0
LTYPE
  5
5F
330
5
100
AcDbSymbolTableRecord
100
AcDbLinetypeTableRecord
  2
SLD-虚线
 70
     0
  3
SolidWorks Line Style
 72
    65
 73
     2
 40
1.905
 49
1.27
 74
     0
 49
-0.635
 74
     0
  0
LTYPE
  5
60
330
5
100
AcDbSymbolTableRecord
100
AcDbLinetypeTableRecord
  2
SLD-双点画线
 70
     0
  3
SolidWorks Line Style
 72
    65
 73
     6
 40
12.7
 49
6.35
 74
     0
 49
-1.27
 74
     0
 49
1.27
 74
     0
 49
-1.27
 74
     0
 49
1.27
 74
     0
 49
-1.27
 74
     0
  0
LTYPE
  5
61
330
5
100
AcDbSymbolTableRecord
100
AcDbLinetypeTableRecord
  2
SLD-点画线
 70
     0
  3
SolidWorks Line Style
 72
    65
 73
     4
 40
10.16
 49
6.35
 74
     0
 49
-1.27
 74
     0
 49
1.27
 74
     0
 49
-1.27
 74
     0
  0
LTYPE
  5
62
330
5
100
AcDbSymbolTableRecord
100
AcDbLinetypeTableRecord
  2
SLD-中心线
 70
     0
  3
SolidWorks Line Style
 72
    65
 73
     4
 40
34.29000000000001
 49
30.48
 74
     0
 49
-1.27
 74
     0
 49
1.27
 74
     0
 49
-1.27
 74
     0
  0
LTYPE
  5
63
330
5
100
AcDbSymbolTableRecord
100
AcDbLinetypeTableRecord
  2
SLD-裁剪线
 70
     0
  3
SolidWorks Line Style
 72
    65
 73
     2
 40
0.635
 49
0.0
 74
     0
 49
-0.635
 74
     0
  0
LTYPE
  5
64
330
5
100
AcDbSymbolTableRecord
100
AcDbLinetypeTableRecord
  2
SLD-细-粗_点画线
 70
     0
  3
SolidWorks Line Style
 72
    65
 73
     5
 40
15.24
 49
6.35
 74
     0
 49
-1.27
 74
     0
 49
1.27
 74
     0
 49
-1.27
 74
     0
 49
5.08
 74
     0
  0
ENDTAB
  0
TABLE
  2
LAYER
  5
2
330
0
100
AcDbSymbolTable
 70
     9
  0
LAYER
  5
10
330
2
100
AcDbSymbolTableRecord
100
AcDbLayerTableRecord
  2
0
 70
     0
 62
     7
  6
Continuous
370
    -3
390
F
  0
LAYER
  5
65
330
2
100
AcDbSymbolTableRecord
100
AcDbLayerTableRecord
  2
轮廓粗实线
 70
     0
 62
     7
  6
Continuous
370
    -1
390
F
  0
LAYER
  5
66
330
2
100
AcDbSymbolTableRecord
100
AcDbLayerTableRecord
  2
切边
 70
     0
 62
     5
  6
SLD-双点画线
370
    -3
390
F
  0
LAYER
  5
67
330
2
100
AcDbSymbolTableRecord
100
AcDbLayerTableRecord
  2
虚线
 70
     0
 62
     1
  6
SLD-虚线
370
    -3
390
F
  0
LAYER
  5
68
330
2
100
AcDbSymbolTableRecord
100
AcDbLayerTableRecord
  2
局部视图边界
 70
     0
 62
     1
  6
SLD-虚线
370
    -3
390
F
  0
LAYER
  5
69
330
2
100
AcDbSymbolTableRecord
100
AcDbLayerTableRecord
  2
细实线
 70
     0
 62
     2
  6
SLD-实线
370
    -3
390
F
  0
LAYER
  5
6A
330
2
100
AcDbSymbolTableRecord
100
AcDbLayerTableRecord
  2
剖面线
 70
     0
 62
     6
  6
Continuous
370
    -1
390
F
  0
LAYER
  5
6B
330
2
100
AcDbSymbolTableRecord
100
AcDbLayerTableRecord
  2
折断线
 70
     0
 62
     9
  6
SLD-虚线
370
    -3
390
F
  0
LAYER
  5
6C
330
2
100
AcDbSymbolTableRecord
100
AcDbLayerTableRecord
  2
文字
 70
     0
 62
     7
  6
Continuous
370
    -1
390
F
  0
ENDTAB
  0
TABLE
  2
STYLE
  5
3
330
0
100
AcDbSymbolTable
 70
     9
  0
STYLE
  5
11
330
3
100
AcDbSymbolTableRecord
100
AcDbTextStyleTableRecord
  2
STANDARD
 70
     0
 40
0.0
 41
1.0
 50
0.0
 71
     0
 42
1.75
  3
SIMSUN.TTC
  4

1001
ACAD
1000
宋体
1071
    34306
  0
STYLE
  5
AC
330
3
100
AcDbSymbolTableRecord
100
AcDbTextStyleTableRecord
  2
SLDTEXTSTYLE0
 70
     0
 40
0.0
 41
1.0
 50
0.0
 71
     0
 42
1.75
  3
SIMFANG.TTF
  4
bigfont
1001
ACAD
1000
仿宋
1071
      305
  0
STYLE
  5
AE
330
3
100
AcDbSymbolTableRecord
100
AcDbTextStyleTableRecord
  2
SLDTEXTSTYLE1
 70
     0
 40
0.0
 41
0.8
 50
0.0
 71
     0
 42
1.75
  3
SIMSUN.TTC
  4

1001
ACAD
1000
宋体
1071
      258
  0
STYLE
  5
B0
330
3
100
AcDbSymbolTableRecord
100
AcDbTextStyleTableRecord
  2
SLDTEXTSTYLE2
 70
     0
 40
0.0
 41
0.8
 50
0.0
 71
     0
 42
1.75
  3
SIMSUN.TTC
  4
bigfont
1001
ACAD
1000
宋体
1071
      258
  0
STYLE
  5
B9
330
3
100
AcDbSymbolTableRecord
100
AcDbTextStyleTableRecord
  2
SLDTEXTSTYLE3
 70
     0
 40
0.0
 41
1.0
 50
0.0
 71
     0
 42
1.75
  3
SIMSUN.TTC
  4
bigfont
1001
ACAD
1000
宋体
1071
      258
  0
STYLE
  5
BC
330
3
100
AcDbSymbolTableRecord
100
AcDbTextStyleTableRecord
  2
SLDTEXTSTYLE4
 70
     0
 40
0.0
 41
1.0
 50
0.0
 71
     0
 42
1.75
  3
arial.ttf
  4

1001
ACAD
1000
汉仪长仿宋体
1071
      258
  0
STYLE
  5
BE
330
3
100
AcDbSymbolTableRecord
100
AcDbTextStyleTableRecord
  2
SLDTEXTSTYLE5
 70
     0
 40
0.0
 41
1.0
 50
0.0
 71
     0
 42
1.75
  3
HYSWLONGFANGSONG.TTF
  4
bigfont
1001
ACAD
1000
汉仪长仿宋体
1071
      258
  0
STYLE
  5
C8
330
3
100
AcDbSymbolTableRecord
100
AcDbTextStyleTableRecord
  2
SLDTEXTSTYLE6
 70
     0
 40
0.0
 41
0.913
 50
0.0
 71
     0
 42
1.75
  3
arial.ttf
  4

1001
ACAD
1000
Century Gothic
1071
      290
  0
STYLE
  5
114
330
3
100
AcDbSymbolTableRecord
100
AcDbTextStyleTableRecord
  2
SLDTEXTSTYLE7
 70
     0
 40
0.0
 41
1.0
 50
0.0
 71
     0
 42
1.75
  3
SIMSUN.TTC
  4

1001
ACAD
1000
宋体
1071
      258
  0
ENDTAB
  0
TABLE
  2
VIEW
  5
6
330
0
100
AcDbSymbolTable
 70
     0
  0
ENDTAB
  0
TABLE
  2
UCS
  5
7
330
0
100
AcDbSymbolTable
 70
     0
  0
ENDTAB
  0
TABLE
  2
APPID
  5
9
330
0
100
AcDbSymbolTable
 70
     2
  0
APPID
  5
12
330
9
100
AcDbSymbolTableRecord
100
AcDbRegAppTableRecord
  2
ACAD
 70
     0
  0
APPID
  5
36C
330
9
100
AcDbSymbolTableRecord
100
AcDbRegAppTableRecord
  2
ACAD_MLEADERVER
 70
     0
  0
ENDTAB
  0
TABLE
  2
DIMSTYLE
  5
A
330
0
100
AcDbSymbolTable
 70
     4
100
AcDbDimStyleTable
  0
DIMSTYLE
105
27
330
A
100
AcDbSymbolTableRecord
100
AcDbDimStyleTableRecord
  2
ISO-25
 70
     0
 41
2.5
 42
0.625
 43
3.75
 44
1.25
 73
     0
 74
     0
 77
     1
 78
     8
140
2.5
141
2.5
143
0.03937007874016
147
0.625
171
     3
172
     1
178
     0
271
     2
272
     2
274
     3
278
    44
283
     0
284
     8
340
11
  0
DIMSTYLE
105
1C4
102
{ACAD_REACTORS
330
1C3
330
1CE
102
}
330
A
100
AcDbSymbolTableRecord
100
AcDbDimStyleTableRecord
  2
SLDDIMSTYLE0
 70
     0
 41
2.04
 44
0.0
 45
0.000000001
 73
     0
 74
     0
 77
     2
 78
     4
 79
     1
140
1.75
147
0.4375
173
     1
178
     0
271
     2
272
     2
276
     2
284
    12
340
114
  0
DIMSTYLE
105
23C
102
{ACAD_REACTORS
330
23B
102
}
330
A
100
AcDbSymbolTableRecord
100
AcDbDimStyleTableRecord
  2
SLDDIMSTYLE1
 70
     0
 41
2.04
 44
0.0
 45
0.000000001
 73
     0
 74
     0
 77
     2
 78
     4
 79
     1
140
1.75
147
0.4375
172
     1
173
     1
178
     0
271
     2
272
     2
276
     2
284
    12
289
     0
340
114
  0
DIMSTYLE
105
35A
330
A
100
AcDbSymbolTableRecord
100
AcDbDimStyleTableRecord
  2
SLDDIMSTYLE2
 70
     0
 41
2.04
 44
0.0
 45
0.000000001
146
2.04
147
0.0
173
     1
178
     0
271
     0
272
     0
276
     2
340
11
  0
ENDTAB
  0
TABLE
  2
BLOCK_RECORD
  5
1
330
0
100
AcDbSymbolTable
 70
     8
  0
BLOCK_RECORD
  5
1F
330
1
100
AcDbSymbolTableRecord
100
AcDbBlockTableRecord
  2
*Model_Space
340
22
  0
BLOCK_RECORD
  5
1B
330
1
100
AcDbSymbolTableRecord
100
AcDbBlockTableRecord
  2
*Paper_Space
340
1E
  0
BLOCK_RECORD
  5
23
330
1
100
AcDbSymbolTableRecord
100
AcDbBlockTableRecord
  2
*Paper_Space0
340
26
  0
BLOCK_RECORD
  5
E5
330
1
100
AcDbSymbolTableRecord
100
AcDbBlockTableRecord
  2
SW_TABLEANNOTATION_0
340
0
102
{BLKREFS
331
11E
102
}
  0
BLOCK_RECORD
  5
1C5
330
1
100
AcDbSymbolTableRecord
100
AcDbBlockTableRecord
  2
_D
340
0
  0
BLOCK_RECORD
  5
1CF
330
1
100
AcDbSymbolTableRecord
100
AcDbBlockTableRecord
  2
_D_1
340
0
  0
BLOCK_RECORD
  5
23D
330
1
100
AcDbSymbolTableRecord
100
AcDbBlockTableRecord
  2
_D_2
340
0
  0
BLOCK_RECORD
  5
342
330
1
100
AcDbSymbolTableRecord
100
AcDbBlockTableRecord
  2
SW_NOTE_0
340
0
102
{BLKREFS
331
34C
102
}
  0
BLOCK_RECORD
  5
34F
330
1
100
AcDbSymbolTableRecord
100
AcDbBlockTableRecord
  2
SW_NOTE_0_1
340
0
102
{BLKREFS
331
359
102
}
  0
BLOCK_RECORD
  5
35C
330
1
100
AcDbSymbolTableRecord
100
AcDbBlockTableRecord
  2
SW_NOTE_0_2
340
0
102
{BLKREFS
331
366
102
}
  0
ENDTAB
  0
ENDSEC
  0
SECTION
  2
BLOCKS
  0
BLOCK
  5
20
330
1F
100
AcDbEntity
  8
0
100
AcDbBlockBegin
  2
*Model_Space
 70
     0
 10
0.0
 20
0.0
 30
0.0
  3
*Model_Space
  1

  0
ENDBLK
  5
21
330
1F
100
AcDbEntity
  8
0
100
AcDbBlockEnd
  0
BLOCK
  5
1C
330
1B
100
AcDbEntity
 67
     1
  8
0
100
AcDbBlockBegin
  2
*Paper_Space
 70
     0
 10
0.0
 20
0.0
 30
0.0
  3
*Paper_Space
  1

  0
ENDBLK
  5
1D
330
1B
100
AcDbEntity
 67
     1
  8
0
100
AcDbBlockEnd
  0
BLOCK
  5
24
330
23
100
AcDbEntity
  8
0
100
AcDbBlockBegin
  2
*Paper_Space0
 70
     0
 10
0.0
 20
0.0
 30
0.0
  3
*Paper_Space0
  1

  0
ENDBLK
  5
25
330
23
100
AcDbEntity
  8
0
100
AcDbBlockEnd
  0
BLOCK
  5
E6
330
E5
100
AcDbEntity
  8
0
100
AcDbBlockBegin
  2
SW_TABLEANNOTATION_0
 70
     0
 10
0.0
 20
0.0
 30
0.0
  3
SW_TABLEANNOTATION_0
  1

  0
LINE
  5
E8
330
E5
100
AcDbEntity
  8
0
  6
SLD-实线
 62
     0
370
    25
100
AcDbLine
 10
0.0
 20
0.0
 30
0.0
 11
0.0
 21
-2.875351249731456
 31
0.0
  0
LINE
  5
E9
330
E5
100
AcDbEntity
  8
0
  6
SLD-实线
 62
     0
370
    25
100
AcDbLine
 10
12.94000000000001
 20
0.0
 30
0.0
 11
12.94000000000001
 21
-2.875351249731456
 31
0.0
  0
LINE
  5
EA
330
E5
100
AcDbEntity
  8
0
  6
SLD-实线
 62
     0
370
    25
100
AcDbLine
 10
36.35222598656703
 20
0.0
 30
0.0
 11
36.35222598656703
 21
-2.875351249731456
 31
0.0
  0
LINE
  5
EB
330
E5
100
AcDbEntity
  8
0
  6
SLD-实线
 62
     0
370
    25
100
AcDbLine
 10
73.66448051516424
 20
0.0
 30
0.0
 11
73.66448051516424
 21
-2.875351249731456
 31
0.0
  0
LINE
  5
EC
330
E5
100
AcDbEntity
  8
0
  6
SLD-实线
 62
     0
370
    25
100
AcDbLine
 10
84.37808206977684
 20
0.0
 30
0.0
 11
84.37808206977684
 21
-2.875351249731456
 31
0.0
  0
LINE
  5
ED
330
E5
100
AcDbEntity
  8
0
  6
SLD-实线
 62
     0
370
    25
100
AcDbLine
 10
0.0
 20
0.0
 30
0.0
 11
12.94000000000001
 21
0.0
 31
0.0
  0
LINE
  5
EE
330
E5
100
AcDbEntity
  8
0
  6
SLD-实线
 62
     0
370
    25
100
AcDbLine
 10
0.0
 20
-2.875351249731456
 30
0.0
 11
12.94000000000001
 21
-2.875351249731456
 31
0.0
  0
LINE
  5
EF
330
E5
100
AcDbEntity
  8
0
  6
SLD-实线
 62
     0
370
    25
100
AcDbLine
 10
12.94000000000001
 20
0.0
 30
0.0
 11
36.35222598656703
 21
0.0
 31
0.0
  0
LINE
  5
F0
330
E5
100
AcDbEntity
  8
0
  6
SLD-实线
 62
     0
370
    25
100
AcDbLine
 10
12.94000000000001
 20
-2.875351249731456
 30
0.0
 11
36.35222598656703
 21
-2.875351249731456
 31
0.0
  0
LINE
  5
F1
330
E5
100
AcDbEntity
  8
0
  6
SLD-实线
 62
     0
370
    25
100
AcDbLine
 10
36.35222598656703
 20
0.0
 30
0.0
 11
73.66448051516424
 21
0.0
 31
0.0
  0
LINE
  5
F2
330
E5
100
AcDbEntity
  8
0
  6
SLD-实线
 62
     0
370
    25
100
AcDbLine
 10
36.35222598656703
 20
-2.875351249731456
 30
0.0
 11
73.66448051516424
 21
-2.875351249731456
 31
0.0
  0
LINE
  5
F3
330
E5
100
AcDbEntity
  8
0
  6
SLD-实线
 62
     0
370
    25
100
AcDbLine
 10
73.66448051516424
 20
0.0
 30
0.0
 11
84.37808206977684
 21
0.0
 31
0.0
  0
LINE
  5
F4
330
E5
100
AcDbEntity
  8
0
  6
SLD-实线
 62
     0
370
    25
100
AcDbLine
 10
73.66448051516424
 20
-2.875351249731456
 30
0.0
 11
84.37808206977684
 21
-2.875351249731456
 31
0.0
  0
LINE
  5
F5
330
E5
100
AcDbEntity
  8
0
  6
SLD-实线
 62
     0
370
    25
100
AcDbLine
 10
0.0
 20
-2.875351249731456
 30
0.0
 11
0.0
 21
-6.538791720392013
 31
0.0
  0
LINE
  5
F6
330
E5
100
AcDbEntity
  8
0
  6
SLD-实线
 62
     0
370
    25
100
AcDbLine
 10
12.94000000000001
 20
-2.875351249731456
 30
0.0
 11
12.94000000000001
 21
-6.538791720392013
 31
0.0
  0
LINE
  5
F7
330
E5
100
AcDbEntity
  8
0
  6
SLD-实线
 62
     0
370
    25
100
AcDbLine
 10
0.0
 20
-6.538791720392013
 30
0.0
 11
0.0
 21
-10.20223219105257
 31
0.0
  0
LINE
  5
F8
330
E5
100
AcDbEntity
  8
0
  6
SLD-实线
 62
     0
370
    25
100
AcDbLine
 10
12.94000000000001
 20
-6.538791720392013
 30
0.0
 11
12.94000000000001
 21
-10.20223219105257
 31
0.0
  0
LINE
  5
F9
330
E5
100
AcDbEntity
  8
0
  6
SLD-实线
 62
     0
370
    25
100
AcDbLine
 10
0.0
 20
-10.20223219105257
 30
0.0
 11
0.0
 21
-13.86567266171312
 31
0.0
  0
LINE
  5
FA
330
E5
100
AcDbEntity
  8
0
  6
SLD-实线
 62
     0
370
    25
100
AcDbLine
 10
12.94000000000001
 20
-10.20223219105257
 30
0.0
 11
12.94000000000001
 21
-13.86567266171312
 31
0.0
  0
LINE
  5
FB
330
E5
100
AcDbEntity
  8
0
  6
SLD-实线
 62
     0
370
    25
100
AcDbLine
 10
36.35222598656703
 20
-2.875351249731456
 30
0.0
 11
36.35222598656703
 21
-6.538791720392013
 31
0.0
  0
LINE
  5
FC
330
E5
100
AcDbEntity
  8
0
  6
SLD-实线
 62
     0
370
    25
100
AcDbLine
 10
36.35222598656703
 20
-6.538791720392013
 30
0.0
 11
36.35222598656703
 21
-10.20223219105257
 31
0.0
  0
LINE
  5
FD
330
E5
100
AcDbEntity
  8
0
  6
SLD-实线
 62
     0
370
    25
100
AcDbLine
 10
36.35222598656703
 20
-10.20223219105257
 30
0.0
 11
36.35222598656703
 21
-13.86567266171312
 31
0.0
  0
LINE
  5
FE
330
E5
100
AcDbEntity
  8
0
  6
SLD-实线
 62
     0
370
    25
100
AcDbLine
 10
73.66448051516424
 20
-2.875351249731456
 30
0.0
 11
73.66448051516424
 21
-6.538791720392013
 31
0.0
  0
LINE
  5
FF
330
E5
100
AcDbEntity
  8
0
  6
SLD-实线
 62
     0
370
    25
100
AcDbLine
 10
73.66448051516424
 20
-6.538791720392013
 30
0.0
 11
73.66448051516424
 21
-10.20223219105257
 31
0.0
  0
LINE
  5
100
330
E5
100
AcDbEntity
  8
0
  6
SLD-实线
 62
     0
370
    25
100
AcDbLine
 10
73.66448051516424
 20
-10.20223219105257
 30
0.0
 11
73.66448051516424
 21
-13.86567266171312
 31
0.0
  0
LINE
  5
101
330
E5
100
AcDbEntity
  8
0
  6
SLD-实线
 62
     0
370
    25
100
AcDbLine
 10
84.37808206977684
 20
-2.875351249731456
 30
0.0
 11
84.37808206977684
 21
-6.538791720392013
 31
0.0
  0
LINE
  5
102
330
E5
100
AcDbEntity
  8
0
  6
SLD-实线
 62
     0
370
    25
100
AcDbLine
 10
84.37808206977684
 20
-6.538791720392013
 30
0.0
 11
84.37808206977684
 21
-10.20223219105257
 31
0.0
  0
LINE
  5
103
330
E5
100
AcDbEntity
  8
0
  6
SLD-实线
 62
     0
370
    25
100
AcDbLine
 10
84.37808206977684
 20
-10.20223219105257
 30
0.0
 11
84.37808206977684
 21
-13.86567266171312
 31
0.0
  0
LINE
  5
104
330
E5
100
AcDbEntity
  8
0
  6
SLD-实线
 62
     0
370
    25
100
AcDbLine
 10
0.0
 20
-6.538791720392013
 30
0.0
 11
12.94000000000001
 21
-6.538791720392013
 31
0.0
  0
LINE
  5
105
330
E5
100
AcDbEntity
  8
0
  6
SLD-实线
 62
     0
370
    25
100
AcDbLine
 10
12.94000000000001
 20
-6.538791720392013
 30
0.0
 11
36.35222598656703
 21
-6.538791720392013
 31
0.0
  0
LINE
  5
106
330
E5
100
AcDbEntity
  8
0
  6
SLD-实线
 62
     0
370
    25
100
AcDbLine
 10
36.35222598656703
 20
-6.538791720392013
 30
0.0
 11
73.66448051516424
 21
-6.538791720392013
 31
0.0
  0
LINE
  5
107
330
E5
100
AcDbEntity
  8
0
  6
SLD-实线
 62
     0
370
    25
100
AcDbLine
 10
73.66448051516424
 20
-6.538791720392013
 30
0.0
 11
84.37808206977684
 21
-6.538791720392013
 31
0.0
  0
LINE
  5
108
330
E5
100
AcDbEntity
  8
0
  6
SLD-实线
 62
     0
370
    25
100
AcDbLine
 10
0.0
 20
-10.20223219105257
 30
0.0
 11
12.94000000000001
 21
-10.20223219105257
 31
0.0
  0
LINE
  5
109
330
E5
100
AcDbEntity
  8
0
  6
SLD-实线
 62
     0
370
    25
100
AcDbLine
 10
12.94000000000001
 20
-10.20223219105257
 30
0.0
 11
36.35222598656703
 21
-10.20223219105257
 31
0.0
  0
LINE
  5
10A
330
E5
100
AcDbEntity
  8
0
  6
SLD-实线
 62
     0
370
    25
100
AcDbLine
 10
36.35222598656703
 20
-10.20223219105257
 30
0.0
 11
73.66448051516424
 21
-10.20223219105257
 31
0.0
  0
LINE
  5
10B
330
E5
100
AcDbEntity
  8
0
  6
SLD-实线
 62
     0
370
    25
100
AcDbLine
 10
73.66448051516424
 20
-10.20223219105257
 30
0.0
 11
84.37808206977684
 21
-10.20223219105257
 31
0.0
  0
LINE
  5
10C
330
E5
100
AcDbEntity
  8
0
  6
SLD-实线
 62
     0
370
    25
100
AcDbLine
 10
0.0
 20
-13.86567266171312
 30
0.0
 11
12.94000000000001
 21
-13.86567266171312
 31
0.0
  0
LINE
  5
10D
330
E5
100
AcDbEntity
  8
0
  6
SLD-实线
 62
     0
370
    25
100
AcDbLine
 10
12.94000000000001
 20
-13.86567266171312
 30
0.0
 11
36.35222598656703
 21
-13.86567266171312
 31
0.0
  0
LINE
  5
10E
330
E5
100
AcDbEntity
  8
0
  6
SLD-实线
 62
     0
370
    25
100
AcDbLine
 10
36.35222598656703
 20
-13.86567266171312
 30
0.0
 11
73.66448051516424
 21
-13.86567266171312
 31
0.0
  0
LINE
  5
10F
330
E5
100
AcDbEntity
  8
0
  6
SLD-实线
 62
     0
370
    25
100
AcDbLine
 10
73.66448051516424
 20
-13.86567266171312
 30
0.0
 11
84.37808206977684
 21
-13.86567266171312
 31
0.0
  0
MTEXT
  5
110
330
E5
100
AcDbEntity
  8
0
  6
SLD-实线
 62
     0
370
    25
100
AcDbMText
 10
3.414791637361053
 20
-0.544475647124204
 30
0.0
 40
1.75
 41
0.0
 71
     1
 72
     1
  1
项\U+76EE\U+53F7
  7
SLDTEXTSTYLE3
 73
     1
 44
1.0
  0
MTEXT
  5
111
330
E5
100
AcDbEntity
  8
0
  6
SLD-实线
 62
     0
370
    25
100
AcDbMText
 10
21.59090463064459
 20
-0.544475647124204
 30
0.0
 40
1.75
 41
0.0
 71
     1
 72
     1
  1
\U+96F6\U+4EF6\U+53F7
  7
SLDTEXTSTYLE3
 73
     1
 44
1.0
  0
MTEXT
  5
112
330
E5
100
AcDbEntity
  8
0
  6
SLD-实线
 62
     0
370
    25
100
AcDbMText
 10
52.97154775338323
 20
-0.544475647124204
 30
0.0
 40
1.75
 41
0.0
 71
     1
 72
     1
  1
说\U+660E
  7
SLDTEXTSTYLE3
 73
     1
 44
1.0
  0
MTEXT
  5
113
330
E5
100
AcDbEntity
  8
0
  6
SLD-实线
 62
     0
370
    25
100
AcDbMText
 10
76.98447579498813
 20
-0.544475647124204
 30
0.0
 40
1.75
 41
0.0
 71
     1
 72
     1
  1
\U+6570\U+91CF
  7
SLDTEXTSTYLE3
 73
     1
 44
1.0
  0
MTEXT
  5
115
330
E5
100
AcDbEntity
  8
0
  6
SLD-实线
 62
     0
370
    25
100
AcDbMText
 10
5.960798625629399
 20
-3.81387150732021
 30
0.0
 40
1.75
 41
0.0
 71
     1
 72
     1
  1
1
  7
SLDTEXTSTYLE7
 73
     1
 44
1.0
  0
MTEXT
  5
116
330
E5
100
AcDbEntity
  8
0
  6
SLD-实线
 62
     0
370
    25
100
AcDbMText
 10
13.19000000000001
 20
-3.81387150732021
 30
0.0
 40
1.75
 41
0.0
 71
     1
 72
     1
  1
PCB输\U+5165转\U+63A5\U+677F
  7
SLDTEXTSTYLE3
 73
     1
 44
1.0
  0
MTEXT
  5
117
330
E5
100
AcDbEntity
  8
0
  6
SLD-实线
 62
     0
370
    25
100
AcDbMText
 10
78.51207991809994
 20
-3.81387150732021
 30
0.0
 40
1.75
 41
0.0
 71
     1
 72
     1
  1
1
  7
SLDTEXTSTYLE7
 73
     1
 44
1.0
  0
MTEXT
  5
118
330
E5
100
AcDbEntity
  8
0
  6
SLD-实线
 62
     0
370
    25
100
AcDbMText
 10
5.960798625629399
 20
-7.477311977980766
 30
0.0
 40
1.75
 41
0.0
 71
     1
 72
     1
  1
2
  7
SLDTEXTSTYLE7
 73
     1
 44
1.0
  0
MTEXT
  5
119
330
E5
100
AcDbEntity
  8
0
  6
SLD-实线
 62
     0
370
    25
100
AcDbMText
 10
13.19000000000001
 20
-7.477311977980766
 30
0.0
 40
1.75
 41
0.0
 71
     1
 72
     1
  1
15EDGVC-2.5mm\U+76F4针11P
  7
SLDTEXTSTYLE3
 73
     1
 44
1.0
  0
MTEXT
  5
11A
330
E5
100
AcDbEntity
  8
0
  6
SLD-实线
 62
     0
370
    25
100
AcDbMText
 10
78.51207991809994
 20
-7.477311977980766
 30
0.0
 40
1.75
 41
0.0
 71
     1
 72
     1
  1
1
  7
SLDTEXTSTYLE7
 73
     1
 44
1.0
  0
MTEXT
  5
11B
330
E5
100
AcDbEntity
  8
0
  6
SLD-实线
 62
     0
370
    25
100
AcDbMText
 10
5.960798625629399
 20
-11.14075244864132
 30
0.0
 40
1.75
 41
0.0
 71
     1
 72
     1
  1
3
  7
SLDTEXTSTYLE7
 73
     1
 44
1.0
  0
MTEXT
  5
11C
330
E5
100
AcDbEntity
  8
0
  6
SLD-实线
 62
     0
370
    25
100
AcDbMText
 10
13.19000000000001
 20
-11.14075244864132
 30
0.0
 40
1.75
 41
0.0
 71
     1
 72
     1
  1
15EDGVC-2.5mm\U+76F4针16P
  7
SLDTEXTSTYLE3
 73
     1
 44
1.0
  0
MTEXT
  5
11D
330
E5
100
AcDbEntity
  8
0
  6
SLD-实线
 62
     0
370
    25
100
AcDbMText
 10
78.51207991809994
 20
-11.14075244864132
 30
0.0
 40
1.75
 41
0.0
 71
     1
 72
     1
  1
1
  7
SLDTEXTSTYLE7
 73
     1
 44
1.0
  0
ENDBLK
  5
E7
330
E5
100
AcDbEntity
  8
0
100
AcDbBlockEnd
  0
BLOCK
  5
1C6
330
1C5
100
AcDbEntity
  8
0
100
AcDbBlockBegin
  2
_D
 70
     0
 10
0.0
 20
0.0
 30
0.0
  3
_D
  1

  0
SOLID
  5
1C8
330
1C5
100
AcDbEntity
  8
0
  6
SLD-实线
 62
     5
420
      255
370
    25
100
AcDbTrace
 10
50.79735668310312
 20
97.76302649904014
 30
0.0
 11
50.54335668310313
 21
95.72302649904013
 31
0.0
 12
51.05135668310312
 22
95.72302649904013
 32
0.0
 13
51.05135668310312
 23
95.72302649904013
 33
0.0
  0
SOLID
  5
1C9
330
1C5
100
AcDbEntity
  8
0
  6
SLD-实线
 62
     5
420
      255
370
    25
100
AcDbTrace
 10
50.79735668310312
 20
54.86302649904014
 30
0.0
 11
51.05135668310312
 21
56.90302649904014
 31
0.0
 12
50.54335668310313
 22
56.90302649904014
 32
0.0
 13
50.54335668310313
 23
56.90302649904014
 33
0.0
  0
LINE
  5
1CA
330
1C5
100
AcDbEntity
  8
0
  6
SLD-实线
 62
     5
420
      255
370
    25
100
AcDbLine
 10
56.79735668310311
 20
97.76302649904014
 30
0.0
 11
49.79735668310312
 21
97.76302649904014
 31
0.0
  0
LINE
  5
1CB
330
1C5
100
AcDbEntity
  8
0
  6
SLD-实线
 62
     5
420
      255
370
    25
100
AcDbLine
 10
56.79735668310311
 20
54.86302649904014
 30
0.0
 11
49.79735668310312
 21
54.86302649904014
 31
0.0
  0
LINE
  5
1CC
330
1C5
100
AcDbEntity
  8
0
  6
SLD-实线
 62
     5
420
      255
370
    25
100
AcDbLine
 10
50.79735668310312
 20
97.76302649904014
 30
0.0
 11
50.79735668310312
 21
54.86302649904014
 31
0.0
  0
MTEXT
  5
1CD
330
1C5
100
AcDbEntity
  8
0
  6
SLD-实线
 62
     5
420
      255
370
    25
100
AcDbMText
 10
48.76099316315485
 20
73.76701968539479
 30
0.0
 40
1.75
 41
0.0
 71
     1
 72
     1
  1
42.90
  7
SLDTEXTSTYLE7
 11
-7.044195017643634E-15
 21
1.0
 31
0.0
 73
     1
 44
1.0
  0
ENDBLK
  5
1C7
330
1C5
100
AcDbEntity
  8
0
100
AcDbBlockEnd
  0
BLOCK
  5
1D0
330
1CF
100
AcDbEntity
  8
0
100
AcDbBlockBegin
  2
_D_1
 70
     0
 10
0.0
 20
0.0
 30
0.0
  3
_D_1
  1

  0
SOLID
  5
1D2
330
1CF
100
AcDbEntity
  8
0
  6
SLD-实线
 62
     5
420
      255
370
    25
100
AcDbTrace
 10
55.79735668310311
 20
49.86302649904015
 30
0.0
 11
57.83735668310311
 21
49.60902649904016
 31
0.0
 12
57.83735668310311
 22
50.11702649904015
 32
0.0
 13
57.83735668310311
 23
50.11702649904015
 33
0.0
  0
SOLID
  5
1D3
330
1CF
100
AcDbEntity
  8
0
  6
SLD-实线
 62
     5
420
      255
370
    25
100
AcDbTrace
 10
85.2973566831031
 20
49.86302649904015
 30
0.0
 11
83.2573566831031
 21
50.11702649904015
 31
0.0
 12
83.2573566831031
 22
49.60902649904016
 32
0.0
 13
83.2573566831031
 23
49.60902649904016
 33
0.0
  0
LINE
  5
1D4
330
1CF
100
AcDbEntity
  8
0
  6
SLD-实线
 62
     5
420
      255
370
    25
100
AcDbLine
 10
55.79735668310311
 20
55.86302649904014
 30
0.0
 11
55.79735668310311
 21
48.86302649904015
 31
0.0
  0
LINE
  5
1D5
330
1CF
100
AcDbEntity
  8
0
  6
SLD-实线
 62
     5
420
      255
370
    25
100
AcDbLine
 10
85.2973566831031
 20
55.86302649904014
 30
0.0
 11
85.2973566831031
 21
48.86302649904015
 31
0.0
  0
LINE
  5
1D6
330
1CF
100
AcDbEntity
  8
0
  6
SLD-实线
 62
     5
420
      255
370
    25
100
AcDbLine
 10
55.79735668310311
 20
49.86302649904015
 30
0.0
 11
85.2973566831031
 21
49.86302649904015
 31
0.0
  0
MTEXT
  5
1D7
330
1CF
100
AcDbEntity
  8
0
  6
SLD-实线
 62
     5
420
      255
370
    25
100
AcDbMText
 10
68.00134986945774
 20
51.89939001898848
 30
0.0
 40
1.75
 41
0.0
 71
     1
 72
     1
  1
29.50
  7
SLDTEXTSTYLE7
 73
     1
 44
1.0
  0
ENDBLK
  5
1D1
330
1CF
100
AcDbEntity
  8
0
100
AcDbBlockEnd
  0
BLOCK
  5
23E
330
23D
100
AcDbEntity
  8
0
100
AcDbBlockBegin
  2
_D_2
 70
     0
 10
0.0
 20
0.0
 30
0.0
  3
_D_2
  1

  0
SOLID
  5
240
330
23D
100
AcDbEntity
  8
0
  6
SLD-实线
 62
     5
420
      255
370
    25
100
AcDbTrace
 10
118.8478648323108
 20
49.86302649904015
 30
0.0
 11
116.8078648323108
 21
50.11702649904015
 31
0.0
 12
116.8078648323108
 22
49.60902649904016
 32
0.0
 13
116.8078648323108
 23
49.60902649904016
 33
0.0
  0
SOLID
  5
241
330
23D
100
AcDbEntity
  8
0
  6
SLD-实线
 62
     5
420
      255
370
    25
100
AcDbTrace
 10
120.3478648323108
 20
49.86302649904015
 30
0.0
 11
122.3878648323108
 21
49.60902649904016
 31
0.0
 12
122.3878648323108
 22
50.11702649904015
 32
0.0
 13
122.3878648323108
 23
50.11702649904015
 33
0.0
  0
LINE
  5
242
330
23D
100
AcDbEntity
  8
0
  6
SLD-实线
 62
     5
420
      255
370
    25
100
AcDbLine
 10
118.8478648323108
 20
55.86302649904014
 30
0.0
 11
118.8478648323108
 21
48.86302649904015
 31
0.0
  0
LINE
  5
243
330
23D
100
AcDbEntity
  8
0
  6
SLD-实线
 62
     5
420
      255
370
    25
100
AcDbLine
 10
120.3478648323108
 20
55.86302649904014
 30
0.0
 11
120.3478648323108
 21
48.86302649904015
 31
0.0
  0
LINE
  5
244
330
23D
100
AcDbEntity
  8
0
  6
SLD-实线
 62
     5
420
      255
370
    25
100
AcDbLine
 10
118.8478648323108
 20
49.86302649904015
 30
0.0
 11
111.599253837346
 21
49.86302649904015
 31
0.0
  0
LINE
  5
245
330
23D
100
AcDbEntity
  8
0
  6
SLD-实线
 62
     5
420
      255
370
    25
100
AcDbLine
 10
118.8478648323108
 20
49.86302649904015
 30
0.0
 11
120.3478648323108
 21
49.86302649904015
 31
0.0
  0
LINE
  5
246
330
23D
100
AcDbEntity
  8
0
  6
SLD-实线
 62
     5
420
      255
370
    25
100
AcDbLine
 10
120.3478648323108
 20
49.86302649904015
 30
0.0
 11
123.5228648323108
 21
49.86302649904015
 31
0.0
  0
MTEXT
  5
247
330
23D
100
AcDbEntity
  8
0
  6
SLD-实线
 62
     5
420
      255
370
    25
100
AcDbMText
 10
111.599253837346
 20
51.89939001898848
 30
0.0
 40
1.75
 41
0.0
 71
     1
 72
     1
  1
1.50
  7
SLDTEXTSTYLE7
 73
     1
 44
1.0
  0
ENDBLK
  5
23F
330
23D
100
AcDbEntity
  8
0
100
AcDbBlockEnd
  0
BLOCK
  5
343
330
342
100
AcDbEntity
  8
0
100
AcDbBlockBegin
  2
SW_NOTE_0
 70
     0
 10
0.0
 20
0.0
 30
0.0
  3
SW_NOTE_0
  1

  0
LINE
  5
345
330
342
100
AcDbEntity
  8
0
  6
SLD-实线
 62
     0
370
    25
100
AcDbLine
 10
0.0
 20
-0.0000000000000416
 30
0.0
 11
1.98366394399066
 21
-0.0000000000000416
 31
0.0
  0
LINE
  5
346
330
342
100
AcDbEntity
  8
0
  6
SLD-实线
 62
     0
370
    25
100
AcDbLine
 10
1.98366394399066
 20
-0.0000000000000416
 30
0.0
 11
0.0
 21
-0.0000000000000416
 31
0.0
  0
LINE
  5
347
330
342
100
AcDbEntity
  8
0
  6
SLD-实线
 62
     0
370
    25
100
AcDbLine
 10
0.0
 20
-0.0000000000000416
 30
0.0
 11
1.98366394399066
 21
-0.0000000000000416
 31
0.0
  0
LINE
  5
348
330
342
100
AcDbEntity
  8
0
  6
SLD-实线
 62
     0
370
    25
100
AcDbLine
 10
1.98366394399066
 20
-0.0000000000000416
 30
0.0
 11
0.0
 21
-0.0000000000000416
 31
0.0
  0
LINE
  5
349
330
342
100
AcDbEntity
  8
0
  6
SLD-实线
 62
     0
370
    25
100
AcDbLine
 10
0.0
 20
-0.0000000000000416
 30
0.0
 11
1.98366394399066
 21
-0.0000000000000416
 31
0.0
  0
LINE
  5
34A
330
342
100
AcDbEntity
  8
0
  6
SLD-实线
 62
     0
370
    25
100
AcDbLine
 10
1.98366394399066
 20
-0.0000000000000416
 30
0.0
 11
0.0
 21
-0.0000000000000416
 31
0.0
  0
MTEXT
  5
34B
330
342
100
AcDbEntity
  8
0
  6
SLD-实线
 62
     0
370
    25
100
AcDbMText
 10
0.9748180976247023
 20
1.986771977227866
 30
0.0
 40
1.75
 41
0.0
 71
     2
 72
     1
  1
1
  7
SLDTEXTSTYLE7
 73
     1
 44
1.0
  0
ENDBLK
  5
344
330
342
100
AcDbEntity
  8
0
100
AcDbBlockEnd
  0
BLOCK
  5
350
330
34F
100
AcDbEntity
  8
0
100
AcDbBlockBegin
  2
SW_NOTE_0_1
 70
     0
 10
0.0
 20
0.0
 30
0.0
  3
SW_NOTE_0_1
  1

  0
LINE
  5
352
330
34F
100
AcDbEntity
  8
0
  6
SLD-实线
 62
     0
370
    25
100
AcDbLine
 10
0.0
 20
0.0000000000000208
 30
0.0
 11
1.98366394399066
 21
0.0000000000000208
 31
0.0
  0
LINE
  5
353
330
34F
100
AcDbEntity
  8
0
  6
SLD-实线
 62
     0
370
    25
100
AcDbLine
 10
1.98366394399066
 20
0.0000000000000208
 30
0.0
 11
0.0
 21
0.0000000000000208
 31
0.0
  0
LINE
  5
354
330
34F
100
AcDbEntity
  8
0
  6
SLD-实线
 62
     0
370
    25
100
AcDbLine
 10
0.0
 20
0.0000000000000208
 30
0.0
 11
1.98366394399066
 21
0.0000000000000208
 31
0.0
  0
LINE
  5
355
330
34F
100
AcDbEntity
  8
0
  6
SLD-实线
 62
     0
370
    25
100
AcDbLine
 10
1.98366394399066
 20
0.0000000000000208
 30
0.0
 11
0.0
 21
0.0000000000000208
 31
0.0
  0
LINE
  5
356
330
34F
100
AcDbEntity
  8
0
  6
SLD-实线
 62
     0
370
    25
100
AcDbLine
 10
0.0
 20
0.0000000000000208
 30
0.0
 11
1.98366394399066
 21
0.0000000000000208
 31
0.0
  0
LINE
  5
357
330
34F
100
AcDbEntity
  8
0
  6
SLD-实线
 62
     0
370
    25
100
AcDbLine
 10
1.98366394399066
 20
0.0000000000000208
 30
0.0
 11
0.0
 21
0.0000000000000208
 31
0.0
  0
MTEXT
  5
358
330
34F
100
AcDbEntity
  8
0
  6
SLD-实线
 62
     0
370
    25
100
AcDbMText
 10
0.97481809762473
 20
1.986771977227922
 30
0.0
 40
1.75
 41
0.0
 71
     2
 72
     1
  1
3
  7
SLDTEXTSTYLE7
 73
     1
 44
1.0
  0
ENDBLK
  5
351
330
34F
100
AcDbEntity
  8
0
100
AcDbBlockEnd
  0
BLOCK
  5
35D
330
35C
100
AcDbEntity
  8
0
100
AcDbBlockBegin
  2
SW_NOTE_0_2
 70
     0
 10
0.0
 20
0.0
 30
0.0
  3
SW_NOTE_0_2
  1

  0
LINE
  5
35F
330
35C
100
AcDbEntity
  8
0
  6
SLD-实线
 62
     0
370
    25
100
AcDbLine
 10
-1.98366394399066
 20
0.0000000000000694
 30
0.0
 11
0.0
 21
0.0000000000000694
 31
0.0
  0
LINE
  5
360
330
35C
100
AcDbEntity
  8
0
  6
SLD-实线
 62
     0
370
    25
100
AcDbLine
 10
0.0
 20
0.0000000000000694
 30
0.0
 11
-1.98366394399066
 21
0.0000000000000694
 31
0.0
  0
LINE
  5
361
330
35C
100
AcDbEntity
  8
0
  6
SLD-实线
 62
     0
370
    25
100
AcDbLine
 10
-1.98366394399066
 20
0.0000000000000694
 30
0.0
 11
0.0
 21
0.0000000000000694
 31
0.0
  0
LINE
  5
362
330
35C
100
AcDbEntity
  8
0
  6
SLD-实线
 62
     0
370
    25
100
AcDbLine
 10
0.0
 20
0.0000000000000694
 30
0.0
 11
-1.98366394399066
 21
0.0000000000000694
 31
0.0
  0
LINE
  5
363
330
35C
100
AcDbEntity
  8
0
  6
SLD-实线
 62
     0
370
    25
100
AcDbLine
 10
-1.98366394399066
 20
0.0000000000000694
 30
0.0
 11
0.0
 21
0.0000000000000694
 31
0.0
  0
LINE
  5
364
330
35C
100
AcDbEntity
  8
0
  6
SLD-实线
 62
     0
370
    25
100
AcDbLine
 10
0.0
 20
0.0000000000000694
 30
0.0
 11
-1.98366394399066
 21
0.0000000000000694
 31
0.0
  0
MTEXT
  5
365
330
35C
100
AcDbEntity
  8
0
  6
SLD-实线
 62
     0
370
    25
100
AcDbMText
 10
-1.00884584636593
 20
1.986771977227977
 30
0.0
 40
1.75
 41
0.0
 71
     2
 72
     1
  1
2
  7
SLDTEXTSTYLE7
 73
     1
 44
1.0
  0
ENDBLK
  5
35E
330
35C
100
AcDbEntity
  8
0
100
AcDbBlockEnd
  0
ENDSEC
  0
SECTION
  2
ENTITIES
  0
LINE
  5
6D
330
1F
100
AcDbEntity
  8
0
  6
SLD-实线
 62
     7
370
    35
100
AcDbLine
 10
111.5450119299934
 20
10.30000626332373
 30
0.0
 11
128.5585852190278
 21
10.30000626332373
 31
0.0
  0
LINE
  5
6E
330
1F
100
AcDbEntity
  8
0
  6
SLD-实线
 62
     7
420
 16777215
370
    18
100
AcDbLine
 10
180.1777591550857
 20
11.24691340361451
 30
0.0
 11
180.1777591550857
 21
8.218481037543533
 31
0.0
  0
LINE
  5
6F
330
1F
100
AcDbEntity
  8
0
  6
SLD-实线
 62
     7
370
    18
100
AcDbLine
 10
114.6487961514502
 20
10.30000626332373
 30
0.0
 11
114.6487961514502
 21
4.997788551915628
 31
0.0
  0
LINE
  5
70
330
1F
100
AcDbEntity
  8
0
  6
SLD-实线
 62
     7
370
    18
100
AcDbLine
 10
121.5287970511115
 20
10.30000626332373
 30
0.0
 11
121.5287970511115
 21
4.997788551914774
 31
0.0
  0
LINE
  5
71
330
1F
100
AcDbEntity
  8
0
  6
SLD-实线
 62
     7
420
 16777215
370
    18
100
AcDbLine
 10
138.5423703401458
 20
12.95000626332373
 30
0.0
 11
138.5423703401458
 21
5.000006263324384
 31
0.0
  0
LINE
  5
72
330
1F
100
AcDbEntity
  8
0
  6
SLD-实线
 62
     7
370
    35
100
AcDbLine
 10
128.5585852190278
 20
12.95000626332373
 30
0.0
 11
128.5585852190278
 21
5.000006263325238
 31
0.0
  0
LINE
  5
73
330
1F
100
AcDbEntity
  8
0
  6
SLD-实线
 62
     7
370
    18
100
AcDbLine
 10
145.5721585080622
 20
10.30000626332373
 30
0.0
 11
128.5585852190278
 21
10.30000626332373
 31
0.0
  0
LINE
  5
74
330
1F
100
AcDbEntity
  8
0
  6
SLD-实线
 62
     7
420
 16777215
370
    18
100
AcDbLine
 10
131.6623694404846
 20
12.95000626332373
 30
0.0
 11
131.6623694404846
 21
5.000006263325238
 31
0.0
  0
LINE
  5
75
330
1F
100
AcDbEntity
  8
0
  6
SLD-实线
 62
     7
370
    35
100
AcDbLine
 10
111.5450119299934
 20
10.30000626332373
 30
0.0
 11
111.5450119299934
 21
5.000006263325231
 31
0.0
  0
LINE
  5
76
330
1F
100
AcDbEntity
  8
0
  6
SLD-实线
 62
     7
370
    18
100
AcDbLine
 10
145.5721585080621
 20
7.650006263323732
 30
0.0
 11
111.499981083489
 21
7.650006263323732
 31
0.0
  0
LINE
  5
77
330
1F
100
AcDbEntity
  8
0
  6
SLD-实线
 62
     7
370
    35
100
AcDbLine
 10
128.5585852190278
 20
12.95000626332373
 30
0.0
 11
145.5721585080622
 21
12.95000626332373
 31
0.0
  0
LINE
  5
78
330
1F
100
AcDbEntity
  8
0
  6
SLD-实线
 62
     7
370
    35
100
AcDbLine
 10
145.5721585080621
 20
20.54763507219744
 30
0.0
 11
145.5721585080621
 21
5.002223974734854
 31
0.0
  0
LINE
  5
79
330
1F
100
AcDbEntity
  8
0
  6
SLD-实线
 62
     7
370
    18
100
AcDbLine
 10
196.5677969237472
 20
17.2993901235664
 30
0.0
 11
196.5677969237472
 21
8.218481037543533
 31
0.0
  0
LINE
  5
7A
330
1F
100
AcDbEntity
  8
0
  6
SLD-实线
 62
     7
370
    35
100
AcDbLine
 10
145.5721585080621
 20
20.54763507219744
 30
0.0
 11
204.9999810834889
 21
20.54763507219744
 31
0.0
  0
LINE
  5
7B
330
1F
100
AcDbEntity
  8
0
  6
SLD-实线
 62
     7
370
    18
100
AcDbLine
 10
172.4999810834888
 20
11.24691340361451
 30
0.0
 11
204.9999810834889
 21
11.24691340361451
 31
0.0
  0
LINE
  5
7C
330
1F
100
AcDbEntity
  8
0
  6
SLD-实线
 62
     7
420
 16777215
370
    18
100
AcDbLine
 10
182.3005839594456
 20
13.03001223116391
 30
0.0
 11
173.0561618639531
 21
13.03001223116391
 31
0.0
  0
LINE
  5
7D
330
1F
100
AcDbEntity
  8
0
  6
SLD-实线
 62
     7
420
 16777215
370
    35
100
AcDbLine
 10
178.9076513688318
 20
11.63915592312804
 30
0.0
 11
181.4730781452711
 21
12.16383046142065
 31
0.0
  0
LINE
  5
7E
330
1F
100
AcDbEntity
  8
0
  6
SLD-实线
 62
     7
420
 16777215
370
    35
100
AcDbLine
 10
181.4730781452711
 20
13.89619400090715
 30
0.0
 11
178.9076513688318
 21
14.42086853919978
 31
0.0
  0
LINE
  5
7F
330
1F
100
AcDbEntity
  8
0
  6
SLD-实线
 62
     7
370
    18
100
AcDbLine
 10
187.9402857904403
 20
17.2993901235664
 30
0.0
 11
187.9402857904403
 21
8.218481037543533
 31
0.0
  0
LINE
  5
80
330
1F
100
AcDbEntity
  8
0
  6
SLD-实线
 62
     7
370
    18
100
AcDbLine
 10
182.7353437912167
 20
17.2993901235664
 30
0.0
 11
182.7353437912167
 21
11.24691340361451
 31
0.0
  0
LINE
  5
81
330
1F
100
AcDbEntity
  8
0
  6
SLD-实线
 62
     7
370
    18
100
AcDbLine
 10
145.5721585080621
 20
20.54763507219744
 30
0.0
 11
204.9999810834889
 21
20.54763507219744
 31
0.0
  0
LINE
  5
82
330
1F
100
AcDbEntity
  8
0
  6
SLD-实线
 62
     7
370
    35
100
AcDbLine
 10
145.5721585080621
 20
8.218481037543533
 30
0.0
 11
205.0
 21
8.218481037543533
 31
0.0
  0
LINE
  5
83
330
1F
100
AcDbEntity
  8
0
  6
SLD-实线
 62
     7
420
 16777215
370
    35
100
AcDbLine
 10
178.9076513688318
 20
14.42086853919978
 30
0.0
 11
178.9076513688318
 21
11.63915592312804
 31
0.0
  0
LINE
  5
84
330
1F
100
AcDbEntity
  8
0
  6
SLD-实线
 62
     7
420
 16777215
370
    35
100
AcDbLine
 10
181.4730781452711
 20
12.16383046142065
 30
0.0
 11
181.4730781452711
 21
13.89619400090715
 31
0.0
  0
LINE
  5
85
330
1F
100
AcDbEntity
  8
0
  6
SLD-实线
 62
     7
420
 16777215
370
    18
100
AcDbLine
 10
204.999981083489
 20
23.04908118644659
 30
0.0
 11
205.0897457342747
 21
23.04908118644659
 31
0.0
  0
LINE
  5
86
330
1F
100
AcDbEntity
  8
0
  6
SLD-实线
 62
     7
370
    18
100
AcDbLine
 10
172.4999810834888
 20
14.79939012356641
 30
0.0
 11
204.9999810834889
 21
14.79939012356641
 31
0.0
  0
LINE
  5
87
330
1F
100
AcDbEntity
  8
0
  6
SLD-实线
 62
     7
370
    35
100
AcDbLine
 10
172.5721585080622
 20
20.54763507219744
 30
0.0
 11
172.5721585080622
 21
4.999999999999999
 31
0.0
  0
LINE
  5
88
330
1F
100
AcDbEntity
  8
0
  6
SLD-实线
 62
     7
370
    18
100
AcDbLine
 10
177.6986957951218
 20
14.79939012356641
 30
0.0
 11
177.6986957951218
 21
11.24691340361451
 31
0.0
  0
LINE
  5
89
330
1F
100
AcDbEntity
  8
0
  6
SLD-实线
 62
     7
370
    18
100
AcDbLine
 10
172.4999810834888
 20
17.2993901235664
 30
0.0
 11
204.9999810834889
 21
17.2993901235664
 31
0.0
  0
LINE
  5
8A
330
1F
100
AcDbEntity
  8
0
  6
SLD-实线
 62
     7
370
    35
100
AcDbLine
 10
5.0
 20
24.24999999999999
 30
0.0
 11
0.0
 21
24.24999999999999
 31
0.0
  0
LINE
  5
8B
330
1F
100
AcDbEntity
  8
0
  6
SLD-实线
 62
     7
370
    35
100
AcDbLine
 10
205.0
 20
24.24999999999999
 30
0.0
 11
210.0
 21
24.24999999999999
 31
0.0
  0
LINE
  5
8C
330
1F
100
AcDbEntity
  8
0
  6
SLD-实线
 62
     7
370
    35
100
AcDbLine
 10
5.0
 20
49.24999999999999
 30
0.0
 11
0.0
 21
49.24999999999999
 31
0.0
  0
LINE
  5
8D
330
1F
100
AcDbEntity
  8
0
  6
SLD-实线
 62
     7
370
    35
100
AcDbLine
 10
205.0
 20
49.24999999999999
 30
0.0
 11
210.0
 21
49.24999999999999
 31
0.0
  0
LINE
  5
8E
330
1F
100
AcDbEntity
  8
0
  6
SLD-实线
 62
     7
370
    35
100
AcDbLine
 10
5.0
 20
74.25
 30
0.0
 11
0.0
 21
74.25
 31
0.0
  0
LINE
  5
8F
330
1F
100
AcDbEntity
  8
0
  6
SLD-实线
 62
     7
370
    35
100
AcDbLine
 10
205.0
 20
74.25
 30
0.0
 11
210.0
 21
74.25
 31
0.0
  0
LINE
  5
90
330
1F
100
AcDbEntity
  8
0
  6
SLD-实线
 62
     7
370
    35
100
AcDbLine
 10
5.0
 20
99.25
 30
0.0
 11
0.0
 21
99.25
 31
0.0
  0
LINE
  5
91
330
1F
100
AcDbEntity
  8
0
  6
SLD-实线
 62
     7
370
    35
100
AcDbLine
 10
205.0
 20
99.25
 30
0.0
 11
210.0
 21
99.25
 31
0.0
  0
LINE
  5
92
330
1F
100
AcDbEntity
  8
0
  6
SLD-实线
 62
     7
370
    35
100
AcDbLine
 10
5.0
 20
124.25
 30
0.0
 11
0.0
 21
124.25
 31
0.0
  0
LINE
  5
93
330
1F
100
AcDbEntity
  8
0
  6
SLD-实线
 62
     7
370
    35
100
AcDbLine
 10
205.0
 20
124.25
 30
0.0
 11
210.0
 21
124.25
 31
0.0
  0
LINE
  5
94
330
1F
100
AcDbEntity
  8
0
  6
SLD-实线
 62
     7
370
    35
100
AcDbLine
 10
29.99999999999999
 20
143.5
 30
0.0
 11
29.99999999999999
 21
148.5
 31
0.0
  0
LINE
  5
95
330
1F
100
AcDbEntity
  8
0
  6
SLD-实线
 62
     7
370
    35
100
AcDbLine
 10
29.99999999999999
 20
5.0
 30
0.0
 11
29.99999999999999
 21
0.0
 31
0.0
  0
LINE
  5
96
330
1F
100
AcDbEntity
  8
0
  6
SLD-实线
 62
     7
370
    35
100
AcDbLine
 10
54.99999999999999
 20
143.5
 30
0.0
 11
54.99999999999999
 21
148.5
 31
0.0
  0
LINE
  5
97
330
1F
100
AcDbEntity
  8
0
  6
SLD-实线
 62
     7
370
    35
100
AcDbLine
 10
54.99999999999999
 20
5.0
 30
0.0
 11
54.99999999999999
 21
0.0
 31
0.0
  0
LINE
  5
98
330
1F
100
AcDbEntity
  8
0
  6
SLD-实线
 62
     7
370
    35
100
AcDbLine
 10
79.99999999999999
 20
143.5
 30
0.0
 11
79.99999999999999
 21
148.5
 31
0.0
  0
LINE
  5
99
330
1F
100
AcDbEntity
  8
0
  6
SLD-实线
 62
     7
370
    35
100
AcDbLine
 10
79.99999999999999
 20
5.0
 30
0.0
 11
79.99999999999999
 21
0.0
 31
0.0
  0
LINE
  5
9A
330
1F
100
AcDbEntity
  8
0
  6
SLD-实线
 62
     7
370
    35
100
AcDbLine
 10
105.0
 20
143.5
 30
0.0
 11
105.0
 21
148.5
 31
0.0
  0
LINE
  5
9B
330
1F
100
AcDbEntity
  8
0
  6
SLD-实线
 62
     7
370
    35
100
AcDbLine
 10
105.0
 20
5.0
 30
0.0
 11
105.0
 21
0.0
 31
0.0
  0
LINE
  5
9C
330
1F
100
AcDbEntity
  8
0
  6
SLD-实线
 62
     7
370
    35
100
AcDbLine
 10
130.0
 20
143.5
 30
0.0
 11
130.0
 21
148.5
 31
0.0
  0
LINE
  5
9D
330
1F
100
AcDbEntity
  8
0
  6
SLD-实线
 62
     7
370
    35
100
AcDbLine
 10
130.0
 20
5.0
 30
0.0
 11
130.0
 21
0.0
 31
0.0
  0
LINE
  5
9E
330
1F
100
AcDbEntity
  8
0
  6
SLD-实线
 62
     7
370
    35
100
AcDbLine
 10
155.0
 20
143.5
 30
0.0
 11
155.0
 21
148.5
 31
0.0
  0
LINE
  5
9F
330
1F
100
AcDbEntity
  8
0
  6
SLD-实线
 62
     7
370
    35
100
AcDbLine
 10
155.0
 20
5.0
 30
0.0
 11
155.0
 21
0.0
 31
0.0
  0
LINE
  5
A0
330
1F
100
AcDbEntity
  8
0
  6
SLD-实线
 62
     7
370
    35
100
AcDbLine
 10
180.0
 20
143.5
 30
0.0
 11
180.0
 21
148.5
 31
0.0
  0
LINE
  5
A1
330
1F
100
AcDbEntity
  8
0
  6
SLD-实线
 62
     7
370
    35
100
AcDbLine
 10
180.0
 20
5.0
 30
0.0
 11
180.0
 21
0.0
 31
0.0
  0
LINE
  5
A2
330
1F
100
AcDbEntity
  8
0
  6
SLD-实线
 62
     7
370
    70
100
AcDbLine
 10
5.0
 20
5.0
 30
0.0
 11
5.0
 21
143.5
 31
0.0
  0
LINE
  5
A3
330
1F
100
AcDbEntity
  8
0
  6
SLD-实线
 62
     7
370
    70
100
AcDbLine
 10
5.0
 20
143.5
 30
0.0
 11
205.0
 21
143.5
 31
0.0
  0
LINE
  5
A4
330
1F
100
AcDbEntity
  8
0
  6
SLD-实线
 62
     7
370
    70
100
AcDbLine
 10
205.0
 20
143.5
 30
0.0
 11
205.0
 21
5.0
 31
0.0
  0
LINE
  5
A5
330
1F
100
AcDbEntity
  8
0
  6
SLD-实线
 62
     7
370
    70
100
AcDbLine
 10
205.0
 20
5.0
 30
0.0
 11
5.0
 21
5.0
 31
0.0
  0
LINE
  5
A6
330
1F
100
AcDbEntity
  8
0
  6
SLD-实线
 62
     7
370
    35
100
AcDbLine
 10
-0.0004999999999996
 20
74.25
 30
0.0
 11
7.500500000000001
 21
74.25
 31
0.0
  0
LINE
  5
A7
330
1F
100
AcDbEntity
  8
0
  6
SLD-实线
 62
     7
370
    35
100
AcDbLine
 10
105.0
 20
148.5005
 30
0.0
 11
105.0
 21
140.9995
 31
0.0
  0
LINE
  5
A8
330
1F
100
AcDbEntity
  8
0
  6
SLD-实线
 62
     7
370
    35
100
AcDbLine
 10
210.0005
 20
74.25
 30
0.0
 11
202.4995
 21
74.25
 31
0.0
  0
LINE
  5
A9
330
1F
100
AcDbEntity
  8
0
  6
SLD-实线
 62
     7
370
    35
100
AcDbLine
 10
105.0
 20
-0.0004999999999996
 30
0.0
 11
105.0
 21
7.500500000000001
 31
0.0
  0
CIRCLE
  5
AA
330
1F
100
AcDbEntity
  8
0
  6
SLD-实线
 62
     7
420
 16777215
370
    35
100
AcDbCircle
 10
175.2139018294577
 20
13.03001223116391
 30
0.0
 40
1.390856308035832
  0
CIRCLE
  5
AB
330
1F
100
AcDbEntity
  8
0
  6
SLD-实线
 62
     7
420
 16777215
370
    35
100
AcDbCircle
 10
175.2139018294577
 20
13.03001223116391
 30
0.0
 40
0.8661817697432189
  0
MTEXT
  5
AD
330
1F
100
AcDbEntity
  8
0
  6
SLD-实线
 62
     7
420
 16777215
370
    18
100
AcDbMText
 10
7.096127679739834
 20
23.54410120549583
 30
0.0
 40
1.5875
 41
0.0
 71
     1
 72
     1
  1
\U+6280术\U+8981\U+6C42\U+FF1A^J1\U+3001\U+53BB锐\U+89D2\U+FF0C\U+53BB\U+6BDB\U+523A\U+3002^J2\U+3001\U+672A\U+6CE8\U+5012\U+89D2C0.5\U+FF0C\U+672A\U+6CE8圆\U+89D2R0.5\U+3002^J3\U+3001\U+672A\U+6CE8\U+5C3A\U+5BF8\U+516C\U+5DEE\U+6309\U+7167GB/T1804-92m级\U+3002^J4\U+3001\U+8868\U+9762阳极氧\U+5316\U+3002
  7
SLDTEXTSTYLE0
 73
     1
 44
1.0
  0
MTEXT
  5
AF
330
1F
100
AcDbEntity
  8
0
  6
SLD-实线
 62
     7
420
 16777215
370
    18
100
AcDbMText
 10
112.9033002270804
 20
9.520052363968407
 30
0.0
 40
1.190625
 41
0.0
 71
     2
 72
     1
  1
A1
  7
SLDTEXTSTYLE1
 73
     1
 44
1.0
  0
MTEXT
  5
B1
330
1F
100
AcDbEntity
  8
0
  6
SLD-实线
 62
     7
420
 16777215
370
    18
100
AcDbMText
 10
130.0026298161062
 20
9.660285215523043
 30
0.0
 40
1.190625
 41
0.0
 71
     2
 72
     1
  1
审\U+6838
  7
SLDTEXTSTYLE2
 73
     1
 44
1.0
  0
MTEXT
  5
B2
330
1F
100
AcDbEntity
  8
0
  6
SLD-实线
 62
     7
420
 16777215
370
    18
100
AcDbMText
 10
117.6715201571893
 20
6.949576161935684
 30
0.0
 40
1.190625
 41
0.0
 71
     2
 72
     1
  1
变\U+66F4\U+5185\U+5BB9
  7
SLDTEXTSTYLE2
 73
     1
 44
1.0
  0
MTEXT
  5
B3
330
1F
100
AcDbEntity
  8
0
  6
SLD-实线
 62
     7
420
 16777215
370
    18
100
AcDbMText
 10
130.0026298161061
 20
12.31435760917088
 30
0.0
 40
1.190625
 41
0.0
 71
     2
 72
     1
  1
设计
  7
SLDTEXTSTYLE2
 73
     1
 44
1.0
  0
MTEXT
  5
B4
330
1F
100
AcDbEntity
  8
0
  6
SLD-实线
 62
     7
420
 16777215
370
    18
100
AcDbMText
 10
124.6452984593001
 20
6.947899082809449
 30
0.0
 40
1.190625
 41
0.0
 71
     2
 72
     1
  1
\U+65E5   \U+671F
  7
SLDTEXTSTYLE2
 73
     1
 44
1.0
  0
MTEXT
  5
B5
330
1F
100
AcDbEntity
  8
0
  6
SLD-实线
 62
     7
420
 16777215
370
    18
100
AcDbMText
 10
117.6715201571893
 20
9.520052363968407
 30
0.0
 40
1.190625
 41
0.0
 71
     2
 72
     1
  1
\U+52A0\U+5DE5发\U+884C
  7
SLDTEXTSTYLE2
 73
     1
 44
1.0
  0
MTEXT
  5
B6
330
1F
100
AcDbEntity
  8
0
  6
SLD-实线
 62
     7
420
 16777215
370
    18
100
AcDbMText
 10
130.0026298161064
 20
7.088131934364085
 30
0.0
 40
1.190625
 41
0.0
 71
     2
 72
     1
  1
\U+6279\U+51C6
  7
SLDTEXTSTYLE2
 73
     1
 44
1.0
  0
MTEXT
  5
B7
330
1F
100
AcDbEntity
  8
0
  6
SLD-实线
 62
     7
420
 16777215
370
    18
100
AcDbMText
 10
112.9303149669032
 20
6.947899082809445
 30
0.0
 40
1.190625
 41
0.0
 71
     2
 72
     1
  1
\U+7248\U+672C
  7
SLDTEXTSTYLE2
 73
     1
 44
1.0
  0
MTEXT
  5
B8
330
1F
100
AcDbEntity
  8
0
  6
SLD-实线
 62
     7
420
 16777215
370
    18
100
AcDbMText
 10
124.6224674313119
 20
9.520052349416492
 30
0.0
 40
1.190625
 41
0.0
 71
     2
 72
     1
  1
2025/7/29
  7
SLDTEXTSTYLE1
 73
     1
 44
1.0
  0
MTEXT
  5
BA
330
1F
100
AcDbEntity
  8
0
  6
SLD-实线
 62
     7
420
 16777215
370
    18
100
AcDbMText
 10
184.3960268006319
 20
10.82711341129356
 30
0.0
 40
1.75
 41
0.0
 71
     2
 72
     1
  1
\U+7B2C  张
  7
SLDTEXTSTYLE3
 73
     1
 44
1.0
  0
MTEXT
  5
BB
330
1F
100
AcDbEntity
  8
0
  6
SLD-实线
 62
     7
420
 16777215
370
    18
100
AcDbMText
 10
176.4274804374793
 20
10.82711341129355
 30
0.0
 40
1.75
 41
0.0
 71
     2
 72
     1
  1
\U+5171  张
  7
SLDTEXTSTYLE3
 73
     1
 44
1.0
  0
MTEXT
  5
BD
330
1F
100
AcDbEntity
  8
0
  6
SLD-实线
 62
     7
420
 16777215
370
    18
100
AcDbMText
 10
200.9686455511164
 20
14.07746771153341
 30
0.0
 40
1.75
 41
0.0
 71
     2
 72
     1
  1
2:1
  7
SLDTEXTSTYLE4
 73
     1
 44
1.0
  0
MTEXT
  5
BF
330
1F
100
AcDbEntity
  8
0
  6
SLD-实线
 62
     7
420
 16777215
370
    18
100
AcDbMText
 10
201.3551038688656
 20
16.9929751041632
 30
0.0
 40
1.75
 41
0.0
 71
     2
 72
     1
  1
\U+6BD4\U+4F8B
  7
SLDTEXTSTYLE5
 73
     1
 44
1.0
  0
MTEXT
  5
C0
330
1F
100
AcDbEntity
  8
0
  6
SLD-实线
 62
     7
420
 16777215
370
    18
100
AcDbMText
 10
146.3643725582103
 20
18.97405417684164
 30
0.0
 40
1.75
 41
0.0
 71
     1
 72
     1
  1
\U+96F6\U+4EF6\U+540D\U+79F0\U+FF1A
  7
SLDTEXTSTYLE3
 73
     1
 44
1.0
  0
MTEXT
  5
C1
330
1F
100
AcDbEntity
  8
0
  6
SLD-实线
 62
     7
420
 16777215
370
    18
100
AcDbMText
 10
146.4142735129781
 20
15.1884959492208
 30
0.0
 40
1.75
 41
0.0
 71
     1
 72
     1
  1
\U+6750    质\U+FF1A
  7
SLDTEXTSTYLE3
 73
     1
 44
1.0
  0
MTEXT
  5
C2
330
1F
100
AcDbEntity
  8
0
  6
SLD-实线
 62
     7
420
 16777215
370
    18
100
AcDbMText
 10
192.2488915872577
 20
16.9144424276735
 30
0.0
 40
1.75
 41
0.0
 71
     2
 72
     1
  1
\U+91CD\U+91CF(Kg)
  7
SLDTEXTSTYLE3
 73
     1
 44
1.0
  0
MTEXT
  5
C3
330
1F
100
AcDbEntity
  8
0
  6
SLD-实线
 62
     7
420
 16777215
370
    18
100
AcDbMText
 10
177.7089567392281
 20
16.9144424276735
 30
0.0
 40
1.75
 41
0.0
 71
     2
 72
     1
  1
图样标记
  7
SLDTEXTSTYLE3
 73
     1
 44
1.0
  0
MTEXT
  5
C4
330
1F
100
AcDbEntity
  8
0
  6
SLD-实线
 62
     7
420
 16777215
370
    18
100
AcDbMText
 10
192.2689400125585
 20
10.82711341129358
 30
0.0
 40
1.75
 41
0.0
 71
     2
 72
     1
  1
\U+8868\U+9762积
  7
SLDTEXTSTYLE3
 73
     1
 44
1.0
  0
MTEXT
  5
C5
330
1F
100
AcDbEntity
  8
0
  6
SLD-实线
 62
     7
420
 16777215
370
    18
100
AcDbMText
 10
146.3400678329805
 20
11.51212305765625
 30
0.0
 40
1.75
 41
0.0
 71
     1
 72
     1
  1
\U+8868\U+9762处\U+7406\U+FF1A
  7
SLDTEXTSTYLE3
 73
     1
 44
1.0
  0
MTEXT
  5
C6
330
1F
100
AcDbEntity
  8
0
  6
SLD-实线
 62
     7
420
 16777215
370
    18
100
AcDbMText
 10
185.448457530945
 20
16.9144424276735
 30
0.0
 40
1.75
 41
0.0
 71
     2
 72
     1
  1
\U+6570\U+91CF
  7
SLDTEXTSTYLE3
 73
     1
 44
1.0
  0
MTEXT
  5
C7
330
1F
100
AcDbEntity
  8
0
  6
SLD-实线
 62
     7
420
 16777215
370
    18
100
AcDbMText
 10
146.3527193639604
 20
7.545188176995589
 30
0.0
 40
1.75
 41
0.0
 71
     1
 72
     1
  1
PCB转\U+63A5\U+677F
  7
SLDTEXTSTYLE3
 73
     1
 44
1.0
  0
MTEXT
  5
C9
330
1F
100
AcDbEntity
  8
0
  6
Continuous
 62
     7
370
     0
100
AcDbMText
 10
2.478870104532689
 20
15.88181225279967
 30
0.0
 40
1.984375
 41
0.0
 71
     2
 72
     1
  1
F
  7
SLDTEXTSTYLE6
 73
     1
 44
1.0
  0
MTEXT
  5
CA
330
1F
100
AcDbEntity
  8
0
  6
Continuous
 62
     7
370
     0
100
AcDbMText
 10
207.4788701045327
 20
15.88181225279967
 30
0.0
 40
1.984375
 41
0.0
 71
     2
 72
     1
  1
F
  7
SLDTEXTSTYLE6
 73
     1
 44
1.0
  0
MTEXT
  5
CB
330
1F
100
AcDbEntity
  8
0
  6
Continuous
 62
     7
370
     0
100
AcDbMText
 10
2.503904452547431
 20
38.00681225279966
 30
0.0
 40
1.984375
 41
0.0
 71
     2
 72
     1
  1
E
  7
SLDTEXTSTYLE6
 73
     1
 44
1.0
  0
MTEXT
  5
CC
330
1F
100
AcDbEntity
  8
0
  6
Continuous
 62
     7
370
     0
100
AcDbMText
 10
207.5039044525474
 20
38.00681225279967
 30
0.0
 40
1.984375
 41
0.0
 71
     2
 72
     1
  1
E
  7
SLDTEXTSTYLE6
 73
     1
 44
1.0
  0
MTEXT
  5
CD
330
1F
100
AcDbEntity
  8
0
  6
Continuous
 62
     7
370
     0
100
AcDbMText
 10
2.476343641057611
 20
63.00681225279968
 30
0.0
 40
1.984375
 41
0.0
 71
     2
 72
     1
  1
D
  7
SLDTEXTSTYLE6
 73
     1
 44
1.0
  0
MTEXT
  5
CE
330
1F
100
AcDbEntity
  8
0
  6
Continuous
 62
     7
370
     0
100
AcDbMText
 10
207.4763436410576
 20
63.00681225279966
 30
0.0
 40
1.984375
 41
0.0
 71
     2
 72
     1
  1
D
  7
SLDTEXTSTYLE6
 73
     1
 44
1.0
  0
MTEXT
  5
CF
330
1F
100
AcDbEntity
  8
0
  6
Continuous
 62
     7
370
     0
100
AcDbMText
 10
2.479329450987279
 20
88.00681225279968
 30
0.0
 40
1.984375
 41
0.0
 71
     2
 72
     1
  1
C
  7
SLDTEXTSTYLE6
 73
     1
 44
1.0
  0
MTEXT
  5
D0
330
1F
100
AcDbEntity
  8
0
  6
Continuous
 62
     7
370
     0
100
AcDbMText
 10
207.4793294509873
 20
88.00681225279968
 30
0.0
 40
1.984375
 41
0.0
 71
     2
 72
     1
  1
C
  7
SLDTEXTSTYLE6
 73
     1
 44
1.0
  0
MTEXT
  5
D1
330
1F
100
AcDbEntity
  8
0
  6
Continuous
 62
     7
370
     0
100
AcDbMText
 10
2.485300912056118
 20
113.0068122527997
 30
0.0
 40
1.984375
 41
0.0
 71
     2
 72
     1
  1
B
  7
SLDTEXTSTYLE6
 73
     1
 44
1.0
  0
MTEXT
  5
D2
330
1F
100
AcDbEntity
  8
0
  6
Continuous
 62
     7
370
     0
100
AcDbMText
 10
207.4853009120561
 20
113.0068122527996
 30
0.0
 40
1.984375
 41
0.0
 71
     2
 72
     1
  1
B
  7
SLDTEXTSTYLE6
 73
     1
 44
1.0
  0
MTEXT
  5
D3
330
1F
100
AcDbEntity
  8
0
  6
Continuous
 62
     7
370
     0
100
AcDbMText
 10
2.419844071380794
 20
135.1318122527996
 30
0.0
 40
1.984375
 41
0.0
 71
     2
 72
     1
  1
A
  7
SLDTEXTSTYLE6
 73
     1
 44
1.0
  0
MTEXT
  5
D4
330
1F
100
AcDbEntity
  8
0
  6
Continuous
 62
     7
370
     0
100
AcDbMText
 10
207.4198440713808
 20
135.1318122527997
 30
0.0
 40
1.984375
 41
0.0
 71
     2
 72
     1
  1
A
  7
SLDTEXTSTYLE6
 73
     1
 44
1.0
  0
MTEXT
  5
D5
330
1F
100
AcDbEntity
  8
0
  6
Continuous
 62
     7
370
     0
100
AcDbMText
 10
17.4800184732303
 20
3.75681225279967
 30
0.0
 40
1.984375
 41
0.0
 71
     2
 72
     1
  1
1
  7
SLDTEXTSTYLE6
 73
     1
 44
1.0
  0
MTEXT
  5
D6
330
1F
100
AcDbEntity
  8
0
  6
Continuous
 62
     7
370
     0
100
AcDbMText
 10
17.4800184732303
 20
147.2568122527996
 30
0.0
 40
1.984375
 41
0.0
 71
     2
 72
     1
  1
1
  7
SLDTEXTSTYLE6
 73
     1
 44
1.0
  0
MTEXT
  5
D7
330
1F
100
AcDbEntity
  8
0
  6
Continuous
 62
     7
370
     0
100
AcDbMText
 10
42.48001847323029
 20
3.756812252799669
 30
0.0
 40
1.984375
 41
0.0
 71
     2
 72
     1
  1
2
  7
SLDTEXTSTYLE6
 73
     1
 44
1.0
  0
MTEXT
  5
D8
330
1F
100
AcDbEntity
  8
0
  6
Continuous
 62
     7
370
     0
100
AcDbMText
 10
42.4800184732303
 20
147.2568122527996
 30
0.0
 40
1.984375
 41
0.0
 71
     2
 72
     1
  1
2
  7
SLDTEXTSTYLE6
 73
     1
 44
1.0
  0
MTEXT
  5
D9
330
1F
100
AcDbEntity
  8
0
  6
Continuous
 62
     7
370
     0
100
AcDbMText
 10
67.48001847323029
 20
3.756812252799669
 30
0.0
 40
1.984375
 41
0.0
 71
     2
 72
     1
  1
3
  7
SLDTEXTSTYLE6
 73
     1
 44
1.0
  0
MTEXT
  5
DA
330
1F
100
AcDbEntity
  8
0
  6
Continuous
 62
     7
370
     0
100
AcDbMText
 10
67.48001847323029
 20
147.2568122527997
 30
0.0
 40
1.984375
 41
0.0
 71
     2
 72
     1
  1
3
  7
SLDTEXTSTYLE6
 73
     1
 44
1.0
  0
MTEXT
  5
DB
330
1F
100
AcDbEntity
  8
0
  6
Continuous
 62
     7
370
     0
100
AcDbMText
 10
92.4800184732303
 20
3.756812252799669
 30
0.0
 40
1.984375
 41
0.0
 71
     2
 72
     1
  1
4
  7
SLDTEXTSTYLE6
 73
     1
 44
1.0
  0
MTEXT
  5
DC
330
1F
100
AcDbEntity
  8
0
  6
Continuous
 62
     7
370
     0
100
AcDbMText
 10
92.4800184732303
 20
147.2568122527996
 30
0.0
 40
1.984375
 41
0.0
 71
     2
 72
     1
  1
4
  7
SLDTEXTSTYLE6
 73
     1
 44
1.0
  0
MTEXT
  5
DD
330
1F
100
AcDbEntity
  8
0
  6
Continuous
 62
     7
370
     0
100
AcDbMText
 10
117.4800184732303
 20
3.756812252799669
 30
0.0
 40
1.984375
 41
0.0
 71
     2
 72
     1
  1
5
  7
SLDTEXTSTYLE6
 73
     1
 44
1.0
  0
MTEXT
  5
DE
330
1F
100
AcDbEntity
  8
0
  6
Continuous
 62
     7
370
     0
100
AcDbMText
 10
117.4800184732303
 20
147.2568122527996
 30
0.0
 40
1.984375
 41
0.0
 71
     2
 72
     1
  1
5
  7
SLDTEXTSTYLE6
 73
     1
 44
1.0
  0
MTEXT
  5
DF
330
1F
100
AcDbEntity
  8
0
  6
Continuous
 62
     7
370
     0
100
AcDbMText
 10
142.4800184732303
 20
3.756812252799669
 30
0.0
 40
1.984375
 41
0.0
 71
     2
 72
     1
  1
6
  7
SLDTEXTSTYLE6
 73
     1
 44
1.0
  0
MTEXT
  5
E0
330
1F
100
AcDbEntity
  8
0
  6
Continuous
 62
     7
370
     0
100
AcDbMText
 10
142.4800184732303
 20
147.2568122527996
 30
0.0
 40
1.984375
 41
0.0
 71
     2
 72
     1
  1
6
  7
SLDTEXTSTYLE6
 73
     1
 44
1.0
  0
MTEXT
  5
E1
330
1F
100
AcDbEntity
  8
0
  6
Continuous
 62
     7
370
     0
100
AcDbMText
 10
167.4800184732303
 20
3.756812252799669
 30
0.0
 40
1.984375
 41
0.0
 71
     2
 72
     1
  1
7
  7
SLDTEXTSTYLE6
 73
     1
 44
1.0
  0
MTEXT
  5
E2
330
1F
100
AcDbEntity
  8
0
  6
Continuous
 62
     7
370
     0
100
AcDbMText
 10
167.4800184732303
 20
147.2568122527996
 30
0.0
 40
1.984375
 41
0.0
 71
     2
 72
     1
  1
7
  7
SLDTEXTSTYLE6
 73
     1
 44
1.0
  0
MTEXT
  5
E3
330
1F
100
AcDbEntity
  8
0
  6
Continuous
 62
     7
370
     0
100
AcDbMText
 10
192.4800184732303
 20
3.756812252799669
 30
0.0
 40
1.984375
 41
0.0
 71
     2
 72
     1
  1
8
  7
SLDTEXTSTYLE6
 73
     1
 44
1.0
  0
MTEXT
  5
E4
330
1F
100
AcDbEntity
  8
0
  6
Continuous
 62
     7
370
     0
100
AcDbMText
 10
192.4800184732303
 20
147.2568122527996
 30
0.0
 40
1.984375
 41
0.0
 71
     2
 72
     1
  1
8
  7
SLDTEXTSTYLE6
 73
     1
 44
1.0
  0
INSERT
  5
11E
330
1F
100
AcDbEntity
  8
0
  6
SLD-实线
 62
     5
420
      255
370
    25
100
AcDbBlockReference
  2
SW_TABLEANNOTATION_0
 10
120.6219179302232
 20
143.5
 30
0.0
  0
LINE
  5
11F
330
1F
100
AcDbEntity
  8
轮廓粗实线
100
AcDbLine
 10
70.19735668310311
 20
97.26302649904015
 30
0.0
 11
78.2973566831031
 21
97.26302649904015
 31
0.0
  0
LINE
  5
120
330
1F
100
AcDbEntity
  8
轮廓粗实线
100
AcDbLine
 10
78.2973566831031
 20
97.26302649904015
 30
0.0
 11
78.2973566831031
 21
55.36302649904014
 31
0.0
  0
LINE
  5
121
330
1F
100
AcDbEntity
  8
轮廓粗实线
100
AcDbLine
 10
78.2973566831031
 20
55.36302649904014
 30
0.0
 11
70.19735668310311
 21
55.36302649904014
 31
0.0
  0
LINE
  5
122
330
1F
100
AcDbEntity
  8
轮廓粗实线
100
AcDbLine
 10
77.2973566831031
 20
96.26302649904014
 30
0.0
 11
71.19735668310311
 21
96.26302649904014
 31
0.0
  0
LINE
  5
123
330
1F
100
AcDbEntity
  8
轮廓粗实线
100
AcDbLine
 10
71.19735668310311
 20
96.26302649904014
 30
0.0
 11
71.19735668310311
 21
56.36302649904014
 31
0.0
  0
LINE
  5
124
330
1F
100
AcDbEntity
  8
轮廓粗实线
100
AcDbLine
 10
71.19735668310311
 20
56.36302649904014
 30
0.0
 11
77.2973566831031
 21
56.36302649904014
 31
0.0
  0
LINE
  5
125
330
1F
100
AcDbEntity
  8
轮廓粗实线
100
AcDbLine
 10
77.2973566831031
 20
56.36302649904014
 30
0.0
 11
77.2973566831031
 21
96.26302649904014
 31
0.0
  0
LINE
  5
126
330
1F
100
AcDbEntity
  8
轮廓粗实线
100
AcDbLine
 10
70.19735668310311
 20
55.36302649904014
 30
0.0
 11
70.19735668310311
 21
97.26302649904015
 31
0.0
  0
LINE
  5
127
330
1F
100
AcDbEntity
  8
轮廓粗实线
100
AcDbLine
 10
74.6473566831031
 20
95.31302649904013
 30
0.0
 11
74.6473566831031
 21
94.81302649904013
 31
0.0
  0
LINE
  5
128
330
1F
100
AcDbEntity
  8
轮廓粗实线
100
AcDbLine
 10
74.6473566831031
 20
94.81302649904013
 30
0.0
 11
74.1473566831031
 21
94.81302649904013
 31
0.0
  0
LINE
  5
129
330
1F
100
AcDbEntity
  8
轮廓粗实线
100
AcDbLine
 10
74.1473566831031
 20
94.81302649904013
 30
0.0
 11
74.1473566831031
 21
95.31302649904013
 31
0.0
  0
LINE
  5
12A
330
1F
100
AcDbEntity
  8
轮廓粗实线
100
AcDbLine
 10
74.1473566831031
 20
95.31302649904013
 30
0.0
 11
74.6473566831031
 21
95.31302649904013
 31
0.0
  0
LINE
  5
12B
330
1F
100
AcDbEntity
  8
轮廓粗实线
100
AcDbLine
 10
74.1473566831031
 20
92.31302649904013
 30
0.0
 11
74.1473566831031
 21
92.81302649904013
 31
0.0
  0
LINE
  5
12C
330
1F
100
AcDbEntity
  8
轮廓粗实线
100
AcDbLine
 10
74.6473566831031
 20
92.81302649904013
 30
0.0
 11
74.6473566831031
 21
92.31302649904013
 31
0.0
  0
LINE
  5
12D
330
1F
100
AcDbEntity
  8
轮廓粗实线
100
AcDbLine
 10
74.6473566831031
 20
92.31302649904013
 30
0.0
 11
74.1473566831031
 21
92.31302649904013
 31
0.0
  0
LINE
  5
12E
330
1F
100
AcDbEntity
  8
轮廓粗实线
100
AcDbLine
 10
74.1473566831031
 20
92.81302649904013
 30
0.0
 11
74.6473566831031
 21
92.81302649904013
 31
0.0
  0
LINE
  5
12F
330
1F
100
AcDbEntity
  8
轮廓粗实线
100
AcDbLine
 10
74.1473566831031
 20
90.31302649904013
 30
0.0
 11
74.6473566831031
 21
90.31302649904013
 31
0.0
  0
LINE
  5
130
330
1F
100
AcDbEntity
  8
轮廓粗实线
100
AcDbLine
 10
74.6473566831031
 20
90.31302649904013
 30
0.0
 11
74.6473566831031
 21
89.81302649904013
 31
0.0
  0
LINE
  5
131
330
1F
100
AcDbEntity
  8
轮廓粗实线
100
AcDbLine
 10
74.6473566831031
 20
89.81302649904013
 30
0.0
 11
74.1473566831031
 21
89.81302649904013
 31
0.0
  0
LINE
  5
132
330
1F
100
AcDbEntity
  8
轮廓粗实线
100
AcDbLine
 10
74.1473566831031
 20
89.81302649904013
 30
0.0
 11
74.1473566831031
 21
90.31302649904013
 31
0.0
  0
LINE
  5
133
330
1F
100
AcDbEntity
  8
轮廓粗实线
100
AcDbLine
 10
74.6473566831031
 20
87.81302649904013
 30
0.0
 11
74.6473566831031
 21
87.31302649904013
 31
0.0
  0
LINE
  5
134
330
1F
100
AcDbEntity
  8
轮廓粗实线
100
AcDbLine
 10
74.6473566831031
 20
87.31302649904013
 30
0.0
 11
74.1473566831031
 21
87.31302649904013
 31
0.0
  0
LINE
  5
135
330
1F
100
AcDbEntity
  8
轮廓粗实线
100
AcDbLine
 10
74.1473566831031
 20
87.31302649904013
 30
0.0
 11
74.1473566831031
 21
87.81302649904013
 31
0.0
  0
LINE
  5
136
330
1F
100
AcDbEntity
  8
轮廓粗实线
100
AcDbLine
 10
74.1473566831031
 20
87.81302649904013
 30
0.0
 11
74.6473566831031
 21
87.81302649904013
 31
0.0
  0
LINE
  5
137
330
1F
100
AcDbEntity
  8
轮廓粗实线
100
AcDbLine
 10
74.1473566831031
 20
85.31302649904015
 30
0.0
 11
74.6473566831031
 21
85.31302649904015
 31
0.0
  0
LINE
  5
138
330
1F
100
AcDbEntity
  8
轮廓粗实线
100
AcDbLine
 10
74.6473566831031
 20
85.31302649904015
 30
0.0
 11
74.6473566831031
 21
84.81302649904015
 31
0.0
  0
LINE
  5
139
330
1F
100
AcDbEntity
  8
轮廓粗实线
100
AcDbLine
 10
74.6473566831031
 20
84.81302649904015
 30
0.0
 11
74.1473566831031
 21
84.81302649904015
 31
0.0
  0
LINE
  5
13A
330
1F
100
AcDbEntity
  8
轮廓粗实线
100
AcDbLine
 10
74.1473566831031
 20
84.81302649904015
 30
0.0
 11
74.1473566831031
 21
85.31302649904015
 31
0.0
  0
LINE
  5
13B
330
1F
100
AcDbEntity
  8
轮廓粗实线
100
AcDbLine
 10
74.1473566831031
 20
82.81302649904013
 30
0.0
 11
74.6473566831031
 21
82.81302649904013
 31
0.0
  0
LINE
  5
13C
330
1F
100
AcDbEntity
  8
轮廓粗实线
100
AcDbLine
 10
74.6473566831031
 20
82.81302649904013
 30
0.0
 11
74.6473566831031
 21
82.31302649904013
 31
0.0
  0
LINE
  5
13D
330
1F
100
AcDbEntity
  8
轮廓粗实线
100
AcDbLine
 10
74.6473566831031
 20
82.31302649904013
 30
0.0
 11
74.1473566831031
 21
82.31302649904013
 31
0.0
  0
LINE
  5
13E
330
1F
100
AcDbEntity
  8
轮廓粗实线
100
AcDbLine
 10
74.1473566831031
 20
82.31302649904013
 30
0.0
 11
74.1473566831031
 21
82.81302649904013
 31
0.0
  0
LINE
  5
13F
330
1F
100
AcDbEntity
  8
轮廓粗实线
100
AcDbLine
 10
74.1473566831031
 20
80.31302649904013
 30
0.0
 11
74.6473566831031
 21
80.31302649904013
 31
0.0
  0
LINE
  5
140
330
1F
100
AcDbEntity
  8
轮廓粗实线
100
AcDbLine
 10
74.6473566831031
 20
80.31302649904013
 30
0.0
 11
74.6473566831031
 21
79.81302649904013
 31
0.0
  0
LINE
  5
141
330
1F
100
AcDbEntity
  8
轮廓粗实线
100
AcDbLine
 10
74.6473566831031
 20
79.81302649904013
 30
0.0
 11
74.1473566831031
 21
79.81302649904013
 31
0.0
  0
LINE
  5
142
330
1F
100
AcDbEntity
  8
轮廓粗实线
100
AcDbLine
 10
74.1473566831031
 20
79.81302649904013
 30
0.0
 11
74.1473566831031
 21
80.31302649904013
 31
0.0
  0
LINE
  5
143
330
1F
100
AcDbEntity
  8
轮廓粗实线
100
AcDbLine
 10
74.1473566831031
 20
77.81302649904015
 30
0.0
 11
74.6473566831031
 21
77.81302649904015
 31
0.0
  0
LINE
  5
144
330
1F
100
AcDbEntity
  8
轮廓粗实线
100
AcDbLine
 10
74.6473566831031
 20
77.31302649904015
 30
0.0
 11
74.1473566831031
 21
77.31302649904015
 31
0.0
  0
LINE
  5
145
330
1F
100
AcDbEntity
  8
轮廓粗实线
100
AcDbLine
 10
74.1473566831031
 20
77.31302649904015
 30
0.0
 11
74.1473566831031
 21
77.81302649904015
 31
0.0
  0
LINE
  5
146
330
1F
100
AcDbEntity
  8
轮廓粗实线
100
AcDbLine
 10
74.6473566831031
 20
77.81302649904015
 30
0.0
 11
74.6473566831031
 21
77.31302649904015
 31
0.0
  0
LINE
  5
147
330
1F
100
AcDbEntity
  8
轮廓粗实线
100
AcDbLine
 10
74.1473566831031
 20
74.81302649904015
 30
0.0
 11
74.1473566831031
 21
75.31302649904015
 31
0.0
  0
LINE
  5
148
330
1F
100
AcDbEntity
  8
轮廓粗实线
100
AcDbLine
 10
74.1473566831031
 20
75.31302649904015
 30
0.0
 11
74.6473566831031
 21
75.31302649904015
 31
0.0
  0
LINE
  5
149
330
1F
100
AcDbEntity
  8
轮廓粗实线
100
AcDbLine
 10
74.6473566831031
 20
75.31302649904015
 30
0.0
 11
74.6473566831031
 21
74.81302649904015
 31
0.0
  0
LINE
  5
14A
330
1F
100
AcDbEntity
  8
轮廓粗实线
100
AcDbLine
 10
74.6473566831031
 20
74.81302649904015
 30
0.0
 11
74.1473566831031
 21
74.81302649904015
 31
0.0
  0
LINE
  5
14B
330
1F
100
AcDbEntity
  8
轮廓粗实线
100
AcDbLine
 10
74.1473566831031
 20
72.81302649904015
 30
0.0
 11
74.6473566831031
 21
72.81302649904015
 31
0.0
  0
LINE
  5
14C
330
1F
100
AcDbEntity
  8
轮廓粗实线
100
AcDbLine
 10
74.6473566831031
 20
72.81302649904015
 30
0.0
 11
74.6473566831031
 21
72.31302649904015
 31
0.0
  0
LINE
  5
14D
330
1F
100
AcDbEntity
  8
轮廓粗实线
100
AcDbLine
 10
74.6473566831031
 20
72.31302649904015
 30
0.0
 11
74.1473566831031
 21
72.31302649904015
 31
0.0
  0
LINE
  5
14E
330
1F
100
AcDbEntity
  8
轮廓粗实线
100
AcDbLine
 10
74.1473566831031
 20
72.31302649904015
 30
0.0
 11
74.1473566831031
 21
72.81302649904015
 31
0.0
  0
LINE
  5
14F
330
1F
100
AcDbEntity
  8
轮廓粗实线
100
AcDbLine
 10
74.1473566831031
 20
70.31302649904015
 30
0.0
 11
74.6473566831031
 21
70.31302649904015
 31
0.0
  0
LINE
  5
150
330
1F
100
AcDbEntity
  8
轮廓粗实线
100
AcDbLine
 10
74.6473566831031
 20
70.31302649904015
 30
0.0
 11
74.6473566831031
 21
69.81302649904015
 31
0.0
  0
LINE
  5
151
330
1F
100
AcDbEntity
  8
轮廓粗实线
100
AcDbLine
 10
74.6473566831031
 20
69.81302649904015
 30
0.0
 11
74.1473566831031
 21
69.81302649904015
 31
0.0
  0
LINE
  5
152
330
1F
100
AcDbEntity
  8
轮廓粗实线
100
AcDbLine
 10
74.1473566831031
 20
69.81302649904015
 30
0.0
 11
74.1473566831031
 21
70.31302649904015
 31
0.0
  0
LINE
  5
153
330
1F
100
AcDbEntity
  8
轮廓粗实线
100
AcDbLine
 10
74.1473566831031
 20
67.81302649904013
 30
0.0
 11
74.6473566831031
 21
67.81302649904013
 31
0.0
  0
LINE
  5
154
330
1F
100
AcDbEntity
  8
轮廓粗实线
100
AcDbLine
 10
74.6473566831031
 20
67.81302649904013
 30
0.0
 11
74.6473566831031
 21
67.31302649904013
 31
0.0
  0
LINE
  5
155
330
1F
100
AcDbEntity
  8
轮廓粗实线
100
AcDbLine
 10
74.6473566831031
 20
67.31302649904013
 30
0.0
 11
74.1473566831031
 21
67.31302649904013
 31
0.0
  0
LINE
  5
156
330
1F
100
AcDbEntity
  8
轮廓粗实线
100
AcDbLine
 10
74.1473566831031
 20
67.31302649904013
 30
0.0
 11
74.1473566831031
 21
67.81302649904013
 31
0.0
  0
LINE
  5
157
330
1F
100
AcDbEntity
  8
轮廓粗实线
100
AcDbLine
 10
74.1473566831031
 20
65.31302649904015
 30
0.0
 11
74.6473566831031
 21
65.31302649904015
 31
0.0
  0
LINE
  5
158
330
1F
100
AcDbEntity
  8
轮廓粗实线
100
AcDbLine
 10
74.6473566831031
 20
65.31302649904015
 30
0.0
 11
74.6473566831031
 21
64.81302649904015
 31
0.0
  0
LINE
  5
159
330
1F
100
AcDbEntity
  8
轮廓粗实线
100
AcDbLine
 10
74.6473566831031
 20
64.81302649904015
 30
0.0
 11
74.1473566831031
 21
64.81302649904015
 31
0.0
  0
LINE
  5
15A
330
1F
100
AcDbEntity
  8
轮廓粗实线
100
AcDbLine
 10
74.1473566831031
 20
64.81302649904015
 30
0.0
 11
74.1473566831031
 21
65.31302649904015
 31
0.0
  0
LINE
  5
15B
330
1F
100
AcDbEntity
  8
轮廓粗实线
100
AcDbLine
 10
74.1473566831031
 20
62.81302649904015
 30
0.0
 11
74.6473566831031
 21
62.81302649904015
 31
0.0
  0
LINE
  5
15C
330
1F
100
AcDbEntity
  8
轮廓粗实线
100
AcDbLine
 10
74.6473566831031
 20
62.81302649904015
 30
0.0
 11
74.6473566831031
 21
62.31302649904015
 31
0.0
  0
LINE
  5
15D
330
1F
100
AcDbEntity
  8
轮廓粗实线
100
AcDbLine
 10
74.6473566831031
 20
62.31302649904015
 30
0.0
 11
74.1473566831031
 21
62.31302649904015
 31
0.0
  0
LINE
  5
15E
330
1F
100
AcDbEntity
  8
轮廓粗实线
100
AcDbLine
 10
74.1473566831031
 20
62.31302649904015
 30
0.0
 11
74.1473566831031
 21
62.81302649904015
 31
0.0
  0
LINE
  5
15F
330
1F
100
AcDbEntity
  8
轮廓粗实线
100
AcDbLine
 10
74.1473566831031
 20
60.31302649904015
 30
0.0
 11
74.6473566831031
 21
60.31302649904015
 31
0.0
  0
LINE
  5
160
330
1F
100
AcDbEntity
  8
轮廓粗实线
100
AcDbLine
 10
74.6473566831031
 20
60.31302649904015
 30
0.0
 11
74.6473566831031
 21
59.81302649904015
 31
0.0
  0
LINE
  5
161
330
1F
100
AcDbEntity
  8
轮廓粗实线
100
AcDbLine
 10
74.6473566831031
 20
59.81302649904015
 30
0.0
 11
74.1473566831031
 21
59.81302649904015
 31
0.0
  0
LINE
  5
162
330
1F
100
AcDbEntity
  8
轮廓粗实线
100
AcDbLine
 10
74.1473566831031
 20
59.81302649904015
 30
0.0
 11
74.1473566831031
 21
60.31302649904015
 31
0.0
  0
LINE
  5
163
330
1F
100
AcDbEntity
  8
轮廓粗实线
100
AcDbLine
 10
74.1473566831031
 20
57.81302649904016
 30
0.0
 11
74.6473566831031
 21
57.81302649904016
 31
0.0
  0
LINE
  5
164
330
1F
100
AcDbEntity
  8
轮廓粗实线
100
AcDbLine
 10
74.6473566831031
 20
57.81302649904016
 30
0.0
 11
74.6473566831031
 21
57.31302649904016
 31
0.0
  0
LINE
  5
165
330
1F
100
AcDbEntity
  8
轮廓粗实线
100
AcDbLine
 10
74.6473566831031
 20
57.31302649904016
 30
0.0
 11
74.1473566831031
 21
57.31302649904016
 31
0.0
  0
LINE
  5
166
330
1F
100
AcDbEntity
  8
轮廓粗实线
100
AcDbLine
 10
74.1473566831031
 20
57.31302649904016
 30
0.0
 11
74.1473566831031
 21
57.81302649904016
 31
0.0
  0
LINE
  5
167
330
1F
100
AcDbEntity
  8
轮廓粗实线
100
AcDbLine
 10
55.79735668310311
 20
61.61302649904014
 30
0.0
 11
55.7973566831031
 21
91.01302649904014
 31
0.0
  0
LINE
  5
168
330
1F
100
AcDbEntity
  8
轮廓粗实线
100
AcDbLine
 10
55.7973566831031
 20
91.01302649904014
 30
0.0
 11
63.89735668310311
 21
91.01302649904014
 31
0.0
  0
LINE
  5
169
330
1F
100
AcDbEntity
  8
轮廓粗实线
100
AcDbLine
 10
63.89735668310311
 20
91.01302649904014
 30
0.0
 11
63.89735668310312
 21
61.61302649904014
 31
0.0
  0
LINE
  5
16A
330
1F
100
AcDbEntity
  8
轮廓粗实线
100
AcDbLine
 10
63.89735668310312
 20
61.61302649904014
 30
0.0
 11
55.79735668310311
 21
61.61302649904014
 31
0.0
  0
LINE
  5
16B
330
1F
100
AcDbEntity
  8
轮廓粗实线
100
AcDbLine
 10
62.89735668310311
 20
90.01302649904014
 30
0.0
 11
56.7973566831031
 21
90.01302649904014
 31
0.0
  0
LINE
  5
16C
330
1F
100
AcDbEntity
  8
轮廓粗实线
100
AcDbLine
 10
56.7973566831031
 20
90.01302649904014
 30
0.0
 11
56.79735668310311
 21
62.61302649904013
 31
0.0
  0
LINE
  5
16D
330
1F
100
AcDbEntity
  8
轮廓粗实线
100
AcDbLine
 10
56.79735668310311
 20
62.61302649904013
 30
0.0
 11
62.89735668310312
 21
62.61302649904013
 31
0.0
  0
LINE
  5
16E
330
1F
100
AcDbEntity
  8
轮廓粗实线
100
AcDbLine
 10
62.89735668310312
 20
62.61302649904013
 30
0.0
 11
62.89735668310311
 21
90.01302649904014
 31
0.0
  0
LINE
  5
16F
330
1F
100
AcDbEntity
  8
轮廓粗实线
100
AcDbLine
 10
60.24735668310311
 20
88.56302649904013
 30
0.0
 11
59.74735668310311
 21
88.56302649904013
 31
0.0
  0
LINE
  5
170
330
1F
100
AcDbEntity
  8
轮廓粗实线
100
AcDbLine
 10
59.74735668310311
 20
88.56302649904013
 30
0.0
 11
59.74735668310311
 21
89.06302649904013
 31
0.0
  0
LINE
  5
171
330
1F
100
AcDbEntity
  8
轮廓粗实线
100
AcDbLine
 10
59.74735668310311
 20
89.06302649904013
 30
0.0
 11
60.24735668310311
 21
89.06302649904013
 31
0.0
  0
LINE
  5
172
330
1F
100
AcDbEntity
  8
轮廓粗实线
100
AcDbLine
 10
60.24735668310311
 20
89.06302649904013
 30
0.0
 11
60.24735668310311
 21
88.56302649904013
 31
0.0
  0
LINE
  5
173
330
1F
100
AcDbEntity
  8
轮廓粗实线
100
AcDbLine
 10
59.74735668310311
 20
86.56302649904013
 30
0.0
 11
60.24735668310311
 21
86.56302649904013
 31
0.0
  0
LINE
  5
174
330
1F
100
AcDbEntity
  8
轮廓粗实线
100
AcDbLine
 10
60.24735668310311
 20
86.56302649904013
 30
0.0
 11
60.24735668310311
 21
86.06302649904013
 31
0.0
  0
LINE
  5
175
330
1F
100
AcDbEntity
  8
轮廓粗实线
100
AcDbLine
 10
60.24735668310311
 20
86.06302649904013
 30
0.0
 11
59.74735668310311
 21
86.06302649904013
 31
0.0
  0
LINE
  5
176
330
1F
100
AcDbEntity
  8
轮廓粗实线
100
AcDbLine
 10
59.74735668310311
 20
86.06302649904013
 30
0.0
 11
59.74735668310311
 21
86.56302649904013
 31
0.0
  0
LINE
  5
177
330
1F
100
AcDbEntity
  8
轮廓粗实线
100
AcDbLine
 10
59.74735668310311
 20
84.06302649904015
 30
0.0
 11
60.24735668310311
 21
84.06302649904015
 31
0.0
  0
LINE
  5
178
330
1F
100
AcDbEntity
  8
轮廓粗实线
100
AcDbLine
 10
60.24735668310311
 20
84.06302649904015
 30
0.0
 11
60.24735668310311
 21
83.56302649904013
 31
0.0
  0
LINE
  5
179
330
1F
100
AcDbEntity
  8
轮廓粗实线
100
AcDbLine
 10
60.24735668310311
 20
83.56302649904013
 30
0.0
 11
59.74735668310311
 21
83.56302649904013
 31
0.0
  0
LINE
  5
17A
330
1F
100
AcDbEntity
  8
轮廓粗实线
100
AcDbLine
 10
59.74735668310311
 20
83.56302649904013
 30
0.0
 11
59.74735668310311
 21
84.06302649904015
 31
0.0
  0
LINE
  5
17B
330
1F
100
AcDbEntity
  8
轮廓粗实线
100
AcDbLine
 10
59.74735668310311
 20
81.56302649904013
 30
0.0
 11
60.24735668310311
 21
81.56302649904013
 31
0.0
  0
LINE
  5
17C
330
1F
100
AcDbEntity
  8
轮廓粗实线
100
AcDbLine
 10
60.24735668310311
 20
81.56302649904013
 30
0.0
 11
60.24735668310311
 21
81.06302649904013
 31
0.0
  0
LINE
  5
17D
330
1F
100
AcDbEntity
  8
轮廓粗实线
100
AcDbLine
 10
60.24735668310311
 20
81.06302649904013
 30
0.0
 11
59.74735668310311
 21
81.06302649904013
 31
0.0
  0
LINE
  5
17E
330
1F
100
AcDbEntity
  8
轮廓粗实线
100
AcDbLine
 10
59.74735668310311
 20
81.06302649904013
 30
0.0
 11
59.74735668310311
 21
81.56302649904013
 31
0.0
  0
LINE
  5
17F
330
1F
100
AcDbEntity
  8
轮廓粗实线
100
AcDbLine
 10
59.74735668310311
 20
79.06302649904013
 30
0.0
 11
60.24735668310311
 21
79.06302649904013
 31
0.0
  0
LINE
  5
180
330
1F
100
AcDbEntity
  8
轮廓粗实线
100
AcDbLine
 10
60.24735668310311
 20
79.06302649904013
 30
0.0
 11
60.24735668310311
 21
78.56302649904013
 31
0.0
  0
LINE
  5
181
330
1F
100
AcDbEntity
  8
轮廓粗实线
100
AcDbLine
 10
60.24735668310311
 20
78.56302649904013
 30
0.0
 11
59.74735668310311
 21
78.56302649904013
 31
0.0
  0
LINE
  5
182
330
1F
100
AcDbEntity
  8
轮廓粗实线
100
AcDbLine
 10
59.74735668310311
 20
78.56302649904013
 30
0.0
 11
59.74735668310311
 21
79.06302649904013
 31
0.0
  0
LINE
  5
183
330
1F
100
AcDbEntity
  8
轮廓粗实线
100
AcDbLine
 10
59.74735668310311
 20
76.56302649904013
 30
0.0
 11
60.24735668310311
 21
76.56302649904013
 31
0.0
  0
LINE
  5
184
330
1F
100
AcDbEntity
  8
轮廓粗实线
100
AcDbLine
 10
60.24735668310311
 20
76.56302649904013
 30
0.0
 11
60.24735668310311
 21
76.06302649904013
 31
0.0
  0
LINE
  5
185
330
1F
100
AcDbEntity
  8
轮廓粗实线
100
AcDbLine
 10
60.24735668310311
 20
76.06302649904013
 30
0.0
 11
59.74735668310311
 21
76.06302649904013
 31
0.0
  0
LINE
  5
186
330
1F
100
AcDbEntity
  8
轮廓粗实线
100
AcDbLine
 10
59.74735668310311
 20
76.06302649904013
 30
0.0
 11
59.74735668310311
 21
76.56302649904013
 31
0.0
  0
LINE
  5
187
330
1F
100
AcDbEntity
  8
轮廓粗实线
100
AcDbLine
 10
59.74735668310311
 20
74.06302649904015
 30
0.0
 11
60.24735668310311
 21
74.06302649904015
 31
0.0
  0
LINE
  5
188
330
1F
100
AcDbEntity
  8
轮廓粗实线
100
AcDbLine
 10
60.24735668310311
 20
74.06302649904015
 30
0.0
 11
60.24735668310311
 21
73.56302649904015
 31
0.0
  0
LINE
  5
189
330
1F
100
AcDbEntity
  8
轮廓粗实线
100
AcDbLine
 10
60.24735668310311
 20
73.56302649904015
 30
0.0
 11
59.74735668310311
 21
73.56302649904015
 31
0.0
  0
LINE
  5
18A
330
1F
100
AcDbEntity
  8
轮廓粗实线
100
AcDbLine
 10
59.74735668310311
 20
73.56302649904015
 30
0.0
 11
59.74735668310311
 21
74.06302649904015
 31
0.0
  0
LINE
  5
18B
330
1F
100
AcDbEntity
  8
轮廓粗实线
100
AcDbLine
 10
59.74735668310311
 20
71.56302649904015
 30
0.0
 11
60.24735668310311
 21
71.56302649904015
 31
0.0
  0
LINE
  5
18C
330
1F
100
AcDbEntity
  8
轮廓粗实线
100
AcDbLine
 10
60.24735668310311
 20
71.06302649904015
 30
0.0
 11
59.74735668310311
 21
71.06302649904015
 31
0.0
  0
LINE
  5
18D
330
1F
100
AcDbEntity
  8
轮廓粗实线
100
AcDbLine
 10
59.74735668310311
 20
71.06302649904015
 30
0.0
 11
59.74735668310311
 21
71.56302649904015
 31
0.0
  0
LINE
  5
18E
330
1F
100
AcDbEntity
  8
轮廓粗实线
100
AcDbLine
 10
60.24735668310311
 20
71.56302649904015
 30
0.0
 11
60.24735668310311
 21
71.06302649904015
 31
0.0
  0
LINE
  5
18F
330
1F
100
AcDbEntity
  8
轮廓粗实线
100
AcDbLine
 10
59.74735668310311
 20
69.06302649904015
 30
0.0
 11
60.24735668310311
 21
69.06302649904015
 31
0.0
  0
LINE
  5
190
330
1F
100
AcDbEntity
  8
轮廓粗实线
100
AcDbLine
 10
60.24735668310311
 20
69.06302649904015
 30
0.0
 11
60.24735668310311
 21
68.56302649904015
 31
0.0
  0
LINE
  5
191
330
1F
100
AcDbEntity
  8
轮廓粗实线
100
AcDbLine
 10
59.74735668310311
 20
68.56302649904015
 30
0.0
 11
59.74735668310311
 21
69.06302649904015
 31
0.0
  0
LINE
  5
192
330
1F
100
AcDbEntity
  8
轮廓粗实线
100
AcDbLine
 10
60.24735668310311
 20
68.56302649904015
 30
0.0
 11
59.74735668310311
 21
68.56302649904015
 31
0.0
  0
LINE
  5
193
330
1F
100
AcDbEntity
  8
轮廓粗实线
100
AcDbLine
 10
59.74735668310311
 20
66.56302649904013
 30
0.0
 11
60.24735668310311
 21
66.56302649904013
 31
0.0
  0
LINE
  5
194
330
1F
100
AcDbEntity
  8
轮廓粗实线
100
AcDbLine
 10
60.24735668310311
 20
66.56302649904013
 30
0.0
 11
60.24735668310311
 21
66.06302649904013
 31
0.0
  0
LINE
  5
195
330
1F
100
AcDbEntity
  8
轮廓粗实线
100
AcDbLine
 10
60.24735668310311
 20
66.06302649904013
 30
0.0
 11
59.74735668310311
 21
66.06302649904013
 31
0.0
  0
LINE
  5
196
330
1F
100
AcDbEntity
  8
轮廓粗实线
100
AcDbLine
 10
59.74735668310311
 20
66.06302649904013
 30
0.0
 11
59.74735668310311
 21
66.56302649904013
 31
0.0
  0
LINE
  5
197
330
1F
100
AcDbEntity
  8
轮廓粗实线
100
AcDbLine
 10
59.74735668310311
 20
63.56302649904013
 30
0.0
 11
59.74735668310311
 21
64.06302649904013
 31
0.0
  0
LINE
  5
198
330
1F
100
AcDbEntity
  8
轮廓粗实线
100
AcDbLine
 10
60.24735668310311
 20
64.06302649904013
 30
0.0
 11
60.24735668310311
 21
63.56302649904013
 31
0.0
  0
LINE
  5
199
330
1F
100
AcDbEntity
  8
轮廓粗实线
100
AcDbLine
 10
60.24735668310311
 20
63.56302649904013
 30
0.0
 11
59.74735668310311
 21
63.56302649904013
 31
0.0
  0
LINE
  5
19A
330
1F
100
AcDbEntity
  8
轮廓粗实线
100
AcDbLine
 10
59.74735668310311
 20
64.06302649904013
 30
0.0
 11
60.24735668310311
 21
64.06302649904013
 31
0.0
  0
CIRCLE
  5
19B
330
1F
100
AcDbEntity
  8
轮廓粗实线
100
AcDbCircle
 10
66.0973566831031
 20
80.81302649904012
 30
0.0
 40
0.5
  0
CIRCLE
  5
19C
330
1F
100
AcDbEntity
  8
轮廓粗实线
100
AcDbCircle
 10
66.0973566831031
 20
75.81302649904012
 30
0.0
 40
0.5
  0
CIRCLE
  5
19D
330
1F
100
AcDbEntity
  8
轮廓粗实线
100
AcDbCircle
 10
66.0973566831031
 20
68.31302649904013
 30
0.0
 40
0.5
  0
CIRCLE
  5
19E
330
1F
100
AcDbEntity
  8
轮廓粗实线
100
AcDbCircle
 10
68.2973566831031
 20
94.56302649904013
 30
0.0
 40
0.5
  0
CIRCLE
  5
19F
330
1F
100
AcDbEntity
  8
轮廓粗实线
100
AcDbCircle
 10
68.2973566831031
 20
89.56302649904013
 30
0.0
 40
0.5
  0
CIRCLE
  5
1A0
330
1F
100
AcDbEntity
  8
轮廓粗实线
100
AcDbCircle
 10
68.2973566831031
 20
74.56302649904015
 30
0.0
 40
0.5
  0
LINE
  5
1A1
330
1F
100
AcDbEntity
  8
轮廓粗实线
100
AcDbLine
 10
85.29735668310309
 20
96.76302649904015
 30
0.0
 11
84.29735668310309
 21
97.76302649904015
 31
0.0
  0
CIRCLE
  5
1A2
330
1F
100
AcDbEntity
  8
轮廓粗实线
100
AcDbCircle
 10
58.7973566831031
 20
57.86302649904014
 30
0.0
 40
1.600000000000009
  0
CIRCLE
  5
1A3
330
1F
100
AcDbEntity
  8
轮廓粗实线
100
AcDbCircle
 10
82.29735668310309
 20
57.86302649904014
 30
0.0
 40
1.600000000000001
  0
CIRCLE
  5
1A4
330
1F
100
AcDbEntity
  8
轮廓粗实线
100
AcDbCircle
 10
68.2973566831031
 20
59.56302649904014
 30
0.0
 40
0.5
  0
CIRCLE
  5
1A5
330
1F
100
AcDbEntity
  8
轮廓粗实线
100
AcDbCircle
 10
66.0973566831031
 20
63.31302649904012
 30
0.0
 40
0.5
  0
CIRCLE
  5
1A6
330
1F
100
AcDbEntity
  8
轮廓粗实线
100
AcDbCircle
 10
66.0973566831031
 20
65.81302649904012
 30
0.0
 40
0.5
  0
LINE
  5
1A7
330
1F
100
AcDbEntity
  8
轮廓粗实线
100
AcDbLine
 10
85.29735668310309
 20
55.86302649904014
 30
0.0
 11
85.29735668310309
 21
96.76302649904015
 31
0.0
  0
LINE
  5
1A8
330
1F
100
AcDbEntity
  8
轮廓粗实线
100
AcDbLine
 10
56.7973566831031
 20
54.86302649904014
 30
0.0
 11
84.29735668310309
 21
54.86302649904014
 31
0.0
  0
LINE
  5
1A9
330
1F
100
AcDbEntity
  8
轮廓粗实线
100
AcDbLine
 10
55.7973566831031
 20
96.76302649904014
 30
0.0
 11
55.7973566831031
 21
91.01302649904014
 31
0.0
  0
LINE
  5
1AA
330
1F
100
AcDbEntity
  8
轮廓粗实线
100
AcDbLine
 10
55.7973566831031
 20
61.61302649904016
 30
0.0
 11
55.7973566831031
 21
55.86302649904014
 31
0.0
  0
LINE
  5
1AB
330
1F
100
AcDbEntity
  8
轮廓粗实线
100
AcDbLine
 10
84.29735668310309
 20
97.76302649904015
 30
0.0
 11
56.7973566831031
 21
97.76302649904014
 31
0.0
  0
CIRCLE
  5
1AC
330
1F
100
AcDbEntity
  8
轮廓粗实线
100
AcDbCircle
 10
68.2973566831031
 20
62.06302649904014
 30
0.0
 40
0.4999999999999929
  0
LINE
  5
1AD
330
1F
100
AcDbEntity
  8
轮廓粗实线
100
AcDbLine
 10
55.7973566831031
 20
55.86302649904014
 30
0.0
 11
56.7973566831031
 21
54.86302649904014
 31
0.0
  0
CIRCLE
  5
1AE
330
1F
100
AcDbEntity
  8
轮廓粗实线
100
AcDbCircle
 10
68.2973566831031
 20
67.06302649904013
 30
0.0
 40
0.5
  0
CIRCLE
  5
1AF
330
1F
100
AcDbEntity
  8
轮廓粗实线
100
AcDbCircle
 10
68.2973566831031
 20
69.56302649904015
 30
0.0
 40
0.5
  0
CIRCLE
  5
1B0
330
1F
100
AcDbEntity
  8
轮廓粗实线
100
AcDbCircle
 10
68.2973566831031
 20
72.06302649904015
 30
0.0
 40
0.5
  0
CIRCLE
  5
1B1
330
1F
100
AcDbEntity
  8
轮廓粗实线
100
AcDbCircle
 10
82.29735668310309
 20
94.76302649904011
 30
0.0
 40
1.600000000000023
  0
CIRCLE
  5
1B2
330
1F
100
AcDbEntity
  8
轮廓粗实线
100
AcDbCircle
 10
66.0973566831031
 20
83.31302649904012
 30
0.0
 40
0.5000000000000142
  0
CIRCLE
  5
1B3
330
1F
100
AcDbEntity
  8
轮廓粗实线
100
AcDbCircle
 10
68.2973566831031
 20
79.56302649904013
 30
0.0
 40
0.5
  0
CIRCLE
  5
1B4
330
1F
100
AcDbEntity
  8
轮廓粗实线
100
AcDbCircle
 10
68.2973566831031
 20
64.56302649904013
 30
0.0
 40
0.5
  0
CIRCLE
  5
1B5
330
1F
100
AcDbEntity
  8
轮廓粗实线
100
AcDbCircle
 10
68.2973566831031
 20
84.56302649904015
 30
0.0
 40
0.5
  0
CIRCLE
  5
1B6
330
1F
100
AcDbEntity
  8
轮廓粗实线
100
AcDbCircle
 10
68.2973566831031
 20
87.06302649904013
 30
0.0
 40
0.5
  0
CIRCLE
  5
1B7
330
1F
100
AcDbEntity
  8
轮廓粗实线
100
AcDbCircle
 10
66.0973566831031
 20
78.31302649904012
 30
0.0
 40
0.5
  0
CIRCLE
  5
1B8
330
1F
100
AcDbEntity
  8
轮廓粗实线
100
AcDbCircle
 10
68.2973566831031
 20
92.06302649904013
 30
0.0
 40
0.5
  0
CIRCLE
  5
1B9
330
1F
100
AcDbEntity
  8
轮廓粗实线
100
AcDbCircle
 10
68.2973566831031
 20
57.06302649904015
 30
0.0
 40
0.5
  0
LINE
  5
1BA
330
1F
100
AcDbEntity
  8
轮廓粗实线
100
AcDbLine
 10
56.7973566831031
 20
97.76302649904014
 30
0.0
 11
55.7973566831031
 21
96.76302649904014
 31
0.0
  0
CIRCLE
  5
1BB
330
1F
100
AcDbEntity
  8
轮廓粗实线
100
AcDbCircle
 10
66.0973566831031
 20
70.81302649904013
 30
0.0
 40
0.5
  0
LINE
  5
1BC
330
1F
100
AcDbEntity
  8
轮廓粗实线
100
AcDbLine
 10
84.29735668310309
 20
54.86302649904014
 30
0.0
 11
85.29735668310309
 21
55.86302649904014
 31
0.0
  0
CIRCLE
  5
1BD
330
1F
100
AcDbEntity
  8
轮廓粗实线
100
AcDbCircle
 10
58.7973566831031
 20
94.76302649904011
 30
0.0
 40
1.600000000000023
  0
CIRCLE
  5
1BE
330
1F
100
AcDbEntity
  8
轮廓粗实线
100
AcDbCircle
 10
66.0973566831031
 20
85.81302649904013
 30
0.0
 40
0.5
  0
CIRCLE
  5
1BF
330
1F
100
AcDbEntity
  8
轮廓粗实线
100
AcDbCircle
 10
68.2973566831031
 20
82.06302649904013
 30
0.0
 40
0.5
  0
CIRCLE
  5
1C0
330
1F
100
AcDbEntity
  8
轮廓粗实线
100
AcDbCircle
 10
66.0973566831031
 20
73.31302649904012
 30
0.0
 40
0.5000000000000142
  0
CIRCLE
  5
1C1
330
1F
100
AcDbEntity
  8
轮廓粗实线
100
AcDbCircle
 10
68.2973566831031
 20
77.06302649904015
 30
0.0
 40
0.5
  0
CIRCLE
  5
1C2
330
1F
100
AcDbEntity
  8
轮廓粗实线
100
AcDbCircle
 10
66.0973566831031
 20
88.31302649904013
 30
0.0
 40
0.5
  0
DIMENSION
  5
1C3
330
1F
100
AcDbEntity
  8
0
  6
SLD-实线
 62
     5
420
      255
370
    25
100
AcDbDimension
  2
_D
 10
50.79735668310312
 20
54.86302649904014
 30
0.0
 11
50.79735668310312
 21
76.31302649904015
 31
0.0
 70
   160
  1
<>
 71
     2
 42
-1.0
  3
SLDDIMSTYLE0
100
AcDbAlignedDimension
 13
56.79735668310311
 23
97.76302649904014
 33
0.0
 14
56.79735668310311
 24
54.86302649904014
 34
0.0
 50
90.0000000000002
100
AcDbRotatedDimension
  0
DIMENSION
  5
1CE
330
1F
100
AcDbEntity
  8
0
  6
SLD-实线
 62
     5
420
      255
370
    25
100
AcDbDimension
  2
_D_1
 10
85.2973566831031
 20
49.86302649904015
 30
0.0
 11
70.5473566831031
 21
49.86302649904015
 31
0.0
 70
   160
  1
<>
 71
     2
 42
-1.0
  3
SLDDIMSTYLE0
100
AcDbAlignedDimension
 13
55.79735668310311
 23
55.86302649904014
 33
0.0
 14
85.2973566831031
 24
55.86302649904014
 34
0.0
100
AcDbRotatedDimension
  0
LINE
  5
1D8
330
1F
100
AcDbEntity
  8
轮廓粗实线
100
AcDbLine
 10
120.3478648323106
 20
55.36302649904014
 30
0.0
 11
130.4478648323106
 21
55.36302649904014
 31
0.0
  0
LINE
  5
1D9
330
1F
100
AcDbEntity
  8
轮廓粗实线
100
AcDbLine
 10
120.3478648323106
 20
97.26302649904015
 30
0.0
 11
130.4478648323106
 21
97.26302649904015
 31
0.0
  0
LINE
  5
1DA
330
1F
100
AcDbEntity
  8
轮廓粗实线
100
AcDbLine
 10
130.4478648323106
 20
55.36302649904014
 30
0.0
 11
130.4478648323106
 21
61.61302649904014
 31
0.0
  0
LINE
  5
1DB
330
1F
100
AcDbEntity
  8
轮廓粗实线
100
AcDbLine
 10
130.4478648323106
 20
91.01302649904014
 30
0.0
 11
130.4478648323106
 21
97.26302649904015
 31
0.0
  0
LINE
  5
1DC
330
1F
100
AcDbEntity
  8
轮廓粗实线
100
AcDbLine
 10
118.8478648323107
 20
94.81302649904013
 30
0.0
 11
116.8478648323106
 21
94.81302649904013
 31
0.0
  0
LINE
  5
1DD
330
1F
100
AcDbEntity
  8
轮廓粗实线
100
AcDbLine
 10
118.8478648323107
 20
95.31302649904013
 30
0.0
 11
116.8478648323106
 21
95.31302649904013
 31
0.0
  0
LINE
  5
1DE
330
1F
100
AcDbEntity
  8
轮廓粗实线
100
AcDbLine
 10
116.8478648323106
 20
94.81302649904013
 30
0.0
 11
116.8478648323106
 21
95.31302649904013
 31
0.0
  0
LINE
  5
1DF
330
1F
100
AcDbEntity
  8
轮廓粗实线
100
AcDbLine
 10
116.8478648323106
 20
92.31302649904013
 30
0.0
 11
116.8478648323106
 21
92.81302649904013
 31
0.0
  0
LINE
  5
1E0
330
1F
100
AcDbEntity
  8
轮廓粗实线
100
AcDbLine
 10
118.8478648323107
 20
92.81302649904013
 30
0.0
 11
116.8478648323106
 21
92.81302649904013
 31
0.0
  0
LINE
  5
1E1
330
1F
100
AcDbEntity
  8
轮廓粗实线
100
AcDbLine
 10
118.8478648323107
 20
92.31302649904013
 30
0.0
 11
116.8478648323106
 21
92.31302649904013
 31
0.0
  0
LINE
  5
1E2
330
1F
100
AcDbEntity
  8
轮廓粗实线
100
AcDbLine
 10
118.8478648323107
 20
89.81302649904013
 30
0.0
 11
116.8478648323106
 21
89.81302649904013
 31
0.0
  0
LINE
  5
1E3
330
1F
100
AcDbEntity
  8
轮廓粗实线
100
AcDbLine
 10
116.8478648323106
 20
89.81302649904013
 30
0.0
 11
116.8478648323106
 21
90.31302649904013
 31
0.0
  0
LINE
  5
1E4
330
1F
100
AcDbEntity
  8
轮廓粗实线
100
AcDbLine
 10
118.8478648323107
 20
90.31302649904013
 30
0.0
 11
116.8478648323106
 21
90.31302649904013
 31
0.0
  0
LINE
  5
1E5
330
1F
100
AcDbEntity
  8
轮廓粗实线
100
AcDbLine
 10
118.8478648323107
 20
87.31302649904013
 30
0.0
 11
116.8478648323106
 21
87.31302649904013
 31
0.0
  0
LINE
  5
1E6
330
1F
100
AcDbEntity
  8
轮廓粗实线
100
AcDbLine
 10
116.8478648323106
 20
87.31302649904013
 30
0.0
 11
116.8478648323106
 21
87.81302649904013
 31
0.0
  0
LINE
  5
1E7
330
1F
100
AcDbEntity
  8
轮廓粗实线
100
AcDbLine
 10
118.8478648323107
 20
87.81302649904013
 30
0.0
 11
116.8478648323106
 21
87.81302649904013
 31
0.0
  0
LINE
  5
1E8
330
1F
100
AcDbEntity
  8
轮廓粗实线
100
AcDbLine
 10
118.8478648323107
 20
84.81302649904015
 30
0.0
 11
116.8478648323106
 21
84.81302649904015
 31
0.0
  0
LINE
  5
1E9
330
1F
100
AcDbEntity
  8
轮廓粗实线
100
AcDbLine
 10
116.8478648323106
 20
84.81302649904015
 30
0.0
 11
116.8478648323106
 21
85.31302649904015
 31
0.0
  0
LINE
  5
1EA
330
1F
100
AcDbEntity
  8
轮廓粗实线
100
AcDbLine
 10
118.8478648323107
 20
85.31302649904015
 30
0.0
 11
116.8478648323106
 21
85.31302649904015
 31
0.0
  0
LINE
  5
1EB
330
1F
100
AcDbEntity
  8
轮廓粗实线
100
AcDbLine
 10
116.8478648323106
 20
82.31302649904013
 30
0.0
 11
116.8478648323106
 21
82.81302649904013
 31
0.0
  0
LINE
  5
1EC
330
1F
100
AcDbEntity
  8
轮廓粗实线
100
AcDbLine
 10
118.8478648323107
 20
82.81302649904013
 30
0.0
 11
116.8478648323106
 21
82.81302649904013
 31
0.0
  0
LINE
  5
1ED
330
1F
100
AcDbEntity
  8
轮廓粗实线
100
AcDbLine
 10
118.8478648323107
 20
82.31302649904013
 30
0.0
 11
116.8478648323106
 21
82.31302649904013
 31
0.0
  0
LINE
  5
1EE
330
1F
100
AcDbEntity
  8
轮廓粗实线
100
AcDbLine
 10
118.8478648323107
 20
79.81302649904013
 30
0.0
 11
116.8478648323106
 21
79.81302649904013
 31
0.0
  0
LINE
  5
1EF
330
1F
100
AcDbEntity
  8
轮廓粗实线
100
AcDbLine
 10
116.8478648323106
 20
79.81302649904013
 30
0.0
 11
116.8478648323106
 21
80.31302649904013
 31
0.0
  0
LINE
  5
1F0
330
1F
100
AcDbEntity
  8
轮廓粗实线
100
AcDbLine
 10
118.8478648323107
 20
80.31302649904013
 30
0.0
 11
116.8478648323106
 21
80.31302649904013
 31
0.0
  0
LINE
  5
1F1
330
1F
100
AcDbEntity
  8
轮廓粗实线
100
AcDbLine
 10
118.8478648323107
 20
77.31302649904015
 30
0.0
 11
116.8478648323106
 21
77.31302649904015
 31
0.0
  0
LINE
  5
1F2
330
1F
100
AcDbEntity
  8
轮廓粗实线
100
AcDbLine
 10
118.8478648323107
 20
77.81302649904015
 30
0.0
 11
116.8478648323106
 21
77.81302649904015
 31
0.0
  0
LINE
  5
1F3
330
1F
100
AcDbEntity
  8
轮廓粗实线
100
AcDbLine
 10
116.8478648323106
 20
77.31302649904015
 30
0.0
 11
116.8478648323106
 21
77.81302649904015
 31
0.0
  0
LINE
  5
1F4
330
1F
100
AcDbEntity
  8
轮廓粗实线
100
AcDbLine
 10
118.8478648323107
 20
74.81302649904015
 30
0.0
 11
116.8478648323106
 21
74.81302649904015
 31
0.0
  0
LINE
  5
1F5
330
1F
100
AcDbEntity
  8
轮廓粗实线
100
AcDbLine
 10
116.8478648323106
 20
74.81302649904015
 30
0.0
 11
116.8478648323106
 21
75.31302649904015
 31
0.0
  0
LINE
  5
1F6
330
1F
100
AcDbEntity
  8
轮廓粗实线
100
AcDbLine
 10
118.8478648323107
 20
75.31302649904015
 30
0.0
 11
116.8478648323106
 21
75.31302649904015
 31
0.0
  0
LINE
  5
1F7
330
1F
100
AcDbEntity
  8
轮廓粗实线
100
AcDbLine
 10
118.8478648323107
 20
72.31302649904015
 30
0.0
 11
116.8478648323106
 21
72.31302649904015
 31
0.0
  0
LINE
  5
1F8
330
1F
100
AcDbEntity
  8
轮廓粗实线
100
AcDbLine
 10
116.8478648323106
 20
72.31302649904015
 30
0.0
 11
116.8478648323106
 21
72.81302649904015
 31
0.0
  0
LINE
  5
1F9
330
1F
100
AcDbEntity
  8
轮廓粗实线
100
AcDbLine
 10
118.8478648323107
 20
72.81302649904015
 30
0.0
 11
116.8478648323106
 21
72.81302649904015
 31
0.0
  0
LINE
  5
1FA
330
1F
100
AcDbEntity
  8
轮廓粗实线
100
AcDbLine
 10
118.8478648323107
 20
69.81302649904015
 30
0.0
 11
116.8478648323106
 21
69.81302649904015
 31
0.0
  0
LINE
  5
1FB
330
1F
100
AcDbEntity
  8
轮廓粗实线
100
AcDbLine
 10
116.8478648323106
 20
69.81302649904015
 30
0.0
 11
116.8478648323106
 21
70.31302649904015
 31
0.0
  0
LINE
  5
1FC
330
1F
100
AcDbEntity
  8
轮廓粗实线
100
AcDbLine
 10
118.8478648323107
 20
70.31302649904015
 30
0.0
 11
116.8478648323106
 21
70.31302649904015
 31
0.0
  0
LINE
  5
1FD
330
1F
100
AcDbEntity
  8
轮廓粗实线
100
AcDbLine
 10
118.8478648323107
 20
67.31302649904013
 30
0.0
 11
116.8478648323106
 21
67.31302649904013
 31
0.0
  0
LINE
  5
1FE
330
1F
100
AcDbEntity
  8
轮廓粗实线
100
AcDbLine
 10
116.8478648323106
 20
67.31302649904013
 30
0.0
 11
116.8478648323106
 21
67.81302649904013
 31
0.0
  0
LINE
  5
1FF
330
1F
100
AcDbEntity
  8
轮廓粗实线
100
AcDbLine
 10
118.8478648323107
 20
67.81302649904013
 30
0.0
 11
116.8478648323106
 21
67.81302649904013
 31
0.0
  0
LINE
  5
200
330
1F
100
AcDbEntity
  8
轮廓粗实线
100
AcDbLine
 10
116.8478648323106
 20
64.81302649904015
 30
0.0
 11
116.8478648323106
 21
65.31302649904015
 31
0.0
  0
LINE
  5
201
330
1F
100
AcDbEntity
  8
轮廓粗实线
100
AcDbLine
 10
118.8478648323107
 20
65.31302649904015
 30
0.0
 11
116.8478648323106
 21
65.31302649904015
 31
0.0
  0
LINE
  5
202
330
1F
100
AcDbEntity
  8
轮廓粗实线
100
AcDbLine
 10
118.8478648323107
 20
64.81302649904015
 30
0.0
 11
116.8478648323106
 21
64.81302649904015
 31
0.0
  0
LINE
  5
203
330
1F
100
AcDbEntity
  8
轮廓粗实线
100
AcDbLine
 10
118.8478648323107
 20
62.31302649904015
 30
0.0
 11
116.8478648323106
 21
62.31302649904015
 31
0.0
  0
LINE
  5
204
330
1F
100
AcDbEntity
  8
轮廓粗实线
100
AcDbLine
 10
116.8478648323106
 20
62.31302649904015
 30
0.0
 11
116.8478648323106
 21
62.81302649904015
 31
0.0
  0
LINE
  5
205
330
1F
100
AcDbEntity
  8
轮廓粗实线
100
AcDbLine
 10
118.8478648323107
 20
62.81302649904015
 30
0.0
 11
116.8478648323106
 21
62.81302649904015
 31
0.0
  0
LINE
  5
206
330
1F
100
AcDbEntity
  8
轮廓粗实线
100
AcDbLine
 10
118.8478648323107
 20
59.81302649904015
 30
0.0
 11
116.8478648323106
 21
59.81302649904015
 31
0.0
  0
LINE
  5
207
330
1F
100
AcDbEntity
  8
轮廓粗实线
100
AcDbLine
 10
116.8478648323106
 20
59.81302649904015
 30
0.0
 11
116.8478648323106
 21
60.31302649904015
 31
0.0
  0
LINE
  5
208
330
1F
100
AcDbEntity
  8
轮廓粗实线
100
AcDbLine
 10
118.8478648323107
 20
60.31302649904015
 30
0.0
 11
116.8478648323106
 21
60.31302649904015
 31
0.0
  0
LINE
  5
209
330
1F
100
AcDbEntity
  8
轮廓粗实线
100
AcDbLine
 10
118.8478648323107
 20
57.31302649904016
 30
0.0
 11
116.8478648323106
 21
57.31302649904016
 31
0.0
  0
LINE
  5
20A
330
1F
100
AcDbEntity
  8
轮廓粗实线
100
AcDbLine
 10
118.8478648323107
 20
57.81302649904016
 30
0.0
 11
116.8478648323106
 21
57.81302649904016
 31
0.0
  0
LINE
  5
20B
330
1F
100
AcDbEntity
  8
轮廓粗实线
100
AcDbLine
 10
116.8478648323106
 20
57.31302649904016
 30
0.0
 11
116.8478648323106
 21
57.81302649904016
 31
0.0
  0
LINE
  5
20C
330
1F
100
AcDbEntity
  8
轮廓粗实线
100
AcDbLine
 10
120.3478648323106
 20
61.61302649904014
 30
0.0
 11
130.4478648323106
 21
61.61302649904014
 31
0.0
  0
LINE
  5
20D
330
1F
100
AcDbEntity
  8
轮廓粗实线
100
AcDbLine
 10
130.4478648323106
 20
61.61302649904014
 30
0.0
 11
130.4478648323106
 21
91.01302649904014
 31
0.0
  0
LINE
  5
20E
330
1F
100
AcDbEntity
  8
轮廓粗实线
100
AcDbLine
 10
120.3478648323106
 20
61.61302649904014
 30
0.0
 11
120.3478648323106
 21
91.01302649904014
 31
0.0
  0
LINE
  5
20F
330
1F
100
AcDbEntity
  8
轮廓粗实线
100
AcDbLine
 10
120.3478648323106
 20
91.01302649904014
 30
0.0
 11
130.4478648323106
 21
91.01302649904014
 31
0.0
  0
LINE
  5
210
330
1F
100
AcDbEntity
  8
轮廓粗实线
100
AcDbLine
 10
118.8478648323106
 20
88.56302649904013
 30
0.0
 11
116.8478648323106
 21
88.56302649904013
 31
0.0
  0
LINE
  5
211
330
1F
100
AcDbEntity
  8
轮廓粗实线
100
AcDbLine
 10
116.8478648323106
 20
88.56302649904013
 30
0.0
 11
116.8478648323106
 21
89.06302649904013
 31
0.0
  0
LINE
  5
212
330
1F
100
AcDbEntity
  8
轮廓粗实线
100
AcDbLine
 10
118.8478648323106
 20
89.06302649904013
 30
0.0
 11
116.8478648323106
 21
89.06302649904013
 31
0.0
  0
LINE
  5
213
330
1F
100
AcDbEntity
  8
轮廓粗实线
100
AcDbLine
 10
118.8478648323106
 20
86.06302649904013
 30
0.0
 11
116.8478648323106
 21
86.06302649904013
 31
0.0
  0
LINE
  5
214
330
1F
100
AcDbEntity
  8
轮廓粗实线
100
AcDbLine
 10
116.8478648323106
 20
86.06302649904013
 30
0.0
 11
116.8478648323106
 21
86.56302649904013
 31
0.0
  0
LINE
  5
215
330
1F
100
AcDbEntity
  8
轮廓粗实线
100
AcDbLine
 10
118.8478648323106
 20
86.56302649904013
 30
0.0
 11
116.8478648323106
 21
86.56302649904013
 31
0.0
  0
LINE
  5
216
330
1F
100
AcDbEntity
  8
轮廓粗实线
100
AcDbLine
 10
116.8478648323106
 20
83.56302649904013
 30
0.0
 11
116.8478648323106
 21
84.06302649904015
 31
0.0
  0
LINE
  5
217
330
1F
100
AcDbEntity
  8
轮廓粗实线
100
AcDbLine
 10
118.8478648323106
 20
84.06302649904015
 30
0.0
 11
116.8478648323106
 21
84.06302649904015
 31
0.0
  0
LINE
  5
218
330
1F
100
AcDbEntity
  8
轮廓粗实线
100
AcDbLine
 10
118.8478648323106
 20
83.56302649904013
 30
0.0
 11
116.8478648323106
 21
83.56302649904013
 31
0.0
  0
LINE
  5
219
330
1F
100
AcDbEntity
  8
轮廓粗实线
100
AcDbLine
 10
118.8478648323106
 20
81.06302649904013
 30
0.0
 11
116.8478648323106
 21
81.06302649904013
 31
0.0
  0
LINE
  5
21A
330
1F
100
AcDbEntity
  8
轮廓粗实线
100
AcDbLine
 10
118.8478648323106
 20
81.56302649904013
 30
0.0
 11
116.8478648323106
 21
81.56302649904013
 31
0.0
  0
LINE
  5
21B
330
1F
100
AcDbEntity
  8
轮廓粗实线
100
AcDbLine
 10
116.8478648323106
 20
81.06302649904013
 30
0.0
 11
116.8478648323106
 21
81.56302649904013
 31
0.0
  0
LINE
  5
21C
330
1F
100
AcDbEntity
  8
轮廓粗实线
100
AcDbLine
 10
118.8478648323106
 20
78.56302649904013
 30
0.0
 11
116.8478648323106
 21
78.56302649904013
 31
0.0
  0
LINE
  5
21D
330
1F
100
AcDbEntity
  8
轮廓粗实线
100
AcDbLine
 10
118.8478648323106
 20
79.06302649904013
 30
0.0
 11
116.8478648323106
 21
79.06302649904013
 31
0.0
  0
LINE
  5
21E
330
1F
100
AcDbEntity
  8
轮廓粗实线
100
AcDbLine
 10
116.8478648323106
 20
78.56302649904013
 30
0.0
 11
116.8478648323106
 21
79.06302649904013
 31
0.0
  0
LINE
  5
21F
330
1F
100
AcDbEntity
  8
轮廓粗实线
100
AcDbLine
 10
118.8478648323106
 20
76.06302649904013
 30
0.0
 11
116.8478648323106
 21
76.06302649904013
 31
0.0
  0
LINE
  5
220
330
1F
100
AcDbEntity
  8
轮廓粗实线
100
AcDbLine
 10
116.8478648323106
 20
76.06302649904013
 30
0.0
 11
116.8478648323106
 21
76.56302649904013
 31
0.0
  0
LINE
  5
221
330
1F
100
AcDbEntity
  8
轮廓粗实线
100
AcDbLine
 10
118.8478648323106
 20
76.56302649904013
 30
0.0
 11
116.8478648323106
 21
76.56302649904013
 31
0.0
  0
LINE
  5
222
330
1F
100
AcDbEntity
  8
轮廓粗实线
100
AcDbLine
 10
118.8478648323106
 20
73.56302649904013
 30
0.0
 11
116.8478648323106
 21
73.56302649904013
 31
0.0
  0
LINE
  5
223
330
1F
100
AcDbEntity
  8
轮廓粗实线
100
AcDbLine
 10
116.8478648323106
 20
73.56302649904013
 30
0.0
 11
116.8478648323106
 21
74.06302649904013
 31
0.0
  0
LINE
  5
224
330
1F
100
AcDbEntity
  8
轮廓粗实线
100
AcDbLine
 10
118.8478648323106
 20
74.06302649904013
 30
0.0
 11
116.8478648323106
 21
74.06302649904013
 31
0.0
  0
LINE
  5
225
330
1F
100
AcDbEntity
  8
轮廓粗实线
100
AcDbLine
 10
116.8478648323106
 20
71.06302649904015
 30
0.0
 11
116.8478648323106
 21
71.56302649904015
 31
0.0
  0
LINE
  5
226
330
1F
100
AcDbEntity
  8
轮廓粗实线
100
AcDbLine
 10
118.8478648323106
 20
71.56302649904015
 30
0.0
 11
116.8478648323106
 21
71.56302649904015
 31
0.0
  0
LINE
  5
227
330
1F
100
AcDbEntity
  8
轮廓粗实线
100
AcDbLine
 10
118.8478648323106
 20
71.06302649904015
 30
0.0
 11
116.8478648323106
 21
71.06302649904015
 31
0.0
  0
LINE
  5
228
330
1F
100
AcDbEntity
  8
轮廓粗实线
100
AcDbLine
 10
118.8478648323106
 20
68.56302649904015
 30
0.0
 11
116.8478648323106
 21
68.56302649904015
 31
0.0
  0
LINE
  5
229
330
1F
100
AcDbEntity
  8
轮廓粗实线
100
AcDbLine
 10
116.8478648323106
 20
68.56302649904015
 30
0.0
 11
116.8478648323106
 21
69.06302649904015
 31
0.0
  0
LINE
  5
22A
330
1F
100
AcDbEntity
  8
轮廓粗实线
100
AcDbLine
 10
118.8478648323106
 20
69.06302649904015
 30
0.0
 11
116.8478648323106
 21
69.06302649904015
 31
0.0
  0
LINE
  5
22B
330
1F
100
AcDbEntity
  8
轮廓粗实线
100
AcDbLine
 10
118.8478648323106
 20
66.06302649904013
 30
0.0
 11
116.8478648323106
 21
66.06302649904013
 31
0.0
  0
LINE
  5
22C
330
1F
100
AcDbEntity
  8
轮廓粗实线
100
AcDbLine
 10
116.8478648323106
 20
66.06302649904013
 30
0.0
 11
116.8478648323106
 21
66.56302649904013
 31
0.0
  0
LINE
  5
22D
330
1F
100
AcDbEntity
  8
轮廓粗实线
100
AcDbLine
 10
118.8478648323106
 20
66.56302649904013
 30
0.0
 11
116.8478648323106
 21
66.56302649904013
 31
0.0
  0
LINE
  5
22E
330
1F
100
AcDbEntity
  8
轮廓粗实线
100
AcDbLine
 10
118.8478648323106
 20
63.56302649904013
 30
0.0
 11
116.8478648323106
 21
63.56302649904013
 31
0.0
  0
LINE
  5
22F
330
1F
100
AcDbEntity
  8
轮廓粗实线
100
AcDbLine
 10
116.8478648323106
 20
63.56302649904013
 30
0.0
 11
116.8478648323106
 21
64.06302649904013
 31
0.0
  0
LINE
  5
230
330
1F
100
AcDbEntity
  8
轮廓粗实线
100
AcDbLine
 10
118.8478648323106
 20
64.06302649904013
 30
0.0
 11
116.8478648323106
 21
64.06302649904013
 31
0.0
  0
LINE
  5
231
330
1F
100
AcDbEntity
  8
轮廓粗实线
100
AcDbLine
 10
120.3478648323106
 20
96.76302649904014
 30
0.0
 11
118.8478648323106
 21
96.76302649904014
 31
0.0
  0
LINE
  5
232
330
1F
100
AcDbEntity
  8
轮廓粗实线
100
AcDbLine
 10
118.8478648323106
 20
96.76302649904014
 30
0.0
 11
118.8478648323106
 21
97.76302649904014
 31
0.0
  0
LINE
  5
233
330
1F
100
AcDbEntity
  8
轮廓粗实线
100
AcDbLine
 10
118.8478648323106
 20
97.76302649904014
 30
0.0
 11
120.3478648323106
 21
97.76302649904014
 31
0.0
  0
LINE
  5
234
330
1F
100
AcDbEntity
  8
轮廓粗实线
100
AcDbLine
 10
120.3478648323106
 20
97.76302649904014
 30
0.0
 11
120.3478648323106
 21
96.76302649904014
 31
0.0
  0
LINE
  5
235
330
1F
100
AcDbEntity
  8
轮廓粗实线
100
AcDbLine
 10
120.3478648323106
 20
54.86302649904014
 30
0.0
 11
118.8478648323106
 21
54.86302649904014
 31
0.0
  0
LINE
  5
236
330
1F
100
AcDbEntity
  8
轮廓粗实线
100
AcDbLine
 10
118.8478648323106
 20
55.86302649904014
 30
0.0
 11
120.3478648323106
 21
55.86302649904014
 31
0.0
  0
LINE
  5
237
330
1F
100
AcDbEntity
  8
轮廓粗实线
100
AcDbLine
 10
120.3478648323106
 20
55.86302649904014
 30
0.0
 11
120.3478648323106
 21
54.86302649904014
 31
0.0
  0
LINE
  5
238
330
1F
100
AcDbEntity
  8
轮廓粗实线
100
AcDbLine
 10
118.8478648323106
 20
54.86302649904014
 30
0.0
 11
118.8478648323106
 21
55.86302649904014
 31
0.0
  0
LINE
  5
239
330
1F
100
AcDbEntity
  8
轮廓粗实线
100
AcDbLine
 10
120.3478648323106
 20
96.76302649904014
 30
0.0
 11
120.3478648323106
 21
55.86302649904014
 31
0.0
  0
LINE
  5
23A
330
1F
100
AcDbEntity
  8
轮廓粗实线
100
AcDbLine
 10
118.8478648323106
 20
96.76302649904014
 30
0.0
 11
118.8478648323106
 21
55.86302649904014
 31
0.0
  0
DIMENSION
  5
23B
330
1F
100
AcDbEntity
  8
0
  6
SLD-实线
 62
     5
420
      255
370
    25
100
AcDbDimension
  2
_D_2
 10
120.3478648323108
 20
49.86302649904015
 30
0.0
 11
113.6360593348284
 21
49.86302649904015
 31
0.0
 70
   160
  1
<>
 71
     2
 42
-1.0
  3
SLDDIMSTYLE1
100
AcDbAlignedDimension
 13
118.8478648323108
 23
55.86302649904014
 33
0.0
 14
120.3478648323108
 24
55.86302649904014
 34
0.0
100
AcDbRotatedDimension
  0
LINE
  5
248
330
1F
100
AcDbEntity
  8
轮廓粗实线
100
AcDbLine
 10
78.29735668310312
 20
39.42885816991009
 30
0.0
 11
78.29735668310312
 21
29.32885816991009
 31
0.0
  0
LINE
  5
249
330
1F
100
AcDbEntity
  8
轮廓粗实线
100
AcDbLine
 10
70.19735668310312
 20
29.32885816991009
 30
0.0
 11
78.29735668310312
 21
29.32885816991009
 31
0.0
  0
LINE
  5
24A
330
1F
100
AcDbEntity
  8
轮廓粗实线
100
AcDbLine
 10
70.19735668310312
 20
39.42885816991009
 30
0.0
 11
70.19735668310312
 21
29.32885816991009
 31
0.0
  0
LINE
  5
24B
330
1F
100
AcDbEntity
  8
轮廓粗实线
100
AcDbLine
 10
74.14735668310313
 20
40.92885816991009
 30
0.0
 11
74.14735668310313
 21
42.92885816991009
 31
0.0
  0
LINE
  5
24C
330
1F
100
AcDbEntity
  8
轮廓粗实线
100
AcDbLine
 10
74.14735668310313
 20
42.92885816991009
 30
0.0
 11
74.64735668310313
 21
42.92885816991009
 31
0.0
  0
LINE
  5
24D
330
1F
100
AcDbEntity
  8
轮廓粗实线
100
AcDbLine
 10
74.64735668310313
 20
40.92885816991009
 30
0.0
 11
74.64735668310313
 21
42.92885816991009
 31
0.0
  0
LINE
  5
24E
330
1F
100
AcDbEntity
  8
轮廓粗实线
100
AcDbLine
 10
55.79735668310312
 20
29.32885816991009
 30
0.0
 11
63.89735668310312
 21
29.32885816991009
 31
0.0
  0
LINE
  5
24F
330
1F
100
AcDbEntity
  8
轮廓粗实线
100
AcDbLine
 10
63.89735668310312
 20
39.42885816991009
 30
0.0
 11
63.89735668310312
 21
29.32885816991009
 31
0.0
  0
LINE
  5
250
330
1F
100
AcDbEntity
  8
轮廓粗实线
100
AcDbLine
 10
55.79735668310312
 20
39.42885816991009
 30
0.0
 11
55.79735668310312
 21
29.32885816991009
 31
0.0
  0
LINE
  5
251
330
1F
100
AcDbEntity
  8
轮廓粗实线
100
AcDbLine
 10
59.74735668310312
 20
40.92885816991006
 30
0.0
 11
59.74735668310312
 21
42.92885816991009
 31
0.0
  0
LINE
  5
252
330
1F
100
AcDbEntity
  8
轮廓粗实线
100
AcDbLine
 10
59.74735668310312
 20
42.92885816991009
 30
0.0
 11
60.24735668310312
 21
42.92885816991009
 31
0.0
  0
LINE
  5
253
330
1F
100
AcDbEntity
  8
轮廓粗实线
100
AcDbLine
 10
60.24735668310312
 20
40.92885816991006
 30
0.0
 11
60.24735668310312
 21
42.92885816991009
 31
0.0
  0
LINE
  5
254
330
1F
100
AcDbEntity
  8
轮廓粗实线
100
AcDbLine
 10
84.2973566831031
 20
39.42885816991009
 30
0.0
 11
84.2973566831031
 21
40.92885816991009
 31
0.0
  0
LINE
  5
255
330
1F
100
AcDbEntity
  8
轮廓粗实线
100
AcDbLine
 10
84.2973566831031
 20
40.92885816991009
 30
0.0
 11
85.2973566831031
 21
40.92885816991009
 31
0.0
  0
LINE
  5
256
330
1F
100
AcDbEntity
  8
轮廓粗实线
100
AcDbLine
 10
85.2973566831031
 20
40.92885816991009
 30
0.0
 11
85.2973566831031
 21
39.42885816991009
 31
0.0
  0
LINE
  5
257
330
1F
100
AcDbEntity
  8
轮廓粗实线
100
AcDbLine
 10
85.2973566831031
 20
39.42885816991009
 30
0.0
 11
84.2973566831031
 21
39.42885816991009
 31
0.0
  0
LINE
  5
258
330
1F
100
AcDbEntity
  8
轮廓粗实线
100
AcDbLine
 10
56.79735668310312
 20
40.92885816991009
 30
0.0
 11
56.79735668310312
 21
39.42885816991009
 31
0.0
  0
LINE
  5
259
330
1F
100
AcDbEntity
  8
轮廓粗实线
100
AcDbLine
 10
84.2973566831031
 20
40.92885816991009
 30
0.0
 11
56.79735668310312
 21
40.92885816991009
 31
0.0
  0
LINE
  5
25A
330
1F
100
AcDbEntity
  8
轮廓粗实线
100
AcDbLine
 10
84.2973566831031
 20
39.42885816991009
 30
0.0
 11
56.79735668310312
 21
39.42885816991009
 31
0.0
  0
LINE
  5
25B
330
1F
100
AcDbEntity
  8
轮廓粗实线
100
AcDbLine
 10
55.79735668310312
 20
39.42885816991009
 30
0.0
 11
55.79735668310312
 21
40.92885816991009
 31
0.0
  0
LINE
  5
25C
330
1F
100
AcDbEntity
  8
轮廓粗实线
100
AcDbLine
 10
56.79735668310312
 20
39.42885816991009
 30
0.0
 11
55.79735668310312
 21
39.42885816991009
 31
0.0
  0
LINE
  5
25D
330
1F
100
AcDbEntity
  8
轮廓粗实线
100
AcDbLine
 10
55.79735668310312
 20
40.92885816991009
 30
0.0
 11
56.79735668310312
 21
40.92885816991009
 31
0.0
  0
LINE
  5
25E
330
1F
100
AcDbEntity
  8
轮廓粗实线
100
AcDbLine
 10
182.5885732188957
 20
95.01152702287249
 30
0.0
 11
175.4467947289116
 21
90.88866605816781
 31
0.0
  0
LINE
  5
25F
330
1F
100
AcDbEntity
  8
轮廓粗实线
100
AcDbLine
 10
182.5885732188957
 20
95.01152702287249
 30
0.0
 11
182.5885732188957
 21
60.79846700485957
 31
0.0
  0
LINE
  5
260
330
1F
100
AcDbEntity
  8
轮廓粗实线
100
AcDbLine
 10
182.5885732188957
 20
60.79846700485957
 30
0.0
 11
175.4467947289116
 21
56.67560604015489
 31
0.0
  0
LINE
  5
261
330
1F
100
AcDbEntity
  8
轮廓粗实线
100
AcDbLine
 10
175.4467947289116
 20
90.88866605816781
 30
0.0
 11
175.4467947289116
 21
56.67560604015489
 31
0.0
  0
LINE
  5
262
330
1F
100
AcDbEntity
  8
轮廓粗实线
100
AcDbLine
 10
176.8610082912847
 20
98.31797987575446
 30
0.0
 11
169.7192298013005
 21
94.19511891104979
 31
0.0
  0
LINE
  5
263
330
1F
100
AcDbEntity
  8
轮廓粗实线
100
AcDbLine
 10
176.8610082912847
 20
98.31797987575446
 30
0.0
 11
182.5885732188957
 21
95.01152702287249
 31
0.0
  0
LINE
  5
264
330
1F
100
AcDbEntity
  8
轮廓粗实线
100
AcDbLine
 10
169.7192298013005
 20
94.19511891104979
 30
0.0
 11
175.4467947289116
 21
90.88866605816781
 31
0.0
  0
LINE
  5
265
330
1F
100
AcDbEntity
  8
轮廓粗实线
100
AcDbLine
 10
169.7192298013005
 20
59.98205889303686
 30
0.0
 11
169.7192298013005
 21
94.19511891104979
 31
0.0
  0
LINE
  5
266
330
1F
100
AcDbEntity
  8
轮廓粗实线
100
AcDbLine
 10
175.4467947289116
 20
56.67560604015489
 30
0.0
 11
169.7192298013005
 21
59.98205889303686
 31
0.0
  0
LINE
  5
267
330
1F
100
AcDbEntity
  8
轮廓粗实线
100
AcDbLine
 10
174.739687947725
 20
90.48032930219343
 30
0.0
 11
170.4263365824871
 21
92.97037404325269
 31
0.0
  0
LINE
  5
268
330
1F
100
AcDbEntity
  8
轮廓粗实线
100
AcDbLine
 10
170.4263365824871
 20
92.97037404325269
 30
0.0
 11
170.4263365824871
 21
60.39039564901126
 31
0.0
  0
LINE
  5
269
330
1F
100
AcDbEntity
  8
轮廓粗实线
100
AcDbLine
 10
170.4263365824871
 20
60.39039564901126
 30
0.0
 11
174.739687947725
 21
57.900350907952
 31
0.0
  0
LINE
  5
26A
330
1F
100
AcDbEntity
  8
轮廓粗实线
100
AcDbLine
 10
174.739687947725
 20
57.900350907952
 30
0.0
 11
174.739687947725
 21
90.48032930219343
 31
0.0
  0
LINE
  5
26B
330
1F
100
AcDbEntity
  8
轮廓粗实线
100
AcDbLine
 10
174.739687947725
 20
62.88044039007051
 30
0.0
 11
170.4263365824871
 21
60.39039564901126
 31
0.0
  0
LINE
  5
26C
330
1F
100
AcDbEntity
  8
轮廓粗实线
100
AcDbLine
 10
174.3507792180724
 20
89.60223276676652
 30
0.0
 11
174.3507792180724
 21
89.19396236082363
 31
0.0
  0
LINE
  5
26D
330
1F
100
AcDbEntity
  8
轮廓粗实线
100
AcDbLine
 10
174.3507792180724
 20
89.60223276676652
 30
0.0
 11
174.739687947725
 21
89.82674499751775
 31
0.0
  0
LINE
  5
26E
330
1F
100
AcDbEntity
  8
轮廓粗实线
100
AcDbLine
 10
174.3507792180724
 20
89.19396236082363
 30
0.0
 11
174.739687947725
 21
89.41847459157486
 31
0.0
  0
LINE
  5
26F
330
1F
100
AcDbEntity
  8
轮廓粗实线
100
AcDbLine
 10
173.9972258274792
 20
89.80633479472219
 30
0.0
 11
174.3507792180724
 21
89.60223276676652
 31
0.0
  0
LINE
  5
270
330
1F
100
AcDbEntity
  8
轮廓粗实线
100
AcDbLine
 10
173.9972258274792
 20
89.80633479472219
 30
0.0
 11
174.739687947725
 21
90.2349490534291
 31
0.0
  0
LINE
  5
271
330
1F
100
AcDbEntity
  8
轮廓粗实线
100
AcDbLine
 10
174.3507792180724
 20
89.19396236082363
 30
0.0
 11
173.9972258274792
 21
89.39806438877932
 31
0.0
  0
LINE
  5
272
330
1F
100
AcDbEntity
  8
轮廓粗实线
100
AcDbLine
 10
173.9972258274792
 20
89.39806438877932
 30
0.0
 11
173.9972258274792
 21
89.80633479472219
 31
0.0
  0
LINE
  5
273
330
1F
100
AcDbEntity
  8
轮廓粗实线
100
AcDbLine
 10
173.9972258274792
 20
87.76498276500782
 30
0.0
 11
174.3507792180724
 21
87.56088073705213
 31
0.0
  0
LINE
  5
274
330
1F
100
AcDbEntity
  8
轮廓粗实线
100
AcDbLine
 10
174.3507792180724
 20
87.56088073705213
 30
0.0
 11
174.3507792180724
 21
87.15261033110927
 31
0.0
  0
LINE
  5
275
330
1F
100
AcDbEntity
  8
轮廓粗实线
100
AcDbLine
 10
174.3507792180724
 20
87.15261033110927
 30
0.0
 11
173.9972258274792
 21
87.35671235906494
 31
0.0
  0
LINE
  5
276
330
1F
100
AcDbEntity
  8
轮廓粗实线
100
AcDbLine
 10
173.9972258274792
 20
87.35671235906494
 30
0.0
 11
173.9972258274792
 21
87.76498276500782
 31
0.0
  0
LINE
  5
277
330
1F
100
AcDbEntity
  8
轮廓粗实线
100
AcDbLine
 10
173.9972258274792
 20
87.76498276500782
 30
0.0
 11
174.739687947725
 21
88.19359702371473
 31
0.0
  0
LINE
  5
278
330
1F
100
AcDbEntity
  8
轮廓粗实线
100
AcDbLine
 10
174.3507792180724
 20
87.56088073705213
 30
0.0
 11
174.739687947725
 21
87.78539296780338
 31
0.0
  0
LINE
  5
279
330
1F
100
AcDbEntity
  8
轮廓粗实线
100
AcDbLine
 10
174.3507792180724
 20
87.15261033110927
 30
0.0
 11
174.739687947725
 21
87.37712256186049
 31
0.0
  0
LINE
  5
27A
330
1F
100
AcDbEntity
  8
轮廓粗实线
100
AcDbLine
 10
173.9972258274792
 20
85.72363073529344
 30
0.0
 11
174.3507792180724
 21
85.51952870733777
 31
0.0
  0
LINE
  5
27B
330
1F
100
AcDbEntity
  8
轮廓粗实线
100
AcDbLine
 10
173.9972258274792
 20
85.72363073529344
 30
0.0
 11
174.739687947725
 21
86.15224499400036
 31
0.0
  0
LINE
  5
27C
330
1F
100
AcDbEntity
  8
轮廓粗实线
100
AcDbLine
 10
174.3507792180724
 20
85.51952870733777
 30
0.0
 11
174.739687947725
 21
85.744040938089
 31
0.0
  0
LINE
  5
27D
330
1F
100
AcDbEntity
  8
轮廓粗实线
100
AcDbLine
 10
174.3507792180724
 20
85.51952870733777
 30
0.0
 11
174.3507792180724
 21
85.11125830139488
 31
0.0
  0
LINE
  5
27E
330
1F
100
AcDbEntity
  8
轮廓粗实线
100
AcDbLine
 10
174.3507792180724
 20
85.11125830139488
 30
0.0
 11
174.739687947725
 21
85.33577053214613
 31
0.0
  0
LINE
  5
27F
330
1F
100
AcDbEntity
  8
轮廓粗实线
100
AcDbLine
 10
174.3507792180724
 20
85.11125830139488
 30
0.0
 11
173.9972258274792
 21
85.31536032935057
 31
0.0
  0
LINE
  5
280
330
1F
100
AcDbEntity
  8
轮廓粗实线
100
AcDbLine
 10
173.9972258274792
 20
85.31536032935057
 30
0.0
 11
173.9972258274792
 21
85.72363073529344
 31
0.0
  0
LINE
  5
281
330
1F
100
AcDbEntity
  8
轮廓粗实线
100
AcDbLine
 10
173.9972258274792
 20
83.68227870557907
 30
0.0
 11
174.3507792180724
 21
83.4781766776234
 31
0.0
  0
LINE
  5
282
330
1F
100
AcDbEntity
  8
轮廓粗实线
100
AcDbLine
 10
173.9972258274792
 20
83.68227870557907
 30
0.0
 11
174.739687947725
 21
84.11089296428598
 31
0.0
  0
LINE
  5
283
330
1F
100
AcDbEntity
  8
轮廓粗实线
100
AcDbLine
 10
174.3507792180724
 20
83.4781766776234
 30
0.0
 11
174.739687947725
 21
83.70268890837464
 31
0.0
  0
LINE
  5
284
330
1F
100
AcDbEntity
  8
轮廓粗实线
100
AcDbLine
 10
174.3507792180724
 20
83.4781766776234
 30
0.0
 11
174.3507792180724
 21
83.06990627168051
 31
0.0
  0
LINE
  5
285
330
1F
100
AcDbEntity
  8
轮廓粗实线
100
AcDbLine
 10
174.3507792180724
 20
83.06990627168051
 30
0.0
 11
174.739687947725
 21
83.29441850243174
 31
0.0
  0
LINE
  5
286
330
1F
100
AcDbEntity
  8
轮廓粗实线
100
AcDbLine
 10
174.3507792180724
 20
83.06990627168051
 30
0.0
 11
173.9972258274792
 21
83.2740082996362
 31
0.0
  0
LINE
  5
287
330
1F
100
AcDbEntity
  8
轮廓粗实线
100
AcDbLine
 10
173.9972258274792
 20
83.2740082996362
 30
0.0
 11
173.9972258274792
 21
83.68227870557907
 31
0.0
  0
LINE
  5
288
330
1F
100
AcDbEntity
  8
轮廓粗实线
100
AcDbLine
 10
173.9972258274792
 20
81.6409266758647
 30
0.0
 11
174.3507792180724
 21
81.43682464790902
 31
0.0
  0
LINE
  5
289
330
1F
100
AcDbEntity
  8
轮廓粗实线
100
AcDbLine
 10
174.3507792180724
 20
81.43682464790902
 30
0.0
 11
174.3507792180724
 21
81.02855424196615
 31
0.0
  0
LINE
  5
28A
330
1F
100
AcDbEntity
  8
轮廓粗实线
100
AcDbLine
 10
174.3507792180724
 20
81.02855424196615
 30
0.0
 11
173.9972258274792
 21
81.23265626992182
 31
0.0
  0
LINE
  5
28B
330
1F
100
AcDbEntity
  8
轮廓粗实线
100
AcDbLine
 10
173.9972258274792
 20
81.23265626992182
 30
0.0
 11
173.9972258274792
 21
81.6409266758647
 31
0.0
  0
LINE
  5
28C
330
1F
100
AcDbEntity
  8
轮廓粗实线
100
AcDbLine
 10
173.9972258274792
 20
81.6409266758647
 30
0.0
 11
174.739687947725
 21
82.0695409345716
 31
0.0
  0
LINE
  5
28D
330
1F
100
AcDbEntity
  8
轮廓粗实线
100
AcDbLine
 10
174.3507792180724
 20
81.43682464790902
 30
0.0
 11
174.739687947725
 21
81.66133687866025
 31
0.0
  0
LINE
  5
28E
330
1F
100
AcDbEntity
  8
轮廓粗实线
100
AcDbLine
 10
174.3507792180724
 20
81.02855424196615
 30
0.0
 11
174.739687947725
 21
81.25306647271738
 31
0.0
  0
LINE
  5
28F
330
1F
100
AcDbEntity
  8
轮廓粗实线
100
AcDbLine
 10
174.3507792180724
 20
79.39547261819463
 30
0.0
 11
174.3507792180724
 21
78.98720221225176
 31
0.0
  0
LINE
  5
290
330
1F
100
AcDbEntity
  8
轮廓粗实线
100
AcDbLine
 10
174.3507792180724
 20
79.39547261819463
 30
0.0
 11
174.739687947725
 21
79.61998484894588
 31
0.0
  0
LINE
  5
291
330
1F
100
AcDbEntity
  8
轮廓粗实线
100
AcDbLine
 10
174.3507792180724
 20
78.98720221225176
 30
0.0
 11
174.739687947725
 21
79.21171444300302
 31
0.0
  0
LINE
  5
292
330
1F
100
AcDbEntity
  8
轮廓粗实线
100
AcDbLine
 10
173.9972258274792
 20
79.5995746461503
 30
0.0
 11
174.3507792180724
 21
79.39547261819463
 31
0.0
  0
LINE
  5
293
330
1F
100
AcDbEntity
  8
轮廓粗实线
100
AcDbLine
 10
173.9972258274792
 20
79.5995746461503
 30
0.0
 11
174.739687947725
 21
80.02818890485723
 31
0.0
  0
LINE
  5
294
330
1F
100
AcDbEntity
  8
轮廓粗实线
100
AcDbLine
 10
174.3507792180724
 20
78.98720221225176
 30
0.0
 11
173.9972258274792
 21
79.19130424020744
 31
0.0
  0
LINE
  5
295
330
1F
100
AcDbEntity
  8
轮廓粗实线
100
AcDbLine
 10
173.9972258274792
 20
79.19130424020744
 30
0.0
 11
173.9972258274792
 21
79.5995746461503
 31
0.0
  0
LINE
  5
296
330
1F
100
AcDbEntity
  8
轮廓粗实线
100
AcDbLine
 10
174.3507792180724
 20
77.35412058848026
 30
0.0
 11
174.3507792180724
 21
76.94585018253738
 31
0.0
  0
LINE
  5
297
330
1F
100
AcDbEntity
  8
轮廓粗实线
100
AcDbLine
 10
174.3507792180724
 20
77.35412058848026
 30
0.0
 11
174.739687947725
 21
77.5786328192315
 31
0.0
  0
LINE
  5
298
330
1F
100
AcDbEntity
  8
轮廓粗实线
100
AcDbLine
 10
174.3507792180724
 20
76.94585018253738
 30
0.0
 11
174.739687947725
 21
77.17036241328863
 31
0.0
  0
LINE
  5
299
330
1F
100
AcDbEntity
  8
轮廓粗实线
100
AcDbLine
 10
173.9972258274792
 20
77.55822261643594
 30
0.0
 11
174.3507792180724
 21
77.35412058848026
 31
0.0
  0
LINE
  5
29A
330
1F
100
AcDbEntity
  8
轮廓粗实线
100
AcDbLine
 10
174.3507792180724
 20
76.94585018253738
 30
0.0
 11
173.9972258274792
 21
77.14995221049305
 31
0.0
  0
LINE
  5
29B
330
1F
100
AcDbEntity
  8
轮廓粗实线
100
AcDbLine
 10
173.9972258274792
 20
77.14995221049305
 30
0.0
 11
173.9972258274792
 21
77.55822261643594
 31
0.0
  0
LINE
  5
29C
330
1F
100
AcDbEntity
  8
轮廓粗实线
100
AcDbLine
 10
173.9972258274792
 20
77.55822261643594
 30
0.0
 11
174.739687947725
 21
77.98683687514286
 31
0.0
  0
LINE
  5
29D
330
1F
100
AcDbEntity
  8
轮廓粗实线
100
AcDbLine
 10
173.9972258274792
 20
75.51687058672158
 30
0.0
 11
174.3507792180724
 21
75.3127685587659
 31
0.0
  0
LINE
  5
29E
330
1F
100
AcDbEntity
  8
轮廓粗实线
100
AcDbLine
 10
173.9972258274792
 20
75.51687058672158
 30
0.0
 11
174.739687947725
 21
75.94548484542848
 31
0.0
  0
LINE
  5
29F
330
1F
100
AcDbEntity
  8
轮廓粗实线
100
AcDbLine
 10
174.3507792180724
 20
75.3127685587659
 30
0.0
 11
174.739687947725
 21
75.53728078951713
 31
0.0
  0
LINE
  5
2A0
330
1F
100
AcDbEntity
  8
轮廓粗实线
100
AcDbLine
 10
174.3507792180724
 20
75.3127685587659
 30
0.0
 11
174.3507792180724
 21
74.90449815282302
 31
0.0
  0
LINE
  5
2A1
330
1F
100
AcDbEntity
  8
轮廓粗实线
100
AcDbLine
 10
174.3507792180724
 20
74.90449815282302
 30
0.0
 11
174.739687947725
 21
75.12901038357425
 31
0.0
  0
LINE
  5
2A2
330
1F
100
AcDbEntity
  8
轮廓粗实线
100
AcDbLine
 10
174.3507792180724
 20
74.90449815282302
 30
0.0
 11
173.9972258274792
 21
75.1086001807787
 31
0.0
  0
LINE
  5
2A3
330
1F
100
AcDbEntity
  8
轮廓粗实线
100
AcDbLine
 10
173.9972258274792
 20
75.1086001807787
 30
0.0
 11
173.9972258274792
 21
75.51687058672158
 31
0.0
  0
LINE
  5
2A4
330
1F
100
AcDbEntity
  8
轮廓粗实线
100
AcDbLine
 10
173.9972258274792
 20
73.47551855700719
 30
0.0
 11
174.3507792180724
 21
73.27141652905152
 31
0.0
  0
LINE
  5
2A5
330
1F
100
AcDbEntity
  8
轮廓粗实线
100
AcDbLine
 10
173.9972258274792
 20
73.47551855700719
 30
0.0
 11
174.739687947725
 21
73.9041328157141
 31
0.0
  0
LINE
  5
2A6
330
1F
100
AcDbEntity
  8
轮廓粗实线
100
AcDbLine
 10
174.3507792180724
 20
73.27141652905152
 30
0.0
 11
174.739687947725
 21
73.49592875980277
 31
0.0
  0
LINE
  5
2A7
330
1F
100
AcDbEntity
  8
轮廓粗实线
100
AcDbLine
 10
174.3507792180724
 20
73.27141652905152
 30
0.0
 11
174.3507792180724
 21
72.86314612310865
 31
0.0
  0
LINE
  5
2A8
330
1F
100
AcDbEntity
  8
轮廓粗实线
100
AcDbLine
 10
174.3507792180724
 20
72.86314612310865
 30
0.0
 11
174.739687947725
 21
73.08765835385988
 31
0.0
  0
LINE
  5
2A9
330
1F
100
AcDbEntity
  8
轮廓粗实线
100
AcDbLine
 10
174.3507792180724
 20
72.86314612310865
 30
0.0
 11
173.9972258274792
 21
73.06724815106433
 31
0.0
  0
LINE
  5
2AA
330
1F
100
AcDbEntity
  8
轮廓粗实线
100
AcDbLine
 10
173.9972258274792
 20
73.06724815106433
 30
0.0
 11
173.9972258274792
 21
73.47551855700719
 31
0.0
  0
LINE
  5
2AB
330
1F
100
AcDbEntity
  8
轮廓粗实线
100
AcDbLine
 10
174.3507792180724
 20
71.23006449933713
 30
0.0
 11
174.3507792180724
 21
70.82179409339427
 31
0.0
  0
LINE
  5
2AC
330
1F
100
AcDbEntity
  8
轮廓粗实线
100
AcDbLine
 10
174.3507792180724
 20
71.23006449933713
 30
0.0
 11
174.739687947725
 21
71.45457673008839
 31
0.0
  0
LINE
  5
2AD
330
1F
100
AcDbEntity
  8
轮廓粗实线
100
AcDbLine
 10
174.3507792180724
 20
70.82179409339427
 30
0.0
 11
174.739687947725
 21
71.0463063241455
 31
0.0
  0
LINE
  5
2AE
330
1F
100
AcDbEntity
  8
轮廓粗实线
100
AcDbLine
 10
173.9972258274792
 20
71.43416652729282
 30
0.0
 11
174.3507792180724
 21
71.23006449933713
 31
0.0
  0
LINE
  5
2AF
330
1F
100
AcDbEntity
  8
轮廓粗实线
100
AcDbLine
 10
174.3507792180724
 20
70.82179409339427
 30
0.0
 11
173.9972258274792
 21
71.02589612134994
 31
0.0
  0
LINE
  5
2B0
330
1F
100
AcDbEntity
  8
轮廓粗实线
100
AcDbLine
 10
173.9972258274792
 20
71.02589612134994
 30
0.0
 11
173.9972258274792
 21
71.43416652729282
 31
0.0
  0
LINE
  5
2B1
330
1F
100
AcDbEntity
  8
轮廓粗实线
100
AcDbLine
 10
173.9972258274792
 20
71.43416652729282
 30
0.0
 11
174.739687947725
 21
71.86278078599973
 31
0.0
  0
LINE
  5
2B2
330
1F
100
AcDbEntity
  8
轮廓粗实线
100
AcDbLine
 10
173.9972258274792
 20
69.39281449757844
 30
0.0
 11
174.3507792180724
 21
69.18871246962277
 31
0.0
  0
LINE
  5
2B3
330
1F
100
AcDbEntity
  8
轮廓粗实线
100
AcDbLine
 10
173.9972258274792
 20
69.39281449757844
 30
0.0
 11
174.739687947725
 21
69.82142875628536
 31
0.0
  0
LINE
  5
2B4
330
1F
100
AcDbEntity
  8
轮廓粗实线
100
AcDbLine
 10
174.3507792180724
 20
69.18871246962277
 30
0.0
 11
174.739687947725
 21
69.413224700374
 31
0.0
  0
LINE
  5
2B5
330
1F
100
AcDbEntity
  8
轮廓粗实线
100
AcDbLine
 10
174.3507792180724
 20
69.18871246962277
 30
0.0
 11
174.3507792180724
 21
68.78044206367989
 31
0.0
  0
LINE
  5
2B6
330
1F
100
AcDbEntity
  8
轮廓粗实线
100
AcDbLine
 10
174.3507792180724
 20
68.78044206367989
 30
0.0
 11
174.739687947725
 21
69.00495429443114
 31
0.0
  0
LINE
  5
2B7
330
1F
100
AcDbEntity
  8
轮廓粗实线
100
AcDbLine
 10
174.3507792180724
 20
68.78044206367989
 30
0.0
 11
173.9972258274792
 21
68.98454409163557
 31
0.0
  0
LINE
  5
2B8
330
1F
100
AcDbEntity
  8
轮廓粗实线
100
AcDbLine
 10
173.9972258274792
 20
68.98454409163557
 30
0.0
 11
173.9972258274792
 21
69.39281449757844
 31
0.0
  0
LINE
  5
2B9
330
1F
100
AcDbEntity
  8
轮廓粗实线
100
AcDbLine
 10
173.9972258274792
 20
67.35146246786408
 30
0.0
 11
174.3507792180724
 21
67.14736043990841
 31
0.0
  0
LINE
  5
2BA
330
1F
100
AcDbEntity
  8
轮廓粗实线
100
AcDbLine
 10
174.3507792180724
 20
67.14736043990841
 30
0.0
 11
174.3507792180724
 21
66.73909003396552
 31
0.0
  0
LINE
  5
2BB
330
1F
100
AcDbEntity
  8
轮廓粗实线
100
AcDbLine
 10
174.3507792180724
 20
66.73909003396552
 30
0.0
 11
173.9972258274792
 21
66.94319206192121
 31
0.0
  0
LINE
  5
2BC
330
1F
100
AcDbEntity
  8
轮廓粗实线
100
AcDbLine
 10
173.9972258274792
 20
66.94319206192121
 30
0.0
 11
173.9972258274792
 21
67.35146246786408
 31
0.0
  0
LINE
  5
2BD
330
1F
100
AcDbEntity
  8
轮廓粗实线
100
AcDbLine
 10
174.3507792180724
 20
67.14736043990841
 30
0.0
 11
174.739687947725
 21
67.37187267065964
 31
0.0
  0
LINE
  5
2BE
330
1F
100
AcDbEntity
  8
轮廓粗实线
100
AcDbLine
 10
174.3507792180724
 20
66.73909003396552
 30
0.0
 11
174.739687947725
 21
66.96360226471676
 31
0.0
  0
LINE
  5
2BF
330
1F
100
AcDbEntity
  8
轮廓粗实线
100
AcDbLine
 10
173.9972258274792
 20
67.35146246786408
 30
0.0
 11
174.739687947725
 21
67.780076726571
 31
0.0
  0
LINE
  5
2C0
330
1F
100
AcDbEntity
  8
轮廓粗实线
100
AcDbLine
 10
173.9972258274792
 20
65.3101104381497
 30
0.0
 11
174.3507792180724
 21
65.10600841019402
 31
0.0
  0
LINE
  5
2C1
330
1F
100
AcDbEntity
  8
轮廓粗实线
100
AcDbLine
 10
173.9972258274792
 20
65.3101104381497
 30
0.0
 11
174.739687947725
 21
65.73872469685661
 31
0.0
  0
LINE
  5
2C2
330
1F
100
AcDbEntity
  8
轮廓粗实线
100
AcDbLine
 10
174.3507792180724
 20
65.10600841019402
 30
0.0
 11
174.739687947725
 21
65.33052064094525
 31
0.0
  0
LINE
  5
2C3
330
1F
100
AcDbEntity
  8
轮廓粗实线
100
AcDbLine
 10
174.3507792180724
 20
65.10600841019402
 30
0.0
 11
174.3507792180724
 21
64.69773800425115
 31
0.0
  0
LINE
  5
2C4
330
1F
100
AcDbEntity
  8
轮廓粗实线
100
AcDbLine
 10
174.3507792180724
 20
64.69773800425115
 30
0.0
 11
174.739687947725
 21
64.9222502350024
 31
0.0
  0
LINE
  5
2C5
330
1F
100
AcDbEntity
  8
轮廓粗实线
100
AcDbLine
 10
174.3507792180724
 20
64.69773800425115
 30
0.0
 11
173.9972258274792
 21
64.90184003220682
 31
0.0
  0
LINE
  5
2C6
330
1F
100
AcDbEntity
  8
轮廓粗实线
100
AcDbLine
 10
173.9972258274792
 20
64.90184003220682
 30
0.0
 11
173.9972258274792
 21
65.3101104381497
 31
0.0
  0
LINE
  5
2C7
330
1F
100
AcDbEntity
  8
轮廓粗实线
100
AcDbLine
 10
173.9972258274792
 20
63.26875840843532
 30
0.0
 11
174.3507792180724
 21
63.06465638047965
 31
0.0
  0
LINE
  5
2C8
330
1F
100
AcDbEntity
  8
轮廓粗实线
100
AcDbLine
 10
174.3507792180724
 20
63.06465638047965
 30
0.0
 11
174.3507792180724
 21
62.65638597453677
 31
0.0
  0
LINE
  5
2C9
330
1F
100
AcDbEntity
  8
轮廓粗实线
100
AcDbLine
 10
174.3507792180724
 20
62.65638597453677
 30
0.0
 11
173.9972258274792
 21
62.86048800249245
 31
0.0
  0
LINE
  5
2CA
330
1F
100
AcDbEntity
  8
轮廓粗实线
100
AcDbLine
 10
173.9972258274792
 20
62.86048800249245
 30
0.0
 11
173.9972258274792
 21
63.26875840843532
 31
0.0
  0
LINE
  5
2CB
330
1F
100
AcDbEntity
  8
轮廓粗实线
100
AcDbLine
 10
173.9972258274792
 20
63.26875840843532
 30
0.0
 11
174.739687947725
 21
63.69737266714225
 31
0.0
  0
LINE
  5
2CC
330
1F
100
AcDbEntity
  8
轮廓粗实线
100
AcDbLine
 10
174.3507792180724
 20
63.06465638047965
 30
0.0
 11
174.739687947725
 21
63.28916861123089
 31
0.0
  0
LINE
  5
2CD
330
1F
100
AcDbEntity
  8
轮廓粗实线
100
AcDbLine
 10
174.3507792180724
 20
62.65638597453677
 30
0.0
 11
174.739687947725
 21
62.88089820528801
 31
0.0
  0
LINE
  5
2CE
330
1F
100
AcDbEntity
  8
轮廓粗实线
100
AcDbLine
 10
173.9972258274792
 20
61.22740637872096
 30
0.0
 11
174.3507792180724
 21
61.02330435076528
 31
0.0
  0
LINE
  5
2CF
330
1F
100
AcDbEntity
  8
轮廓粗实线
100
AcDbLine
 10
173.9972258274792
 20
61.22740637872096
 30
0.0
 11
174.739687947725
 21
61.65602063742787
 31
0.0
  0
LINE
  5
2D0
330
1F
100
AcDbEntity
  8
轮廓粗实线
100
AcDbLine
 10
174.3507792180724
 20
61.02330435076528
 30
0.0
 11
174.739687947725
 21
61.24781658151652
 31
0.0
  0
LINE
  5
2D1
330
1F
100
AcDbEntity
  8
轮廓粗实线
100
AcDbLine
 10
174.3507792180724
 20
61.02330435076528
 30
0.0
 11
174.3507792180724
 21
60.6150339448224
 31
0.0
  0
LINE
  5
2D2
330
1F
100
AcDbEntity
  8
轮廓粗实线
100
AcDbLine
 10
174.3507792180724
 20
60.6150339448224
 30
0.0
 11
174.739687947725
 21
60.83954617557364
 31
0.0
  0
LINE
  5
2D3
330
1F
100
AcDbEntity
  8
轮廓粗实线
100
AcDbLine
 10
174.3507792180724
 20
60.6150339448224
 30
0.0
 11
173.9972258274792
 21
60.81913597277808
 31
0.0
  0
LINE
  5
2D4
330
1F
100
AcDbEntity
  8
轮廓粗实线
100
AcDbLine
 10
173.9972258274792
 20
60.81913597277808
 30
0.0
 11
173.9972258274792
 21
61.22740637872096
 31
0.0
  0
LINE
  5
2D5
330
1F
100
AcDbEntity
  8
轮廓粗实线
100
AcDbLine
 10
172.4062355698094
 20
95.78628535371006
 30
0.0
 11
165.2644570798253
 21
91.66342438900539
 31
0.0
  0
LINE
  5
2D6
330
1F
100
AcDbEntity
  8
轮廓粗实线
100
AcDbLine
 10
172.4062355698094
 20
95.78628535371006
 30
0.0
 11
172.4062355698094
 21
95.74629432351294
 31
0.0
  0
LINE
  5
2D7
330
1F
100
AcDbEntity
  8
轮廓粗实线
100
AcDbLine
 10
169.7192298013005
 20
70.22881007180585
 30
0.0
 11
165.2644570798253
 21
67.65712451956433
 31
0.0
  0
LINE
  5
2D8
330
1F
100
AcDbEntity
  8
轮廓粗实线
100
AcDbLine
 10
165.2644570798253
 20
91.66342438900539
 30
0.0
 11
165.2644570798253
 21
67.65712451956433
 31
0.0
  0
LINE
  5
2D9
330
1F
100
AcDbEntity
  8
轮廓粗实线
100
AcDbLine
 10
159.5368921522143
 20
70.96357737244632
 30
0.0
 11
159.5368921522143
 21
94.96987724188736
 31
0.0
  0
LINE
  5
2DA
330
1F
100
AcDbEntity
  8
轮廓粗实线
100
AcDbLine
 10
159.5368921522143
 20
94.96987724188736
 30
0.0
 11
165.2644570798253
 21
91.66342438900539
 31
0.0
  0
LINE
  5
2DB
330
1F
100
AcDbEntity
  8
轮廓粗实线
100
AcDbLine
 10
165.2644570798253
 20
67.65712451956433
 30
0.0
 11
159.5368921522143
 21
70.96357737244632
 31
0.0
  0
LINE
  5
2DC
330
1F
100
AcDbEntity
  8
轮廓粗实线
100
AcDbLine
 10
164.5573502986388
 20
91.25508763303098
 30
0.0
 11
160.2439989334008
 21
93.74513237409025
 31
0.0
  0
LINE
  5
2DD
330
1F
100
AcDbEntity
  8
轮廓粗实线
100
AcDbLine
 10
160.2439989334008
 20
93.74513237409025
 30
0.0
 11
160.2439989334008
 21
71.3719141284207
 31
0.0
  0
LINE
  5
2DE
330
1F
100
AcDbEntity
  8
轮廓粗实线
100
AcDbLine
 10
160.2439989334008
 20
71.3719141284207
 30
0.0
 11
164.5573502986388
 21
68.88186938736143
 31
0.0
  0
LINE
  5
2DF
330
1F
100
AcDbEntity
  8
轮廓粗实线
100
AcDbLine
 10
164.5573502986388
 20
68.88186938736143
 30
0.0
 11
164.5573502986388
 21
91.25508763303098
 31
0.0
  0
LINE
  5
2E0
330
1F
100
AcDbEntity
  8
轮廓粗实线
100
AcDbLine
 10
166.6786706421984
 20
99.09273820659203
 30
0.0
 11
159.5368921522143
 21
94.96987724188736
 31
0.0
  0
LINE
  5
2E1
330
1F
100
AcDbEntity
  8
轮廓粗实线
100
AcDbLine
 10
166.6786706421984
 20
99.09273820659203
 30
0.0
 11
172.4062355698094
 21
95.78628535371006
 31
0.0
  0
LINE
  5
2E2
330
1F
100
AcDbEntity
  8
轮廓粗实线
100
AcDbLine
 10
164.5573502986388
 20
73.86195886947995
 30
0.0
 11
160.2439989334008
 21
71.3719141284207
 31
0.0
  0
LINE
  5
2E3
330
1F
100
AcDbEntity
  8
轮廓粗实线
100
AcDbLine
 10
163.8148881783929
 20
90.58109312555978
 30
0.0
 11
164.1684415689862
 21
90.37699109760409
 31
0.0
  0
LINE
  5
2E4
330
1F
100
AcDbEntity
  8
轮廓粗实线
100
AcDbLine
 10
163.8148881783929
 20
90.58109312555978
 30
0.0
 11
164.5573502986388
 21
91.00970738426669
 31
0.0
  0
LINE
  5
2E5
330
1F
100
AcDbEntity
  8
轮廓粗实线
100
AcDbLine
 10
164.1684415689862
 20
90.37699109760409
 30
0.0
 11
164.5573502986388
 21
90.60150332835534
 31
0.0
  0
LINE
  5
2E6
330
1F
100
AcDbEntity
  8
轮廓粗实线
100
AcDbLine
 10
164.1684415689862
 20
90.37699109760409
 30
0.0
 11
164.1684415689862
 21
89.96872069166122
 31
0.0
  0
LINE
  5
2E7
330
1F
100
AcDbEntity
  8
轮廓粗实线
100
AcDbLine
 10
164.1684415689862
 20
89.96872069166122
 30
0.0
 11
163.8148881783929
 21
90.17282271961689
 31
0.0
  0
LINE
  5
2E8
330
1F
100
AcDbEntity
  8
轮廓粗实线
100
AcDbLine
 10
163.8148881783929
 20
90.17282271961689
 30
0.0
 11
163.8148881783929
 21
90.58109312555978
 31
0.0
  0
LINE
  5
2E9
330
1F
100
AcDbEntity
  8
轮廓粗实线
100
AcDbLine
 10
164.1684415689862
 20
89.96872069166122
 30
0.0
 11
164.5573502986388
 21
90.19323292241245
 31
0.0
  0
LINE
  5
2EA
330
1F
100
AcDbEntity
  8
轮廓粗实线
100
AcDbLine
 10
163.8148881783929
 20
88.53974109584539
 30
0.0
 11
164.1684415689862
 21
88.33563906788972
 31
0.0
  0
LINE
  5
2EB
330
1F
100
AcDbEntity
  8
轮廓粗实线
100
AcDbLine
 10
164.1684415689862
 20
88.33563906788972
 30
0.0
 11
164.1684415689862
 21
87.92736866194684
 31
0.0
  0
LINE
  5
2EC
330
1F
100
AcDbEntity
  8
轮廓粗实线
100
AcDbLine
 10
164.1684415689862
 20
87.92736866194684
 30
0.0
 11
163.8148881783929
 21
88.13147068990253
 31
0.0
  0
LINE
  5
2ED
330
1F
100
AcDbEntity
  8
轮廓粗实线
100
AcDbLine
 10
163.8148881783929
 20
88.13147068990253
 30
0.0
 11
163.8148881783929
 21
88.53974109584539
 31
0.0
  0
LINE
  5
2EE
330
1F
100
AcDbEntity
  8
轮廓粗实线
100
AcDbLine
 10
164.1684415689862
 20
88.33563906788972
 30
0.0
 11
164.5573502986387
 21
88.56015129864095
 31
0.0
  0
LINE
  5
2EF
330
1F
100
AcDbEntity
  8
轮廓粗实线
100
AcDbLine
 10
164.1684415689862
 20
87.92736866194684
 30
0.0
 11
164.5573502986387
 21
88.15188089269809
 31
0.0
  0
LINE
  5
2F0
330
1F
100
AcDbEntity
  8
轮廓粗实线
100
AcDbLine
 10
163.8148881783929
 20
88.53974109584539
 30
0.0
 11
164.5573502986387
 21
88.9683553545523
 31
0.0
  0
LINE
  5
2F1
330
1F
100
AcDbEntity
  8
轮廓粗实线
100
AcDbLine
 10
163.8148881783929
 20
86.49838906613103
 30
0.0
 11
164.1684415689862
 21
86.29428703817536
 31
0.0
  0
LINE
  5
2F2
330
1F
100
AcDbEntity
  8
轮廓粗实线
100
AcDbLine
 10
163.8148881783929
 20
86.49838906613103
 30
0.0
 11
164.5573502986388
 21
86.92700332483794
 31
0.0
  0
LINE
  5
2F3
330
1F
100
AcDbEntity
  8
轮廓粗实线
100
AcDbLine
 10
164.1684415689862
 20
86.29428703817536
 30
0.0
 11
164.5573502986388
 21
86.51879926892659
 31
0.0
  0
LINE
  5
2F4
330
1F
100
AcDbEntity
  8
轮廓粗实线
100
AcDbLine
 10
164.1684415689862
 20
86.29428703817536
 30
0.0
 11
164.1684415689862
 21
85.88601663223247
 31
0.0
  0
LINE
  5
2F5
330
1F
100
AcDbEntity
  8
轮廓粗实线
100
AcDbLine
 10
164.1684415689862
 20
85.88601663223247
 30
0.0
 11
163.8148881783929
 21
86.09011866018815
 31
0.0
  0
LINE
  5
2F6
330
1F
100
AcDbEntity
  8
轮廓粗实线
100
AcDbLine
 10
163.8148881783929
 20
86.09011866018815
 30
0.0
 11
163.8148881783929
 21
86.49838906613103
 31
0.0
  0
LINE
  5
2F7
330
1F
100
AcDbEntity
  8
轮廓粗实线
100
AcDbLine
 10
164.1684415689862
 20
85.88601663223247
 30
0.0
 11
164.5573502986387
 21
86.1105288629837
 31
0.0
  0
LINE
  5
2F8
330
1F
100
AcDbEntity
  8
轮廓粗实线
100
AcDbLine
 10
163.8148881783929
 20
84.45703703641665
 30
0.0
 11
164.1684415689862
 21
84.25293500846097
 31
0.0
  0
LINE
  5
2F9
330
1F
100
AcDbEntity
  8
轮廓粗实线
100
AcDbLine
 10
164.1684415689862
 20
84.25293500846097
 30
0.0
 11
164.1684415689862
 21
83.8446646025181
 31
0.0
  0
LINE
  5
2FA
330
1F
100
AcDbEntity
  8
轮廓粗实线
100
AcDbLine
 10
164.1684415689862
 20
83.8446646025181
 30
0.0
 11
163.8148881783929
 21
84.04876663047376
 31
0.0
  0
LINE
  5
2FB
330
1F
100
AcDbEntity
  8
轮廓粗实线
100
AcDbLine
 10
163.8148881783929
 20
84.04876663047376
 30
0.0
 11
163.8148881783929
 21
84.45703703641665
 31
0.0
  0
LINE
  5
2FC
330
1F
100
AcDbEntity
  8
轮廓粗实线
100
AcDbLine
 10
164.1684415689862
 20
84.25293500846097
 30
0.0
 11
164.5573502986388
 21
84.4774472392122
 31
0.0
  0
LINE
  5
2FD
330
1F
100
AcDbEntity
  8
轮廓粗实线
100
AcDbLine
 10
164.1684415689862
 20
83.8446646025181
 30
0.0
 11
164.5573502986388
 21
84.06917683326932
 31
0.0
  0
LINE
  5
2FE
330
1F
100
AcDbEntity
  8
轮廓粗实线
100
AcDbLine
 10
163.8148881783929
 20
84.45703703641665
 30
0.0
 11
164.5573502986388
 21
84.88565129512355
 31
0.0
  0
LINE
  5
2FF
330
1F
100
AcDbEntity
  8
轮廓粗实线
100
AcDbLine
 10
164.1684415689862
 20
82.21158297874659
 30
0.0
 11
164.1684415689862
 21
81.8033125728037
 31
0.0
  0
LINE
  5
300
330
1F
100
AcDbEntity
  8
轮廓粗实线
100
AcDbLine
 10
164.1684415689862
 20
82.21158297874659
 30
0.0
 11
164.5573502986388
 21
82.43609520949782
 31
0.0
  0
LINE
  5
301
330
1F
100
AcDbEntity
  8
轮廓粗实线
100
AcDbLine
 10
164.1684415689862
 20
81.8033125728037
 30
0.0
 11
164.5573502986388
 21
82.02782480355496
 31
0.0
  0
LINE
  5
302
330
1F
100
AcDbEntity
  8
轮廓粗实线
100
AcDbLine
 10
163.8148881783929
 20
82.41568500670226
 30
0.0
 11
164.1684415689862
 21
82.21158297874659
 31
0.0
  0
LINE
  5
303
330
1F
100
AcDbEntity
  8
轮廓粗实线
100
AcDbLine
 10
164.1684415689862
 20
81.8033125728037
 30
0.0
 11
163.8148881783929
 21
82.00741460075939
 31
0.0
  0
LINE
  5
304
330
1F
100
AcDbEntity
  8
轮廓粗实线
100
AcDbLine
 10
163.8148881783929
 20
82.00741460075939
 30
0.0
 11
163.8148881783929
 21
82.41568500670226
 31
0.0
  0
LINE
  5
305
330
1F
100
AcDbEntity
  8
轮廓粗实线
100
AcDbLine
 10
163.8148881783929
 20
82.41568500670226
 30
0.0
 11
164.5573502986388
 21
82.84429926540918
 31
0.0
  0
LINE
  5
306
330
1F
100
AcDbEntity
  8
轮廓粗实线
100
AcDbLine
 10
164.1684415689862
 20
80.17023094903222
 30
0.0
 11
164.1684415689862
 21
79.76196054308934
 31
0.0
  0
LINE
  5
307
330
1F
100
AcDbEntity
  8
轮廓粗实线
100
AcDbLine
 10
164.1684415689862
 20
80.17023094903222
 30
0.0
 11
164.5573502986388
 21
80.39474317978346
 31
0.0
  0
LINE
  5
308
330
1F
100
AcDbEntity
  8
轮廓粗实线
100
AcDbLine
 10
164.1684415689862
 20
79.76196054308934
 30
0.0
 11
164.5573502986387
 21
79.98647277384057
 31
0.0
  0
LINE
  5
309
330
1F
100
AcDbEntity
  8
轮廓粗实线
100
AcDbLine
 10
163.8148881783929
 20
80.3743329769879
 30
0.0
 11
164.1684415689862
 21
80.17023094903222
 31
0.0
  0
LINE
  5
30A
330
1F
100
AcDbEntity
  8
轮廓粗实线
100
AcDbLine
 10
163.8148881783929
 20
80.3743329769879
 30
0.0
 11
164.5573502986388
 21
80.80294723569482
 31
0.0
  0
LINE
  5
30B
330
1F
100
AcDbEntity
  8
轮廓粗实线
100
AcDbLine
 10
164.1684415689862
 20
79.76196054308934
 30
0.0
 11
163.8148881783929
 21
79.96606257104501
 31
0.0
  0
LINE
  5
30C
330
1F
100
AcDbEntity
  8
轮廓粗实线
100
AcDbLine
 10
163.8148881783929
 20
79.96606257104501
 30
0.0
 11
163.8148881783929
 21
80.3743329769879
 31
0.0
  0
LINE
  5
30D
330
1F
100
AcDbEntity
  8
轮廓粗实线
100
AcDbLine
 10
164.1684415689862
 20
78.12887891931784
 30
0.0
 11
164.1684415689862
 21
77.72060851337497
 31
0.0
  0
LINE
  5
30E
330
1F
100
AcDbEntity
  8
轮廓粗实线
100
AcDbLine
 10
164.1684415689862
 20
78.12887891931784
 30
0.0
 11
164.5573502986388
 21
78.35339115006907
 31
0.0
  0
LINE
  5
30F
330
1F
100
AcDbEntity
  8
轮廓粗实线
100
AcDbLine
 10
164.1684415689862
 20
77.72060851337497
 30
0.0
 11
164.5573502986388
 21
77.94512074412621
 31
0.0
  0
LINE
  5
310
330
1F
100
AcDbEntity
  8
轮廓粗实线
100
AcDbLine
 10
163.8148881783929
 20
78.33298094727353
 30
0.0
 11
164.1684415689862
 21
78.12887891931784
 31
0.0
  0
LINE
  5
311
330
1F
100
AcDbEntity
  8
轮廓粗实线
100
AcDbLine
 10
163.8148881783929
 20
78.33298094727353
 30
0.0
 11
164.5573502986388
 21
78.76159520598043
 31
0.0
  0
LINE
  5
312
330
1F
100
AcDbEntity
  8
轮廓粗实线
100
AcDbLine
 10
164.1684415689862
 20
77.72060851337497
 30
0.0
 11
163.8148881783929
 21
77.92471054133064
 31
0.0
  0
LINE
  5
313
330
1F
100
AcDbEntity
  8
轮廓粗实线
100
AcDbLine
 10
163.8148881783929
 20
77.92471054133064
 30
0.0
 11
163.8148881783929
 21
78.33298094727353
 31
0.0
  0
LINE
  5
314
330
1F
100
AcDbEntity
  8
轮廓粗实线
100
AcDbLine
 10
163.8148881783929
 20
76.29162891755914
 30
0.0
 11
164.1684415689862
 21
76.08752688960347
 31
0.0
  0
LINE
  5
315
330
1F
100
AcDbEntity
  8
轮廓粗实线
100
AcDbLine
 10
164.1684415689862
 20
76.08752688960347
 30
0.0
 11
164.1684415689862
 21
75.67925648366058
 31
0.0
  0
LINE
  5
316
330
1F
100
AcDbEntity
  8
轮廓粗实线
100
AcDbLine
 10
164.1684415689862
 20
75.67925648366058
 30
0.0
 11
163.8148881783929
 21
75.88335851161627
 31
0.0
  0
LINE
  5
317
330
1F
100
AcDbEntity
  8
轮廓粗实线
100
AcDbLine
 10
163.8148881783929
 20
75.88335851161627
 30
0.0
 11
163.8148881783929
 21
76.29162891755914
 31
0.0
  0
LINE
  5
318
330
1F
100
AcDbEntity
  8
轮廓粗实线
100
AcDbLine
 10
163.8148881783929
 20
76.29162891755914
 30
0.0
 11
164.5573502986388
 21
76.72024317626605
 31
0.0
  0
LINE
  5
319
330
1F
100
AcDbEntity
  8
轮廓粗实线
100
AcDbLine
 10
164.1684415689862
 20
76.08752688960347
 30
0.0
 11
164.5573502986388
 21
76.3120391203547
 31
0.0
  0
LINE
  5
31A
330
1F
100
AcDbEntity
  8
轮廓粗实线
100
AcDbLine
 10
164.1684415689862
 20
75.67925648366058
 30
0.0
 11
164.5573502986388
 21
75.90376871441183
 31
0.0
  0
LINE
  5
31B
330
1F
100
AcDbEntity
  8
轮廓粗实线
100
AcDbLine
 10
163.8148881783929
 20
74.25027688784476
 30
0.0
 11
164.1684415689862
 21
74.04617485988908
 31
0.0
  0
LINE
  5
31C
330
1F
100
AcDbEntity
  8
轮廓粗实线
100
AcDbLine
 10
164.1684415689862
 20
74.04617485988908
 30
0.0
 11
164.1684415689862
 21
73.6379044539462
 31
0.0
  0
LINE
  5
31D
330
1F
100
AcDbEntity
  8
轮廓粗实线
100
AcDbLine
 10
164.1684415689862
 20
73.6379044539462
 30
0.0
 11
163.8148881783929
 21
73.84200648190189
 31
0.0
  0
LINE
  5
31E
330
1F
100
AcDbEntity
  8
轮廓粗实线
100
AcDbLine
 10
163.8148881783929
 20
73.84200648190189
 30
0.0
 11
163.8148881783929
 21
74.25027688784476
 31
0.0
  0
LINE
  5
31F
330
1F
100
AcDbEntity
  8
轮廓粗实线
100
AcDbLine
 10
163.8148881783929
 20
74.25027688784476
 30
0.0
 11
164.5573502986388
 21
74.67889114655168
 31
0.0
  0
LINE
  5
320
330
1F
100
AcDbEntity
  8
轮廓粗实线
100
AcDbLine
 10
164.1684415689862
 20
74.04617485988908
 30
0.0
 11
164.5573502986388
 21
74.27068709064034
 31
0.0
  0
LINE
  5
321
330
1F
100
AcDbEntity
  8
轮廓粗实线
100
AcDbLine
 10
164.1684415689862
 20
73.6379044539462
 30
0.0
 11
164.5573502986388
 21
73.86241668469745
 31
0.0
  0
LINE
  5
322
330
1F
100
AcDbEntity
  8
轮廓粗实线
100
AcDbLine
 10
164.1684415689862
 20
72.0048228301747
 30
0.0
 11
164.1684415689862
 21
71.59655242423183
 31
0.0
  0
LINE
  5
323
330
1F
100
AcDbEntity
  8
轮廓粗实线
100
AcDbLine
 10
164.1684415689862
 20
72.0048228301747
 30
0.0
 11
164.5573502986388
 21
72.22933506092595
 31
0.0
  0
LINE
  5
324
330
1F
100
AcDbEntity
  8
轮廓粗实线
100
AcDbLine
 10
164.1684415689862
 20
71.59655242423183
 30
0.0
 11
164.5573502986388
 21
71.82106465498309
 31
0.0
  0
LINE
  5
325
330
1F
100
AcDbEntity
  8
轮廓粗实线
100
AcDbLine
 10
163.8148881783929
 20
72.20892485813039
 30
0.0
 11
164.1684415689862
 21
72.0048228301747
 31
0.0
  0
LINE
  5
326
330
1F
100
AcDbEntity
  8
轮廓粗实线
100
AcDbLine
 10
164.1684415689862
 20
71.59655242423183
 30
0.0
 11
163.8148881783929
 21
71.80065445218752
 31
0.0
  0
LINE
  5
327
330
1F
100
AcDbEntity
  8
轮廓粗实线
100
AcDbLine
 10
163.8148881783929
 20
71.80065445218752
 30
0.0
 11
163.8148881783929
 21
72.20892485813039
 31
0.0
  0
LINE
  5
328
330
1F
100
AcDbEntity
  8
轮廓粗实线
100
AcDbLine
 10
163.8148881783929
 20
72.20892485813039
 30
0.0
 11
164.5573502986388
 21
72.6375391168373
 31
0.0
  0
LINE
  5
329
330
1F
100
AcDbEntity
  8
轮廓粗实线
100
AcDbLine
 10
186.831213906015
 20
92.97057309334723
 30
0.0
 11
187.8918740777948
 21
93.58287917721427
 31
0.0
  0
LINE
  5
32A
330
1F
100
AcDbEntity
  8
轮廓粗实线
100
AcDbLine
 10
187.8918740777948
 20
93.58287917721427
 30
0.0
 11
188.5989808589813
 21
92.35813430941717
 31
0.0
  0
LINE
  5
32B
330
1F
100
AcDbEntity
  8
轮廓粗实线
100
AcDbLine
 10
188.5989808589813
 20
92.35813430941717
 30
0.0
 11
187.5383206872015
 21
91.74582822555014
 31
0.0
  0
LINE
  5
32C
330
1F
100
AcDbEntity
  8
轮廓粗实线
100
AcDbLine
 10
187.5383206872015
 20
91.74582822555014
 30
0.0
 11
186.831213906015
 21
92.97057309334723
 31
0.0
  0
LINE
  5
32D
330
1F
100
AcDbEntity
  8
轮廓粗实线
100
AcDbLine
 10
186.831213906015
 20
57.94097226344856
 30
0.0
 11
187.5383206872015
 21
58.34930901942295
 31
0.0
  0
LINE
  5
32E
330
1F
100
AcDbEntity
  8
轮廓粗实线
100
AcDbLine
 10
167.6324889917668
 20
69.02416024415461
 30
0.0
 11
169.7192298013005
 21
67.81951041650336
 31
0.0
  0
LINE
  5
32F
330
1F
100
AcDbEntity
  8
轮廓粗实线
100
AcDbLine
 10
182.2349623612629
 20
60.59433180188812
 30
0.0
 11
186.831213906015
 21
57.94097226344856
 31
0.0
  0
LINE
  5
330
330
1F
100
AcDbEntity
  8
轮廓粗实线
100
AcDbLine
 10
166.6786706421984
 20
103.7878478749351
 30
0.0
 11
166.6786706421984
 21
99.09273820659202
 31
0.0
  0
LINE
  5
331
330
1F
100
AcDbEntity
  8
轮廓粗实线
100
AcDbLine
 10
167.385777423385
 20
104.1961846309095
 30
0.0
 11
166.6786706421984
 21
103.7878478749351
 31
0.0
  0
LINE
  5
332
330
1F
100
AcDbEntity
  8
轮廓粗实线
100
AcDbLine
 10
186.831213906015
 20
92.97057309334723
 30
0.0
 11
167.385777423385
 21
104.1961846309095
 31
0.0
  0
LINE
  5
333
330
1F
100
AcDbEntity
  8
轮廓粗实线
100
AcDbLine
 10
187.5383206872015
 20
58.34930901942295
 30
0.0
 11
187.5383206872015
 21
91.74582822555014
 31
0.0
  0
LWPOLYLINE
  5
334
330
1F
100
AcDbEntity
  8
轮廓粗实线
100
AcDbPolyline
 90
        8
 70
   128
 43
0.0
 10
168.6347355780684
 20
69.60274488290621
 10
168.6855320953283
 20
69.56611158776116
 10
168.9144498761878
 20
69.43396016579311
 10
169.1386816966247
 20
69.35772631034781
 10
169.3490474795643
 20
69.34053104442427
 10
169.536934825136
 20
69.38307834422979
 10
169.6946516033364
 20
69.48362631831121
 10
169.7192298013005
 20
69.50751428568306
  0
LWPOLYLINE
  5
335
330
1F
100
AcDbEntity
  8
轮廓粗实线
100
AcDbPolyline
 90
       32
 70
   128
 43
0.0
 10
168.799990985758
 20
102.2366193824467
 10
168.5722477080021
 20
102.3413493567829
 10
168.3538282667961
 20
102.3883048308196
 10
168.1536747797263
 20
102.3755634419327
 10
167.9799815540704
 20
102.3036468240803
 10
167.8398596108948
 20
102.175499252047
 10
167.7390455590167
 20
101.9963671024888
 10
167.6816667375653
 20
101.7735840666556
 10
167.6700722422323
 20
101.5162709082102
 10
167.7047367530191
 20
101.2349620580926
 10
167.7842411007812
 20
100.9411743336788
 10
167.9053303681798
 20
100.646935438925
 10
168.0630471463801
 20
100.364291548754
 10
168.2509344919519
 20
100.1048141372386
 10
168.4613002748914
 20
99.8791262400936
 10
168.6855320953283
 20
99.6964675463453
 10
168.9144498761878
 20
99.56431612437726
 10
169.1386816966247
 20
99.48808226893195
 10
169.3490474795643
 20
99.47088700300841
 10
169.536934825136
 20
99.51343430281393
 10
169.6946516033364
 20
99.61398227689536
 10
169.8157408707349
 20
99.76841447937991
 10
169.895245218497
 20
99.97040843775285
 10
169.9299097292838
 20
100.2116944956251
 10
169.9183152339509
 20
100.4823943734375
 10
169.8609364124994
 20
100.7714255863866
 10
169.7601223606214
 20
101.0669551626543
 10
169.6200004174457
 20
101.3568840866652
 10
169.4463071917898
 20
101.6293426342049
 10
169.24615370472
 20
101.8731763203247
 10
169.027734263514
 20
102.0784025652656
 10
168.799990985758
 20
102.2366193824467
  0
LWPOLYLINE
  5
336
330
1F
100
AcDbEntity
  8
轮廓粗实线
100
AcDbPolyline
 90
       32
 70
   128
 43
0.0
 10
185.4170003436419
 20
92.64382406852988
 10
185.1892570658859
 20
92.74855404286605
 10
184.9708376246799
 20
92.79550951690273
 10
184.7706841376101
 20
92.78276812801582
 10
184.5969909119542
 20
92.71085151016341
 10
184.4568689687786
 20
92.5827039381302
 10
184.3560549169005
 20
92.40357178857197
 10
184.2986760954491
 20
92.18078875273872
 10
184.2870816001162
 20
91.92347559429338
 10
184.321746110903
 20
91.64216674417573
 10
184.401250458665
 20
91.34837901976195
 10
184.5223397260636
 20
91.05414012500813
 10
184.680056504264
 20
90.77149623483712
 10
184.8679438498357
 20
90.51201882332174
 10
185.0783096327753
 20
90.28633092617676
 10
185.3025414532122
 20
90.10367223242847
 10
185.5314592340716
 20
89.9715208104604
 10
185.7556910545085
 20
89.89528695501511
 10
185.9660568374481
 20
89.87809168909158
 10
186.1539441830198
 20
89.9206389888971
 10
186.3116609612202
 20
90.02118696297852
 10
186.4327502286188
 20
90.17561916546306
 10
186.5122545763808
 20
90.37761312383601
 10
186.5469190871677
 20
90.61889918170829
 10
186.5353245918347
 20
90.88959905952069
 10
186.4779457703832
 20
91.1786302724697
 10
186.3771317185052
 20
91.47415984873747
 10
186.2370097753296
 20
91.76408877274832
 10
186.0633165496737
 20
92.03654732028804
 10
185.8631630626039
 20
92.28038100640786
 10
185.6447436213979
 20
92.4856072513488
 10
185.4170003436419
 20
92.64382406852988
  0
LWPOLYLINE
  5
337
330
1F
100
AcDbEntity
  8
轮廓粗实线
100
AcDbPolyline
 90
       32
 70
   128
 43
0.0
 10
185.4170003436419
 20
62.51346810994572
 10
185.1892570658859
 20
62.61819808428189
 10
184.9708376246799
 20
62.66515355831857
 10
184.7706841376101
 20
62.65241216943167
 10
184.5969909119542
 20
62.58049555157925
 10
184.4568689687786
 20
62.45234797954605
 10
184.3560549169005
 20
62.27321582998781
 10
184.2986760954491
 20
62.05043279415456
 10
184.2870816001162
 20
61.79311963570923
 10
184.321746110903
 20
61.51181078559156
 10
184.401250458665
 20
61.21802306117778
 10
184.5223397260636
 20
60.92378416642397
 10
184.680056504264
 20
60.64114027625296
 10
184.8679438498357
 20
60.38166286473759
 10
185.0783096327753
 20
60.15597496759259
 10
185.3025414532122
 20
59.9733162738443
 10
185.5314592340716
 20
59.84116485187625
 10
185.7556910545085
 20
59.76493099643096
 10
185.9660568374481
 20
59.74773573050743
 10
186.1539441830198
 20
59.79028303031294
 10
186.3116609612202
 20
59.89083100439436
 10
186.4327502286188
 20
60.04526320687891
 10
186.5122545763808
 20
60.24725716525186
 10
186.5469190871677
 20
60.48854322312414
 10
186.5353245918347
 20
60.75924310093654
 10
186.4779457703832
 20
61.04827431388555
 10
186.3771317185052
 20
61.34380389015331
 10
186.2370097753296
 20
61.63373281416415
 10
186.0633165496737
 20
61.90619136170389
 10
185.8631630626039
 20
62.15002504782372
 10
185.6447436213979
 20
62.35525129276464
 10
185.4170003436419
 20
62.51346810994572
  0
LINE
  5
338
330
1F
100
AcDbEntity
  8
轮廓粗实线
100
AcDbLine
 10
187.5383206872015
 20
58.34930901942295
 30
0.0
 11
188.5989808589813
 21
58.96161510328998
 31
0.0
  0
LINE
  5
339
330
1F
100
AcDbEntity
  8
轮廓粗实线
100
AcDbLine
 10
188.5989808589813
 20
58.96161510328998
 30
0.0
 11
188.5989808589813
 21
92.35813430941717
 31
0.0
  0
LINE
  5
33A
330
1F
100
AcDbEntity
  8
轮廓粗实线
100
AcDbLine
 10
168.4464375951648
 20
104.8084907147765
 30
0.0
 11
167.385777423385
 21
104.1961846309095
 31
0.0
  0
LINE
  5
33B
330
1F
100
AcDbEntity
  8
轮廓粗实线
100
AcDbLine
 10
187.8918740777948
 20
93.58287917721427
 30
0.0
 11
168.4464375951648
 21
104.8084907147765
 31
0.0
  0
ARC
  5
33C
330
1F
100
AcDbEntity
  8
轮廓粗实线
100
AcDbCircle
 10
187.7399095696991
 20
92.67834572200564
 30
0.0
 40
2.391527547538003
100
AcDbArc
 50
179.93567399299
 51
240.0589494743114
  0
ARC
  5
33D
330
1F
100
AcDbEntity
  8
轮廓粗实线
100
AcDbCircle
 10
171.1229002118154
 20
102.2711410359226
 30
0.0
 40
2.391527547538109
100
AcDbArc
 50
179.9356739929916
 51
240.0589494743108
  0
ARC
  5
33E
330
1F
100
AcDbEntity
  8
轮廓粗实线
100
AcDbCircle
 10
187.7399095696992
 20
62.5479897634215
 30
0.0
 40
2.39152754753808
100
AcDbArc
 50
179.9356739929903
 51
240.05894947431
  0
LINE
  5
33F
330
1F
100
AcDbEntity
  8
轮廓粗实线
100
AcDbLine
 10
187.8918740777948
 20
58.55327834731559
 30
0.0
 11
186.831213906015
 21
57.94097226344856
 31
0.0
  0
LINE
  5
340
330
1F
100
AcDbEntity
  8
轮廓粗实线
100
AcDbLine
 10
188.5989808589813
 20
58.96161510328998
 30
0.0
 11
187.8918740777948
 21
58.55327834731559
 31
0.0
  0
LINE
  5
341
330
1F
100
AcDbEntity
  8
轮廓粗实线
100
AcDbLine
 10
169.6953957498483
 20
70.21505096677325
 30
0.0
 11
169.7192298013005
 21
70.197526665744
 31
0.0
  0
INSERT
  5
34C
330
1F
100
AcDbEntity
  8
0
  6
SLD-实线
 62
     5
420
      255
370
    25
100
AcDbBlockReference
  2
SW_NOTE_0
 10
191.948658109685
 20
73.86231038506423
 30
0.0
  0
LINE
  5
34D
330
1F
100
AcDbEntity
  8
0
  6
SLD-实线
 62
     5
420
      255
370
    25
100
AcDbLine
 10
191.948658109685
 20
73.86231038506423
 30
0.0
 11
188.5989808589813
 21
75.6598747063536
 31
0.0
  0
SOLID
  5
34E
330
1F
100
AcDbEntity
  8
0
100
AcDbTrace
 10
188.5989808589813
 20
75.6598747063536
 30
0.0
 11
190.2764034823008
 21
74.47144324313152
 31
0.0
 12
190.5166131921228
 22
74.91906283084774
 32
0.0
 13
190.5166131921228
 23
74.91906283084774
 33
0.0
  0
INSERT
  5
359
330
1F
100
AcDbEntity
  8
0
  6
SLD-实线
 62
     5
420
      255
370
    25
100
AcDbBlockReference
  2
SW_NOTE_0_1
 10
173.9206534422404
 20
46.20770128354724
 30
0.0
  0
LEADER
  5
35B
330
1F
100
AcDbEntity
  8
0
  6
SLD-实线
 62
     5
420
      255
370
    25
100
AcDbLeader
  3
SLDDIMSTYLE2
 76
     2
 10
174.1740025227758
 20
64.79978901822896
 30
0.0
 10
173.9206534422404
 20
46.20770128354724
 30
0.0
  0
INSERT
  5
366
330
1F
100
AcDbEntity
  8
0
  6
SLD-实线
 62
     5
420
      255
370
    25
100
AcDbBlockReference
  2
SW_NOTE_0_2
 10
155.7176196032672
 20
69.07817969661603
 30
0.0
  0
LEADER
  5
367
330
1F
100
AcDbEntity
  8
0
  6
SLD-实线
 62
     5
420
      255
370
    25
100
AcDbLeader
  3
SLDDIMSTYLE2
 76
     2
 10
163.8148881783928
 20
72.00478965515889
 30
0.0
 10
155.7176196032672
 20
69.07817969661603
 30
0.0
  0
ENDSEC
  0
SECTION
  2
OBJECTS
  0
DICTIONARY
  5
C
330
0
100
AcDbDictionary
281
     1
  3
ACAD_DETAILVIEWSTYLE
350
370
  3
ACAD_GROUP
350
D
  3
ACAD_LAYOUT
350
1A
  3
ACAD_MATERIAL
350
43
  3
ACAD_MLEADERSTYLE
350
5B
  3
ACAD_MLINESTYLE
350
17
  3
ACAD_PLOTSETTINGS
350
19
  3
ACAD_PLOTSTYLENAME
350
E
  3
ACAD_SCALELIST
350
47
  3
ACAD_SECTIONVIEWSTYLE
350
371
  3
ACAD_TABLESTYLE
350
59
  3
ACAD_VISUALSTYLE
350
2A
  3
ACDB_RECOMPOSE_DATA
350
3B2
  3
AcDbVariableDictionary
350
368
  0
DICTIONARY
  5
374
330
8
100
AcDbDictionary
280
     1
281
     1
  3
ACAD_XREC_ROUNDTRIP
360
375
  0
DICTIONARY
  5
370
102
{ACAD_REACTORS
330
C
102
}
330
C
100
AcDbDictionary
281
     1
  0
DICTIONARY
  5
D
102
{ACAD_REACTORS
330
C
102
}
330
C
100
AcDbDictionary
281
     1
  0
DICTIONARY
  5
1A
102
{ACAD_REACTORS
330
C
102
}
330
C
100
AcDbDictionary
281
     1
  3
Layout1
350
1E
  3
Layout2
350
26
  3
Model
350
22
  0
DICTIONARY
  5
43
102
{ACAD_REACTORS
330
C
102
}
330
C
100
AcDbDictionary
281
     1
  3
ByBlock
350
45
  3
ByLayer
350
44
  3
Global
350
46
  0
DICTIONARY
  5
5B
102
{ACAD_REACTORS
330
C
102
}
330
C
100
AcDbDictionary
281
     1
  3
Standard
350
5C
  0
DICTIONARY
  5
17
102
{ACAD_REACTORS
330
C
102
}
330
C
100
AcDbDictionary
281
     1
  3
Standard
350
18
  0
DICTIONARY
  5
19
102
{ACAD_REACTORS
330
C
102
}
330
C
100
AcDbDictionary
281
     1
  0
ACDBDICTIONARYWDFLT
  5
E
102
{ACAD_REACTORS
330
C
102
}
330
C
100
AcDbDictionary
281
     1
  3
Normal
350
F
100
AcDbDictionaryWithDefault
340
F
  0
DICTIONARY
  5
47
102
{ACAD_REACTORS
330
C
102
}
330
C
100
AcDbDictionary
281
     1
  3
A0
350
48
  3
A1
350
49
  3
A2
350
4A
  3
A3
350
4B
  3
A4
350
4C
  3
A5
350
4D
  3
A6
350
4E
  3
A7
350
4F
  3
A8
350
50
  3
A9
350
51
  3
B0
350
52
  3
B1
350
53
  3
B2
350
54
  3
B3
350
55
  3
B4
350
56
  3
B5
350
57
  3
B6
350
58
  0
DICTIONARY
  5
371
102
{ACAD_REACTORS
330
C
102
}
330
C
100
AcDbDictionary
281
     1
  0
DICTIONARY
  5
59
102
{ACAD_REACTORS
330
C
102
}
330
C
100
AcDbDictionary
281
     1
  3
Standard
350
5A
  0
DICTIONARY
  5
2A
102
{ACAD_REACTORS
330
C
102
}
330
C
100
AcDbDictionary
281
     1
  3
2dWireframe
350
2F
  3
Basic
350
32
  3
Brighten
350
36
  3
ColorChange
350
3A
  3
Conceptual
350
34
  3
Dim
350
35
  3
EdgeColorOff
350
3D
  3
Facepattern
350
39
  3
Flat
350
2B
  3
FlatWithEdges
350
2C
  3
Gouraud
350
2D
  3
GouraudWithEdges
350
2E
  3
Hidden
350
31
  3
JitterOff
350
3B
  3
Linepattern
350
38
  3
OverhangOff
350
3C
  3
Realistic
350
33
  3
Shaded
350
42
  3
Shaded with edges
350
41
  3
Shades of Gray
350
3E
  3
Sketchy
350
3F
  3
Thicken
350
37
  3
Wireframe
350
30
  3
X-Ray
350
40
  0
XRECORD
  5
3B2
102
{ACAD_REACTORS
330
C
102
}
330
C
100
AcDbXrecord
280
     1
 90
        1
330
5A
  0
DICTIONARY
  5
368
102
{ACAD_REACTORS
330
C
102
}
330
C
100
AcDbDictionary
281
     1
  3
CANNOSCALE
350
369
  3
CENTEREXE
350
372
  3
CENTERLTYPEFILE
350
373
  3
CMLEADERSTYLE
350
36F
  3
CTABLESTYLE
350
36E
  3
MSLTSCALE
350
376
  3
XCLIPFRAME
350
3B3
  0
XRECORD
  5
375
102
{ACAD_REACTORS
330
374
102
}
330
374
100
AcDbXrecord
280
     1
102
VTR_0.000_0.000_1.000_1.000_VISUALSTYLE
340
2F
102
VTR_0.000_0.000_1.000_1.000_GRIDDISPLAY
 70
     3
102
VTR_0.000_0.000_1.000_1.000_GRIDMAJOR
 70
     5
102
VTR_0.000_0.000_1.000_1.000_DEFAULTLIGHTING
280
     1
102
VTR_0.000_0.000_1.000_1.000_DEFAULTLIGHTINGTYPE
 70
     1
102
VTR_0.000_0.000_1.000_1.000_BRIGHTNESS
141
0.0
102
VTR_0.000_0.000_1.000_1.000_CONTRAST
142
0.0
  0
LAYOUT
  5
1E
102
{ACAD_REACTORS
330
1A
102
}
330
1A
100
AcDbPlotSettings
  1

  2
none_device
  4

  6

 40
0.0
 41
0.0
 42
0.0
 43
0.0
 44
0.0
 45
0.0
 46
0.0
 47
0.0
 48
0.0
 49
0.0
140
0.0
141
0.0
142
1.0
143
1.0
 70
   688
 72
     1
 73
     0
 74
     5
  7

 75
    16
 76
     0
 77
     2
 78
   300
147
1.0
148
0.0
149
0.0
100
AcDbLayout
  1
Layout1
 70
     1
 71
     1
 10
0.0
 20
0.0
 11
420.0
 21
297.0
 12
0.0
 22
0.0
 32
0.0
 14
1.000000000000000E+20
 24
1.000000000000000E+20
 34
1.000000000000000E+20
 15
-1.000000000000000E+20
 25
-1.000000000000000E+20
 35
-1.000000000000000E+20
146
0.0
 13
0.0
 23
0.0
 33
0.0
 16
1.0
 26
0.0
 36
0.0
 17
0.0
 27
1.0
 37
0.0
 76
     0
330
1B
  0
LAYOUT
  5
26
102
{ACAD_REACTORS
330
1A
102
}
330
1A
100
AcDbPlotSettings
  1

  2
none_device
  4

  6

 40
0.0
 41
0.0
 42
0.0
 43
0.0
 44
0.0
 45
0.0
 46
0.0
 47
0.0
 48
0.0
 49
0.0
140
0.0
141
0.0
142
1.0
143
1.0
 70
   688
 72
     1
 73
     0
 74
     5
  7

 75
    16
 76
     0
 77
     2
 78
   300
147
1.0
148
0.0
149
0.0
100
AcDbLayout
  1
Layout2
 70
     1
 71
     2
 10
0.0
 20
0.0
 11
0.0
 21
0.0
 12
0.0
 22
0.0
 32
0.0
 14
0.0
 24
0.0
 34
0.0
 15
0.0
 25
0.0
 35
0.0
146
0.0
 13
0.0
 23
0.0
 33
0.0
 16
1.0
 26
0.0
 36
0.0
 17
0.0
 27
1.0
 37
0.0
 76
     0
330
23
  0
LAYOUT
  5
22
102
{ACAD_REACTORS
330
1A
102
}
330
1A
100
AcDbPlotSettings
  1

  2
none_device
  4
Letter_(8.50_x_11.00_Inches)
  6

 40
6.35
 41
6.35
 42
6.35000508
 43
6.35000508
 44
215.9
 45
279.4
 46
0.0
 47
0.0
 48
0.0
 49
0.0
140
0.0
141
0.0
142
1.0
143
1.0
 70
  1712
 72
     1
 73
     0
 74
     0
  7

 75
     0
 76
     0
 77
     2
 78
   300
147
1.0
148
0.0
149
0.0
100
AcDbLayout
  1
Model
 70
     1
 71
     0
 10
0.0
 20
0.0
 11
210.0
 21
148.5
 12
0.0
 22
0.0
 32
0.0
 14
0.0
 24
0.0
 34
0.0
 15
210.0
 25
148.5
 35
0.0
146
0.0
 13
0.0
 23
0.0
 33
0.0
 16
1.0
 26
0.0
 36
0.0
 17
0.0
 27
1.0
 37
0.0
 76
     0
330
1F
331
29
  0
MATERIAL
  5
45
102
{ACAD_REACTORS
330
43
102
}
102
{ACAD_XDICTIONARY
360
3A9
102
}
330
43
100
AcDbMaterial
  1
ByBlock
  0
MATERIAL
  5
44
102
{ACAD_REACTORS
330
43
102
}
102
{ACAD_XDICTIONARY
360
3A7
102
}
330
43
100
AcDbMaterial
  1
ByLayer
  0
MATERIAL
  5
46
102
{ACAD_REACTORS
330
43
102
}
102
{ACAD_XDICTIONARY
360
3AB
102
}
330
43
100
AcDbMaterial
  1
Global
  0
MLEADERSTYLE
  5
5C
102
{ACAD_REACTORS
330
5B
102
}
102
{ACAD_XDICTIONARY
360
3B0
102
}
330
5B
100
AcDbMLeaderStyle
170
     2
171
     1
172
     0
 90
        2
 40
0.0
 41
0.0
173
     1
 91
-1056964608
340
14
 92
       -2
290
     1
 42
2.0
291
     1
 43
8.0
  3
Standard
341
0
 44
4.0
300

342
11
174
     1
178
     6
175
     1
176
     0
 93
-1056964608
 45
4.0
292
     0
297
     0
 46
4.0
343
0
 94
-1056964608
 47
1.0
 49
1.0
140
1.0
293
     1
141
0.0
294
     1
177
     0
142
1.0
295
     0
296
     0
143
3.75
1001
ACAD_MLEADERVER
1070
     2
  0
MLINESTYLE
  5
18
102
{ACAD_REACTORS
330
17
102
}
330
17
100
AcDbMlineStyle
  2
Standard
 70
     0
  3

 62
   256
 51
90.0
 52
90.0
 71
     2
 49
0.5
 62
   256
  6
BYLAYER
 49
-0.5
 62
   256
  6
BYLAYER
  0
ACDBPLACEHOLDER
  5
F
102
{ACAD_REACTORS
330
E
102
}
330
E
  0
SCALE
  5
48
102
{ACAD_REACTORS
330
47
102
}
330
47
100
AcDbScale
 70
     0
300
1:1
140
1.0
141
1.0
290
     1
  0
SCALE
  5
49
102
{ACAD_REACTORS
330
47
102
}
330
47
100
AcDbScale
 70
     0
300
1:2
140
1.0
141
2.0
290
     0
  0
SCALE
  5
4A
102
{ACAD_REACTORS
330
47
102
}
330
47
100
AcDbScale
 70
     0
300
1:4
140
1.0
141
4.0
290
     0
  0
SCALE
  5
4B
102
{ACAD_REACTORS
330
47
102
}
330
47
100
AcDbScale
 70
     0
300
1:5
140
1.0
141
5.0
290
     0
  0
SCALE
  5
4C
102
{ACAD_REACTORS
330
47
102
}
330
47
100
AcDbScale
 70
     0
300
1:8
140
1.0
141
8.0
290
     0
  0
SCALE
  5
4D
102
{ACAD_REACTORS
330
47
102
}
330
47
100
AcDbScale
 70
     0
300
1:10
140
1.0
141
10.0
290
     0
  0
SCALE
  5
4E
102
{ACAD_REACTORS
330
47
102
}
330
47
100
AcDbScale
 70
     0
300
1:16
140
1.0
141
16.0
290
     0
  0
SCALE
  5
4F
102
{ACAD_REACTORS
330
47
102
}
330
47
100
AcDbScale
 70
     0
300
1:20
140
1.0
141
20.0
290
     0
  0
SCALE
  5
50
102
{ACAD_REACTORS
330
47
102
}
330
47
100
AcDbScale
 70
     0
300
1:30
140
1.0
141
30.0
290
     0
  0
SCALE
  5
51
102
{ACAD_REACTORS
330
47
102
}
330
47
100
AcDbScale
 70
     0
300
1:40
140
1.0
141
40.0
290
     0
  0
SCALE
  5
52
102
{ACAD_REACTORS
330
47
102
}
330
47
100
AcDbScale
 70
     0
300
1:50
140
1.0
141
50.0
290
     0
  0
SCALE
  5
53
102
{ACAD_REACTORS
330
47
102
}
330
47
100
AcDbScale
 70
     0
300
1:100
140
1.0
141
100.0
290
     0
  0
SCALE
  5
54
102
{ACAD_REACTORS
330
47
102
}
330
47
100
AcDbScale
 70
     0
300
2:1
140
2.0
141
1.0
290
     0
  0
SCALE
  5
55
102
{ACAD_REACTORS
330
47
102
}
330
47
100
AcDbScale
 70
     0
300
4:1
140
4.0
141
1.0
290
     0
  0
SCALE
  5
56
102
{ACAD_REACTORS
330
47
102
}
330
47
100
AcDbScale
 70
     0
300
8:1
140
8.0
141
1.0
290
     0
  0
SCALE
  5
57
102
{ACAD_REACTORS
330
47
102
}
330
47
100
AcDbScale
 70
     0
300
10:1
140
10.0
141
1.0
290
     0
  0
SCALE
  5
58
102
{ACAD_REACTORS
330
47
102
}
330
47
100
AcDbScale
 70
     0
300
100:1
140
100.0
141
1.0
290
     0
  0
TABLESTYLE
  5
5A
102
{ACAD_REACTORS
330
59
102
}
102
{ACAD_XDICTIONARY
360
3AD
102
}
330
59
100
AcDbTableStyle
  3
Standard
 70
     0
 71
     0
 40
0.06
 41
0.06
280
     0
281
     0
  7
STANDARD
140
4.5
170
     2
 62
     0
 63
   257
283
     0
274
    -2
284
     1
 64
     0
275
    -2
285
     1
 65
     0
276
    -2
286
     1
 66
     0
277
    -2
287
     1
 67
     0
278
    -2
288
     1
 68
     0
279
    -2
289
     1
 69
     0
  7
STANDARD
140
6.0
170
     5
 62
     0
 63
   257
283
     0
274
    -2
284
     1
 64
     0
275
    -2
285
     1
 65
     0
276
    -2
286
     1
 66
     0
277
    -2
287
     1
 67
     0
278
    -2
288
     1
 68
     0
279
    -2
289
     1
 69
     0
  7
STANDARD
140
4.5
170
     5
 62
     0
 63
   257
283
     0
274
    -2
284
     1
 64
     0
275
    -2
285
     1
 65
     0
276
    -2
286
     1
 66
     0
277
    -2
287
     1
 67
     0
278
    -2
288
     1
 68
     0
279
    -2
289
     1
 69
     0
  0
VISUALSTYLE
  5
2F
102
{ACAD_REACTORS
330
2A
102
}
102
{ACAD_XDICTIONARY
360
37F
102
}
330
2A
100
AcDbVisualStyle
  2
2dWireframe
 70
     4
 71
     0
 72
     2
 73
     0
 90
        0
 40
0.6
 41
30.0
 62
     5
 63
     7
421
 16777215
 74
     1
 91
        4
 64
     7
 65
   257
 75
     1
175
     1
 42
1.0
 92
        0
 66
   257
 43
1.0
 76
     1
 77
     6
 78
     2
 67
     7
 79
     5
170
     0
171
     0
290
     0
174
     0
 93
        1
 44
0.0
173
     0
291
     0
 45
0.0
1001
ACAD
1000
AcDbSavedByObjectVersion
1070
     0
  0
VISUALSTYLE
  5
32
102
{ACAD_REACTORS
330
2A
102
}
102
{ACAD_XDICTIONARY
360
385
102
}
330
2A
100
AcDbVisualStyle
  2
Basic
 70
     7
 71
     1
 72
     0
 73
     1
 90
        0
 40
0.6
 41
30.0
 62
     5
 63
     7
421
 16777215
 74
     0
 91
        4
 64
     7
 65
   257
 75
     1
175
     1
 42
1.0
 92
        8
 66
     7
 43
1.0
 76
     1
 77
     6
 78
     2
 67
     7
 79
     5
170
     0
171
     0
290
     0
174
     0
 93
        1
 44
0.0
173
     0
291
     1
 45
0.0
1001
ACAD
1000
AcDbSavedByObjectVersion
1070
     0
  0
VISUALSTYLE
  5
36
102
{ACAD_REACTORS
330
2A
102
}
102
{ACAD_XDICTIONARY
360
38D
102
}
330
2A
100
AcDbVisualStyle
  2
Brighten
 70
    12
 71
     2
 72
     2
 73
     0
 90
        0
 40
0.6
 41
30.0
 62
     5
 63
     7
421
 16777215
 74
     1
 91
        4
 64
     7
 65
   257
 75
     1
175
     1
 42
1.0
 92
        8
 66
     7
 43
1.0
 76
     1
 77
     6
 78
     2
 67
     7
 79
     5
170
     0
171
     0
290
     0
174
     0
 93
        1
 44
50.0
173
     0
291
     1
 45
0.0
1001
ACAD
1000
AcDbSavedByObjectVersion
1070
     0
  0
VISUALSTYLE
  5
3A
102
{ACAD_REACTORS
330
2A
102
}
102
{ACAD_XDICTIONARY
360
395
102
}
330
2A
100
AcDbVisualStyle
  2
ColorChange
 70
    16
 71
     2
 72
     2
 73
     3
 90
        0
 40
0.6
 41
30.0
 62
     5
 63
     8
421
  8421504
 74
     1
 91
        4
 64
     7
 65
   257
 75
     1
175
     1
 42
1.0
 92
        8
 66
     8
424
  8421504
 43
1.0
 76
     1
 77
     6
 78
     2
 67
     7
 79
     5
170
     0
171
     0
290
     0
174
     0
 93
        1
 44
0.0
173
     0
291
     1
 45
0.0
1001
ACAD
1000
AcDbSavedByObjectVersion
1070
     0
  0
VISUALSTYLE
  5
34
102
{ACAD_REACTORS
330
2A
102
}
102
{ACAD_XDICTIONARY
360
389
102
}
330
2A
100
AcDbVisualStyle
  2
Conceptual
 70
     9
 71
     3
 72
     2
 73
     0
 90
        0
 40
0.6
 41
30.0
 62
     5
 63
     7
421
 16777215
 74
     2
 91
        2
 64
     7
 65
   257
 75
     1
175
     1
 42
179.0
 92
        8
 66
     7
 43
1.0
 76
     1
 77
     6
 78
     2
 67
     7
 79
     3
170
     0
171
     0
290
     0
174
     0
 93
        1
 44
0.0
173
     0
291
     0
 45
0.0
1001
ACAD
1000
AcDbSavedByObjectVersion
1070
     0
  0
VISUALSTYLE
  5
35
102
{ACAD_REACTORS
330
2A
102
}
102
{ACAD_XDICTIONARY
360
38B
102
}
330
2A
100
AcDbVisualStyle
  2
Dim
 70
    11
 71
     2
 72
     2
 73
     0
 90
        0
 40
0.6
 41
30.0
 62
     5
 63
     7
421
 16777215
 74
     1
 91
        4
 64
     7
 65
   257
 75
     1
175
     1
 42
1.0
 92
        8
 66
     7
 43
1.0
 76
     1
 77
     6
 78
     2
 67
     7
 79
     5
170
     0
171
     0
290
     0
174
     0
 93
        1
 44
-50.0
173
     0
291
     1
 45
0.0
1001
ACAD
1000
AcDbSavedByObjectVersion
1070
     0
  0
VISUALSTYLE
  5
3D
102
{ACAD_REACTORS
330
2A
102
}
102
{ACAD_XDICTIONARY
360
39B
102
}
330
2A
100
AcDbVisualStyle
  2
EdgeColorOff
 70
    22
 71
     2
 72
     2
 73
     0
 90
        0
 40
0.6
 41
30.0
 62
     5
 63
     7
421
 16777215
 74
     1
 91
        4
 64
     7
 65
   257
 75
     1
175
     1
 42
1.0
 92
        8
 66
     7
 43
1.0
 76
     1
 77
     6
 78
     2
 67
     7
 79
     5
170
     0
171
     0
290
     0
174
     0
 93
        1
 44
0.0
173
     0
291
     1
 45
0.0
1001
ACAD
1000
AcDbSavedByObjectVersion
1070
     0
  0
VISUALSTYLE
  5
39
102
{ACAD_REACTORS
330
2A
102
}
102
{ACAD_XDICTIONARY
360
393
102
}
330
2A
100
AcDbVisualStyle
  2
Facepattern
 70
    15
 71
     2
 72
     2
 73
     0
 90
        0
 40
0.6
 41
30.0
 62
     5
 63
     7
421
 16777215
 74
     1
 91
        4
 64
     7
 65
   257
 75
     1
175
     1
 42
1.0
 92
        8
 66
     7
 43
1.0
 76
     1
 77
     6
 78
     2
 67
     7
 79
     5
170
     0
171
     0
290
     0
174
     0
 93
        1
 44
0.0
173
     0
291
     1
 45
0.0
1001
ACAD
1000
AcDbSavedByObjectVersion
1070
     0
  0
VISUALSTYLE
  5
2B
102
{ACAD_REACTORS
330
2A
102
}
102
{ACAD_XDICTIONARY
360
377
102
}
330
2A
100
AcDbVisualStyle
  2
Flat
 70
     0
 71
     2
 72
     1
 73
     1
 90
        2
 40
0.6
 41
30.0
 62
     5
 63
     7
421
 16777215
 74
     0
 91
        0
 64
     7
 65
   257
 75
     1
175
     1
 42
1.0
 92
        8
 66
     7
 43
1.0
 76
     1
 77
     6
 78
     2
 67
     7
 79
     5
170
     0
171
     0
290
     0
174
     0
 93
       13
 44
0.0
173
     0
291
     1
 45
0.0
1001
ACAD
1000
AcDbSavedByObjectVersion
1070
     0
  0
VISUALSTYLE
  5
2C
102
{ACAD_REACTORS
330
2A
102
}
102
{ACAD_XDICTIONARY
360
379
102
}
330
2A
100
AcDbVisualStyle
  2
FlatWithEdges
 70
     1
 71
     2
 72
     1
 73
     1
 90
        2
 40
0.6
 41
30.0
 62
     5
 63
     7
421
 16777215
 74
     1
 91
        0
 64
     7
 65
   257
 75
     1
175
     1
 42
1.0
 92
        0
 66
   257
 43
1.0
 76
     1
 77
     6
 78
     2
 67
     7
 79
     5
170
     0
171
     0
290
     0
174
     0
 93
       13
 44
0.0
173
     0
291
     1
 45
0.0
1001
ACAD
1000
AcDbSavedByObjectVersion
1070
     0
  0
VISUALSTYLE
  5
2D
102
{ACAD_REACTORS
330
2A
102
}
102
{ACAD_XDICTIONARY
360
37B
102
}
330
2A
100
AcDbVisualStyle
  2
Gouraud
 70
     2
 71
     2
 72
     2
 73
     1
 90
        2
 40
0.6
 41
30.0
 62
     5
 63
     7
421
 16777215
 74
     0
 91
        0
 64
     7
 65
   257
 75
     1
175
     1
 42
1.0
 92
        0
 66
     7
 43
1.0
 76
     1
 77
     6
 78
     2
 67
     7
 79
     5
170
     0
171
     0
290
     0
174
     0
 93
       13
 44
0.0
173
     0
291
     1
 45
0.0
1001
ACAD
1000
AcDbSavedByObjectVersion
1070
     0
  0
VISUALSTYLE
  5
2E
102
{ACAD_REACTORS
330
2A
102
}
102
{ACAD_XDICTIONARY
360
37D
102
}
330
2A
100
AcDbVisualStyle
  2
GouraudWithEdges
 70
     3
 71
     2
 72
     2
 73
     1
 90
        2
 40
0.6
 41
30.0
 62
     5
 63
     7
421
 16777215
 74
     1
 91
        0
 64
     7
 65
   257
 75
     1
175
     1
 42
1.0
 92
        0
 66
   257
 43
1.0
 76
     1
 77
     6
 78
     2
 67
     7
 79
     5
170
     0
171
     0
290
     0
174
     0
 93
       13
 44
0.0
173
     0
291
     1
 45
0.0
1001
ACAD
1000
AcDbSavedByObjectVersion
1070
     0
  0
VISUALSTYLE
  5
31
102
{ACAD_REACTORS
330
2A
102
}
102
{ACAD_XDICTIONARY
360
383
102
}
330
2A
100
AcDbVisualStyle
  2
Hidden
 70
     6
 71
     1
 72
     2
 73
     2
 90
        0
 40
0.6
 41
30.0
 62
     5
 63
     7
421
 16777215
 74
     2
 91
        2
 64
     7
 65
   257
 75
     2
175
     1
 42
40.0
 92
        0
 66
   257
 43
1.0
 76
     1
 77
     6
 78
     2
 67
     7
 79
     3
170
     0
171
     0
290
     0
174
     0
 93
        1
 44
0.0
173
     0
291
     0
 45
0.0
1001
ACAD
1000
AcDbSavedByObjectVersion
1070
     0
  0
VISUALSTYLE
  5
3B
102
{ACAD_REACTORS
330
2A
102
}
102
{ACAD_XDICTIONARY
360
397
102
}
330
2A
100
AcDbVisualStyle
  2
JitterOff
 70
    20
 71
     2
 72
     2
 73
     0
 90
        0
 40
0.6
 41
30.0
 62
     5
 63
     7
421
 16777215
 74
     1
 91
        4
 64
     7
 65
   257
 75
     1
175
     1
 42
1.0
 92
       10
 66
     7
 43
1.0
 76
     1
 77
     6
 78
     2
 67
     7
 79
     5
170
     0
171
     0
290
     0
174
     0
 93
        1
 44
0.0
173
     0
291
     1
 45
0.0
1001
ACAD
1000
AcDbSavedByObjectVersion
1070
     0
  0
VISUALSTYLE
  5
38
102
{ACAD_REACTORS
330
2A
102
}
102
{ACAD_XDICTIONARY
360
391
102
}
330
2A
100
AcDbVisualStyle
  2
Linepattern
 70
    14
 71
     2
 72
     2
 73
     0
 90
        0
 40
0.6
 41
30.0
 62
     5
 63
     7
421
 16777215
 74
     1
 91
        4
 64
     7
 65
   257
 75
     7
175
     7
 42
1.0
 92
        8
 66
     7
 43
1.0
 76
     1
 77
     6
 78
     2
 67
     7
 79
     5
170
     0
171
     0
290
     0
174
     0
 93
        1
 44
0.0
173
     0
291
     1
 45
0.0
1001
ACAD
1000
AcDbSavedByObjectVersion
1070
     0
  0
VISUALSTYLE
  5
3C
102
{ACAD_REACTORS
330
2A
102
}
102
{ACAD_XDICTIONARY
360
399
102
}
330
2A
100
AcDbVisualStyle
  2
OverhangOff
 70
    21
 71
     2
 72
     2
 73
     0
 90
        0
 40
0.6
 41
30.0
 62
     5
 63
     7
421
 16777215
 74
     1
 91
        4
 64
     7
 65
   257
 75
     1
175
     1
 42
1.0
 92
        9
 66
     7
 43
1.0
 76
     1
 77
     6
 78
     2
 67
     7
 79
     5
170
     0
171
     0
290
     0
174
     0
 93
        1
 44
0.0
173
     0
291
     1
 45
0.0
1001
ACAD
1000
AcDbSavedByObjectVersion
1070
     0
  0
VISUALSTYLE
  5
33
102
{ACAD_REACTORS
330
2A
102
}
102
{ACAD_XDICTIONARY
360
387
102
}
330
2A
100
AcDbVisualStyle
  2
Realistic
 70
     8
 71
     2
 72
     3
 73
     0
 90
        2
 40
0.6
 41
30.0
 62
     5
 63
     7
421
 16777215
 74
     0
 91
        0
 64
     7
 65
   257
 75
     1
175
     1
 42
1.0
 92
        8
 66
   257
 43
1.0
 76
     1
 77
     6
 78
     2
 67
     7
 79
     3
170
     0
171
     0
290
     0
174
     0
 93
       13
 44
0.0
173
     0
291
     0
 45
0.0
1001
ACAD
1000
AcDbSavedByObjectVersion
1070
     0
  0
VISUALSTYLE
  5
42
102
{ACAD_REACTORS
330
2A
102
}
102
{ACAD_XDICTIONARY
360
3A5
102
}
330
2A
100
AcDbVisualStyle
  2
Shaded
 70
    27
 71
     2
 72
     2
 73
     1
 90
        2
 40
0.6
 41
30.0
 62
     5
 63
     7
421
 16777215
 74
     0
 91
        4
 64
     7
 65
   257
 75
     1
175
     1
 42
1.0
 92
        8
 66
   257
 43
1.0
 76
     1
 77
     6
 78
     2
 67
     8
425
  7895160
 79
     3
170
     0
171
     0
290
     0
174
     0
 93
        5
 44
0.0
173
     0
291
     0
 45
0.0
1001
ACAD
1000
AcDbSavedByObjectVersion
1070
     0
  0
VISUALSTYLE
  5
41
102
{ACAD_REACTORS
330
2A
102
}
102
{ACAD_XDICTIONARY
360
3A3
102
}
330
2A
100
AcDbVisualStyle
  2
Shaded with edges
 70
    26
 71
     2
 72
     2
 73
     1
 90
        2
 40
0.6
 41
30.0
 62
     5
 63
     7
421
 16777215
 74
     1
 91
       10
 64
     7
 65
   257
 75
     2
175
     1
 42
1.0
 92
        8
 66
   257
 43
1.0
 76
     1
 77
     6
 78
     2
 67
     7
 79
     3
170
     0
171
     0
290
     0
174
     0
 93
        5
 44
0.0
173
     0
291
     0
 45
0.0
1001
ACAD
1000
AcDbSavedByObjectVersion
1070
     0
  0
VISUALSTYLE
  5
3E
102
{ACAD_REACTORS
330
2A
102
}
102
{ACAD_XDICTIONARY
360
39D
102
}
330
2A
100
AcDbVisualStyle
  2
Shades of Gray
 70
    23
 71
     2
 72
     2
 73
     3
 90
        0
 40
0.6
 41
30.0
 62
     5
 63
     7
421
 16777215
 74
     2
 91
        2
 64
     7
 65
     7
 75
     1
175
     1
 42
40.0
 92
        8
 66
     7
 43
1.0
 76
     1
 77
     6
 78
     2
 67
     7
 79
     3
170
     0
171
     0
290
     0
174
     0
 93
        1
 44
0.0
173
     0
291
     0
 45
0.0
1001
ACAD
1000
AcDbSavedByObjectVersion
1070
     0
  0
VISUALSTYLE
  5
3F
102
{ACAD_REACTORS
330
2A
102
}
102
{ACAD_XDICTIONARY
360
39F
102
}
330
2A
100
AcDbVisualStyle
  2
Sketchy
 70
    24
 71
     1
 72
     2
 73
     2
 90
        0
 40
0.6
 41
30.0
 62
     5
 63
     7
421
 16777215
 74
     2
 91
        2
 64
     7
 65
     7
 75
     1
175
     1
 42
40.0
 92
       11
 66
     7
 43
1.0
 76
     1
 77
     6
 78
     2
 67
     7
 79
     6
170
     0
171
     0
290
     0
174
     0
 93
        1
 44
0.0
173
     0
291
     0
 45
0.0
1001
ACAD
1000
AcDbSavedByObjectVersion
1070
     0
  0
VISUALSTYLE
  5
37
102
{ACAD_REACTORS
330
2A
102
}
102
{ACAD_XDICTIONARY
360
38F
102
}
330
2A
100
AcDbVisualStyle
  2
Thicken
 70
    13
 71
     2
 72
     2
 73
     0
 90
        0
 40
0.6
 41
30.0
 62
     5
 63
     7
421
 16777215
 74
     1
 91
        4
 64
     7
 65
   257
 75
     1
175
     1
 42
1.0
 92
       12
 66
     7
 43
1.0
 76
     1
 77
     6
 78
     2
 67
     7
 79
     5
170
     0
171
     0
290
     0
174
     0
 93
        1
 44
0.0
173
     0
291
     1
 45
0.0
1001
ACAD
1000
AcDbSavedByObjectVersion
1070
     0
  0
VISUALSTYLE
  5
30
102
{ACAD_REACTORS
330
2A
102
}
102
{ACAD_XDICTIONARY
360
381
102
}
330
2A
100
AcDbVisualStyle
  2
Wireframe
 70
     5
 71
     0
 72
     2
 73
     0
 90
        0
 40
0.6
 41
30.0
 62
     5
 63
     7
421
 16777215
 74
     1
 91
        4
 64
     7
 65
   257
 75
     1
175
     1
 42
1.0
 92
        0
 66
   257
 43
1.0
 76
     1
 77
     6
 78
     2
 67
     7
 79
     3
170
     0
171
     0
290
     0
174
     0
 93
        1
 44
0.0
173
     0
291
     0
 45
0.0
1001
ACAD
1000
AcDbSavedByObjectVersion
1070
     0
  0
VISUALSTYLE
  5
40
102
{ACAD_REACTORS
330
2A
102
}
102
{ACAD_XDICTIONARY
360
3A1
102
}
330
2A
100
AcDbVisualStyle
  2
X-Ray
 70
    25
 71
     2
 72
     2
 73
     1
 90
        1
 40
0.5
 41
30.0
 62
     5
 63
     7
421
 16777215
 74
     1
 91
        0
 64
     7
 65
   257
 75
     1
175
     1
 42
1.0
 92
        8
 66
     7
 43
1.0
 76
     1
 77
     6
 78
     2
 67
     7
 79
     3
170
     0
171
     0
290
     0
174
     0
 93
       13
 44
0.0
173
     0
291
     0
 45
0.0
1001
ACAD
1000
AcDbSavedByObjectVersion
1070
     0
  0
DICTIONARYVAR
  5
369
102
{ACAD_REACTORS
330
368
102
}
330
368
100
DictionaryVariables
280
     0
  1
1:1
  0
DICTIONARYVAR
  5
372
102
{ACAD_REACTORS
330
368
102
}
330
368
100
DictionaryVariables
280
     0
  1
3.500000
  0
DICTIONARYVAR
  5
373
102
{ACAD_REACTORS
330
368
102
}
330
368
100
DictionaryVariables
280
     0
  1
acadiso.lin
  0
DICTIONARYVAR
  5
36F
102
{ACAD_REACTORS
330
368
102
}
330
368
100
DictionaryVariables
280
     0
  1
Standard
  0
DICTIONARYVAR
  5
36E
102
{ACAD_REACTORS
330
368
102
}
330
368
100
DictionaryVariables
280
     0
  1
Standard
  0
DICTIONARYVAR
  5
376
102
{ACAD_REACTORS
330
368
102
}
330
368
100
DictionaryVariables
280
     0
  1
1
  0
DICTIONARYVAR
  5
3B3
102
{ACAD_REACTORS
330
368
102
}
330
368
100
DictionaryVariables
280
     0
  1
0
  0
DICTIONARY
  5
3A9
330
45
100
AcDbDictionary
280
     1
281
     1
  3
ACAD_XREC_ROUNDTRIP
360
3AA
  0
DICTIONARY
  5
3A7
330
44
100
AcDbDictionary
280
     1
281
     1
  3
ACAD_XREC_ROUNDTRIP
360
3A8
  0
DICTIONARY
  5
3AB
330
46
100
AcDbDictionary
280
     1
281
     1
  3
ACAD_XREC_ROUNDTRIP
360
3AC
  0
DICTIONARY
  5
3B0
330
5C
100
AcDbDictionary
280
     1
281
     1
  3
ACAD_XREC_ROUNDTRIP
360
3B1
  0
DICTIONARY
  5
3AD
330
5A
100
AcDbDictionary
280
     1
281
     1
  3
ACAD_ROUNDTRIP_2008_TABLESTYLE_CELLSTYLEMAP
360
3AF
  3
ACAD_XREC_ROUNDTRIP
360
3AE
  0
DICTIONARY
  5
37F
330
2F
100
AcDbDictionary
280
     1
281
     1
  3
ACAD_XREC_ROUNDTRIP
360
380
  0
DICTIONARY
  5
385
330
32
100
AcDbDictionary
280
     1
281
     1
  3
ACAD_XREC_ROUNDTRIP
360
386
  0
DICTIONARY
  5
38D
330
36
100
AcDbDictionary
280
     1
281
     1
  3
ACAD_XREC_ROUNDTRIP
360
38E
  0
DICTIONARY
  5
395
330
3A
100
AcDbDictionary
280
     1
281
     1
  3
ACAD_XREC_ROUNDTRIP
360
396
  0
DICTIONARY
  5
389
330
34
100
AcDbDictionary
280
     1
281
     1
  3
ACAD_XREC_ROUNDTRIP
360
38A
  0
DICTIONARY
  5
38B
330
35
100
AcDbDictionary
280
     1
281
     1
  3
ACAD_XREC_ROUNDTRIP
360
38C
  0
DICTIONARY
  5
39B
330
3D
100
AcDbDictionary
280
     1
281
     1
  3
ACAD_XREC_ROUNDTRIP
360
39C
  0
DICTIONARY
  5
393
330
39
100
AcDbDictionary
280
     1
281
     1
  3
ACAD_XREC_ROUNDTRIP
360
394
  0
DICTIONARY
  5
377
330
2B
100
AcDbDictionary
280
     1
281
     1
  3
ACAD_XREC_ROUNDTRIP
360
378
  0
DICTIONARY
  5
379
330
2C
100
AcDbDictionary
280
     1
281
     1
  3
ACAD_XREC_ROUNDTRIP
360
37A
  0
DICTIONARY
  5
37B
330
2D
100
AcDbDictionary
280
     1
281
     1
  3
ACAD_XREC_ROUNDTRIP
360
37C
  0
DICTIONARY
  5
37D
330
2E
100
AcDbDictionary
280
     1
281
     1
  3
ACAD_XREC_ROUNDTRIP
360
37E
  0
DICTIONARY
  5
383
330
31
100
AcDbDictionary
280
     1
281
     1
  3
ACAD_XREC_ROUNDTRIP
360
384
  0
DICTIONARY
  5
397
330
3B
100
AcDbDictionary
280
     1
281
     1
  3
ACAD_XREC_ROUNDTRIP
360
398
  0
DICTIONARY
  5
391
330
38
100
AcDbDictionary
280
     1
281
     1
  3
ACAD_XREC_ROUNDTRIP
360
392
  0
DICTIONARY
  5
399
330
3C
100
AcDbDictionary
280
     1
281
     1
  3
ACAD_XREC_ROUNDTRIP
360
39A
  0
DICTIONARY
  5
387
330
33
100
AcDbDictionary
280
     1
281
     1
  3
ACAD_XREC_ROUNDTRIP
360
388
  0
DICTIONARY
  5
3A5
330
42
100
AcDbDictionary
280
     1
281
     1
  3
ACAD_XREC_ROUNDTRIP
360
3A6
  0
DICTIONARY
  5
3A3
330
41
100
AcDbDictionary
280
     1
281
     1
  3
ACAD_XREC_ROUNDTRIP
360
3A4
  0
DICTIONARY
  5
39D
330
3E
100
AcDbDictionary
280
     1
281
     1
  3
ACAD_XREC_ROUNDTRIP
360
39E
  0
DICTIONARY
  5
39F
330
3F
100
AcDbDictionary
280
     1
281
     1
  3
ACAD_XREC_ROUNDTRIP
360
3A0
  0
DICTIONARY
  5
38F
330
37
100
AcDbDictionary
280
     1
281
     1
  3
ACAD_XREC_ROUNDTRIP
360
390
  0
DICTIONARY
  5
381
330
30
100
AcDbDictionary
280
     1
281
     1
  3
ACAD_XREC_ROUNDTRIP
360
382
  0
DICTIONARY
  5
3A1
330
40
100
AcDbDictionary
280
     1
281
     1
  3
ACAD_XREC_ROUNDTRIP
360
3A2
  0
XRECORD
  5
3AA
102
{ACAD_REACTORS
330
3A9
102
}
330
3A9
100
AcDbXrecord
280
     1
102
MATERIAL
148
0.0
149
0.0
149
0.0
 93
        0
 94
      127
282
     0
 72
     1
 77
     1
171
     1
175
     1
179
     1
273
     0
  0
XRECORD
  5
3A8
102
{ACAD_REACTORS
330
3A7
102
}
330
3A7
100
AcDbXrecord
280
     1
102
MATERIAL
148
0.0
149
0.0
149
0.0
 93
        0
 94
      127
282
     0
 72
     1
 77
     1
171
     1
175
     1
179
     1
273
     0
  0
XRECORD
  5
3AC
102
{ACAD_REACTORS
330
3AB
102
}
330
3AB
100
AcDbXrecord
280
     1
102
MATERIAL
148
0.0
149
0.0
149
0.0
 93
        0
 94
      127
282
     0
 72
     1
 77
     1
171
     1
175
     1
179
     1
273
     0
  0
XRECORD
  5
3B1
102
{ACAD_REACTORS
330
3B0
102
}
330
3B0
100
AcDbXrecord
280
     1
102
ACAD_ROUNDTRIP_2010_MLEADER_STYLE
  0
CELLSTYLEMAP
  5
3AF
102
{ACAD_REACTORS
330
3AD
102
}
330
3AD
100
AcDbCellStyleMap
 90
        3
300
CELLSTYLE
  1
TABLEFORMAT_BEGIN
 90
        5
170
     1
 91
        0
 92
    32768
 62
   257
 93
        1
300
CONTENTFORMAT
  1
CONTENTFORMAT_BEGIN
 90
        0
 91
        0
 92
        4
 93
        0
300

 40
0.0
140
1.0
 94
        5
 62
     0
340
11
144
6.0
309
CONTENTFORMAT_END
171
     1
301
MARGIN
  1
CELLMARGIN_BEGIN
 40
1.5
 40
1.5
 40
1.5
 40
1.5
 40
1.5
 40
1.5
309
CELLMARGIN_END
 94
        6
 95
        1
302
GRIDFORMAT
  1
GRIDFORMAT_BEGIN
 90
        0
 91
        1
 62
     0
 92
       -2
340
14
 93
        0
 40
0.045
309
GRIDFORMAT_END
 95
        2
302
GRIDFORMAT
  1
GRIDFORMAT_BEGIN
 90
        0
 91
        1
 62
     0
 92
       -2
340
14
 93
        0
 40
0.045
309
GRIDFORMAT_END
 95
        4
302
GRIDFORMAT
  1
GRIDFORMAT_BEGIN
 90
        0
 91
        1
 62
     0
 92
       -2
340
14
 93
        0
 40
0.045
309
GRIDFORMAT_END
 95
        8
302
GRIDFORMAT
  1
GRIDFORMAT_BEGIN
 90
        0
 91
        1
 62
     0
 92
       -2
340
14
 93
        0
 40
0.045
309
GRIDFORMAT_END
 95
       16
302
GRIDFORMAT
  1
GRIDFORMAT_BEGIN
 90
        0
 91
        1
 62
     0
 92
       -2
340
14
 93
        0
 40
0.045
309
GRIDFORMAT_END
 95
       32
302
GRIDFORMAT
  1
GRIDFORMAT_BEGIN
 90
        0
 91
        1
 62
     0
 92
       -2
340
14
 93
        0
 40
0.045
309
GRIDFORMAT_END
309
TABLEFORMAT_END
  1
CELLSTYLE_BEGIN
 90
        1
 91
        1
300
_TITLE
309
CELLSTYLE_END
300
CELLSTYLE
  1
TABLEFORMAT_BEGIN
 90
        5
170
     1
 91
        0
 92
        0
 62
   257
 93
        1
300
CONTENTFORMAT
  1
CONTENTFORMAT_BEGIN
 90
        0
 91
        0
 92
        4
 93
        0
300

 40
0.0
140
1.0
 94
        5
 62
     0
340
11
144
4.5
309
CONTENTFORMAT_END
171
     1
301
MARGIN
  1
CELLMARGIN_BEGIN
 40
1.5
 40
1.5
 40
1.5
 40
1.5
 40
1.5
 40
1.5
309
CELLMARGIN_END
 94
        6
 95
        1
302
GRIDFORMAT
  1
GRIDFORMAT_BEGIN
 90
        0
 91
        1
 62
     0
 92
       -2
340
14
 93
        0
 40
0.045
309
GRIDFORMAT_END
 95
        2
302
GRIDFORMAT
  1
GRIDFORMAT_BEGIN
 90
        0
 91
        1
 62
     0
 92
       -2
340
14
 93
        0
 40
0.045
309
GRIDFORMAT_END
 95
        4
302
GRIDFORMAT
  1
GRIDFORMAT_BEGIN
 90
        0
 91
        1
 62
     0
 92
       -2
340
14
 93
        0
 40
0.045
309
GRIDFORMAT_END
 95
        8
302
GRIDFORMAT
  1
GRIDFORMAT_BEGIN
 90
        0
 91
        1
 62
     0
 92
       -2
340
14
 93
        0
 40
0.045
309
GRIDFORMAT_END
 95
       16
302
GRIDFORMAT
  1
GRIDFORMAT_BEGIN
 90
        0
 91
        1
 62
     0
 92
       -2
340
14
 93
        0
 40
0.045
309
GRIDFORMAT_END
 95
       32
302
GRIDFORMAT
  1
GRIDFORMAT_BEGIN
 90
        0
 91
        1
 62
     0
 92
       -2
340
14
 93
        0
 40
0.045
309
GRIDFORMAT_END
309
TABLEFORMAT_END
  1
CELLSTYLE_BEGIN
 90
        2
 91
        1
300
_HEADER
309
CELLSTYLE_END
300
CELLSTYLE
  1
TABLEFORMAT_BEGIN
 90
        5
170
     1
 91
        0
 92
        0
 62
   257
 93
        1
300
CONTENTFORMAT
  1
CONTENTFORMAT_BEGIN
 90
        0
 91
        0
 92
        4
 93
        0
300

 40
0.0
140
1.0
 94
        2
 62
     0
340
11
144
4.5
309
CONTENTFORMAT_END
171
     1
301
MARGIN
  1
CELLMARGIN_BEGIN
 40
1.5
 40
1.5
 40
1.5
 40
1.5
 40
1.5
 40
1.5
309
CELLMARGIN_END
 94
        6
 95
        1
302
GRIDFORMAT
  1
GRIDFORMAT_BEGIN
 90
        0
 91
        1
 62
     0
 92
       -2
340
14
 93
        0
 40
0.045
309
GRIDFORMAT_END
 95
        2
302
GRIDFORMAT
  1
GRIDFORMAT_BEGIN
 90
        0
 91
        1
 62
     0
 92
       -2
340
14
 93
        0
 40
0.045
309
GRIDFORMAT_END
 95
        4
302
GRIDFORMAT
  1
GRIDFORMAT_BEGIN
 90
        0
 91
        1
 62
     0
 92
       -2
340
14
 93
        0
 40
0.045
309
GRIDFORMAT_END
 95
        8
302
GRIDFORMAT
  1
GRIDFORMAT_BEGIN
 90
        0
 91
        1
 62
     0
 92
       -2
340
14
 93
        0
 40
0.045
309
GRIDFORMAT_END
 95
       16
302
GRIDFORMAT
  1
GRIDFORMAT_BEGIN
 90
        0
 91
        1
 62
     0
 92
       -2
340
14
 93
        0
 40
0.045
309
GRIDFORMAT_END
 95
       32
302
GRIDFORMAT
  1
GRIDFORMAT_BEGIN
 90
        0
 91
        1
 62
     0
 92
       -2
340
14
 93
        0
 40
0.045
309
GRIDFORMAT_END
309
TABLEFORMAT_END
  1
CELLSTYLE_BEGIN
 90
        3
 91
        2
300
_DATA
309
CELLSTYLE_END
  0
XRECORD
  5
3AE
102
{ACAD_REACTORS
330
3AD
102
}
330
3AD
100
AcDbXrecord
280
     1
102
ACAD_ROUNDTRIP_PRE2007_TABLESTYLE
 90
        4
 91
        0
  1

 92
        4
 93
        0
  2

 94
        4
 95
        0
  3

  0
XRECORD
  5
380
102
{ACAD_REACTORS
330
37F
102
}
330
37F
100
AcDbXrecord
280
     1
102
RTVSPropertyOp0
 70
     1
102
RTVSPropertyOp1
 70
     1
102
RTVSPropertyOp2
 70
     1
102
RTVSPropertyOp3
 70
     1
102
RTVSPropertyOp4
 70
     1
102
RTVSPropertyOp5
 70
     1
102
RTVSPropertyOp6
 70
     1
102
RTVSPropertyOp7
 70
     1
102
RTVSPropertyOp8
 70
     1
102
RTVSPropertyOp9
 70
     1
102
RTVSPropertyOp10
 70
     1
102
RTVSPropertyOp11
 70
     1
102
RTVSPropertyOp12
 70
     1
102
RTVSPropertyOp13
 70
     1
102
RTVSPropertyOp14
 70
     1
102
RTVSPropertyOp15
 70
     1
102
RTVSPropertyOp16
 70
     1
102
RTVSPropertyOp17
 70
     1
102
RTVSPropertyOp18
 70
     1
102
RTVSPropertyOp19
 70
     1
102
RTVSPropertyOp20
 70
     1
102
RTVSPropertyOp21
 70
     1
102
RTVSPropertyOp22
 70
     1
102
RTVSPropertyOp23
 70
     1
102
RTVSPropertyOp24
 70
     1
102
RTVSPropertyOp25
 70
     1
102
RTVSPropertyOp26
 70
     1
102
RTVSPropertyOp27
 70
     1
102
RTVSPropertyOp28
 70
     1
102
RTVSPropertyOp29
 70
     1
102
RTVSPropertyOp30
 70
     1
102
RTVSPropertyOp31
 70
     1
102
RTVSPropertyOp32
 70
     1
102
RTVSPropertyOp33
 70
     1
102
RTVSPropertyOp34
 70
     1
102
RTVSPropertyOp35
 70
     1
102
RTVSPropertyOp36
 70
     1
102
RTVSPropertyOp37
 70
     1
102
RTVSPropertyOp38
 70
     1
102
RTVSPropertyOp39
 70
     1
102
RTVSPropertyOp40
 70
     1
102
RTVSPropertyOp41
 70
     1
102
RTVSPropertyOp42
 70
     1
102
RTVSPropertyOp43
 70
     1
102
RTVSPropertyOp44
 70
     1
102
RTVSPropertyOp45
 70
     1
102
RTVSPropertyOp46
 70
     1
102
RTVSPropertyOp47
 70
     1
102
RTVSPropertyOp48
 70
     1
102
RTVSPropertyOp49
 70
     1
102
RTVSPropertyOp50
 70
     1
102
RTVSPropertyOp51
 70
     0
102
RTVSPropertyOp52
 70
     0
102
RTVSPropertyOp53
 70
     1
102
RTVSPropertyOp54
 70
     1
102
RTVSPropertyOp55
 70
     1
102
RTVSPropertyOp56
 70
     1
102
RTVSPropertyOp57
 70
     1
102
RTVSPost2010Prop28
280
     1
102
RTVSPost2010PropOp28
 70
     1
102
RTVSPost2010Prop29
280
     1
102
RTVSPost2010PropOp29
 70
     1
102
RTVSPost2010Prop30
280
     0
102
RTVSPost2010PropOp30
 70
     1
102
RTVSPost2010Prop31
280
     0
102
RTVSPost2010PropOp31
 70
     1
102
RTVSPost2010Prop32
280
     0
102
RTVSPost2010PropOp32
 70
     1
102
RTVSPost2010Prop33
280
     0
102
RTVSPost2010PropOp33
 70
     1
102
RTVSPost2010Prop34
280
     0
102
RTVSPost2010PropOp34
 70
     1
102
RTVSPost2010Prop35
280
     0
102
RTVSPost2010PropOp35
 70
     1
102
RTVSPost2010Prop36
280
     0
102
RTVSPost2010PropOp36
 70
     1
102
RTVSPost2010Prop37
 90
       50
102
RTVSPost2010PropOp37
 70
     1
102
RTVSPost2010Prop38
140
0.0
102
RTVSPost2010PropOp38
 70
     1
102
RTVSPost2010Prop39
140
1.0
102
RTVSPost2010PropOp39
 70
     1
102
RTVSPost2010Prop40
 90
        0
102
RTVSPost2010PropOp40
 70
     1
102
RTVSPost2010Prop41ColorIndex
 90
       18
102
RTVSPost2010Prop41ColorRGB
 90
        0
102
RTVSPost2010PropOp41
 70
     1
102
RTVSPost2010Prop42
 90
       50
102
RTVSPost2010PropOp42
 70
     1
102
RTVSPost2010Prop43
 90
        3
102
RTVSPost2010PropOp43
 70
     1
102
RTVSPost2010Prop44ColorIndex
 90
        5
102
RTVSPost2010Prop44ColorRGB
 90
      255
102
RTVSPost2010PropOp44
 70
     1
102
RTVSPost2010Prop45
280
     0
102
RTVSPost2010PropOp45
 70
     1
102
RTVSPost2010Prop46
 90
       50
102
RTVSPost2010PropOp46
 70
     1
102
RTVSPost2010Prop47
 90
       50
102
RTVSPost2010PropOp47
 70
     1
102
RTVSPost2010Prop48
 90
       50
102
RTVSPost2010PropOp48
 70
     1
102
RTVSPost2010Prop49
280
     0
102
RTVSPost2010PropOp49
 70
     1
102
RTVSPost2010Prop50
 90
       50
102
RTVSPost2010PropOp50
 70
     1
102
RTVSPost2010Prop51ColorIndex
 90
      256
102
RTVSPost2010Prop51ColorRGB
 90
-16777216
102
RTVSPost2010PropOp51
 70
     0
102
RTVSPost2010Prop52
140
1.0
102
RTVSPost2010PropOp52
 70
     0
102
RTVSPost2010Prop53
 90
        2
102
RTVSPost2010PropOp53
 70
     1
102
RTVSPost2010Prop54
  1
strokes_ogs.tif
102
RTVSPost2010PropOp54
 70
     1
102
RTVSPost2010Prop55
280
     0
102
RTVSPost2010PropOp55
 70
     1
102
RTVSPost2010Prop56
140
1.0
102
RTVSPost2010PropOp56
 70
     1
102
RTVSPost2010Prop57
140
1.0
102
RTVSPost2010PropOp57
 70
     1
  0
XRECORD
  5
386
102
{ACAD_REACTORS
330
385
102
}
330
385
100
AcDbXrecord
280
     1
102
RTVSPropertyOp0
 70
     1
102
RTVSPropertyOp1
 70
     1
102
RTVSPropertyOp2
 70
     1
102
RTVSPropertyOp3
 70
     1
102
RTVSPropertyOp4
 70
     1
102
RTVSPropertyOp5
 70
     1
102
RTVSPropertyOp6
 70
     1
102
RTVSPropertyOp7
 70
     1
102
RTVSPropertyOp8
 70
     1
102
RTVSPropertyOp9
 70
     1
102
RTVSPropertyOp10
 70
     1
102
RTVSPropertyOp11
 70
     1
102
RTVSPropertyOp12
 70
     1
102
RTVSPropertyOp13
 70
     1
102
RTVSPropertyOp14
 70
     1
102
RTVSPropertyOp15
 70
     1
102
RTVSPropertyOp16
 70
     1
102
RTVSPropertyOp17
 70
     1
102
RTVSPropertyOp18
 70
     1
102
RTVSPropertyOp19
 70
     1
102
RTVSPropertyOp20
 70
     1
102
RTVSPropertyOp21
 70
     1
102
RTVSPropertyOp22
 70
     1
102
RTVSPropertyOp23
 70
     1
102
RTVSPropertyOp24
 70
     1
102
RTVSPropertyOp25
 70
     1
102
RTVSPropertyOp26
 70
     1
102
RTVSPropertyOp27
 70
     1
102
RTVSPropertyOp28
 70
     1
102
RTVSPropertyOp29
 70
     1
102
RTVSPropertyOp30
 70
     1
102
RTVSPropertyOp31
 70
     1
102
RTVSPropertyOp32
 70
     1
102
RTVSPropertyOp33
 70
     1
102
RTVSPropertyOp34
 70
     1
102
RTVSPropertyOp35
 70
     1
102
RTVSPropertyOp36
 70
     1
102
RTVSPropertyOp37
 70
     1
102
RTVSPropertyOp38
 70
     1
102
RTVSPropertyOp39
 70
     1
102
RTVSPropertyOp40
 70
     1
102
RTVSPropertyOp41
 70
     1
102
RTVSPropertyOp42
 70
     1
102
RTVSPropertyOp43
 70
     1
102
RTVSPropertyOp44
 70
     1
102
RTVSPropertyOp45
 70
     1
102
RTVSPropertyOp46
 70
     1
102
RTVSPropertyOp47
 70
     1
102
RTVSPropertyOp48
 70
     1
102
RTVSPropertyOp49
 70
     1
102
RTVSPropertyOp50
 70
     1
102
RTVSPropertyOp51
 70
     0
102
RTVSPropertyOp52
 70
     0
102
RTVSPropertyOp53
 70
     1
102
RTVSPropertyOp54
 70
     1
102
RTVSPropertyOp55
 70
     1
102
RTVSPropertyOp56
 70
     1
102
RTVSPropertyOp57
 70
     1
102
RTVSPost2010Prop28
280
     0
102
RTVSPost2010PropOp28
 70
     1
102
RTVSPost2010Prop29
280
     1
102
RTVSPost2010PropOp29
 70
     1
102
RTVSPost2010Prop30
280
     1
102
RTVSPost2010PropOp30
 70
     1
102
RTVSPost2010Prop31
280
     0
102
RTVSPost2010PropOp31
 70
     1
102
RTVSPost2010Prop32
280
     0
102
RTVSPost2010PropOp32
 70
     1
102
RTVSPost2010Prop33
280
     0
102
RTVSPost2010PropOp33
 70
     1
102
RTVSPost2010Prop34
280
     0
102
RTVSPost2010PropOp34
 70
     1
102
RTVSPost2010Prop35
280
     0
102
RTVSPost2010PropOp35
 70
     1
102
RTVSPost2010Prop36
280
     0
102
RTVSPost2010PropOp36
 70
     1
102
RTVSPost2010Prop37
 90
       50
102
RTVSPost2010PropOp37
 70
     1
102
RTVSPost2010Prop38
140
0.0
102
RTVSPost2010PropOp38
 70
     1
102
RTVSPost2010Prop39
140
1.0
102
RTVSPost2010PropOp39
 70
     1
102
RTVSPost2010Prop40
 90
        0
102
RTVSPost2010PropOp40
 70
     1
102
RTVSPost2010Prop41ColorIndex
 90
       18
102
RTVSPost2010Prop41ColorRGB
 90
        0
102
RTVSPost2010PropOp41
 70
     1
102
RTVSPost2010Prop42
 90
       50
102
RTVSPost2010PropOp42
 70
     1
102
RTVSPost2010Prop43
 90
        3
102
RTVSPost2010PropOp43
 70
     1
102
RTVSPost2010Prop44ColorIndex
 90
        5
102
RTVSPost2010Prop44ColorRGB
 90
      255
102
RTVSPost2010PropOp44
 70
     1
102
RTVSPost2010Prop45
280
     0
102
RTVSPost2010PropOp45
 70
     1
102
RTVSPost2010Prop46
 90
       50
102
RTVSPost2010PropOp46
 70
     1
102
RTVSPost2010Prop47
 90
       50
102
RTVSPost2010PropOp47
 70
     1
102
RTVSPost2010Prop48
 90
       50
102
RTVSPost2010PropOp48
 70
     1
102
RTVSPost2010Prop49
280
     0
102
RTVSPost2010PropOp49
 70
     1
102
RTVSPost2010Prop50
 90
       50
102
RTVSPost2010PropOp50
 70
     1
102
RTVSPost2010Prop51ColorIndex
 90
      256
102
RTVSPost2010Prop51ColorRGB
 90
-16777216
102
RTVSPost2010PropOp51
 70
     0
102
RTVSPost2010Prop52
140
1.0
102
RTVSPost2010PropOp52
 70
     0
102
RTVSPost2010Prop53
 90
        2
102
RTVSPost2010PropOp53
 70
     1
102
RTVSPost2010Prop54
  1
strokes_ogs.tif
102
RTVSPost2010PropOp54
 70
     1
102
RTVSPost2010Prop55
280
     0
102
RTVSPost2010PropOp55
 70
     1
102
RTVSPost2010Prop56
140
1.0
102
RTVSPost2010PropOp56
 70
     1
102
RTVSPost2010Prop57
140
1.0
102
RTVSPost2010PropOp57
 70
     1
  0
XRECORD
  5
38E
102
{ACAD_REACTORS
330
38D
102
}
330
38D
100
AcDbXrecord
280
     1
102
RTVSPropertyOp0
 70
     1
102
RTVSPropertyOp1
 70
     1
102
RTVSPropertyOp2
 70
     1
102
RTVSPropertyOp3
 70
     1
102
RTVSPropertyOp4
 70
     1
102
RTVSPropertyOp5
 70
     1
102
RTVSPropertyOp6
 70
     1
102
RTVSPropertyOp7
 70
     1
102
RTVSPropertyOp8
 70
     1
102
RTVSPropertyOp9
 70
     1
102
RTVSPropertyOp10
 70
     1
102
RTVSPropertyOp11
 70
     1
102
RTVSPropertyOp12
 70
     1
102
RTVSPropertyOp13
 70
     1
102
RTVSPropertyOp14
 70
     1
102
RTVSPropertyOp15
 70
     1
102
RTVSPropertyOp16
 70
     1
102
RTVSPropertyOp17
 70
     1
102
RTVSPropertyOp18
 70
     1
102
RTVSPropertyOp19
 70
     1
102
RTVSPropertyOp20
 70
     1
102
RTVSPropertyOp21
 70
     1
102
RTVSPropertyOp22
 70
     1
102
RTVSPropertyOp23
 70
     1
102
RTVSPropertyOp24
 70
     1
102
RTVSPropertyOp25
 70
     1
102
RTVSPropertyOp26
 70
     1
102
RTVSPropertyOp27
 70
     1
102
RTVSPropertyOp28
 70
     1
102
RTVSPropertyOp29
 70
     1
102
RTVSPropertyOp30
 70
     1
102
RTVSPropertyOp31
 70
     1
102
RTVSPropertyOp32
 70
     1
102
RTVSPropertyOp33
 70
     1
102
RTVSPropertyOp34
 70
     1
102
RTVSPropertyOp35
 70
     1
102
RTVSPropertyOp36
 70
     1
102
RTVSPropertyOp37
 70
     1
102
RTVSPropertyOp38
 70
     1
102
RTVSPropertyOp39
 70
     1
102
RTVSPropertyOp40
 70
     1
102
RTVSPropertyOp41
 70
     1
102
RTVSPropertyOp42
 70
     1
102
RTVSPropertyOp43
 70
     1
102
RTVSPropertyOp44
 70
     1
102
RTVSPropertyOp45
 70
     1
102
RTVSPropertyOp46
 70
     1
102
RTVSPropertyOp47
 70
     1
102
RTVSPropertyOp48
 70
     1
102
RTVSPropertyOp49
 70
     1
102
RTVSPropertyOp50
 70
     1
102
RTVSPropertyOp51
 70
     0
102
RTVSPropertyOp52
 70
     0
102
RTVSPropertyOp53
 70
     1
102
RTVSPropertyOp54
 70
     1
102
RTVSPropertyOp55
 70
     1
102
RTVSPropertyOp56
 70
     1
102
RTVSPropertyOp57
 70
     1
102
RTVSPost2010Prop28
280
     0
102
RTVSPost2010PropOp28
 70
     1
102
RTVSPost2010Prop29
280
     1
102
RTVSPost2010PropOp29
 70
     1
102
RTVSPost2010Prop30
280
     1
102
RTVSPost2010PropOp30
 70
     1
102
RTVSPost2010Prop31
280
     0
102
RTVSPost2010PropOp31
 70
     1
102
RTVSPost2010Prop32
280
     0
102
RTVSPost2010PropOp32
 70
     1
102
RTVSPost2010Prop33
280
     0
102
RTVSPost2010PropOp33
 70
     1
102
RTVSPost2010Prop34
280
     0
102
RTVSPost2010PropOp34
 70
     1
102
RTVSPost2010Prop35
280
     0
102
RTVSPost2010PropOp35
 70
     1
102
RTVSPost2010Prop36
280
     0
102
RTVSPost2010PropOp36
 70
     1
102
RTVSPost2010Prop37
 90
       50
102
RTVSPost2010PropOp37
 70
     1
102
RTVSPost2010Prop38
140
0.0
102
RTVSPost2010PropOp38
 70
     1
102
RTVSPost2010Prop39
140
1.0
102
RTVSPost2010PropOp39
 70
     1
102
RTVSPost2010Prop40
 90
        0
102
RTVSPost2010PropOp40
 70
     1
102
RTVSPost2010Prop41ColorIndex
 90
       18
102
RTVSPost2010Prop41ColorRGB
 90
        0
102
RTVSPost2010PropOp41
 70
     1
102
RTVSPost2010Prop42
 90
       50
102
RTVSPost2010PropOp42
 70
     1
102
RTVSPost2010Prop43
 90
        3
102
RTVSPost2010PropOp43
 70
     1
102
RTVSPost2010Prop44ColorIndex
 90
        5
102
RTVSPost2010Prop44ColorRGB
 90
      255
102
RTVSPost2010PropOp44
 70
     1
102
RTVSPost2010Prop45
280
     0
102
RTVSPost2010PropOp45
 70
     1
102
RTVSPost2010Prop46
 90
       50
102
RTVSPost2010PropOp46
 70
     1
102
RTVSPost2010Prop47
 90
       50
102
RTVSPost2010PropOp47
 70
     1
102
RTVSPost2010Prop48
 90
       50
102
RTVSPost2010PropOp48
 70
     1
102
RTVSPost2010Prop49
280
     0
102
RTVSPost2010PropOp49
 70
     1
102
RTVSPost2010Prop50
 90
       50
102
RTVSPost2010PropOp50
 70
     1
102
RTVSPost2010Prop51ColorIndex
 90
      256
102
RTVSPost2010Prop51ColorRGB
 90
-16777216
102
RTVSPost2010PropOp51
 70
     0
102
RTVSPost2010Prop52
140
1.0
102
RTVSPost2010PropOp52
 70
     0
102
RTVSPost2010Prop53
 90
        2
102
RTVSPost2010PropOp53
 70
     1
102
RTVSPost2010Prop54
  1
strokes_ogs.tif
102
RTVSPost2010PropOp54
 70
     1
102
RTVSPost2010Prop55
280
     0
102
RTVSPost2010PropOp55
 70
     1
102
RTVSPost2010Prop56
140
1.0
102
RTVSPost2010PropOp56
 70
     1
102
RTVSPost2010Prop57
140
1.0
102
RTVSPost2010PropOp57
 70
     1
  0
XRECORD
  5
396
102
{ACAD_REACTORS
330
395
102
}
330
395
100
AcDbXrecord
280
     1
102
RTVSPropertyOp0
 70
     1
102
RTVSPropertyOp1
 70
     1
102
RTVSPropertyOp2
 70
     1
102
RTVSPropertyOp3
 70
     1
102
RTVSPropertyOp4
 70
     1
102
RTVSPropertyOp5
 70
     1
102
RTVSPropertyOp6
 70
     1
102
RTVSPropertyOp7
 70
     1
102
RTVSPropertyOp8
 70
     1
102
RTVSPropertyOp9
 70
     1
102
RTVSPropertyOp10
 70
     1
102
RTVSPropertyOp11
 70
     1
102
RTVSPropertyOp12
 70
     1
102
RTVSPropertyOp13
 70
     1
102
RTVSPropertyOp14
 70
     1
102
RTVSPropertyOp15
 70
     1
102
RTVSPropertyOp16
 70
     1
102
RTVSPropertyOp17
 70
     1
102
RTVSPropertyOp18
 70
     1
102
RTVSPropertyOp19
 70
     1
102
RTVSPropertyOp20
 70
     1
102
RTVSPropertyOp21
 70
     1
102
RTVSPropertyOp22
 70
     1
102
RTVSPropertyOp23
 70
     1
102
RTVSPropertyOp24
 70
     1
102
RTVSPropertyOp25
 70
     1
102
RTVSPropertyOp26
 70
     1
102
RTVSPropertyOp27
 70
     1
102
RTVSPropertyOp28
 70
     1
102
RTVSPropertyOp29
 70
     1
102
RTVSPropertyOp30
 70
     1
102
RTVSPropertyOp31
 70
     1
102
RTVSPropertyOp32
 70
     1
102
RTVSPropertyOp33
 70
     1
102
RTVSPropertyOp34
 70
     1
102
RTVSPropertyOp35
 70
     1
102
RTVSPropertyOp36
 70
     1
102
RTVSPropertyOp37
 70
     1
102
RTVSPropertyOp38
 70
     1
102
RTVSPropertyOp39
 70
     1
102
RTVSPropertyOp40
 70
     1
102
RTVSPropertyOp41
 70
     1
102
RTVSPropertyOp42
 70
     1
102
RTVSPropertyOp43
 70
     1
102
RTVSPropertyOp44
 70
     1
102
RTVSPropertyOp45
 70
     1
102
RTVSPropertyOp46
 70
     1
102
RTVSPropertyOp47
 70
     1
102
RTVSPropertyOp48
 70
     1
102
RTVSPropertyOp49
 70
     1
102
RTVSPropertyOp50
 70
     1
102
RTVSPropertyOp51
 70
     0
102
RTVSPropertyOp52
 70
     0
102
RTVSPropertyOp53
 70
     1
102
RTVSPropertyOp54
 70
     1
102
RTVSPropertyOp55
 70
     1
102
RTVSPropertyOp56
 70
     1
102
RTVSPropertyOp57
 70
     1
102
RTVSPost2010Prop28
280
     0
102
RTVSPost2010PropOp28
 70
     1
102
RTVSPost2010Prop29
280
     1
102
RTVSPost2010PropOp29
 70
     1
102
RTVSPost2010Prop30
280
     1
102
RTVSPost2010PropOp30
 70
     1
102
RTVSPost2010Prop31
280
     0
102
RTVSPost2010PropOp31
 70
     1
102
RTVSPost2010Prop32
280
     0
102
RTVSPost2010PropOp32
 70
     1
102
RTVSPost2010Prop33
280
     0
102
RTVSPost2010PropOp33
 70
     1
102
RTVSPost2010Prop34
280
     0
102
RTVSPost2010PropOp34
 70
     1
102
RTVSPost2010Prop35
280
     0
102
RTVSPost2010PropOp35
 70
     1
102
RTVSPost2010Prop36
280
     0
102
RTVSPost2010PropOp36
 70
     1
102
RTVSPost2010Prop37
 90
       50
102
RTVSPost2010PropOp37
 70
     1
102
RTVSPost2010Prop38
140
0.0
102
RTVSPost2010PropOp38
 70
     1
102
RTVSPost2010Prop39
140
1.0
102
RTVSPost2010PropOp39
 70
     1
102
RTVSPost2010Prop40
 90
        0
102
RTVSPost2010PropOp40
 70
     1
102
RTVSPost2010Prop41ColorIndex
 90
       18
102
RTVSPost2010Prop41ColorRGB
 90
        0
102
RTVSPost2010PropOp41
 70
     1
102
RTVSPost2010Prop42
 90
       50
102
RTVSPost2010PropOp42
 70
     1
102
RTVSPost2010Prop43
 90
        3
102
RTVSPost2010PropOp43
 70
     1
102
RTVSPost2010Prop44ColorIndex
 90
        5
102
RTVSPost2010Prop44ColorRGB
 90
      255
102
RTVSPost2010PropOp44
 70
     1
102
RTVSPost2010Prop45
280
     0
102
RTVSPost2010PropOp45
 70
     1
102
RTVSPost2010Prop46
 90
       50
102
RTVSPost2010PropOp46
 70
     1
102
RTVSPost2010Prop47
 90
       50
102
RTVSPost2010PropOp47
 70
     1
102
RTVSPost2010Prop48
 90
       50
102
RTVSPost2010PropOp48
 70
     1
102
RTVSPost2010Prop49
280
     0
102
RTVSPost2010PropOp49
 70
     1
102
RTVSPost2010Prop50
 90
       50
102
RTVSPost2010PropOp50
 70
     1
102
RTVSPost2010Prop51ColorIndex
 90
      256
102
RTVSPost2010Prop51ColorRGB
 90
-16777216
102
RTVSPost2010PropOp51
 70
     0
102
RTVSPost2010Prop52
140
1.0
102
RTVSPost2010PropOp52
 70
     0
102
RTVSPost2010Prop53
 90
        2
102
RTVSPost2010PropOp53
 70
     1
102
RTVSPost2010Prop54
  1
strokes_ogs.tif
102
RTVSPost2010PropOp54
 70
     1
102
RTVSPost2010Prop55
280
     0
102
RTVSPost2010PropOp55
 70
     1
102
RTVSPost2010Prop56
140
1.0
102
RTVSPost2010PropOp56
 70
     1
102
RTVSPost2010Prop57
140
1.0
102
RTVSPost2010PropOp57
 70
     1
  0
XRECORD
  5
38A
102
{ACAD_REACTORS
330
389
102
}
330
389
100
AcDbXrecord
280
     1
102
RTVSPropertyOp0
 70
     1
102
RTVSPropertyOp1
 70
     1
102
RTVSPropertyOp2
 70
     1
102
RTVSPropertyOp3
 70
     1
102
RTVSPropertyOp4
 70
     1
102
RTVSPropertyOp5
 70
     1
102
RTVSPropertyOp6
 70
     1
102
RTVSPropertyOp7
 70
     1
102
RTVSPropertyOp8
 70
     1
102
RTVSPropertyOp9
 70
     1
102
RTVSPropertyOp10
 70
     1
102
RTVSPropertyOp11
 70
     1
102
RTVSPropertyOp12
 70
     1
102
RTVSPropertyOp13
 70
     1
102
RTVSPropertyOp14
 70
     1
102
RTVSPropertyOp15
 70
     1
102
RTVSPropertyOp16
 70
     1
102
RTVSPropertyOp17
 70
     1
102
RTVSPropertyOp18
 70
     1
102
RTVSPropertyOp19
 70
     1
102
RTVSPropertyOp20
 70
     1
102
RTVSPropertyOp21
 70
     1
102
RTVSPropertyOp22
 70
     1
102
RTVSPropertyOp23
 70
     1
102
RTVSPropertyOp24
 70
     1
102
RTVSPropertyOp25
 70
     1
102
RTVSPropertyOp26
 70
     1
102
RTVSPropertyOp27
 70
     1
102
RTVSPropertyOp28
 70
     1
102
RTVSPropertyOp29
 70
     1
102
RTVSPropertyOp30
 70
     1
102
RTVSPropertyOp31
 70
     1
102
RTVSPropertyOp32
 70
     1
102
RTVSPropertyOp33
 70
     1
102
RTVSPropertyOp34
 70
     1
102
RTVSPropertyOp35
 70
     1
102
RTVSPropertyOp36
 70
     1
102
RTVSPropertyOp37
 70
     1
102
RTVSPropertyOp38
 70
     1
102
RTVSPropertyOp39
 70
     1
102
RTVSPropertyOp40
 70
     1
102
RTVSPropertyOp41
 70
     1
102
RTVSPropertyOp42
 70
     1
102
RTVSPropertyOp43
 70
     1
102
RTVSPropertyOp44
 70
     1
102
RTVSPropertyOp45
 70
     1
102
RTVSPropertyOp46
 70
     1
102
RTVSPropertyOp47
 70
     1
102
RTVSPropertyOp48
 70
     1
102
RTVSPropertyOp49
 70
     1
102
RTVSPropertyOp50
 70
     1
102
RTVSPropertyOp51
 70
     0
102
RTVSPropertyOp52
 70
     0
102
RTVSPropertyOp53
 70
     1
102
RTVSPropertyOp54
 70
     1
102
RTVSPropertyOp55
 70
     1
102
RTVSPropertyOp56
 70
     1
102
RTVSPropertyOp57
 70
     1
102
RTVSPost2010Prop28
280
     0
102
RTVSPost2010PropOp28
 70
     1
102
RTVSPost2010Prop29
280
     1
102
RTVSPost2010PropOp29
 70
     1
102
RTVSPost2010Prop30
280
     1
102
RTVSPost2010PropOp30
 70
     1
102
RTVSPost2010Prop31
280
     0
102
RTVSPost2010PropOp31
 70
     1
102
RTVSPost2010Prop32
280
     0
102
RTVSPost2010PropOp32
 70
     1
102
RTVSPost2010Prop33
280
     0
102
RTVSPost2010PropOp33
 70
     1
102
RTVSPost2010Prop34
280
     0
102
RTVSPost2010PropOp34
 70
     1
102
RTVSPost2010Prop35
280
     0
102
RTVSPost2010PropOp35
 70
     1
102
RTVSPost2010Prop36
280
     0
102
RTVSPost2010PropOp36
 70
     1
102
RTVSPost2010Prop37
 90
       50
102
RTVSPost2010PropOp37
 70
     1
102
RTVSPost2010Prop38
140
0.0
102
RTVSPost2010PropOp38
 70
     1
102
RTVSPost2010Prop39
140
1.0
102
RTVSPost2010PropOp39
 70
     1
102
RTVSPost2010Prop40
 90
        0
102
RTVSPost2010PropOp40
 70
     1
102
RTVSPost2010Prop41ColorIndex
 90
       18
102
RTVSPost2010Prop41ColorRGB
 90
        0
102
RTVSPost2010PropOp41
 70
     1
102
RTVSPost2010Prop42
 90
       50
102
RTVSPost2010PropOp42
 70
     1
102
RTVSPost2010Prop43
 90
        3
102
RTVSPost2010PropOp43
 70
     1
102
RTVSPost2010Prop44ColorIndex
 90
        5
102
RTVSPost2010Prop44ColorRGB
 90
      255
102
RTVSPost2010PropOp44
 70
     1
102
RTVSPost2010Prop45
280
     0
102
RTVSPost2010PropOp45
 70
     1
102
RTVSPost2010Prop46
 90
       50
102
RTVSPost2010PropOp46
 70
     1
102
RTVSPost2010Prop47
 90
       50
102
RTVSPost2010PropOp47
 70
     1
102
RTVSPost2010Prop48
 90
       50
102
RTVSPost2010PropOp48
 70
     1
102
RTVSPost2010Prop49
280
     0
102
RTVSPost2010PropOp49
 70
     1
102
RTVSPost2010Prop50
 90
       50
102
RTVSPost2010PropOp50
 70
     1
102
RTVSPost2010Prop51ColorIndex
 90
      256
102
RTVSPost2010Prop51ColorRGB
 90
-16777216
102
RTVSPost2010PropOp51
 70
     0
102
RTVSPost2010Prop52
140
1.0
102
RTVSPost2010PropOp52
 70
     0
102
RTVSPost2010Prop53
 90
        2
102
RTVSPost2010PropOp53
 70
     1
102
RTVSPost2010Prop54
  1
strokes_ogs.tif
102
RTVSPost2010PropOp54
 70
     1
102
RTVSPost2010Prop55
280
     0
102
RTVSPost2010PropOp55
 70
     1
102
RTVSPost2010Prop56
140
1.0
102
RTVSPost2010PropOp56
 70
     1
102
RTVSPost2010Prop57
140
1.0
102
RTVSPost2010PropOp57
 70
     1
  0
XRECORD
  5
38C
102
{ACAD_REACTORS
330
38B
102
}
330
38B
100
AcDbXrecord
280
     1
102
RTVSPropertyOp0
 70
     1
102
RTVSPropertyOp1
 70
     1
102
RTVSPropertyOp2
 70
     1
102
RTVSPropertyOp3
 70
     1
102
RTVSPropertyOp4
 70
     1
102
RTVSPropertyOp5
 70
     1
102
RTVSPropertyOp6
 70
     1
102
RTVSPropertyOp7
 70
     1
102
RTVSPropertyOp8
 70
     1
102
RTVSPropertyOp9
 70
     1
102
RTVSPropertyOp10
 70
     1
102
RTVSPropertyOp11
 70
     1
102
RTVSPropertyOp12
 70
     1
102
RTVSPropertyOp13
 70
     1
102
RTVSPropertyOp14
 70
     1
102
RTVSPropertyOp15
 70
     1
102
RTVSPropertyOp16
 70
     1
102
RTVSPropertyOp17
 70
     1
102
RTVSPropertyOp18
 70
     1
102
RTVSPropertyOp19
 70
     1
102
RTVSPropertyOp20
 70
     1
102
RTVSPropertyOp21
 70
     1
102
RTVSPropertyOp22
 70
     1
102
RTVSPropertyOp23
 70
     1
102
RTVSPropertyOp24
 70
     1
102
RTVSPropertyOp25
 70
     1
102
RTVSPropertyOp26
 70
     1
102
RTVSPropertyOp27
 70
     1
102
RTVSPropertyOp28
 70
     1
102
RTVSPropertyOp29
 70
     1
102
RTVSPropertyOp30
 70
     1
102
RTVSPropertyOp31
 70
     1
102
RTVSPropertyOp32
 70
     1
102
RTVSPropertyOp33
 70
     1
102
RTVSPropertyOp34
 70
     1
102
RTVSPropertyOp35
 70
     1
102
RTVSPropertyOp36
 70
     1
102
RTVSPropertyOp37
 70
     1
102
RTVSPropertyOp38
 70
     1
102
RTVSPropertyOp39
 70
     1
102
RTVSPropertyOp40
 70
     1
102
RTVSPropertyOp41
 70
     1
102
RTVSPropertyOp42
 70
     1
102
RTVSPropertyOp43
 70
     1
102
RTVSPropertyOp44
 70
     1
102
RTVSPropertyOp45
 70
     1
102
RTVSPropertyOp46
 70
     1
102
RTVSPropertyOp47
 70
     1
102
RTVSPropertyOp48
 70
     1
102
RTVSPropertyOp49
 70
     1
102
RTVSPropertyOp50
 70
     1
102
RTVSPropertyOp51
 70
     0
102
RTVSPropertyOp52
 70
     0
102
RTVSPropertyOp53
 70
     1
102
RTVSPropertyOp54
 70
     1
102
RTVSPropertyOp55
 70
     1
102
RTVSPropertyOp56
 70
     1
102
RTVSPropertyOp57
 70
     1
102
RTVSPost2010Prop28
280
     0
102
RTVSPost2010PropOp28
 70
     1
102
RTVSPost2010Prop29
280
     1
102
RTVSPost2010PropOp29
 70
     1
102
RTVSPost2010Prop30
280
     1
102
RTVSPost2010PropOp30
 70
     1
102
RTVSPost2010Prop31
280
     0
102
RTVSPost2010PropOp31
 70
     1
102
RTVSPost2010Prop32
280
     0
102
RTVSPost2010PropOp32
 70
     1
102
RTVSPost2010Prop33
280
     0
102
RTVSPost2010PropOp33
 70
     1
102
RTVSPost2010Prop34
280
     0
102
RTVSPost2010PropOp34
 70
     1
102
RTVSPost2010Prop35
280
     0
102
RTVSPost2010PropOp35
 70
     1
102
RTVSPost2010Prop36
280
     0
102
RTVSPost2010PropOp36
 70
     1
102
RTVSPost2010Prop37
 90
       50
102
RTVSPost2010PropOp37
 70
     1
102
RTVSPost2010Prop38
140
0.0
102
RTVSPost2010PropOp38
 70
     1
102
RTVSPost2010Prop39
140
1.0
102
RTVSPost2010PropOp39
 70
     1
102
RTVSPost2010Prop40
 90
        0
102
RTVSPost2010PropOp40
 70
     1
102
RTVSPost2010Prop41ColorIndex
 90
       18
102
RTVSPost2010Prop41ColorRGB
 90
        0
102
RTVSPost2010PropOp41
 70
     1
102
RTVSPost2010Prop42
 90
       50
102
RTVSPost2010PropOp42
 70
     1
102
RTVSPost2010Prop43
 90
        3
102
RTVSPost2010PropOp43
 70
     1
102
RTVSPost2010Prop44ColorIndex
 90
        5
102
RTVSPost2010Prop44ColorRGB
 90
      255
102
RTVSPost2010PropOp44
 70
     1
102
RTVSPost2010Prop45
280
     0
102
RTVSPost2010PropOp45
 70
     1
102
RTVSPost2010Prop46
 90
       50
102
RTVSPost2010PropOp46
 70
     1
102
RTVSPost2010Prop47
 90
       50
102
RTVSPost2010PropOp47
 70
     1
102
RTVSPost2010Prop48
 90
       50
102
RTVSPost2010PropOp48
 70
     1
102
RTVSPost2010Prop49
280
     0
102
RTVSPost2010PropOp49
 70
     1
102
RTVSPost2010Prop50
 90
       50
102
RTVSPost2010PropOp50
 70
     1
102
RTVSPost2010Prop51ColorIndex
 90
      256
102
RTVSPost2010Prop51ColorRGB
 90
-16777216
102
RTVSPost2010PropOp51
 70
     0
102
RTVSPost2010Prop52
140
1.0
102
RTVSPost2010PropOp52
 70
     0
102
RTVSPost2010Prop53
 90
        2
102
RTVSPost2010PropOp53
 70
     1
102
RTVSPost2010Prop54
  1
strokes_ogs.tif
102
RTVSPost2010PropOp54
 70
     1
102
RTVSPost2010Prop55
280
     0
102
RTVSPost2010PropOp55
 70
     1
102
RTVSPost2010Prop56
140
1.0
102
RTVSPost2010PropOp56
 70
     1
102
RTVSPost2010Prop57
140
1.0
102
RTVSPost2010PropOp57
 70
     1
  0
XRECORD
  5
39C
102
{ACAD_REACTORS
330
39B
102
}
330
39B
100
AcDbXrecord
280
     1
102
RTVSPropertyOp0
 70
     1
102
RTVSPropertyOp1
 70
     1
102
RTVSPropertyOp2
 70
     1
102
RTVSPropertyOp3
 70
     1
102
RTVSPropertyOp4
 70
     1
102
RTVSPropertyOp5
 70
     1
102
RTVSPropertyOp6
 70
     1
102
RTVSPropertyOp7
 70
     1
102
RTVSPropertyOp8
 70
     1
102
RTVSPropertyOp9
 70
     1
102
RTVSPropertyOp10
 70
     1
102
RTVSPropertyOp11
 70
     1
102
RTVSPropertyOp12
 70
     1
102
RTVSPropertyOp13
 70
     1
102
RTVSPropertyOp14
 70
     1
102
RTVSPropertyOp15
 70
     1
102
RTVSPropertyOp16
 70
     1
102
RTVSPropertyOp17
 70
     1
102
RTVSPropertyOp18
 70
     1
102
RTVSPropertyOp19
 70
     1
102
RTVSPropertyOp20
 70
     1
102
RTVSPropertyOp21
 70
     1
102
RTVSPropertyOp22
 70
     1
102
RTVSPropertyOp23
 70
     1
102
RTVSPropertyOp24
 70
     1
102
RTVSPropertyOp25
 70
     1
102
RTVSPropertyOp26
 70
     1
102
RTVSPropertyOp27
 70
     1
102
RTVSPropertyOp28
 70
     1
102
RTVSPropertyOp29
 70
     1
102
RTVSPropertyOp30
 70
     1
102
RTVSPropertyOp31
 70
     1
102
RTVSPropertyOp32
 70
     1
102
RTVSPropertyOp33
 70
     1
102
RTVSPropertyOp34
 70
     1
102
RTVSPropertyOp35
 70
     1
102
RTVSPropertyOp36
 70
     1
102
RTVSPropertyOp37
 70
     1
102
RTVSPropertyOp38
 70
     1
102
RTVSPropertyOp39
 70
     1
102
RTVSPropertyOp40
 70
     1
102
RTVSPropertyOp41
 70
     1
102
RTVSPropertyOp42
 70
     1
102
RTVSPropertyOp43
 70
     1
102
RTVSPropertyOp44
 70
     1
102
RTVSPropertyOp45
 70
     1
102
RTVSPropertyOp46
 70
     1
102
RTVSPropertyOp47
 70
     1
102
RTVSPropertyOp48
 70
     1
102
RTVSPropertyOp49
 70
     1
102
RTVSPropertyOp50
 70
     1
102
RTVSPropertyOp51
 70
     0
102
RTVSPropertyOp52
 70
     0
102
RTVSPropertyOp53
 70
     1
102
RTVSPropertyOp54
 70
     1
102
RTVSPropertyOp55
 70
     1
102
RTVSPropertyOp56
 70
     1
102
RTVSPropertyOp57
 70
     1
102
RTVSPost2010Prop28
280
     0
102
RTVSPost2010PropOp28
 70
     1
102
RTVSPost2010Prop29
280
     1
102
RTVSPost2010PropOp29
 70
     1
102
RTVSPost2010Prop30
280
     1
102
RTVSPost2010PropOp30
 70
     1
102
RTVSPost2010Prop31
280
     0
102
RTVSPost2010PropOp31
 70
     1
102
RTVSPost2010Prop32
280
     0
102
RTVSPost2010PropOp32
 70
     1
102
RTVSPost2010Prop33
280
     0
102
RTVSPost2010PropOp33
 70
     1
102
RTVSPost2010Prop34
280
     0
102
RTVSPost2010PropOp34
 70
     1
102
RTVSPost2010Prop35
280
     0
102
RTVSPost2010PropOp35
 70
     1
102
RTVSPost2010Prop36
280
     0
102
RTVSPost2010PropOp36
 70
     1
102
RTVSPost2010Prop37
 90
       50
102
RTVSPost2010PropOp37
 70
     1
102
RTVSPost2010Prop38
140
0.0
102
RTVSPost2010PropOp38
 70
     1
102
RTVSPost2010Prop39
140
1.0
102
RTVSPost2010PropOp39
 70
     1
102
RTVSPost2010Prop40
 90
        0
102
RTVSPost2010PropOp40
 70
     1
102
RTVSPost2010Prop41ColorIndex
 90
       18
102
RTVSPost2010Prop41ColorRGB
 90
        0
102
RTVSPost2010PropOp41
 70
     1
102
RTVSPost2010Prop42
 90
       50
102
RTVSPost2010PropOp42
 70
     1
102
RTVSPost2010Prop43
 90
        3
102
RTVSPost2010PropOp43
 70
     1
102
RTVSPost2010Prop44ColorIndex
 90
        5
102
RTVSPost2010Prop44ColorRGB
 90
      255
102
RTVSPost2010PropOp44
 70
     1
102
RTVSPost2010Prop45
280
     0
102
RTVSPost2010PropOp45
 70
     1
102
RTVSPost2010Prop46
 90
       50
102
RTVSPost2010PropOp46
 70
     1
102
RTVSPost2010Prop47
 90
       50
102
RTVSPost2010PropOp47
 70
     1
102
RTVSPost2010Prop48
 90
       50
102
RTVSPost2010PropOp48
 70
     1
102
RTVSPost2010Prop49
280
     0
102
RTVSPost2010PropOp49
 70
     1
102
RTVSPost2010Prop50
 90
       50
102
RTVSPost2010PropOp50
 70
     1
102
RTVSPost2010Prop51ColorIndex
 90
      256
102
RTVSPost2010Prop51ColorRGB
 90
-16777216
102
RTVSPost2010PropOp51
 70
     0
102
RTVSPost2010Prop52
140
1.0
102
RTVSPost2010PropOp52
 70
     0
102
RTVSPost2010Prop53
 90
        2
102
RTVSPost2010PropOp53
 70
     1
102
RTVSPost2010Prop54
  1
strokes_ogs.tif
102
RTVSPost2010PropOp54
 70
     1
102
RTVSPost2010Prop55
280
     0
102
RTVSPost2010PropOp55
 70
     1
102
RTVSPost2010Prop56
140
1.0
102
RTVSPost2010PropOp56
 70
     1
102
RTVSPost2010Prop57
140
1.0
102
RTVSPost2010PropOp57
 70
     1
  0
XRECORD
  5
394
102
{ACAD_REACTORS
330
393
102
}
330
393
100
AcDbXrecord
280
     1
102
RTVSPropertyOp0
 70
     1
102
RTVSPropertyOp1
 70
     1
102
RTVSPropertyOp2
 70
     1
102
RTVSPropertyOp3
 70
     1
102
RTVSPropertyOp4
 70
     1
102
RTVSPropertyOp5
 70
     1
102
RTVSPropertyOp6
 70
     1
102
RTVSPropertyOp7
 70
     1
102
RTVSPropertyOp8
 70
     1
102
RTVSPropertyOp9
 70
     1
102
RTVSPropertyOp10
 70
     1
102
RTVSPropertyOp11
 70
     1
102
RTVSPropertyOp12
 70
     1
102
RTVSPropertyOp13
 70
     1
102
RTVSPropertyOp14
 70
     1
102
RTVSPropertyOp15
 70
     1
102
RTVSPropertyOp16
 70
     1
102
RTVSPropertyOp17
 70
     1
102
RTVSPropertyOp18
 70
     1
102
RTVSPropertyOp19
 70
     1
102
RTVSPropertyOp20
 70
     1
102
RTVSPropertyOp21
 70
     1
102
RTVSPropertyOp22
 70
     1
102
RTVSPropertyOp23
 70
     1
102
RTVSPropertyOp24
 70
     1
102
RTVSPropertyOp25
 70
     1
102
RTVSPropertyOp26
 70
     1
102
RTVSPropertyOp27
 70
     1
102
RTVSPropertyOp28
 70
     1
102
RTVSPropertyOp29
 70
     1
102
RTVSPropertyOp30
 70
     1
102
RTVSPropertyOp31
 70
     1
102
RTVSPropertyOp32
 70
     1
102
RTVSPropertyOp33
 70
     1
102
RTVSPropertyOp34
 70
     1
102
RTVSPropertyOp35
 70
     1
102
RTVSPropertyOp36
 70
     1
102
RTVSPropertyOp37
 70
     1
102
RTVSPropertyOp38
 70
     1
102
RTVSPropertyOp39
 70
     1
102
RTVSPropertyOp40
 70
     1
102
RTVSPropertyOp41
 70
     1
102
RTVSPropertyOp42
 70
     1
102
RTVSPropertyOp43
 70
     1
102
RTVSPropertyOp44
 70
     1
102
RTVSPropertyOp45
 70
     1
102
RTVSPropertyOp46
 70
     1
102
RTVSPropertyOp47
 70
     1
102
RTVSPropertyOp48
 70
     1
102
RTVSPropertyOp49
 70
     1
102
RTVSPropertyOp50
 70
     1
102
RTVSPropertyOp51
 70
     0
102
RTVSPropertyOp52
 70
     0
102
RTVSPropertyOp53
 70
     1
102
RTVSPropertyOp54
 70
     1
102
RTVSPropertyOp55
 70
     1
102
RTVSPropertyOp56
 70
     1
102
RTVSPropertyOp57
 70
     1
102
RTVSPost2010Prop28
280
     0
102
RTVSPost2010PropOp28
 70
     1
102
RTVSPost2010Prop29
280
     1
102
RTVSPost2010PropOp29
 70
     1
102
RTVSPost2010Prop30
280
     1
102
RTVSPost2010PropOp30
 70
     1
102
RTVSPost2010Prop31
280
     0
102
RTVSPost2010PropOp31
 70
     1
102
RTVSPost2010Prop32
280
     0
102
RTVSPost2010PropOp32
 70
     1
102
RTVSPost2010Prop33
280
     0
102
RTVSPost2010PropOp33
 70
     1
102
RTVSPost2010Prop34
280
     0
102
RTVSPost2010PropOp34
 70
     1
102
RTVSPost2010Prop35
280
     0
102
RTVSPost2010PropOp35
 70
     1
102
RTVSPost2010Prop36
280
     0
102
RTVSPost2010PropOp36
 70
     1
102
RTVSPost2010Prop37
 90
       50
102
RTVSPost2010PropOp37
 70
     1
102
RTVSPost2010Prop38
140
0.0
102
RTVSPost2010PropOp38
 70
     1
102
RTVSPost2010Prop39
140
1.0
102
RTVSPost2010PropOp39
 70
     1
102
RTVSPost2010Prop40
 90
        0
102
RTVSPost2010PropOp40
 70
     1
102
RTVSPost2010Prop41ColorIndex
 90
       18
102
RTVSPost2010Prop41ColorRGB
 90
        0
102
RTVSPost2010PropOp41
 70
     1
102
RTVSPost2010Prop42
 90
       50
102
RTVSPost2010PropOp42
 70
     1
102
RTVSPost2010Prop43
 90
        3
102
RTVSPost2010PropOp43
 70
     1
102
RTVSPost2010Prop44ColorIndex
 90
        5
102
RTVSPost2010Prop44ColorRGB
 90
      255
102
RTVSPost2010PropOp44
 70
     1
102
RTVSPost2010Prop45
280
     0
102
RTVSPost2010PropOp45
 70
     1
102
RTVSPost2010Prop46
 90
       50
102
RTVSPost2010PropOp46
 70
     1
102
RTVSPost2010Prop47
 90
       50
102
RTVSPost2010PropOp47
 70
     1
102
RTVSPost2010Prop48
 90
       50
102
RTVSPost2010PropOp48
 70
     1
102
RTVSPost2010Prop49
280
     0
102
RTVSPost2010PropOp49
 70
     1
102
RTVSPost2010Prop50
 90
       50
102
RTVSPost2010PropOp50
 70
     1
102
RTVSPost2010Prop51ColorIndex
 90
      256
102
RTVSPost2010Prop51ColorRGB
 90
-16777216
102
RTVSPost2010PropOp51
 70
     0
102
RTVSPost2010Prop52
140
1.0
102
RTVSPost2010PropOp52
 70
     0
102
RTVSPost2010Prop53
 90
        2
102
RTVSPost2010PropOp53
 70
     1
102
RTVSPost2010Prop54
  1
strokes_ogs.tif
102
RTVSPost2010PropOp54
 70
     1
102
RTVSPost2010Prop55
280
     0
102
RTVSPost2010PropOp55
 70
     1
102
RTVSPost2010Prop56
140
1.0
102
RTVSPost2010PropOp56
 70
     1
102
RTVSPost2010Prop57
140
1.0
102
RTVSPost2010PropOp57
 70
     1
  0
XRECORD
  5
378
102
{ACAD_REACTORS
330
377
102
}
330
377
100
AcDbXrecord
280
     1
102
RTVSPropertyOp0
 70
     1
102
RTVSPropertyOp1
 70
     1
102
RTVSPropertyOp2
 70
     1
102
RTVSPropertyOp3
 70
     1
102
RTVSPropertyOp4
 70
     1
102
RTVSPropertyOp5
 70
     1
102
RTVSPropertyOp6
 70
     1
102
RTVSPropertyOp7
 70
     1
102
RTVSPropertyOp8
 70
     1
102
RTVSPropertyOp9
 70
     1
102
RTVSPropertyOp10
 70
     1
102
RTVSPropertyOp11
 70
     1
102
RTVSPropertyOp12
 70
     1
102
RTVSPropertyOp13
 70
     1
102
RTVSPropertyOp14
 70
     1
102
RTVSPropertyOp15
 70
     1
102
RTVSPropertyOp16
 70
     1
102
RTVSPropertyOp17
 70
     1
102
RTVSPropertyOp18
 70
     1
102
RTVSPropertyOp19
 70
     1
102
RTVSPropertyOp20
 70
     1
102
RTVSPropertyOp21
 70
     1
102
RTVSPropertyOp22
 70
     1
102
RTVSPropertyOp23
 70
     1
102
RTVSPropertyOp24
 70
     1
102
RTVSPropertyOp25
 70
     1
102
RTVSPropertyOp26
 70
     1
102
RTVSPropertyOp27
 70
     1
102
RTVSPropertyOp28
 70
     1
102
RTVSPropertyOp29
 70
     1
102
RTVSPropertyOp30
 70
     1
102
RTVSPropertyOp31
 70
     1
102
RTVSPropertyOp32
 70
     1
102
RTVSPropertyOp33
 70
     1
102
RTVSPropertyOp34
 70
     1
102
RTVSPropertyOp35
 70
     1
102
RTVSPropertyOp36
 70
     1
102
RTVSPropertyOp37
 70
     1
102
RTVSPropertyOp38
 70
     1
102
RTVSPropertyOp39
 70
     1
102
RTVSPropertyOp40
 70
     1
102
RTVSPropertyOp41
 70
     1
102
RTVSPropertyOp42
 70
     1
102
RTVSPropertyOp43
 70
     1
102
RTVSPropertyOp44
 70
     1
102
RTVSPropertyOp45
 70
     1
102
RTVSPropertyOp46
 70
     1
102
RTVSPropertyOp47
 70
     1
102
RTVSPropertyOp48
 70
     1
102
RTVSPropertyOp49
 70
     1
102
RTVSPropertyOp50
 70
     1
102
RTVSPropertyOp51
 70
     0
102
RTVSPropertyOp52
 70
     0
102
RTVSPropertyOp53
 70
     1
102
RTVSPropertyOp54
 70
     1
102
RTVSPropertyOp55
 70
     1
102
RTVSPropertyOp56
 70
     1
102
RTVSPropertyOp57
 70
     1
102
RTVSPost2010Prop28
280
     0
102
RTVSPost2010PropOp28
 70
     1
102
RTVSPost2010Prop29
280
     1
102
RTVSPost2010PropOp29
 70
     1
102
RTVSPost2010Prop30
280
     1
102
RTVSPost2010PropOp30
 70
     1
102
RTVSPost2010Prop31
280
     0
102
RTVSPost2010PropOp31
 70
     1
102
RTVSPost2010Prop32
280
     0
102
RTVSPost2010PropOp32
 70
     1
102
RTVSPost2010Prop33
280
     0
102
RTVSPost2010PropOp33
 70
     1
102
RTVSPost2010Prop34
280
     0
102
RTVSPost2010PropOp34
 70
     1
102
RTVSPost2010Prop35
280
     0
102
RTVSPost2010PropOp35
 70
     1
102
RTVSPost2010Prop36
280
     0
102
RTVSPost2010PropOp36
 70
     1
102
RTVSPost2010Prop37
 90
       50
102
RTVSPost2010PropOp37
 70
     1
102
RTVSPost2010Prop38
140
0.0
102
RTVSPost2010PropOp38
 70
     1
102
RTVSPost2010Prop39
140
1.0
102
RTVSPost2010PropOp39
 70
     1
102
RTVSPost2010Prop40
 90
        0
102
RTVSPost2010PropOp40
 70
     1
102
RTVSPost2010Prop41ColorIndex
 90
       18
102
RTVSPost2010Prop41ColorRGB
 90
        0
102
RTVSPost2010PropOp41
 70
     1
102
RTVSPost2010Prop42
 90
       50
102
RTVSPost2010PropOp42
 70
     1
102
RTVSPost2010Prop43
 90
        3
102
RTVSPost2010PropOp43
 70
     1
102
RTVSPost2010Prop44ColorIndex
 90
        5
102
RTVSPost2010Prop44ColorRGB
 90
      255
102
RTVSPost2010PropOp44
 70
     1
102
RTVSPost2010Prop45
280
     0
102
RTVSPost2010PropOp45
 70
     1
102
RTVSPost2010Prop46
 90
       50
102
RTVSPost2010PropOp46
 70
     1
102
RTVSPost2010Prop47
 90
       50
102
RTVSPost2010PropOp47
 70
     1
102
RTVSPost2010Prop48
 90
       50
102
RTVSPost2010PropOp48
 70
     1
102
RTVSPost2010Prop49
280
     0
102
RTVSPost2010PropOp49
 70
     1
102
RTVSPost2010Prop50
 90
       50
102
RTVSPost2010PropOp50
 70
     1
102
RTVSPost2010Prop51ColorIndex
 90
      256
102
RTVSPost2010Prop51ColorRGB
 90
-16777216
102
RTVSPost2010PropOp51
 70
     0
102
RTVSPost2010Prop52
140
1.0
102
RTVSPost2010PropOp52
 70
     0
102
RTVSPost2010Prop53
 90
        2
102
RTVSPost2010PropOp53
 70
     1
102
RTVSPost2010Prop54
  1
strokes_ogs.tif
102
RTVSPost2010PropOp54
 70
     1
102
RTVSPost2010Prop55
280
     0
102
RTVSPost2010PropOp55
 70
     1
102
RTVSPost2010Prop56
140
1.0
102
RTVSPost2010PropOp56
 70
     1
102
RTVSPost2010Prop57
140
1.0
102
RTVSPost2010PropOp57
 70
     1
  0
XRECORD
  5
37A
102
{ACAD_REACTORS
330
379
102
}
330
379
100
AcDbXrecord
280
     1
102
RTVSPropertyOp0
 70
     1
102
RTVSPropertyOp1
 70
     1
102
RTVSPropertyOp2
 70
     1
102
RTVSPropertyOp3
 70
     1
102
RTVSPropertyOp4
 70
     1
102
RTVSPropertyOp5
 70
     1
102
RTVSPropertyOp6
 70
     1
102
RTVSPropertyOp7
 70
     1
102
RTVSPropertyOp8
 70
     1
102
RTVSPropertyOp9
 70
     1
102
RTVSPropertyOp10
 70
     1
102
RTVSPropertyOp11
 70
     1
102
RTVSPropertyOp12
 70
     1
102
RTVSPropertyOp13
 70
     1
102
RTVSPropertyOp14
 70
     1
102
RTVSPropertyOp15
 70
     1
102
RTVSPropertyOp16
 70
     1
102
RTVSPropertyOp17
 70
     1
102
RTVSPropertyOp18
 70
     1
102
RTVSPropertyOp19
 70
     1
102
RTVSPropertyOp20
 70
     1
102
RTVSPropertyOp21
 70
     1
102
RTVSPropertyOp22
 70
     1
102
RTVSPropertyOp23
 70
     1
102
RTVSPropertyOp24
 70
     1
102
RTVSPropertyOp25
 70
     1
102
RTVSPropertyOp26
 70
     1
102
RTVSPropertyOp27
 70
     1
102
RTVSPropertyOp28
 70
     1
102
RTVSPropertyOp29
 70
     1
102
RTVSPropertyOp30
 70
     1
102
RTVSPropertyOp31
 70
     1
102
RTVSPropertyOp32
 70
     1
102
RTVSPropertyOp33
 70
     1
102
RTVSPropertyOp34
 70
     1
102
RTVSPropertyOp35
 70
     1
102
RTVSPropertyOp36
 70
     1
102
RTVSPropertyOp37
 70
     1
102
RTVSPropertyOp38
 70
     1
102
RTVSPropertyOp39
 70
     1
102
RTVSPropertyOp40
 70
     1
102
RTVSPropertyOp41
 70
     1
102
RTVSPropertyOp42
 70
     1
102
RTVSPropertyOp43
 70
     1
102
RTVSPropertyOp44
 70
     1
102
RTVSPropertyOp45
 70
     1
102
RTVSPropertyOp46
 70
     1
102
RTVSPropertyOp47
 70
     1
102
RTVSPropertyOp48
 70
     1
102
RTVSPropertyOp49
 70
     1
102
RTVSPropertyOp50
 70
     1
102
RTVSPropertyOp51
 70
     0
102
RTVSPropertyOp52
 70
     0
102
RTVSPropertyOp53
 70
     1
102
RTVSPropertyOp54
 70
     1
102
RTVSPropertyOp55
 70
     1
102
RTVSPropertyOp56
 70
     1
102
RTVSPropertyOp57
 70
     1
102
RTVSPost2010Prop28
280
     0
102
RTVSPost2010PropOp28
 70
     1
102
RTVSPost2010Prop29
280
     1
102
RTVSPost2010PropOp29
 70
     1
102
RTVSPost2010Prop30
280
     1
102
RTVSPost2010PropOp30
 70
     1
102
RTVSPost2010Prop31
280
     0
102
RTVSPost2010PropOp31
 70
     1
102
RTVSPost2010Prop32
280
     0
102
RTVSPost2010PropOp32
 70
     1
102
RTVSPost2010Prop33
280
     0
102
RTVSPost2010PropOp33
 70
     1
102
RTVSPost2010Prop34
280
     0
102
RTVSPost2010PropOp34
 70
     1
102
RTVSPost2010Prop35
280
     0
102
RTVSPost2010PropOp35
 70
     1
102
RTVSPost2010Prop36
280
     0
102
RTVSPost2010PropOp36
 70
     1
102
RTVSPost2010Prop37
 90
       50
102
RTVSPost2010PropOp37
 70
     1
102
RTVSPost2010Prop38
140
0.0
102
RTVSPost2010PropOp38
 70
     1
102
RTVSPost2010Prop39
140
1.0
102
RTVSPost2010PropOp39
 70
     1
102
RTVSPost2010Prop40
 90
        0
102
RTVSPost2010PropOp40
 70
     1
102
RTVSPost2010Prop41ColorIndex
 90
       18
102
RTVSPost2010Prop41ColorRGB
 90
        0
102
RTVSPost2010PropOp41
 70
     1
102
RTVSPost2010Prop42
 90
       50
102
RTVSPost2010PropOp42
 70
     1
102
RTVSPost2010Prop43
 90
        3
102
RTVSPost2010PropOp43
 70
     1
102
RTVSPost2010Prop44ColorIndex
 90
        5
102
RTVSPost2010Prop44ColorRGB
 90
      255
102
RTVSPost2010PropOp44
 70
     1
102
RTVSPost2010Prop45
280
     0
102
RTVSPost2010PropOp45
 70
     1
102
RTVSPost2010Prop46
 90
       50
102
RTVSPost2010PropOp46
 70
     1
102
RTVSPost2010Prop47
 90
       50
102
RTVSPost2010PropOp47
 70
     1
102
RTVSPost2010Prop48
 90
       50
102
RTVSPost2010PropOp48
 70
     1
102
RTVSPost2010Prop49
280
     0
102
RTVSPost2010PropOp49
 70
     1
102
RTVSPost2010Prop50
 90
       50
102
RTVSPost2010PropOp50
 70
     1
102
RTVSPost2010Prop51ColorIndex
 90
      256
102
RTVSPost2010Prop51ColorRGB
 90
-16777216
102
RTVSPost2010PropOp51
 70
     0
102
RTVSPost2010Prop52
140
1.0
102
RTVSPost2010PropOp52
 70
     0
102
RTVSPost2010Prop53
 90
        2
102
RTVSPost2010PropOp53
 70
     1
102
RTVSPost2010Prop54
  1
strokes_ogs.tif
102
RTVSPost2010PropOp54
 70
     1
102
RTVSPost2010Prop55
280
     0
102
RTVSPost2010PropOp55
 70
     1
102
RTVSPost2010Prop56
140
1.0
102
RTVSPost2010PropOp56
 70
     1
102
RTVSPost2010Prop57
140
1.0
102
RTVSPost2010PropOp57
 70
     1
  0
XRECORD
  5
37C
102
{ACAD_REACTORS
330
37B
102
}
330
37B
100
AcDbXrecord
280
     1
102
RTVSPropertyOp0
 70
     1
102
RTVSPropertyOp1
 70
     1
102
RTVSPropertyOp2
 70
     1
102
RTVSPropertyOp3
 70
     1
102
RTVSPropertyOp4
 70
     1
102
RTVSPropertyOp5
 70
     1
102
RTVSPropertyOp6
 70
     1
102
RTVSPropertyOp7
 70
     1
102
RTVSPropertyOp8
 70
     1
102
RTVSPropertyOp9
 70
     1
102
RTVSPropertyOp10
 70
     1
102
RTVSPropertyOp11
 70
     1
102
RTVSPropertyOp12
 70
     1
102
RTVSPropertyOp13
 70
     1
102
RTVSPropertyOp14
 70
     1
102
RTVSPropertyOp15
 70
     1
102
RTVSPropertyOp16
 70
     1
102
RTVSPropertyOp17
 70
     1
102
RTVSPropertyOp18
 70
     1
102
RTVSPropertyOp19
 70
     1
102
RTVSPropertyOp20
 70
     1
102
RTVSPropertyOp21
 70
     1
102
RTVSPropertyOp22
 70
     1
102
RTVSPropertyOp23
 70
     1
102
RTVSPropertyOp24
 70
     1
102
RTVSPropertyOp25
 70
     1
102
RTVSPropertyOp26
 70
     1
102
RTVSPropertyOp27
 70
     1
102
RTVSPropertyOp28
 70
     1
102
RTVSPropertyOp29
 70
     1
102
RTVSPropertyOp30
 70
     1
102
RTVSPropertyOp31
 70
     1
102
RTVSPropertyOp32
 70
     1
102
RTVSPropertyOp33
 70
     1
102
RTVSPropertyOp34
 70
     1
102
RTVSPropertyOp35
 70
     1
102
RTVSPropertyOp36
 70
     1
102
RTVSPropertyOp37
 70
     1
102
RTVSPropertyOp38
 70
     1
102
RTVSPropertyOp39
 70
     1
102
RTVSPropertyOp40
 70
     1
102
RTVSPropertyOp41
 70
     1
102
RTVSPropertyOp42
 70
     1
102
RTVSPropertyOp43
 70
     1
102
RTVSPropertyOp44
 70
     1
102
RTVSPropertyOp45
 70
     1
102
RTVSPropertyOp46
 70
     1
102
RTVSPropertyOp47
 70
     1
102
RTVSPropertyOp48
 70
     1
102
RTVSPropertyOp49
 70
     1
102
RTVSPropertyOp50
 70
     1
102
RTVSPropertyOp51
 70
     0
102
RTVSPropertyOp52
 70
     0
102
RTVSPropertyOp53
 70
     1
102
RTVSPropertyOp54
 70
     1
102
RTVSPropertyOp55
 70
     1
102
RTVSPropertyOp56
 70
     1
102
RTVSPropertyOp57
 70
     1
102
RTVSPost2010Prop28
280
     0
102
RTVSPost2010PropOp28
 70
     1
102
RTVSPost2010Prop29
280
     1
102
RTVSPost2010PropOp29
 70
     1
102
RTVSPost2010Prop30
280
     1
102
RTVSPost2010PropOp30
 70
     1
102
RTVSPost2010Prop31
280
     0
102
RTVSPost2010PropOp31
 70
     1
102
RTVSPost2010Prop32
280
     0
102
RTVSPost2010PropOp32
 70
     1
102
RTVSPost2010Prop33
280
     0
102
RTVSPost2010PropOp33
 70
     1
102
RTVSPost2010Prop34
280
     0
102
RTVSPost2010PropOp34
 70
     1
102
RTVSPost2010Prop35
280
     0
102
RTVSPost2010PropOp35
 70
     1
102
RTVSPost2010Prop36
280
     0
102
RTVSPost2010PropOp36
 70
     1
102
RTVSPost2010Prop37
 90
       50
102
RTVSPost2010PropOp37
 70
     1
102
RTVSPost2010Prop38
140
0.0
102
RTVSPost2010PropOp38
 70
     1
102
RTVSPost2010Prop39
140
1.0
102
RTVSPost2010PropOp39
 70
     1
102
RTVSPost2010Prop40
 90
        0
102
RTVSPost2010PropOp40
 70
     1
102
RTVSPost2010Prop41ColorIndex
 90
       18
102
RTVSPost2010Prop41ColorRGB
 90
        0
102
RTVSPost2010PropOp41
 70
     1
102
RTVSPost2010Prop42
 90
       50
102
RTVSPost2010PropOp42
 70
     1
102
RTVSPost2010Prop43
 90
        3
102
RTVSPost2010PropOp43
 70
     1
102
RTVSPost2010Prop44ColorIndex
 90
        5
102
RTVSPost2010Prop44ColorRGB
 90
      255
102
RTVSPost2010PropOp44
 70
     1
102
RTVSPost2010Prop45
280
     0
102
RTVSPost2010PropOp45
 70
     1
102
RTVSPost2010Prop46
 90
       50
102
RTVSPost2010PropOp46
 70
     1
102
RTVSPost2010Prop47
 90
       50
102
RTVSPost2010PropOp47
 70
     1
102
RTVSPost2010Prop48
 90
       50
102
RTVSPost2010PropOp48
 70
     1
102
RTVSPost2010Prop49
280
     0
102
RTVSPost2010PropOp49
 70
     1
102
RTVSPost2010Prop50
 90
       50
102
RTVSPost2010PropOp50
 70
     1
102
RTVSPost2010Prop51ColorIndex
 90
      256
102
RTVSPost2010Prop51ColorRGB
 90
-16777216
102
RTVSPost2010PropOp51
 70
     0
102
RTVSPost2010Prop52
140
1.0
102
RTVSPost2010PropOp52
 70
     0
102
RTVSPost2010Prop53
 90
        2
102
RTVSPost2010PropOp53
 70
     1
102
RTVSPost2010Prop54
  1
strokes_ogs.tif
102
RTVSPost2010PropOp54
 70
     1
102
RTVSPost2010Prop55
280
     0
102
RTVSPost2010PropOp55
 70
     1
102
RTVSPost2010Prop56
140
1.0
102
RTVSPost2010PropOp56
 70
     1
102
RTVSPost2010Prop57
140
1.0
102
RTVSPost2010PropOp57
 70
     1
  0
XRECORD
  5
37E
102
{ACAD_REACTORS
330
37D
102
}
330
37D
100
AcDbXrecord
280
     1
102
RTVSPropertyOp0
 70
     1
102
RTVSPropertyOp1
 70
     1
102
RTVSPropertyOp2
 70
     1
102
RTVSPropertyOp3
 70
     1
102
RTVSPropertyOp4
 70
     1
102
RTVSPropertyOp5
 70
     1
102
RTVSPropertyOp6
 70
     1
102
RTVSPropertyOp7
 70
     1
102
RTVSPropertyOp8
 70
     1
102
RTVSPropertyOp9
 70
     1
102
RTVSPropertyOp10
 70
     1
102
RTVSPropertyOp11
 70
     1
102
RTVSPropertyOp12
 70
     1
102
RTVSPropertyOp13
 70
     1
102
RTVSPropertyOp14
 70
     1
102
RTVSPropertyOp15
 70
     1
102
RTVSPropertyOp16
 70
     1
102
RTVSPropertyOp17
 70
     1
102
RTVSPropertyOp18
 70
     1
102
RTVSPropertyOp19
 70
     1
102
RTVSPropertyOp20
 70
     1
102
RTVSPropertyOp21
 70
     1
102
RTVSPropertyOp22
 70
     1
102
RTVSPropertyOp23
 70
     1
102
RTVSPropertyOp24
 70
     1
102
RTVSPropertyOp25
 70
     1
102
RTVSPropertyOp26
 70
     1
102
RTVSPropertyOp27
 70
     1
102
RTVSPropertyOp28
 70
     1
102
RTVSPropertyOp29
 70
     1
102
RTVSPropertyOp30
 70
     1
102
RTVSPropertyOp31
 70
     1
102
RTVSPropertyOp32
 70
     1
102
RTVSPropertyOp33
 70
     1
102
RTVSPropertyOp34
 70
     1
102
RTVSPropertyOp35
 70
     1
102
RTVSPropertyOp36
 70
     1
102
RTVSPropertyOp37
 70
     1
102
RTVSPropertyOp38
 70
     1
102
RTVSPropertyOp39
 70
     1
102
RTVSPropertyOp40
 70
     1
102
RTVSPropertyOp41
 70
     1
102
RTVSPropertyOp42
 70
     1
102
RTVSPropertyOp43
 70
     1
102
RTVSPropertyOp44
 70
     1
102
RTVSPropertyOp45
 70
     1
102
RTVSPropertyOp46
 70
     1
102
RTVSPropertyOp47
 70
     1
102
RTVSPropertyOp48
 70
     1
102
RTVSPropertyOp49
 70
     1
102
RTVSPropertyOp50
 70
     1
102
RTVSPropertyOp51
 70
     0
102
RTVSPropertyOp52
 70
     0
102
RTVSPropertyOp53
 70
     1
102
RTVSPropertyOp54
 70
     1
102
RTVSPropertyOp55
 70
     1
102
RTVSPropertyOp56
 70
     1
102
RTVSPropertyOp57
 70
     1
102
RTVSPost2010Prop28
280
     0
102
RTVSPost2010PropOp28
 70
     1
102
RTVSPost2010Prop29
280
     1
102
RTVSPost2010PropOp29
 70
     1
102
RTVSPost2010Prop30
280
     1
102
RTVSPost2010PropOp30
 70
     1
102
RTVSPost2010Prop31
280
     0
102
RTVSPost2010PropOp31
 70
     1
102
RTVSPost2010Prop32
280
     0
102
RTVSPost2010PropOp32
 70
     1
102
RTVSPost2010Prop33
280
     0
102
RTVSPost2010PropOp33
 70
     1
102
RTVSPost2010Prop34
280
     0
102
RTVSPost2010PropOp34
 70
     1
102
RTVSPost2010Prop35
280
     0
102
RTVSPost2010PropOp35
 70
     1
102
RTVSPost2010Prop36
280
     0
102
RTVSPost2010PropOp36
 70
     1
102
RTVSPost2010Prop37
 90
       50
102
RTVSPost2010PropOp37
 70
     1
102
RTVSPost2010Prop38
140
0.0
102
RTVSPost2010PropOp38
 70
     1
102
RTVSPost2010Prop39
140
1.0
102
RTVSPost2010PropOp39
 70
     1
102
RTVSPost2010Prop40
 90
        0
102
RTVSPost2010PropOp40
 70
     1
102
RTVSPost2010Prop41ColorIndex
 90
       18
102
RTVSPost2010Prop41ColorRGB
 90
        0
102
RTVSPost2010PropOp41
 70
     1
102
RTVSPost2010Prop42
 90
       50
102
RTVSPost2010PropOp42
 70
     1
102
RTVSPost2010Prop43
 90
        3
102
RTVSPost2010PropOp43
 70
     1
102
RTVSPost2010Prop44ColorIndex
 90
        5
102
RTVSPost2010Prop44ColorRGB
 90
      255
102
RTVSPost2010PropOp44
 70
     1
102
RTVSPost2010Prop45
280
     0
102
RTVSPost2010PropOp45
 70
     1
102
RTVSPost2010Prop46
 90
       50
102
RTVSPost2010PropOp46
 70
     1
102
RTVSPost2010Prop47
 90
       50
102
RTVSPost2010PropOp47
 70
     1
102
RTVSPost2010Prop48
 90
       50
102
RTVSPost2010PropOp48
 70
     1
102
RTVSPost2010Prop49
280
     0
102
RTVSPost2010PropOp49
 70
     1
102
RTVSPost2010Prop50
 90
       50
102
RTVSPost2010PropOp50
 70
     1
102
RTVSPost2010Prop51ColorIndex
 90
      256
102
RTVSPost2010Prop51ColorRGB
 90
-16777216
102
RTVSPost2010PropOp51
 70
     0
102
RTVSPost2010Prop52
140
1.0
102
RTVSPost2010PropOp52
 70
     0
102
RTVSPost2010Prop53
 90
        2
102
RTVSPost2010PropOp53
 70
     1
102
RTVSPost2010Prop54
  1
strokes_ogs.tif
102
RTVSPost2010PropOp54
 70
     1
102
RTVSPost2010Prop55
280
     0
102
RTVSPost2010PropOp55
 70
     1
102
RTVSPost2010Prop56
140
1.0
102
RTVSPost2010PropOp56
 70
     1
102
RTVSPost2010Prop57
140
1.0
102
RTVSPost2010PropOp57
 70
     1
  0
XRECORD
  5
384
102
{ACAD_REACTORS
330
383
102
}
330
383
100
AcDbXrecord
280
     1
102
RTVSPropertyOp0
 70
     1
102
RTVSPropertyOp1
 70
     1
102
RTVSPropertyOp2
 70
     1
102
RTVSPropertyOp3
 70
     1
102
RTVSPropertyOp4
 70
     1
102
RTVSPropertyOp5
 70
     1
102
RTVSPropertyOp6
 70
     1
102
RTVSPropertyOp7
 70
     1
102
RTVSPropertyOp8
 70
     1
102
RTVSPropertyOp9
 70
     1
102
RTVSPropertyOp10
 70
     1
102
RTVSPropertyOp11
 70
     1
102
RTVSPropertyOp12
 70
     1
102
RTVSPropertyOp13
 70
     1
102
RTVSPropertyOp14
 70
     1
102
RTVSPropertyOp15
 70
     1
102
RTVSPropertyOp16
 70
     1
102
RTVSPropertyOp17
 70
     1
102
RTVSPropertyOp18
 70
     1
102
RTVSPropertyOp19
 70
     1
102
RTVSPropertyOp20
 70
     1
102
RTVSPropertyOp21
 70
     1
102
RTVSPropertyOp22
 70
     1
102
RTVSPropertyOp23
 70
     1
102
RTVSPropertyOp24
 70
     1
102
RTVSPropertyOp25
 70
     1
102
RTVSPropertyOp26
 70
     1
102
RTVSPropertyOp27
 70
     1
102
RTVSPropertyOp28
 70
     1
102
RTVSPropertyOp29
 70
     1
102
RTVSPropertyOp30
 70
     1
102
RTVSPropertyOp31
 70
     1
102
RTVSPropertyOp32
 70
     1
102
RTVSPropertyOp33
 70
     1
102
RTVSPropertyOp34
 70
     1
102
RTVSPropertyOp35
 70
     1
102
RTVSPropertyOp36
 70
     1
102
RTVSPropertyOp37
 70
     1
102
RTVSPropertyOp38
 70
     1
102
RTVSPropertyOp39
 70
     1
102
RTVSPropertyOp40
 70
     1
102
RTVSPropertyOp41
 70
     1
102
RTVSPropertyOp42
 70
     1
102
RTVSPropertyOp43
 70
     1
102
RTVSPropertyOp44
 70
     1
102
RTVSPropertyOp45
 70
     1
102
RTVSPropertyOp46
 70
     1
102
RTVSPropertyOp47
 70
     1
102
RTVSPropertyOp48
 70
     1
102
RTVSPropertyOp49
 70
     1
102
RTVSPropertyOp50
 70
     1
102
RTVSPropertyOp51
 70
     0
102
RTVSPropertyOp52
 70
     0
102
RTVSPropertyOp53
 70
     1
102
RTVSPropertyOp54
 70
     1
102
RTVSPropertyOp55
 70
     1
102
RTVSPropertyOp56
 70
     1
102
RTVSPropertyOp57
 70
     1
102
RTVSPost2010Prop28
280
     0
102
RTVSPost2010PropOp28
 70
     1
102
RTVSPost2010Prop29
280
     1
102
RTVSPost2010PropOp29
 70
     1
102
RTVSPost2010Prop30
280
     1
102
RTVSPost2010PropOp30
 70
     1
102
RTVSPost2010Prop31
280
     0
102
RTVSPost2010PropOp31
 70
     1
102
RTVSPost2010Prop32
280
     0
102
RTVSPost2010PropOp32
 70
     1
102
RTVSPost2010Prop33
280
     0
102
RTVSPost2010PropOp33
 70
     1
102
RTVSPost2010Prop34
280
     0
102
RTVSPost2010PropOp34
 70
     1
102
RTVSPost2010Prop35
280
     0
102
RTVSPost2010PropOp35
 70
     1
102
RTVSPost2010Prop36
280
     0
102
RTVSPost2010PropOp36
 70
     1
102
RTVSPost2010Prop37
 90
       50
102
RTVSPost2010PropOp37
 70
     1
102
RTVSPost2010Prop38
140
0.0
102
RTVSPost2010PropOp38
 70
     1
102
RTVSPost2010Prop39
140
1.0
102
RTVSPost2010PropOp39
 70
     1
102
RTVSPost2010Prop40
 90
        0
102
RTVSPost2010PropOp40
 70
     1
102
RTVSPost2010Prop41ColorIndex
 90
       18
102
RTVSPost2010Prop41ColorRGB
 90
        0
102
RTVSPost2010PropOp41
 70
     1
102
RTVSPost2010Prop42
 90
       50
102
RTVSPost2010PropOp42
 70
     1
102
RTVSPost2010Prop43
 90
        3
102
RTVSPost2010PropOp43
 70
     1
102
RTVSPost2010Prop44ColorIndex
 90
        5
102
RTVSPost2010Prop44ColorRGB
 90
      255
102
RTVSPost2010PropOp44
 70
     1
102
RTVSPost2010Prop45
280
     0
102
RTVSPost2010PropOp45
 70
     1
102
RTVSPost2010Prop46
 90
       50
102
RTVSPost2010PropOp46
 70
     1
102
RTVSPost2010Prop47
 90
       50
102
RTVSPost2010PropOp47
 70
     1
102
RTVSPost2010Prop48
 90
       50
102
RTVSPost2010PropOp48
 70
     1
102
RTVSPost2010Prop49
280
     0
102
RTVSPost2010PropOp49
 70
     1
102
RTVSPost2010Prop50
 90
       50
102
RTVSPost2010PropOp50
 70
     1
102
RTVSPost2010Prop51ColorIndex
 90
      256
102
RTVSPost2010Prop51ColorRGB
 90
-16777216
102
RTVSPost2010PropOp51
 70
     0
102
RTVSPost2010Prop52
140
1.0
102
RTVSPost2010PropOp52
 70
     0
102
RTVSPost2010Prop53
 90
        2
102
RTVSPost2010PropOp53
 70
     1
102
RTVSPost2010Prop54
  1
strokes_ogs.tif
102
RTVSPost2010PropOp54
 70
     1
102
RTVSPost2010Prop55
280
     0
102
RTVSPost2010PropOp55
 70
     1
102
RTVSPost2010Prop56
140
1.0
102
RTVSPost2010PropOp56
 70
     1
102
RTVSPost2010Prop57
140
1.0
102
RTVSPost2010PropOp57
 70
     1
  0
XRECORD
  5
398
102
{ACAD_REACTORS
330
397
102
}
330
397
100
AcDbXrecord
280
     1
102
RTVSPropertyOp0
 70
     1
102
RTVSPropertyOp1
 70
     1
102
RTVSPropertyOp2
 70
     1
102
RTVSPropertyOp3
 70
     1
102
RTVSPropertyOp4
 70
     1
102
RTVSPropertyOp5
 70
     1
102
RTVSPropertyOp6
 70
     1
102
RTVSPropertyOp7
 70
     1
102
RTVSPropertyOp8
 70
     1
102
RTVSPropertyOp9
 70
     1
102
RTVSPropertyOp10
 70
     1
102
RTVSPropertyOp11
 70
     1
102
RTVSPropertyOp12
 70
     1
102
RTVSPropertyOp13
 70
     1
102
RTVSPropertyOp14
 70
     1
102
RTVSPropertyOp15
 70
     1
102
RTVSPropertyOp16
 70
     1
102
RTVSPropertyOp17
 70
     1
102
RTVSPropertyOp18
 70
     1
102
RTVSPropertyOp19
 70
     1
102
RTVSPropertyOp20
 70
     1
102
RTVSPropertyOp21
 70
     1
102
RTVSPropertyOp22
 70
     1
102
RTVSPropertyOp23
 70
     1
102
RTVSPropertyOp24
 70
     1
102
RTVSPropertyOp25
 70
     1
102
RTVSPropertyOp26
 70
     1
102
RTVSPropertyOp27
 70
     1
102
RTVSPropertyOp28
 70
     1
102
RTVSPropertyOp29
 70
     1
102
RTVSPropertyOp30
 70
     1
102
RTVSPropertyOp31
 70
     1
102
RTVSPropertyOp32
 70
     1
102
RTVSPropertyOp33
 70
     1
102
RTVSPropertyOp34
 70
     1
102
RTVSPropertyOp35
 70
     1
102
RTVSPropertyOp36
 70
     1
102
RTVSPropertyOp37
 70
     1
102
RTVSPropertyOp38
 70
     1
102
RTVSPropertyOp39
 70
     1
102
RTVSPropertyOp40
 70
     1
102
RTVSPropertyOp41
 70
     1
102
RTVSPropertyOp42
 70
     1
102
RTVSPropertyOp43
 70
     1
102
RTVSPropertyOp44
 70
     1
102
RTVSPropertyOp45
 70
     1
102
RTVSPropertyOp46
 70
     1
102
RTVSPropertyOp47
 70
     1
102
RTVSPropertyOp48
 70
     1
102
RTVSPropertyOp49
 70
     1
102
RTVSPropertyOp50
 70
     1
102
RTVSPropertyOp51
 70
     0
102
RTVSPropertyOp52
 70
     0
102
RTVSPropertyOp53
 70
     1
102
RTVSPropertyOp54
 70
     1
102
RTVSPropertyOp55
 70
     1
102
RTVSPropertyOp56
 70
     1
102
RTVSPropertyOp57
 70
     1
102
RTVSPost2010Prop28
280
     0
102
RTVSPost2010PropOp28
 70
     1
102
RTVSPost2010Prop29
280
     1
102
RTVSPost2010PropOp29
 70
     1
102
RTVSPost2010Prop30
280
     1
102
RTVSPost2010PropOp30
 70
     1
102
RTVSPost2010Prop31
280
     0
102
RTVSPost2010PropOp31
 70
     1
102
RTVSPost2010Prop32
280
     0
102
RTVSPost2010PropOp32
 70
     1
102
RTVSPost2010Prop33
280
     0
102
RTVSPost2010PropOp33
 70
     1
102
RTVSPost2010Prop34
280
     0
102
RTVSPost2010PropOp34
 70
     1
102
RTVSPost2010Prop35
280
     0
102
RTVSPost2010PropOp35
 70
     1
102
RTVSPost2010Prop36
280
     0
102
RTVSPost2010PropOp36
 70
     1
102
RTVSPost2010Prop37
 90
       50
102
RTVSPost2010PropOp37
 70
     1
102
RTVSPost2010Prop38
140
0.0
102
RTVSPost2010PropOp38
 70
     1
102
RTVSPost2010Prop39
140
1.0
102
RTVSPost2010PropOp39
 70
     1
102
RTVSPost2010Prop40
 90
        0
102
RTVSPost2010PropOp40
 70
     1
102
RTVSPost2010Prop41ColorIndex
 90
       18
102
RTVSPost2010Prop41ColorRGB
 90
        0
102
RTVSPost2010PropOp41
 70
     1
102
RTVSPost2010Prop42
 90
       50
102
RTVSPost2010PropOp42
 70
     1
102
RTVSPost2010Prop43
 90
        3
102
RTVSPost2010PropOp43
 70
     1
102
RTVSPost2010Prop44ColorIndex
 90
        5
102
RTVSPost2010Prop44ColorRGB
 90
      255
102
RTVSPost2010PropOp44
 70
     1
102
RTVSPost2010Prop45
280
     0
102
RTVSPost2010PropOp45
 70
     1
102
RTVSPost2010Prop46
 90
       50
102
RTVSPost2010PropOp46
 70
     1
102
RTVSPost2010Prop47
 90
       50
102
RTVSPost2010PropOp47
 70
     1
102
RTVSPost2010Prop48
 90
       50
102
RTVSPost2010PropOp48
 70
     1
102
RTVSPost2010Prop49
280
     0
102
RTVSPost2010PropOp49
 70
     1
102
RTVSPost2010Prop50
 90
       50
102
RTVSPost2010PropOp50
 70
     1
102
RTVSPost2010Prop51ColorIndex
 90
      256
102
RTVSPost2010Prop51ColorRGB
 90
-16777216
102
RTVSPost2010PropOp51
 70
     0
102
RTVSPost2010Prop52
140
1.0
102
RTVSPost2010PropOp52
 70
     0
102
RTVSPost2010Prop53
 90
        2
102
RTVSPost2010PropOp53
 70
     1
102
RTVSPost2010Prop54
  1
strokes_ogs.tif
102
RTVSPost2010PropOp54
 70
     1
102
RTVSPost2010Prop55
280
     0
102
RTVSPost2010PropOp55
 70
     1
102
RTVSPost2010Prop56
140
1.0
102
RTVSPost2010PropOp56
 70
     1
102
RTVSPost2010Prop57
140
1.0
102
RTVSPost2010PropOp57
 70
     1
  0
XRECORD
  5
392
102
{ACAD_REACTORS
330
391
102
}
330
391
100
AcDbXrecord
280
     1
102
RTVSPropertyOp0
 70
     1
102
RTVSPropertyOp1
 70
     1
102
RTVSPropertyOp2
 70
     1
102
RTVSPropertyOp3
 70
     1
102
RTVSPropertyOp4
 70
     1
102
RTVSPropertyOp5
 70
     1
102
RTVSPropertyOp6
 70
     1
102
RTVSPropertyOp7
 70
     1
102
RTVSPropertyOp8
 70
     1
102
RTVSPropertyOp9
 70
     1
102
RTVSPropertyOp10
 70
     1
102
RTVSPropertyOp11
 70
     1
102
RTVSPropertyOp12
 70
     1
102
RTVSPropertyOp13
 70
     1
102
RTVSPropertyOp14
 70
     1
102
RTVSPropertyOp15
 70
     1
102
RTVSPropertyOp16
 70
     1
102
RTVSPropertyOp17
 70
     1
102
RTVSPropertyOp18
 70
     1
102
RTVSPropertyOp19
 70
     1
102
RTVSPropertyOp20
 70
     1
102
RTVSPropertyOp21
 70
     1
102
RTVSPropertyOp22
 70
     1
102
RTVSPropertyOp23
 70
     1
102
RTVSPropertyOp24
 70
     1
102
RTVSPropertyOp25
 70
     1
102
RTVSPropertyOp26
 70
     1
102
RTVSPropertyOp27
 70
     1
102
RTVSPropertyOp28
 70
     1
102
RTVSPropertyOp29
 70
     1
102
RTVSPropertyOp30
 70
     1
102
RTVSPropertyOp31
 70
     1
102
RTVSPropertyOp32
 70
     1
102
RTVSPropertyOp33
 70
     1
102
RTVSPropertyOp34
 70
     1
102
RTVSPropertyOp35
 70
     1
102
RTVSPropertyOp36
 70
     1
102
RTVSPropertyOp37
 70
     1
102
RTVSPropertyOp38
 70
     1
102
RTVSPropertyOp39
 70
     1
102
RTVSPropertyOp40
 70
     1
102
RTVSPropertyOp41
 70
     1
102
RTVSPropertyOp42
 70
     1
102
RTVSPropertyOp43
 70
     1
102
RTVSPropertyOp44
 70
     1
102
RTVSPropertyOp45
 70
     1
102
RTVSPropertyOp46
 70
     1
102
RTVSPropertyOp47
 70
     1
102
RTVSPropertyOp48
 70
     1
102
RTVSPropertyOp49
 70
     1
102
RTVSPropertyOp50
 70
     1
102
RTVSPropertyOp51
 70
     0
102
RTVSPropertyOp52
 70
     0
102
RTVSPropertyOp53
 70
     1
102
RTVSPropertyOp54
 70
     1
102
RTVSPropertyOp55
 70
     1
102
RTVSPropertyOp56
 70
     1
102
RTVSPropertyOp57
 70
     1
102
RTVSPost2010Prop28
280
     0
102
RTVSPost2010PropOp28
 70
     1
102
RTVSPost2010Prop29
280
     1
102
RTVSPost2010PropOp29
 70
     1
102
RTVSPost2010Prop30
280
     1
102
RTVSPost2010PropOp30
 70
     1
102
RTVSPost2010Prop31
280
     0
102
RTVSPost2010PropOp31
 70
     1
102
RTVSPost2010Prop32
280
     0
102
RTVSPost2010PropOp32
 70
     1
102
RTVSPost2010Prop33
280
     0
102
RTVSPost2010PropOp33
 70
     1
102
RTVSPost2010Prop34
280
     0
102
RTVSPost2010PropOp34
 70
     1
102
RTVSPost2010Prop35
280
     0
102
RTVSPost2010PropOp35
 70
     1
102
RTVSPost2010Prop36
280
     0
102
RTVSPost2010PropOp36
 70
     1
102
RTVSPost2010Prop37
 90
       50
102
RTVSPost2010PropOp37
 70
     1
102
RTVSPost2010Prop38
140
0.0
102
RTVSPost2010PropOp38
 70
     1
102
RTVSPost2010Prop39
140
1.0
102
RTVSPost2010PropOp39
 70
     1
102
RTVSPost2010Prop40
 90
        0
102
RTVSPost2010PropOp40
 70
     1
102
RTVSPost2010Prop41ColorIndex
 90
       18
102
RTVSPost2010Prop41ColorRGB
 90
        0
102
RTVSPost2010PropOp41
 70
     1
102
RTVSPost2010Prop42
 90
       50
102
RTVSPost2010PropOp42
 70
     1
102
RTVSPost2010Prop43
 90
        3
102
RTVSPost2010PropOp43
 70
     1
102
RTVSPost2010Prop44ColorIndex
 90
        5
102
RTVSPost2010Prop44ColorRGB
 90
      255
102
RTVSPost2010PropOp44
 70
     1
102
RTVSPost2010Prop45
280
     0
102
RTVSPost2010PropOp45
 70
     1
102
RTVSPost2010Prop46
 90
       50
102
RTVSPost2010PropOp46
 70
     1
102
RTVSPost2010Prop47
 90
       50
102
RTVSPost2010PropOp47
 70
     1
102
RTVSPost2010Prop48
 90
       50
102
RTVSPost2010PropOp48
 70
     1
102
RTVSPost2010Prop49
280
     0
102
RTVSPost2010PropOp49
 70
     1
102
RTVSPost2010Prop50
 90
       50
102
RTVSPost2010PropOp50
 70
     1
102
RTVSPost2010Prop51ColorIndex
 90
      256
102
RTVSPost2010Prop51ColorRGB
 90
-16777216
102
RTVSPost2010PropOp51
 70
     0
102
RTVSPost2010Prop52
140
1.0
102
RTVSPost2010PropOp52
 70
     0
102
RTVSPost2010Prop53
 90
        2
102
RTVSPost2010PropOp53
 70
     1
102
RTVSPost2010Prop54
  1
strokes_ogs.tif
102
RTVSPost2010PropOp54
 70
     1
102
RTVSPost2010Prop55
280
     0
102
RTVSPost2010PropOp55
 70
     1
102
RTVSPost2010Prop56
140
1.0
102
RTVSPost2010PropOp56
 70
     1
102
RTVSPost2010Prop57
140
1.0
102
RTVSPost2010PropOp57
 70
     1
  0
XRECORD
  5
39A
102
{ACAD_REACTORS
330
399
102
}
330
399
100
AcDbXrecord
280
     1
102
RTVSPropertyOp0
 70
     1
102
RTVSPropertyOp1
 70
     1
102
RTVSPropertyOp2
 70
     1
102
RTVSPropertyOp3
 70
     1
102
RTVSPropertyOp4
 70
     1
102
RTVSPropertyOp5
 70
     1
102
RTVSPropertyOp6
 70
     1
102
RTVSPropertyOp7
 70
     1
102
RTVSPropertyOp8
 70
     1
102
RTVSPropertyOp9
 70
     1
102
RTVSPropertyOp10
 70
     1
102
RTVSPropertyOp11
 70
     1
102
RTVSPropertyOp12
 70
     1
102
RTVSPropertyOp13
 70
     1
102
RTVSPropertyOp14
 70
     1
102
RTVSPropertyOp15
 70
     1
102
RTVSPropertyOp16
 70
     1
102
RTVSPropertyOp17
 70
     1
102
RTVSPropertyOp18
 70
     1
102
RTVSPropertyOp19
 70
     1
102
RTVSPropertyOp20
 70
     1
102
RTVSPropertyOp21
 70
     1
102
RTVSPropertyOp22
 70
     1
102
RTVSPropertyOp23
 70
     1
102
RTVSPropertyOp24
 70
     1
102
RTVSPropertyOp25
 70
     1
102
RTVSPropertyOp26
 70
     1
102
RTVSPropertyOp27
 70
     1
102
RTVSPropertyOp28
 70
     1
102
RTVSPropertyOp29
 70
     1
102
RTVSPropertyOp30
 70
     1
102
RTVSPropertyOp31
 70
     1
102
RTVSPropertyOp32
 70
     1
102
RTVSPropertyOp33
 70
     1
102
RTVSPropertyOp34
 70
     1
102
RTVSPropertyOp35
 70
     1
102
RTVSPropertyOp36
 70
     1
102
RTVSPropertyOp37
 70
     1
102
RTVSPropertyOp38
 70
     1
102
RTVSPropertyOp39
 70
     1
102
RTVSPropertyOp40
 70
     1
102
RTVSPropertyOp41
 70
     1
102
RTVSPropertyOp42
 70
     1
102
RTVSPropertyOp43
 70
     1
102
RTVSPropertyOp44
 70
     1
102
RTVSPropertyOp45
 70
     1
102
RTVSPropertyOp46
 70
     1
102
RTVSPropertyOp47
 70
     1
102
RTVSPropertyOp48
 70
     1
102
RTVSPropertyOp49
 70
     1
102
RTVSPropertyOp50
 70
     1
102
RTVSPropertyOp51
 70
     0
102
RTVSPropertyOp52
 70
     0
102
RTVSPropertyOp53
 70
     1
102
RTVSPropertyOp54
 70
     1
102
RTVSPropertyOp55
 70
     1
102
RTVSPropertyOp56
 70
     1
102
RTVSPropertyOp57
 70
     1
102
RTVSPost2010Prop28
280
     0
102
RTVSPost2010PropOp28
 70
     1
102
RTVSPost2010Prop29
280
     1
102
RTVSPost2010PropOp29
 70
     1
102
RTVSPost2010Prop30
280
     1
102
RTVSPost2010PropOp30
 70
     1
102
RTVSPost2010Prop31
280
     0
102
RTVSPost2010PropOp31
 70
     1
102
RTVSPost2010Prop32
280
     0
102
RTVSPost2010PropOp32
 70
     1
102
RTVSPost2010Prop33
280
     0
102
RTVSPost2010PropOp33
 70
     1
102
RTVSPost2010Prop34
280
     0
102
RTVSPost2010PropOp34
 70
     1
102
RTVSPost2010Prop35
280
     0
102
RTVSPost2010PropOp35
 70
     1
102
RTVSPost2010Prop36
280
     0
102
RTVSPost2010PropOp36
 70
     1
102
RTVSPost2010Prop37
 90
       50
102
RTVSPost2010PropOp37
 70
     1
102
RTVSPost2010Prop38
140
0.0
102
RTVSPost2010PropOp38
 70
     1
102
RTVSPost2010Prop39
140
1.0
102
RTVSPost2010PropOp39
 70
     1
102
RTVSPost2010Prop40
 90
        0
102
RTVSPost2010PropOp40
 70
     1
102
RTVSPost2010Prop41ColorIndex
 90
       18
102
RTVSPost2010Prop41ColorRGB
 90
        0
102
RTVSPost2010PropOp41
 70
     1
102
RTVSPost2010Prop42
 90
       50
102
RTVSPost2010PropOp42
 70
     1
102
RTVSPost2010Prop43
 90
        3
102
RTVSPost2010PropOp43
 70
     1
102
RTVSPost2010Prop44ColorIndex
 90
        5
102
RTVSPost2010Prop44ColorRGB
 90
      255
102
RTVSPost2010PropOp44
 70
     1
102
RTVSPost2010Prop45
280
     0
102
RTVSPost2010PropOp45
 70
     1
102
RTVSPost2010Prop46
 90
       50
102
RTVSPost2010PropOp46
 70
     1
102
RTVSPost2010Prop47
 90
       50
102
RTVSPost2010PropOp47
 70
     1
102
RTVSPost2010Prop48
 90
       50
102
RTVSPost2010PropOp48
 70
     1
102
RTVSPost2010Prop49
280
     0
102
RTVSPost2010PropOp49
 70
     1
102
RTVSPost2010Prop50
 90
       50
102
RTVSPost2010PropOp50
 70
     1
102
RTVSPost2010Prop51ColorIndex
 90
      256
102
RTVSPost2010Prop51ColorRGB
 90
-16777216
102
RTVSPost2010PropOp51
 70
     0
102
RTVSPost2010Prop52
140
1.0
102
RTVSPost2010PropOp52
 70
     0
102
RTVSPost2010Prop53
 90
        2
102
RTVSPost2010PropOp53
 70
     1
102
RTVSPost2010Prop54
  1
strokes_ogs.tif
102
RTVSPost2010PropOp54
 70
     1
102
RTVSPost2010Prop55
280
     0
102
RTVSPost2010PropOp55
 70
     1
102
RTVSPost2010Prop56
140
1.0
102
RTVSPost2010PropOp56
 70
     1
102
RTVSPost2010Prop57
140
1.0
102
RTVSPost2010PropOp57
 70
     1
  0
XRECORD
  5
388
102
{ACAD_REACTORS
330
387
102
}
330
387
100
AcDbXrecord
280
     1
102
RTVSPropertyOp0
 70
     1
102
RTVSPropertyOp1
 70
     1
102
RTVSPropertyOp2
 70
     1
102
RTVSPropertyOp3
 70
     1
102
RTVSPropertyOp4
 70
     1
102
RTVSPropertyOp5
 70
     1
102
RTVSPropertyOp6
 70
     1
102
RTVSPropertyOp7
 70
     1
102
RTVSPropertyOp8
 70
     1
102
RTVSPropertyOp9
 70
     1
102
RTVSPropertyOp10
 70
     1
102
RTVSPropertyOp11
 70
     1
102
RTVSPropertyOp12
 70
     1
102
RTVSPropertyOp13
 70
     1
102
RTVSPropertyOp14
 70
     1
102
RTVSPropertyOp15
 70
     1
102
RTVSPropertyOp16
 70
     1
102
RTVSPropertyOp17
 70
     1
102
RTVSPropertyOp18
 70
     1
102
RTVSPropertyOp19
 70
     1
102
RTVSPropertyOp20
 70
     1
102
RTVSPropertyOp21
 70
     1
102
RTVSPropertyOp22
 70
     1
102
RTVSPropertyOp23
 70
     1
102
RTVSPropertyOp24
 70
     1
102
RTVSPropertyOp25
 70
     1
102
RTVSPropertyOp26
 70
     1
102
RTVSPropertyOp27
 70
     1
102
RTVSPropertyOp28
 70
     1
102
RTVSPropertyOp29
 70
     1
102
RTVSPropertyOp30
 70
     1
102
RTVSPropertyOp31
 70
     1
102
RTVSPropertyOp32
 70
     1
102
RTVSPropertyOp33
 70
     1
102
RTVSPropertyOp34
 70
     1
102
RTVSPropertyOp35
 70
     1
102
RTVSPropertyOp36
 70
     1
102
RTVSPropertyOp37
 70
     1
102
RTVSPropertyOp38
 70
     1
102
RTVSPropertyOp39
 70
     1
102
RTVSPropertyOp40
 70
     1
102
RTVSPropertyOp41
 70
     1
102
RTVSPropertyOp42
 70
     1
102
RTVSPropertyOp43
 70
     1
102
RTVSPropertyOp44
 70
     1
102
RTVSPropertyOp45
 70
     1
102
RTVSPropertyOp46
 70
     1
102
RTVSPropertyOp47
 70
     1
102
RTVSPropertyOp48
 70
     1
102
RTVSPropertyOp49
 70
     1
102
RTVSPropertyOp50
 70
     1
102
RTVSPropertyOp51
 70
     0
102
RTVSPropertyOp52
 70
     0
102
RTVSPropertyOp53
 70
     1
102
RTVSPropertyOp54
 70
     1
102
RTVSPropertyOp55
 70
     1
102
RTVSPropertyOp56
 70
     1
102
RTVSPropertyOp57
 70
     1
102
RTVSPost2010Prop28
280
     0
102
RTVSPost2010PropOp28
 70
     1
102
RTVSPost2010Prop29
280
     1
102
RTVSPost2010PropOp29
 70
     1
102
RTVSPost2010Prop30
280
     1
102
RTVSPost2010PropOp30
 70
     1
102
RTVSPost2010Prop31
280
     0
102
RTVSPost2010PropOp31
 70
     1
102
RTVSPost2010Prop32
280
     0
102
RTVSPost2010PropOp32
 70
     1
102
RTVSPost2010Prop33
280
     0
102
RTVSPost2010PropOp33
 70
     1
102
RTVSPost2010Prop34
280
     0
102
RTVSPost2010PropOp34
 70
     1
102
RTVSPost2010Prop35
280
     0
102
RTVSPost2010PropOp35
 70
     1
102
RTVSPost2010Prop36
280
     0
102
RTVSPost2010PropOp36
 70
     1
102
RTVSPost2010Prop37
 90
       50
102
RTVSPost2010PropOp37
 70
     1
102
RTVSPost2010Prop38
140
0.0
102
RTVSPost2010PropOp38
 70
     1
102
RTVSPost2010Prop39
140
1.0
102
RTVSPost2010PropOp39
 70
     1
102
RTVSPost2010Prop40
 90
        0
102
RTVSPost2010PropOp40
 70
     1
102
RTVSPost2010Prop41ColorIndex
 90
       18
102
RTVSPost2010Prop41ColorRGB
 90
        0
102
RTVSPost2010PropOp41
 70
     1
102
RTVSPost2010Prop42
 90
       50
102
RTVSPost2010PropOp42
 70
     1
102
RTVSPost2010Prop43
 90
        3
102
RTVSPost2010PropOp43
 70
     1
102
RTVSPost2010Prop44ColorIndex
 90
        5
102
RTVSPost2010Prop44ColorRGB
 90
      255
102
RTVSPost2010PropOp44
 70
     1
102
RTVSPost2010Prop45
280
     0
102
RTVSPost2010PropOp45
 70
     1
102
RTVSPost2010Prop46
 90
       50
102
RTVSPost2010PropOp46
 70
     1
102
RTVSPost2010Prop47
 90
       50
102
RTVSPost2010PropOp47
 70
     1
102
RTVSPost2010Prop48
 90
       50
102
RTVSPost2010PropOp48
 70
     1
102
RTVSPost2010Prop49
280
     0
102
RTVSPost2010PropOp49
 70
     1
102
RTVSPost2010Prop50
 90
       50
102
RTVSPost2010PropOp50
 70
     1
102
RTVSPost2010Prop51ColorIndex
 90
      256
102
RTVSPost2010Prop51ColorRGB
 90
-16777216
102
RTVSPost2010PropOp51
 70
     0
102
RTVSPost2010Prop52
140
1.0
102
RTVSPost2010PropOp52
 70
     0
102
RTVSPost2010Prop53
 90
        2
102
RTVSPost2010PropOp53
 70
     1
102
RTVSPost2010Prop54
  1
strokes_ogs.tif
102
RTVSPost2010PropOp54
 70
     1
102
RTVSPost2010Prop55
280
     0
102
RTVSPost2010PropOp55
 70
     1
102
RTVSPost2010Prop56
140
1.0
102
RTVSPost2010PropOp56
 70
     1
102
RTVSPost2010Prop57
140
1.0
102
RTVSPost2010PropOp57
 70
     1
  0
XRECORD
  5
3A6
102
{ACAD_REACTORS
330
3A5
102
}
330
3A5
100
AcDbXrecord
280
     1
102
RTVSPropertyOp0
 70
     1
102
RTVSPropertyOp1
 70
     1
102
RTVSPropertyOp2
 70
     1
102
RTVSPropertyOp3
 70
     1
102
RTVSPropertyOp4
 70
     1
102
RTVSPropertyOp5
 70
     1
102
RTVSPropertyOp6
 70
     1
102
RTVSPropertyOp7
 70
     1
102
RTVSPropertyOp8
 70
     1
102
RTVSPropertyOp9
 70
     1
102
RTVSPropertyOp10
 70
     1
102
RTVSPropertyOp11
 70
     1
102
RTVSPropertyOp12
 70
     1
102
RTVSPropertyOp13
 70
     1
102
RTVSPropertyOp14
 70
     1
102
RTVSPropertyOp15
 70
     1
102
RTVSPropertyOp16
 70
     1
102
RTVSPropertyOp17
 70
     1
102
RTVSPropertyOp18
 70
     1
102
RTVSPropertyOp19
 70
     1
102
RTVSPropertyOp20
 70
     1
102
RTVSPropertyOp21
 70
     1
102
RTVSPropertyOp22
 70
     1
102
RTVSPropertyOp23
 70
     1
102
RTVSPropertyOp24
 70
     1
102
RTVSPropertyOp25
 70
     1
102
RTVSPropertyOp26
 70
     1
102
RTVSPropertyOp27
 70
     1
102
RTVSPropertyOp28
 70
     1
102
RTVSPropertyOp29
 70
     1
102
RTVSPropertyOp30
 70
     1
102
RTVSPropertyOp31
 70
     1
102
RTVSPropertyOp32
 70
     1
102
RTVSPropertyOp33
 70
     1
102
RTVSPropertyOp34
 70
     1
102
RTVSPropertyOp35
 70
     1
102
RTVSPropertyOp36
 70
     1
102
RTVSPropertyOp37
 70
     1
102
RTVSPropertyOp38
 70
     1
102
RTVSPropertyOp39
 70
     1
102
RTVSPropertyOp40
 70
     1
102
RTVSPropertyOp41
 70
     1
102
RTVSPropertyOp42
 70
     1
102
RTVSPropertyOp43
 70
     1
102
RTVSPropertyOp44
 70
     1
102
RTVSPropertyOp45
 70
     1
102
RTVSPropertyOp46
 70
     1
102
RTVSPropertyOp47
 70
     1
102
RTVSPropertyOp48
 70
     1
102
RTVSPropertyOp49
 70
     1
102
RTVSPropertyOp50
 70
     1
102
RTVSPropertyOp51
 70
     0
102
RTVSPropertyOp52
 70
     0
102
RTVSPropertyOp53
 70
     1
102
RTVSPropertyOp54
 70
     1
102
RTVSPropertyOp55
 70
     1
102
RTVSPropertyOp56
 70
     1
102
RTVSPropertyOp57
 70
     1
102
RTVSPost2010Prop28
280
     0
102
RTVSPost2010PropOp28
 70
     1
102
RTVSPost2010Prop29
280
     1
102
RTVSPost2010PropOp29
 70
     1
102
RTVSPost2010Prop30
280
     1
102
RTVSPost2010PropOp30
 70
     1
102
RTVSPost2010Prop31
280
     0
102
RTVSPost2010PropOp31
 70
     1
102
RTVSPost2010Prop32
280
     0
102
RTVSPost2010PropOp32
 70
     1
102
RTVSPost2010Prop33
280
     0
102
RTVSPost2010PropOp33
 70
     1
102
RTVSPost2010Prop34
280
     0
102
RTVSPost2010PropOp34
 70
     1
102
RTVSPost2010Prop35
280
     0
102
RTVSPost2010PropOp35
 70
     1
102
RTVSPost2010Prop36
280
     0
102
RTVSPost2010PropOp36
 70
     1
102
RTVSPost2010Prop37
 90
       50
102
RTVSPost2010PropOp37
 70
     1
102
RTVSPost2010Prop38
140
0.0
102
RTVSPost2010PropOp38
 70
     1
102
RTVSPost2010Prop39
140
1.0
102
RTVSPost2010PropOp39
 70
     1
102
RTVSPost2010Prop40
 90
        0
102
RTVSPost2010PropOp40
 70
     1
102
RTVSPost2010Prop41ColorIndex
 90
       18
102
RTVSPost2010Prop41ColorRGB
 90
        0
102
RTVSPost2010PropOp41
 70
     1
102
RTVSPost2010Prop42
 90
       50
102
RTVSPost2010PropOp42
 70
     1
102
RTVSPost2010Prop43
 90
        3
102
RTVSPost2010PropOp43
 70
     1
102
RTVSPost2010Prop44ColorIndex
 90
        5
102
RTVSPost2010Prop44ColorRGB
 90
      255
102
RTVSPost2010PropOp44
 70
     1
102
RTVSPost2010Prop45
280
     0
102
RTVSPost2010PropOp45
 70
     1
102
RTVSPost2010Prop46
 90
       50
102
RTVSPost2010PropOp46
 70
     1
102
RTVSPost2010Prop47
 90
       50
102
RTVSPost2010PropOp47
 70
     1
102
RTVSPost2010Prop48
 90
       50
102
RTVSPost2010PropOp48
 70
     1
102
RTVSPost2010Prop49
280
     0
102
RTVSPost2010PropOp49
 70
     1
102
RTVSPost2010Prop50
 90
       50
102
RTVSPost2010PropOp50
 70
     1
102
RTVSPost2010Prop51ColorIndex
 90
      256
102
RTVSPost2010Prop51ColorRGB
 90
-16777216
102
RTVSPost2010PropOp51
 70
     0
102
RTVSPost2010Prop52
140
1.0
102
RTVSPost2010PropOp52
 70
     0
102
RTVSPost2010Prop53
 90
        2
102
RTVSPost2010PropOp53
 70
     1
102
RTVSPost2010Prop54
  1
strokes_ogs.tif
102
RTVSPost2010PropOp54
 70
     1
102
RTVSPost2010Prop55
280
     0
102
RTVSPost2010PropOp55
 70
     1
102
RTVSPost2010Prop56
140
1.0
102
RTVSPost2010PropOp56
 70
     1
102
RTVSPost2010Prop57
140
1.0
102
RTVSPost2010PropOp57
 70
     1
  0
XRECORD
  5
3A4
102
{ACAD_REACTORS
330
3A3
102
}
330
3A3
100
AcDbXrecord
280
     1
102
RTVSPropertyOp0
 70
     1
102
RTVSPropertyOp1
 70
     1
102
RTVSPropertyOp2
 70
     1
102
RTVSPropertyOp3
 70
     1
102
RTVSPropertyOp4
 70
     1
102
RTVSPropertyOp5
 70
     1
102
RTVSPropertyOp6
 70
     1
102
RTVSPropertyOp7
 70
     1
102
RTVSPropertyOp8
 70
     1
102
RTVSPropertyOp9
 70
     1
102
RTVSPropertyOp10
 70
     1
102
RTVSPropertyOp11
 70
     1
102
RTVSPropertyOp12
 70
     1
102
RTVSPropertyOp13
 70
     1
102
RTVSPropertyOp14
 70
     1
102
RTVSPropertyOp15
 70
     1
102
RTVSPropertyOp16
 70
     1
102
RTVSPropertyOp17
 70
     1
102
RTVSPropertyOp18
 70
     1
102
RTVSPropertyOp19
 70
     1
102
RTVSPropertyOp20
 70
     1
102
RTVSPropertyOp21
 70
     1
102
RTVSPropertyOp22
 70
     1
102
RTVSPropertyOp23
 70
     1
102
RTVSPropertyOp24
 70
     1
102
RTVSPropertyOp25
 70
     1
102
RTVSPropertyOp26
 70
     1
102
RTVSPropertyOp27
 70
     1
102
RTVSPropertyOp28
 70
     1
102
RTVSPropertyOp29
 70
     1
102
RTVSPropertyOp30
 70
     1
102
RTVSPropertyOp31
 70
     1
102
RTVSPropertyOp32
 70
     1
102
RTVSPropertyOp33
 70
     1
102
RTVSPropertyOp34
 70
     1
102
RTVSPropertyOp35
 70
     1
102
RTVSPropertyOp36
 70
     1
102
RTVSPropertyOp37
 70
     1
102
RTVSPropertyOp38
 70
     1
102
RTVSPropertyOp39
 70
     1
102
RTVSPropertyOp40
 70
     1
102
RTVSPropertyOp41
 70
     1
102
RTVSPropertyOp42
 70
     1
102
RTVSPropertyOp43
 70
     1
102
RTVSPropertyOp44
 70
     1
102
RTVSPropertyOp45
 70
     1
102
RTVSPropertyOp46
 70
     1
102
RTVSPropertyOp47
 70
     1
102
RTVSPropertyOp48
 70
     1
102
RTVSPropertyOp49
 70
     1
102
RTVSPropertyOp50
 70
     1
102
RTVSPropertyOp51
 70
     0
102
RTVSPropertyOp52
 70
     0
102
RTVSPropertyOp53
 70
     1
102
RTVSPropertyOp54
 70
     1
102
RTVSPropertyOp55
 70
     1
102
RTVSPropertyOp56
 70
     1
102
RTVSPropertyOp57
 70
     1
102
RTVSPost2010Prop28
280
     0
102
RTVSPost2010PropOp28
 70
     1
102
RTVSPost2010Prop29
280
     1
102
RTVSPost2010PropOp29
 70
     1
102
RTVSPost2010Prop30
280
     1
102
RTVSPost2010PropOp30
 70
     1
102
RTVSPost2010Prop31
280
     0
102
RTVSPost2010PropOp31
 70
     1
102
RTVSPost2010Prop32
280
     0
102
RTVSPost2010PropOp32
 70
     1
102
RTVSPost2010Prop33
280
     0
102
RTVSPost2010PropOp33
 70
     1
102
RTVSPost2010Prop34
280
     0
102
RTVSPost2010PropOp34
 70
     1
102
RTVSPost2010Prop35
280
     0
102
RTVSPost2010PropOp35
 70
     1
102
RTVSPost2010Prop36
280
     0
102
RTVSPost2010PropOp36
 70
     1
102
RTVSPost2010Prop37
 90
       50
102
RTVSPost2010PropOp37
 70
     1
102
RTVSPost2010Prop38
140
0.0
102
RTVSPost2010PropOp38
 70
     1
102
RTVSPost2010Prop39
140
1.0
102
RTVSPost2010PropOp39
 70
     1
102
RTVSPost2010Prop40
 90
        0
102
RTVSPost2010PropOp40
 70
     1
102
RTVSPost2010Prop41ColorIndex
 90
       18
102
RTVSPost2010Prop41ColorRGB
 90
        0
102
RTVSPost2010PropOp41
 70
     1
102
RTVSPost2010Prop42
 90
       50
102
RTVSPost2010PropOp42
 70
     1
102
RTVSPost2010Prop43
 90
        3
102
RTVSPost2010PropOp43
 70
     1
102
RTVSPost2010Prop44ColorIndex
 90
        5
102
RTVSPost2010Prop44ColorRGB
 90
      255
102
RTVSPost2010PropOp44
 70
     1
102
RTVSPost2010Prop45
280
     0
102
RTVSPost2010PropOp45
 70
     1
102
RTVSPost2010Prop46
 90
       50
102
RTVSPost2010PropOp46
 70
     1
102
RTVSPost2010Prop47
 90
       50
102
RTVSPost2010PropOp47
 70
     1
102
RTVSPost2010Prop48
 90
       50
102
RTVSPost2010PropOp48
 70
     1
102
RTVSPost2010Prop49
280
     0
102
RTVSPost2010PropOp49
 70
     1
102
RTVSPost2010Prop50
 90
       50
102
RTVSPost2010PropOp50
 70
     1
102
RTVSPost2010Prop51ColorIndex
 90
      256
102
RTVSPost2010Prop51ColorRGB
 90
-16777216
102
RTVSPost2010PropOp51
 70
     0
102
RTVSPost2010Prop52
140
1.0
102
RTVSPost2010PropOp52
 70
     0
102
RTVSPost2010Prop53
 90
        2
102
RTVSPost2010PropOp53
 70
     1
102
RTVSPost2010Prop54
  1
strokes_ogs.tif
102
RTVSPost2010PropOp54
 70
     1
102
RTVSPost2010Prop55
280
     0
102
RTVSPost2010PropOp55
 70
     1
102
RTVSPost2010Prop56
140
1.0
102
RTVSPost2010PropOp56
 70
     1
102
RTVSPost2010Prop57
140
1.0
102
RTVSPost2010PropOp57
 70
     1
  0
XRECORD
  5
39E
102
{ACAD_REACTORS
330
39D
102
}
330
39D
100
AcDbXrecord
280
     1
102
RTVSPropertyOp0
 70
     1
102
RTVSPropertyOp1
 70
     1
102
RTVSPropertyOp2
 70
     1
102
RTVSPropertyOp3
 70
     1
102
RTVSPropertyOp4
 70
     1
102
RTVSPropertyOp5
 70
     1
102
RTVSPropertyOp6
 70
     1
102
RTVSPropertyOp7
 70
     1
102
RTVSPropertyOp8
 70
     1
102
RTVSPropertyOp9
 70
     1
102
RTVSPropertyOp10
 70
     1
102
RTVSPropertyOp11
 70
     1
102
RTVSPropertyOp12
 70
     1
102
RTVSPropertyOp13
 70
     1
102
RTVSPropertyOp14
 70
     1
102
RTVSPropertyOp15
 70
     1
102
RTVSPropertyOp16
 70
     1
102
RTVSPropertyOp17
 70
     1
102
RTVSPropertyOp18
 70
     1
102
RTVSPropertyOp19
 70
     1
102
RTVSPropertyOp20
 70
     1
102
RTVSPropertyOp21
 70
     1
102
RTVSPropertyOp22
 70
     1
102
RTVSPropertyOp23
 70
     1
102
RTVSPropertyOp24
 70
     1
102
RTVSPropertyOp25
 70
     1
102
RTVSPropertyOp26
 70
     1
102
RTVSPropertyOp27
 70
     1
102
RTVSPropertyOp28
 70
     1
102
RTVSPropertyOp29
 70
     1
102
RTVSPropertyOp30
 70
     1
102
RTVSPropertyOp31
 70
     1
102
RTVSPropertyOp32
 70
     1
102
RTVSPropertyOp33
 70
     1
102
RTVSPropertyOp34
 70
     1
102
RTVSPropertyOp35
 70
     1
102
RTVSPropertyOp36
 70
     1
102
RTVSPropertyOp37
 70
     1
102
RTVSPropertyOp38
 70
     1
102
RTVSPropertyOp39
 70
     1
102
RTVSPropertyOp40
 70
     1
102
RTVSPropertyOp41
 70
     1
102
RTVSPropertyOp42
 70
     1
102
RTVSPropertyOp43
 70
     1
102
RTVSPropertyOp44
 70
     1
102
RTVSPropertyOp45
 70
     1
102
RTVSPropertyOp46
 70
     1
102
RTVSPropertyOp47
 70
     1
102
RTVSPropertyOp48
 70
     1
102
RTVSPropertyOp49
 70
     1
102
RTVSPropertyOp50
 70
     1
102
RTVSPropertyOp51
 70
     0
102
RTVSPropertyOp52
 70
     0
102
RTVSPropertyOp53
 70
     1
102
RTVSPropertyOp54
 70
     1
102
RTVSPropertyOp55
 70
     1
102
RTVSPropertyOp56
 70
     1
102
RTVSPropertyOp57
 70
     1
102
RTVSPost2010Prop28
280
     0
102
RTVSPost2010PropOp28
 70
     1
102
RTVSPost2010Prop29
280
     1
102
RTVSPost2010PropOp29
 70
     1
102
RTVSPost2010Prop30
280
     1
102
RTVSPost2010PropOp30
 70
     1
102
RTVSPost2010Prop31
280
     0
102
RTVSPost2010PropOp31
 70
     1
102
RTVSPost2010Prop32
280
     0
102
RTVSPost2010PropOp32
 70
     1
102
RTVSPost2010Prop33
280
     0
102
RTVSPost2010PropOp33
 70
     1
102
RTVSPost2010Prop34
280
     0
102
RTVSPost2010PropOp34
 70
     1
102
RTVSPost2010Prop35
280
     0
102
RTVSPost2010PropOp35
 70
     1
102
RTVSPost2010Prop36
280
     0
102
RTVSPost2010PropOp36
 70
     1
102
RTVSPost2010Prop37
 90
       50
102
RTVSPost2010PropOp37
 70
     1
102
RTVSPost2010Prop38
140
0.0
102
RTVSPost2010PropOp38
 70
     1
102
RTVSPost2010Prop39
140
1.0
102
RTVSPost2010PropOp39
 70
     1
102
RTVSPost2010Prop40
 90
        0
102
RTVSPost2010PropOp40
 70
     1
102
RTVSPost2010Prop41ColorIndex
 90
       18
102
RTVSPost2010Prop41ColorRGB
 90
        0
102
RTVSPost2010PropOp41
 70
     1
102
RTVSPost2010Prop42
 90
       50
102
RTVSPost2010PropOp42
 70
     1
102
RTVSPost2010Prop43
 90
        3
102
RTVSPost2010PropOp43
 70
     1
102
RTVSPost2010Prop44ColorIndex
 90
        5
102
RTVSPost2010Prop44ColorRGB
 90
      255
102
RTVSPost2010PropOp44
 70
     1
102
RTVSPost2010Prop45
280
     0
102
RTVSPost2010PropOp45
 70
     1
102
RTVSPost2010Prop46
 90
       50
102
RTVSPost2010PropOp46
 70
     1
102
RTVSPost2010Prop47
 90
       50
102
RTVSPost2010PropOp47
 70
     1
102
RTVSPost2010Prop48
 90
       50
102
RTVSPost2010PropOp48
 70
     1
102
RTVSPost2010Prop49
280
     0
102
RTVSPost2010PropOp49
 70
     1
102
RTVSPost2010Prop50
 90
       50
102
RTVSPost2010PropOp50
 70
     1
102
RTVSPost2010Prop51ColorIndex
 90
      256
102
RTVSPost2010Prop51ColorRGB
 90
-16777216
102
RTVSPost2010PropOp51
 70
     0
102
RTVSPost2010Prop52
140
1.0
102
RTVSPost2010PropOp52
 70
     0
102
RTVSPost2010Prop53
 90
        2
102
RTVSPost2010PropOp53
 70
     1
102
RTVSPost2010Prop54
  1
strokes_ogs.tif
102
RTVSPost2010PropOp54
 70
     1
102
RTVSPost2010Prop55
280
     0
102
RTVSPost2010PropOp55
 70
     1
102
RTVSPost2010Prop56
140
1.0
102
RTVSPost2010PropOp56
 70
     1
102
RTVSPost2010Prop57
140
1.0
102
RTVSPost2010PropOp57
 70
     1
  0
XRECORD
  5
3A0
102
{ACAD_REACTORS
330
39F
102
}
330
39F
100
AcDbXrecord
280
     1
102
RTVSPropertyOp0
 70
     1
102
RTVSPropertyOp1
 70
     1
102
RTVSPropertyOp2
 70
     1
102
RTVSPropertyOp3
 70
     1
102
RTVSPropertyOp4
 70
     1
102
RTVSPropertyOp5
 70
     1
102
RTVSPropertyOp6
 70
     1
102
RTVSPropertyOp7
 70
     1
102
RTVSPropertyOp8
 70
     1
102
RTVSPropertyOp9
 70
     1
102
RTVSPropertyOp10
 70
     1
102
RTVSPropertyOp11
 70
     1
102
RTVSPropertyOp12
 70
     1
102
RTVSPropertyOp13
 70
     1
102
RTVSPropertyOp14
 70
     1
102
RTVSPropertyOp15
 70
     1
102
RTVSPropertyOp16
 70
     1
102
RTVSPropertyOp17
 70
     1
102
RTVSPropertyOp18
 70
     1
102
RTVSPropertyOp19
 70
     1
102
RTVSPropertyOp20
 70
     1
102
RTVSPropertyOp21
 70
     1
102
RTVSPropertyOp22
 70
     1
102
RTVSPropertyOp23
 70
     1
102
RTVSPropertyOp24
 70
     1
102
RTVSPropertyOp25
 70
     1
102
RTVSPropertyOp26
 70
     1
102
RTVSPropertyOp27
 70
     1
102
RTVSPropertyOp28
 70
     1
102
RTVSPropertyOp29
 70
     1
102
RTVSPropertyOp30
 70
     1
102
RTVSPropertyOp31
 70
     1
102
RTVSPropertyOp32
 70
     1
102
RTVSPropertyOp33
 70
     1
102
RTVSPropertyOp34
 70
     1
102
RTVSPropertyOp35
 70
     1
102
RTVSPropertyOp36
 70
     1
102
RTVSPropertyOp37
 70
     1
102
RTVSPropertyOp38
 70
     1
102
RTVSPropertyOp39
 70
     1
102
RTVSPropertyOp40
 70
     1
102
RTVSPropertyOp41
 70
     1
102
RTVSPropertyOp42
 70
     1
102
RTVSPropertyOp43
 70
     1
102
RTVSPropertyOp44
 70
     1
102
RTVSPropertyOp45
 70
     1
102
RTVSPropertyOp46
 70
     1
102
RTVSPropertyOp47
 70
     1
102
RTVSPropertyOp48
 70
     1
102
RTVSPropertyOp49
 70
     1
102
RTVSPropertyOp50
 70
     1
102
RTVSPropertyOp51
 70
     0
102
RTVSPropertyOp52
 70
     0
102
RTVSPropertyOp53
 70
     1
102
RTVSPropertyOp54
 70
     1
102
RTVSPropertyOp55
 70
     1
102
RTVSPropertyOp56
 70
     1
102
RTVSPropertyOp57
 70
     1
102
RTVSPost2010Prop28
280
     0
102
RTVSPost2010PropOp28
 70
     1
102
RTVSPost2010Prop29
280
     1
102
RTVSPost2010PropOp29
 70
     1
102
RTVSPost2010Prop30
280
     1
102
RTVSPost2010PropOp30
 70
     1
102
RTVSPost2010Prop31
280
     0
102
RTVSPost2010PropOp31
 70
     1
102
RTVSPost2010Prop32
280
     0
102
RTVSPost2010PropOp32
 70
     1
102
RTVSPost2010Prop33
280
     0
102
RTVSPost2010PropOp33
 70
     1
102
RTVSPost2010Prop34
280
     0
102
RTVSPost2010PropOp34
 70
     1
102
RTVSPost2010Prop35
280
     0
102
RTVSPost2010PropOp35
 70
     1
102
RTVSPost2010Prop36
280
     0
102
RTVSPost2010PropOp36
 70
     1
102
RTVSPost2010Prop37
 90
       50
102
RTVSPost2010PropOp37
 70
     1
102
RTVSPost2010Prop38
140
0.0
102
RTVSPost2010PropOp38
 70
     1
102
RTVSPost2010Prop39
140
1.0
102
RTVSPost2010PropOp39
 70
     1
102
RTVSPost2010Prop40
 90
        0
102
RTVSPost2010PropOp40
 70
     1
102
RTVSPost2010Prop41ColorIndex
 90
       18
102
RTVSPost2010Prop41ColorRGB
 90
        0
102
RTVSPost2010PropOp41
 70
     1
102
RTVSPost2010Prop42
 90
       50
102
RTVSPost2010PropOp42
 70
     1
102
RTVSPost2010Prop43
 90
        3
102
RTVSPost2010PropOp43
 70
     1
102
RTVSPost2010Prop44ColorIndex
 90
        5
102
RTVSPost2010Prop44ColorRGB
 90
      255
102
RTVSPost2010PropOp44
 70
     1
102
RTVSPost2010Prop45
280
     0
102
RTVSPost2010PropOp45
 70
     1
102
RTVSPost2010Prop46
 90
       50
102
RTVSPost2010PropOp46
 70
     1
102
RTVSPost2010Prop47
 90
       50
102
RTVSPost2010PropOp47
 70
     1
102
RTVSPost2010Prop48
 90
       50
102
RTVSPost2010PropOp48
 70
     1
102
RTVSPost2010Prop49
280
     0
102
RTVSPost2010PropOp49
 70
     1
102
RTVSPost2010Prop50
 90
       50
102
RTVSPost2010PropOp50
 70
     1
102
RTVSPost2010Prop51ColorIndex
 90
      256
102
RTVSPost2010Prop51ColorRGB
 90
-16777216
102
RTVSPost2010PropOp51
 70
     0
102
RTVSPost2010Prop52
140
1.0
102
RTVSPost2010PropOp52
 70
     0
102
RTVSPost2010Prop53
 90
        2
102
RTVSPost2010PropOp53
 70
     1
102
RTVSPost2010Prop54
  1
strokes_ogs.tif
102
RTVSPost2010PropOp54
 70
     1
102
RTVSPost2010Prop55
280
     0
102
RTVSPost2010PropOp55
 70
     1
102
RTVSPost2010Prop56
140
1.0
102
RTVSPost2010PropOp56
 70
     1
102
RTVSPost2010Prop57
140
1.0
102
RTVSPost2010PropOp57
 70
     1
  0
XRECORD
  5
390
102
{ACAD_REACTORS
330
38F
102
}
330
38F
100
AcDbXrecord
280
     1
102
RTVSPropertyOp0
 70
     1
102
RTVSPropertyOp1
 70
     1
102
RTVSPropertyOp2
 70
     1
102
RTVSPropertyOp3
 70
     1
102
RTVSPropertyOp4
 70
     1
102
RTVSPropertyOp5
 70
     1
102
RTVSPropertyOp6
 70
     1
102
RTVSPropertyOp7
 70
     1
102
RTVSPropertyOp8
 70
     1
102
RTVSPropertyOp9
 70
     1
102
RTVSPropertyOp10
 70
     1
102
RTVSPropertyOp11
 70
     1
102
RTVSPropertyOp12
 70
     1
102
RTVSPropertyOp13
 70
     1
102
RTVSPropertyOp14
 70
     1
102
RTVSPropertyOp15
 70
     1
102
RTVSPropertyOp16
 70
     1
102
RTVSPropertyOp17
 70
     1
102
RTVSPropertyOp18
 70
     1
102
RTVSPropertyOp19
 70
     1
102
RTVSPropertyOp20
 70
     1
102
RTVSPropertyOp21
 70
     1
102
RTVSPropertyOp22
 70
     1
102
RTVSPropertyOp23
 70
     1
102
RTVSPropertyOp24
 70
     1
102
RTVSPropertyOp25
 70
     1
102
RTVSPropertyOp26
 70
     1
102
RTVSPropertyOp27
 70
     1
102
RTVSPropertyOp28
 70
     1
102
RTVSPropertyOp29
 70
     1
102
RTVSPropertyOp30
 70
     1
102
RTVSPropertyOp31
 70
     1
102
RTVSPropertyOp32
 70
     1
102
RTVSPropertyOp33
 70
     1
102
RTVSPropertyOp34
 70
     1
102
RTVSPropertyOp35
 70
     1
102
RTVSPropertyOp36
 70
     1
102
RTVSPropertyOp37
 70
     1
102
RTVSPropertyOp38
 70
     1
102
RTVSPropertyOp39
 70
     1
102
RTVSPropertyOp40
 70
     1
102
RTVSPropertyOp41
 70
     1
102
RTVSPropertyOp42
 70
     1
102
RTVSPropertyOp43
 70
     1
102
RTVSPropertyOp44
 70
     1
102
RTVSPropertyOp45
 70
     1
102
RTVSPropertyOp46
 70
     1
102
RTVSPropertyOp47
 70
     1
102
RTVSPropertyOp48
 70
     1
102
RTVSPropertyOp49
 70
     1
102
RTVSPropertyOp50
 70
     1
102
RTVSPropertyOp51
 70
     0
102
RTVSPropertyOp52
 70
     0
102
RTVSPropertyOp53
 70
     1
102
RTVSPropertyOp54
 70
     1
102
RTVSPropertyOp55
 70
     1
102
RTVSPropertyOp56
 70
     1
102
RTVSPropertyOp57
 70
     1
102
RTVSPost2010Prop28
280
     0
102
RTVSPost2010PropOp28
 70
     1
102
RTVSPost2010Prop29
280
     1
102
RTVSPost2010PropOp29
 70
     1
102
RTVSPost2010Prop30
280
     1
102
RTVSPost2010PropOp30
 70
     1
102
RTVSPost2010Prop31
280
     0
102
RTVSPost2010PropOp31
 70
     1
102
RTVSPost2010Prop32
280
     0
102
RTVSPost2010PropOp32
 70
     1
102
RTVSPost2010Prop33
280
     0
102
RTVSPost2010PropOp33
 70
     1
102
RTVSPost2010Prop34
280
     0
102
RTVSPost2010PropOp34
 70
     1
102
RTVSPost2010Prop35
280
     0
102
RTVSPost2010PropOp35
 70
     1
102
RTVSPost2010Prop36
280
     0
102
RTVSPost2010PropOp36
 70
     1
102
RTVSPost2010Prop37
 90
       50
102
RTVSPost2010PropOp37
 70
     1
102
RTVSPost2010Prop38
140
0.0
102
RTVSPost2010PropOp38
 70
     1
102
RTVSPost2010Prop39
140
1.0
102
RTVSPost2010PropOp39
 70
     1
102
RTVSPost2010Prop40
 90
        0
102
RTVSPost2010PropOp40
 70
     1
102
RTVSPost2010Prop41ColorIndex
 90
       18
102
RTVSPost2010Prop41ColorRGB
 90
        0
102
RTVSPost2010PropOp41
 70
     1
102
RTVSPost2010Prop42
 90
       50
102
RTVSPost2010PropOp42
 70
     1
102
RTVSPost2010Prop43
 90
        3
102
RTVSPost2010PropOp43
 70
     1
102
RTVSPost2010Prop44ColorIndex
 90
        5
102
RTVSPost2010Prop44ColorRGB
 90
      255
102
RTVSPost2010PropOp44
 70
     1
102
RTVSPost2010Prop45
280
     0
102
RTVSPost2010PropOp45
 70
     1
102
RTVSPost2010Prop46
 90
       50
102
RTVSPost2010PropOp46
 70
     1
102
RTVSPost2010Prop47
 90
       50
102
RTVSPost2010PropOp47
 70
     1
102
RTVSPost2010Prop48
 90
       50
102
RTVSPost2010PropOp48
 70
     1
102
RTVSPost2010Prop49
280
     0
102
RTVSPost2010PropOp49
 70
     1
102
RTVSPost2010Prop50
 90
       50
102
RTVSPost2010PropOp50
 70
     1
102
RTVSPost2010Prop51ColorIndex
 90
      256
102
RTVSPost2010Prop51ColorRGB
 90
-16777216
102
RTVSPost2010PropOp51
 70
     0
102
RTVSPost2010Prop52
140
1.0
102
RTVSPost2010PropOp52
 70
     0
102
RTVSPost2010Prop53
 90
        2
102
RTVSPost2010PropOp53
 70
     1
102
RTVSPost2010Prop54
  1
strokes_ogs.tif
102
RTVSPost2010PropOp54
 70
     1
102
RTVSPost2010Prop55
280
     0
102
RTVSPost2010PropOp55
 70
     1
102
RTVSPost2010Prop56
140
1.0
102
RTVSPost2010PropOp56
 70
     1
102
RTVSPost2010Prop57
140
1.0
102
RTVSPost2010PropOp57
 70
     1
  0
XRECORD
  5
382
102
{ACAD_REACTORS
330
381
102
}
330
381
100
AcDbXrecord
280
     1
102
RTVSPropertyOp0
 70
     1
102
RTVSPropertyOp1
 70
     1
102
RTVSPropertyOp2
 70
     1
102
RTVSPropertyOp3
 70
     1
102
RTVSPropertyOp4
 70
     1
102
RTVSPropertyOp5
 70
     1
102
RTVSPropertyOp6
 70
     1
102
RTVSPropertyOp7
 70
     1
102
RTVSPropertyOp8
 70
     1
102
RTVSPropertyOp9
 70
     1
102
RTVSPropertyOp10
 70
     1
102
RTVSPropertyOp11
 70
     1
102
RTVSPropertyOp12
 70
     1
102
RTVSPropertyOp13
 70
     1
102
RTVSPropertyOp14
 70
     1
102
RTVSPropertyOp15
 70
     1
102
RTVSPropertyOp16
 70
     1
102
RTVSPropertyOp17
 70
     1
102
RTVSPropertyOp18
 70
     1
102
RTVSPropertyOp19
 70
     1
102
RTVSPropertyOp20
 70
     1
102
RTVSPropertyOp21
 70
     1
102
RTVSPropertyOp22
 70
     1
102
RTVSPropertyOp23
 70
     1
102
RTVSPropertyOp24
 70
     1
102
RTVSPropertyOp25
 70
     1
102
RTVSPropertyOp26
 70
     1
102
RTVSPropertyOp27
 70
     1
102
RTVSPropertyOp28
 70
     1
102
RTVSPropertyOp29
 70
     1
102
RTVSPropertyOp30
 70
     1
102
RTVSPropertyOp31
 70
     1
102
RTVSPropertyOp32
 70
     1
102
RTVSPropertyOp33
 70
     1
102
RTVSPropertyOp34
 70
     1
102
RTVSPropertyOp35
 70
     1
102
RTVSPropertyOp36
 70
     1
102
RTVSPropertyOp37
 70
     1
102
RTVSPropertyOp38
 70
     1
102
RTVSPropertyOp39
 70
     1
102
RTVSPropertyOp40
 70
     1
102
RTVSPropertyOp41
 70
     1
102
RTVSPropertyOp42
 70
     1
102
RTVSPropertyOp43
 70
     1
102
RTVSPropertyOp44
 70
     1
102
RTVSPropertyOp45
 70
     1
102
RTVSPropertyOp46
 70
     1
102
RTVSPropertyOp47
 70
     1
102
RTVSPropertyOp48
 70
     1
102
RTVSPropertyOp49
 70
     1
102
RTVSPropertyOp50
 70
     1
102
RTVSPropertyOp51
 70
     0
102
RTVSPropertyOp52
 70
     0
102
RTVSPropertyOp53
 70
     1
102
RTVSPropertyOp54
 70
     1
102
RTVSPropertyOp55
 70
     1
102
RTVSPropertyOp56
 70
     1
102
RTVSPropertyOp57
 70
     1
102
RTVSPost2010Prop28
280
     0
102
RTVSPost2010PropOp28
 70
     1
102
RTVSPost2010Prop29
280
     1
102
RTVSPost2010PropOp29
 70
     1
102
RTVSPost2010Prop30
280
     1
102
RTVSPost2010PropOp30
 70
     1
102
RTVSPost2010Prop31
280
     0
102
RTVSPost2010PropOp31
 70
     1
102
RTVSPost2010Prop32
280
     0
102
RTVSPost2010PropOp32
 70
     1
102
RTVSPost2010Prop33
280
     0
102
RTVSPost2010PropOp33
 70
     1
102
RTVSPost2010Prop34
280
     0
102
RTVSPost2010PropOp34
 70
     1
102
RTVSPost2010Prop35
280
     0
102
RTVSPost2010PropOp35
 70
     1
102
RTVSPost2010Prop36
280
     0
102
RTVSPost2010PropOp36
 70
     1
102
RTVSPost2010Prop37
 90
       50
102
RTVSPost2010PropOp37
 70
     1
102
RTVSPost2010Prop38
140
0.0
102
RTVSPost2010PropOp38
 70
     1
102
RTVSPost2010Prop39
140
1.0
102
RTVSPost2010PropOp39
 70
     1
102
RTVSPost2010Prop40
 90
        0
102
RTVSPost2010PropOp40
 70
     1
102
RTVSPost2010Prop41ColorIndex
 90
       18
102
RTVSPost2010Prop41ColorRGB
 90
        0
102
RTVSPost2010PropOp41
 70
     1
102
RTVSPost2010Prop42
 90
       50
102
RTVSPost2010PropOp42
 70
     1
102
RTVSPost2010Prop43
 90
        3
102
RTVSPost2010PropOp43
 70
     1
102
RTVSPost2010Prop44ColorIndex
 90
        5
102
RTVSPost2010Prop44ColorRGB
 90
      255
102
RTVSPost2010PropOp44
 70
     1
102
RTVSPost2010Prop45
280
     0
102
RTVSPost2010PropOp45
 70
     1
102
RTVSPost2010Prop46
 90
       50
102
RTVSPost2010PropOp46
 70
     1
102
RTVSPost2010Prop47
 90
       50
102
RTVSPost2010PropOp47
 70
     1
102
RTVSPost2010Prop48
 90
       50
102
RTVSPost2010PropOp48
 70
     1
102
RTVSPost2010Prop49
280
     0
102
RTVSPost2010PropOp49
 70
     1
102
RTVSPost2010Prop50
 90
       50
102
RTVSPost2010PropOp50
 70
     1
102
RTVSPost2010Prop51ColorIndex
 90
      256
102
RTVSPost2010Prop51ColorRGB
 90
-16777216
102
RTVSPost2010PropOp51
 70
     0
102
RTVSPost2010Prop52
140
1.0
102
RTVSPost2010PropOp52
 70
     0
102
RTVSPost2010Prop53
 90
        2
102
RTVSPost2010PropOp53
 70
     1
102
RTVSPost2010Prop54
  1
strokes_ogs.tif
102
RTVSPost2010PropOp54
 70
     1
102
RTVSPost2010Prop55
280
     0
102
RTVSPost2010PropOp55
 70
     1
102
RTVSPost2010Prop56
140
1.0
102
RTVSPost2010PropOp56
 70
     1
102
RTVSPost2010Prop57
140
1.0
102
RTVSPost2010PropOp57
 70
     1
  0
XRECORD
  5
3A2
102
{ACAD_REACTORS
330
3A1
102
}
330
3A1
100
AcDbXrecord
280
     1
102
RTVSPropertyOp0
 70
     1
102
RTVSPropertyOp1
 70
     1
102
RTVSPropertyOp2
 70
     1
102
RTVSPropertyOp3
 70
     1
102
RTVSPropertyOp4
 70
     1
102
RTVSPropertyOp5
 70
     1
102
RTVSPropertyOp6
 70
     1
102
RTVSPropertyOp7
 70
     1
102
RTVSPropertyOp8
 70
     1
102
RTVSPropertyOp9
 70
     1
102
RTVSPropertyOp10
 70
     1
102
RTVSPropertyOp11
 70
     1
102
RTVSPropertyOp12
 70
     1
102
RTVSPropertyOp13
 70
     1
102
RTVSPropertyOp14
 70
     1
102
RTVSPropertyOp15
 70
     1
102
RTVSPropertyOp16
 70
     1
102
RTVSPropertyOp17
 70
     1
102
RTVSPropertyOp18
 70
     1
102
RTVSPropertyOp19
 70
     1
102
RTVSPropertyOp20
 70
     1
102
RTVSPropertyOp21
 70
     1
102
RTVSPropertyOp22
 70
     1
102
RTVSPropertyOp23
 70
     1
102
RTVSPropertyOp24
 70
     1
102
RTVSPropertyOp25
 70
     1
102
RTVSPropertyOp26
 70
     1
102
RTVSPropertyOp27
 70
     1
102
RTVSPropertyOp28
 70
     1
102
RTVSPropertyOp29
 70
     1
102
RTVSPropertyOp30
 70
     1
102
RTVSPropertyOp31
 70
     1
102
RTVSPropertyOp32
 70
     1
102
RTVSPropertyOp33
 70
     1
102
RTVSPropertyOp34
 70
     1
102
RTVSPropertyOp35
 70
     1
102
RTVSPropertyOp36
 70
     1
102
RTVSPropertyOp37
 70
     1
102
RTVSPropertyOp38
 70
     1
102
RTVSPropertyOp39
 70
     1
102
RTVSPropertyOp40
 70
     1
102
RTVSPropertyOp41
 70
     1
102
RTVSPropertyOp42
 70
     1
102
RTVSPropertyOp43
 70
     1
102
RTVSPropertyOp44
 70
     1
102
RTVSPropertyOp45
 70
     1
102
RTVSPropertyOp46
 70
     1
102
RTVSPropertyOp47
 70
     1
102
RTVSPropertyOp48
 70
     1
102
RTVSPropertyOp49
 70
     1
102
RTVSPropertyOp50
 70
     1
102
RTVSPropertyOp51
 70
     0
102
RTVSPropertyOp52
 70
     0
102
RTVSPropertyOp53
 70
     1
102
RTVSPropertyOp54
 70
     1
102
RTVSPropertyOp55
 70
     1
102
RTVSPropertyOp56
 70
     1
102
RTVSPropertyOp57
 70
     1
102
RTVSPost2010Prop28
280
     0
102
RTVSPost2010PropOp28
 70
     1
102
RTVSPost2010Prop29
280
     1
102
RTVSPost2010PropOp29
 70
     1
102
RTVSPost2010Prop30
280
     1
102
RTVSPost2010PropOp30
 70
     1
102
RTVSPost2010Prop31
280
     0
102
RTVSPost2010PropOp31
 70
     1
102
RTVSPost2010Prop32
280
     0
102
RTVSPost2010PropOp32
 70
     1
102
RTVSPost2010Prop33
280
     0
102
RTVSPost2010PropOp33
 70
     1
102
RTVSPost2010Prop34
280
     0
102
RTVSPost2010PropOp34
 70
     1
102
RTVSPost2010Prop35
280
     0
102
RTVSPost2010PropOp35
 70
     1
102
RTVSPost2010Prop36
280
     0
102
RTVSPost2010PropOp36
 70
     1
102
RTVSPost2010Prop37
 90
       50
102
RTVSPost2010PropOp37
 70
     1
102
RTVSPost2010Prop38
140
0.0
102
RTVSPost2010PropOp38
 70
     1
102
RTVSPost2010Prop39
140
1.0
102
RTVSPost2010PropOp39
 70
     1
102
RTVSPost2010Prop40
 90
        0
102
RTVSPost2010PropOp40
 70
     1
102
RTVSPost2010Prop41ColorIndex
 90
       18
102
RTVSPost2010Prop41ColorRGB
 90
        0
102
RTVSPost2010PropOp41
 70
     1
102
RTVSPost2010Prop42
 90
       50
102
RTVSPost2010PropOp42
 70
     1
102
RTVSPost2010Prop43
 90
        3
102
RTVSPost2010PropOp43
 70
     1
102
RTVSPost2010Prop44ColorIndex
 90
        5
102
RTVSPost2010Prop44ColorRGB
 90
      255
102
RTVSPost2010PropOp44
 70
     1
102
RTVSPost2010Prop45
280
     0
102
RTVSPost2010PropOp45
 70
     1
102
RTVSPost2010Prop46
 90
       50
102
RTVSPost2010PropOp46
 70
     1
102
RTVSPost2010Prop47
 90
       50
102
RTVSPost2010PropOp47
 70
     1
102
RTVSPost2010Prop48
 90
       50
102
RTVSPost2010PropOp48
 70
     1
102
RTVSPost2010Prop49
280
     0
102
RTVSPost2010PropOp49
 70
     1
102
RTVSPost2010Prop50
 90
       50
102
RTVSPost2010PropOp50
 70
     1
102
RTVSPost2010Prop51ColorIndex
 90
      256
102
RTVSPost2010Prop51ColorRGB
 90
-16777216
102
RTVSPost2010PropOp51
 70
     0
102
RTVSPost2010Prop52
140
1.0
102
RTVSPost2010PropOp52
 70
     0
102
RTVSPost2010Prop53
 90
        2
102
RTVSPost2010PropOp53
 70
     1
102
RTVSPost2010Prop54
  1
strokes_ogs.tif
102
RTVSPost2010PropOp54
 70
     1
102
RTVSPost2010Prop55
280
     0
102
RTVSPost2010PropOp55
 70
     1
102
RTVSPost2010Prop56
140
1.0
102
RTVSPost2010PropOp56
 70
     1
102
RTVSPost2010Prop57
140
1.0
102
RTVSPost2010PropOp57
 70
     1
  0
ENDSEC
  0
SECTION
  2
THUMBNAILIMAGE
 90
   263208
310
28000000000200000002000001000800000000000000000000000000000000000000000000000000FFFFFF00FF000000FFFF000000FF000000FFFF000000FF00FF00FF000000000080808000C0C0C000FF000000FF7F7F00A5000000A55252007F0000007F3F3F004C0000004C2626002600000026131300FF3F0000FF9F7F
310
00A5290000A56752007F1F00007F4F3F004C1300004C2F26002609000026171300FF7F0000FFBF7F00A5520000A57C52007F3F00007F5F3F004C2600004C39260026130000261C1300FFBF0000FFDF7F00A57C0000A59152007F5F00007F6F3F004C3900004C422600261C000026211300FFFF0000FFFF7F00A5A50000A5A5
310
52007F7F00007F7F3F004C4C00004C4C26002626000026261300BFFF0000DFFF7F007CA5000091A552005F7F00006F7F3F00394C0000424C26001C260000212613007FFF0000BFFF7F0052A500007CA552003F7F00005F7F3F00264C0000394C2600132600001C2613003FFF00009FFF7F0029A5000067A552001F7F00004F
310
7F3F00134C00002F4C2600092600001726130000FF00007FFF7F0000A5000052A55200007F00003F7F3F00004C0000264C2600002600001326130000FF3F007FFF9F0000A5290052A56700007F1F003F7F4F00004C1300264C2F00002609001326170000FF7F007FFFBF0000A5520052A57C00007F3F003F7F5F00004C2600
310
264C39000026130013261C0000FFBF007FFFDF0000A57C0052A59100007F5F003F7F6F00004C3900264C420000261C001326210000FFFF007FFFFF0000A5A50052A5A500007F7F003F7F7F00004C4C00264C4C00002626001326260000BFFF007FDFFF00007CA5005291A500005F7F003F6F7F0000394C0026424C00001C26
310
0013212600007FFF007FBFFF000052A500527CA500003F7F003F5F7F0000264C0026394C0000132600131C2600003FFF007F9FFF000029A5005267A500001F7F003F4F7F0000134C00262F4C0000092600131726000000FF007F7FFF000000A5005252A50000007F003F3F7F0000004C0026264C0000002600131326003F00
310
FF009F7FFF002900A5006752A5001F007F004F3F7F0013004C002F264C0009002600171326007F00FF00BF7FFF005200A5007C52A5003F007F005F3F7F0026004C0039264C00130026001C132600BF00FF00DF7FFF007C00A5009152A5005F007F006F3F7F0039004C0042264C001C00260021132600FF00FF00FF7FFF00A5
310
00A500A552A5007F007F007F3F7F004C004C004C264C002600260026132600FF00BF00FF7FDF00A5007C00A55291007F005F007F3F6F004C0039004C26420026001C0026132100FF007F00FF7FBF00A5005200A5527C007F003F007F3F5F004C0026004C2639002600130026131C00FF003F00FF7F9F00A5002900A5526700
310
7F001F007F3F4F004C0013004C262F002600090026131700000000002D2D2D005B5B5B0089898900B7B7B700B3B3B30000000000000000000000000000000000000000000000000000000000000000000000000000000000000000000000000000000000000000000000000000000000000000000000000000000000000000
310
00000000000000000000000000000000000000000000000000000000000000000000000000000000000000000000000000000000000000000000000000000000000000000000000000000000000000000000000000000000000000000000000000000000000000000000000000000000000000000000000000000000000000
310
00000000000000000000000000000000000000000000000000000000000000000000000000000000000000000000000000000000000000000000000000000000000000000000000000000000000000000000000000000000000000000000000000000000000000000000000000000000000000000000000000000000000000
310
00000000000000000000000000000000000000000000000000000000000000000000000000000000000000000000000000000000000000000000000000000000000000000000000000000000000000000000000000000000000000000000000000000000000000000000000000000000000000000000000000000000000000
310
00000000000000000000000000000000000000000000000000000000000000000000000000000000000000000000000000000000000000000000000000000000000000000000000000000000000000000000000000000000000000000000000000000000000000000000000000000000000000000000000000000000000000
310
00000000000000000000000000000000000000000000000000000000000000000000000000000000000000000000000000000000000000000000000000000000000000000000000000000000000000000000000000000000000000000000000000000000000000000000000000000000000000000000000000000000000000
310
00000000000000000000000000000000000000000000000000000000000000000000000000000000000000000000000000000000000000000000000000000000000000000000000000000000000000000000000000000000000000000000000000000000000000000000000000000000000000000000000000000000000000
310
00000000000000000000000000000000000000000000000000000000000000000000000000000000000000000000000000000000000000000000000000000000000000000000000000000000000000000000000000000000000000000000000000000000000000000000000000000000000000000000000000000000000000
310
00000000000000000000000000000000000000000000000000000000000000000000000000000000000000000000000000000000000000000000000000000000000000000000000000000000000000000000000000000000000000000000000000000000000000000000000000000000000000000000000000000000000000
310
00000000000000000000000000000000000000000000000000000000000000000000000000000000000000000000000000000000000000000000000000000000000000000000000000000000000000000000000000000000000000000000000000000000000000000000000000000000000000000000000000000000000000
310
00000000000000000000000000000000000000000000000000000000000000000000000000000000000000000000000000000000000000000000000000000000000000000000000000000000000000000000000000000000000000000000000000000000000000000000000000000000000000000000000000000000000000
310
00000000000000000000000000000000000000000000000000000000000000000000000000000000000000000000000000000000000000000000000000000000000000000000000000000000000000000000000000000000000000000000000000000000000000000000000000000000000000000000000000000000000000
310
00000000000000000000000000000000000000000000000000000000000000000000000000000000000000000000000000000000000000000000000000000000000000000000000000000000000000000000000000000000000000000000000000000000000000000000000000000000000000000000000000000000000000
310
00000000000000000000000000000000000000000000000000000000000000000000000000000000000000000000000000000000000000000000000000000000000000000000000000000000000000000000000000000000000000000000000000000000000000000000000000000000000000000000000000000000000000
310
00000000000000000000000000000000000000000000000000000000000000000000000000000000000000000000000000000000000000000000000000000000000000000000000000000000000000000000000000000000000000000000000000000000000000000000000000000000000000000000000000000000000000
310
00000000000000000000000000000000000000000000000000000000000000000000000000000000000000000000000000000000000000000000000000000000000000000000000000000000000000000000000000000000000000000000000000000000000000000000000000000000000000000000000000000000000000
310
00000000000000000000000000000000000000000000000000000000000000000000000000000000000000000000000000000000000000000000000000000000000000000000000000000000000000000000000000000000000000000000000000000000000000000000000000000000000000000000000000000000000000
310
00000000000000000000000000000000000000000000000000000000000000000000000000000000000000000000000000000000000000000000000000000000000000000000000000000000000000000000000000000000000000000000000000000000000000000000000000000000000000000000000000000000000000
310
00000000000000000000000000000000000000000000000000000000000000000000000000000000000000000000000000000000000000000000000000000000000000000000000000000000000000000000000000000000000000000000000000000000000000000000000000000000000000000000000000000000000000
310
00000000000000000000000000000000000000000000000000000000000000000000000000000000000000000000000000000000000000000000000000000000000000000000000000000000000000000000000000000000000000000000000000000000000000000000000000000000000000000000000000000000000000
310
00000000000000000000000000000000000000000000000000000000000000000000000000000000000000000000000000000000000000000000000000000000000000000000000000000000000000000000000000000000000000000000000000000000000000000000000000000000000000000000000000000000000000
310
00000000000000000000000000000000000000000000000000000000000000000000000000000000000000000000000000000000000000000000000000000000000000000000000000000000000000000000000000000000000000000000000000000000000000000000000000000000000000000000000000000000000000
310
00000000000000000000000000000000000000000000000000000000000000000000000000000000000000000000000000000000000000000000000000000000000000000000000000000000000000000000000000000000000000000000000000000000000000000000000000000000000000000000000000000000000000
310
00000000000000000000000000000000000000000000000000000000000000000000000000000000000000000000000000000000000000000000000000000000000000000000000000000000000000000000000000000000000000000000000000000000000000000000000000000000000000000000000000000000000000
310
00000000000000000000000000000000000000000000000000000000000000000000000000000000000000000000000000000000000000000000000000000000000000000000000000000000000000000000000000000000000000000000000000000000000000000000000000000000000000000000000000000000000000
310
00000000000000000000000000000000000000000000000000000000000000000000000000000000000000000000000000000000000000000000000000000000000000000000000000000000000000000000000000000000000000000000000000000000000000000000000000000000000000000000000000000000000000
310
00000000000000000000000000000000000000000000000000000000000000000000000000000000000000000000000000000000000000000000000000000000000000000000000000000000000000000000000000000000000000000000000000000000000000000000000000000000000000000000000000000000000000
310
00000000000000000000000000000000000000000000000000000000000000000000000000000000000000000000000000000000000000000000000000000000000000000000000000000000000000000000000000000000000000000000000000000000000000000000000000000000000000000000000000000000000000
310
00000000000000000000000000000000000000000000000000000000000000000000000000000000000000000000000000000000000000000000000000000000000000000000000000000000000000000000000000000000000000000000000000000000000000000000000000000000000000000000000000000000000000
310
00000000000000000000000000000000000000000000000000000000000000000000000000000000000000000000000000000000000000000000000000000000000000000000000000000000000000000000000000000000000000000000000000000000000000000000000000000000000000000000000000000000000000
310
00000000000000000000000000000000000000000000000000000000000000000000000000000000000000000000000000000000000000000000000000000000000000000000000000000000000000000000000000000000000000000000000000000000000000000000000000000000000000000000000000000000000000
310
00000000000000000000000000000000000000000000000000000000000000000000000000000000000000000000000000000000000000000000000000000000000000000000000000000000000000000000000000000000000000000000000000000000000000000000000000000000000000000000000000000000000000
310
00000000000000000000000000000000000000000000000000000000000000000000000000000000000000000000000000000000000000000000000000000000000000000000000000000000000000000000000000000000000000000000000000000000000000000000000000000000000000000000000000000000000000
310
00000000000000000000000000000000000000000000000000000000000000000000000000000000000000000000000000000000000000000000000000000000000000000000000000000000000000000000000000000000000000000000000000000000000000000000000000000000000000000000000000000000000000
310
00000000000000000000000000000000000000000000000000000000000000000000000000000000000000000000000000000000000000000000000000000000000000000000000000000000000000000000000000000000000000000000000000000000000000000000000000000000000000000000000000000000000000
310
00000000000000000000000000000000000000000000000000000000000000000000000000000000000000000000000000000000000000000000000000000000000000000000000000000000000000000000000000000000000000000000000000000000000000000000000000000000000000000000000000000000000000
310
00000000000000000000000000000000000000000000000000000000000000000000000000000000000000000000000000000000000000000000000000000000000000000000000000000000000000000000000000000000000000000000000000000000000000000000000000000000000000000000000000000000000000
310
00000000000000000000000000000000000000000000000000000000000000000000000000000000000000000000000000000000000000000000000000000000000000000000000000000000000000000000000000000000000000000000000000000000000000000000000000000000000000000000000000000000000000
310
00000000000000000000000000000000000000000000000000000000000000000000000000000000000000000000000000000000000000000000000000000000000000000000000000000000000000000000000000000000000000000000000000000000000000000000000000000000000000000000000000000000000000
310
00000000000000000000000000000000000000000000000000000000000000000000000000000000000000000000000000000000000000000000000000000000000000000000000000000000000000000000000000000000000000000000000000000000000000000000000000000000000000000000000000000000000000
310
00000000000000000000000000000000000000000000000000000000000000000000000000000000000000000000000000000000000000000000000000000000000000000000000000000000000000000000000000000000000000000000000000000000000000000000000000000000000000000000000000000000000000
310
00000000000000000000000000000000000000000000000000000000000000000000000000000000000000000000000000000000000000000000000000000000000000000000000000000000000000000000000000000000000000000000000000000000000000000000000000000000000000000000000000000000000000
310
00000000000000000000000000000000000000000000000000000000000000000000000000000000000000000000000000000000000000000000000000000000000000000000000000000000000000000000000000000000000000000000000000000000000000000000000000000000000000000000000000000000000000
310
00000000000000000000000000000000000000000000000000000000000000000000000000000000000000000000000000000000000000000000000000000000000000000000000000000000000000000000000000000000000000000000000000000000000000000000000000000000000000000000000000000000000000
310
00000000000000000000000000000000000000000000000000000000000000000000000000000000000000000000000000000000000000000000000000000000000000000000000000000000000000000000000000000000000000000000000000000000000000000000000000000000000000000000000000000000000000
310
00000000000000000000000000000000000000000000000000000000000000000000000000000000000000000000000000000000000000000000000000000000000000000000000000000000000000000000000000000000000000000000000000000000000000000000000000000000000000000000000000000000000000
310
00000000000000000000000000000000000000000000000000000000000000000000000000000000000000000000000000000000000000000000000000000000000000000000000000000000000000000000000000000000000000000000000000000000000000000000000000000000000000000000000000000000000000
310
00000000000000000000000000000000000000000000000000000000000000000000000000000000000000000000000000000000000000000000000000000000000000000000000000000000000000000000000000000000000000000000000000000000000000000000000000000000000000000000000000000000000000
310
00000000000000000000000000000000000000000000000000000000000000000000000000000000000000000000000000000000000000000000000000000000000000000000000000000000000000000000000000000000000000000000000000000000000000000000000000000000000000000000000000000000000000
310
00000000000000000000000000000000000000000000000000000000000000000000000000000000000000000000000000000000000000000000000000000000000000000000000000000000000000000000000000000000000000000000000000000000000000000000000000000000000000000000000000000000000000
310
00000000000000000000000000000000000000000000000000000000000000000000000000000000000000000000000000000000000000000000000000000000000000000000000000000000000000000000000000000000000000000000000000000000000000000000000000000000000000000000000000000000000000
310
00000000000000000000000000000000000000000000000000000000000000000000000000000000000000000000000000000000000000000000000000000000000000000000000000000000000000000000000000000000000000000000000000000000000000000000000000000000000000000000000000000000000000
310
00000000000000000000000000000000000000000000000000000000000000000000000000000000000000000000000000000000000000000000000000000000000000000000000000000000000000000000000000000000000000000000000000000000000000000000000000000000000000000000000000000000000000
310
00000000000000000000000000000000000000000000000000000000000000000000000000000000000000000000000000000000000000000000000000000000000000000000000000000000000000000000000000000000000000000000000000000000000000000000000000000000000000000000000000000000000000
310
00000000000000000000000000000000000000000000000000000000000000000000000000000000000000000000000000000000000000000000000000000000000000000000000000000000000000000000000000000000000000000000000000000000000000000000000000000000000000000000000000000000000000
310
00000000000000000000000000000000000000000000000000000000000000000000000000000000000000000000000000000000000000000000000000000000000000000000000000000000000000000000000000000000000000000000000000000000000000000000000000000000000000000000000000000000000000
310
00000000000000000000000000000000000000000000000000000000000000000000000000000000000000000000000000000000000000000000000000000000000000000000000000000000000000000000000000000000000000000000000000000000000000000000000000000000000000000000000000000000000000
310
00000000000000000000000000000000000000000000000000000000000000000000000000000000000000000000000000000000000000000000000000000000000000000000000000000000000000000000000000000000000000000000000000000000000000000000000000000000000000000000000000000000000000
310
00000000000000000000000000000000000000000000000000000000000000000000000000000000000000000000000000000000000000000000000000000000000000000000000000000000000000000000000000000000000000000000000000000000000000000000000000000000000000000000000000000000000000
310
00000000000000000000000000000000000000000000000000000000000000000000000000000000000000000000000000000000000000000000000000000000000000000000000000000000000000000000000000000000000000000000000000000000000000000000000000000000000000000000000000000000000000
310
00000000000000000000000000000000000000000000000000000000000000000000000000000000000000000000000000000000000000000000000000000000000000000000000000000000000000000000000000000000000000000000000000000000000000000000000000000000000000000000000000000000000000
310
00000000000000000000000000000000000000000000000000000000000000000000000000000000000000000000000000000000000000000000000000000000000000000000000000000000000000000000000000000000000000000000000000000000000000000000000000000000000000000000000000000000000000
310
00000000000000000000000000000000000000000000000000000000000000000000000000000000000000000000000000000000000000000000000000000000000000000000000000000000000000000000000000000000000000000000000000000000000000000000000000000000000000000000000000000000000000
310
00000000000000000000000000000000000000000000000000000000000000000000000000000000000000000000000000000000000000000000000000000000000000000000000000000000000000000000000000000000000000000000000000000000000000000000000000000000000000000000000000000000000000
310
00000000000000000000000000000000000000000000000000000000000000000000000000000000000000000000000000000000000000000000000000000000000000000000000000000000000000000000000000000000000000000000000000000000000000000000000000000000000000000000000000000000000000
310
00000000000000000000000000000000000000000000000000000000000000000000000000000000000000000000000000000000000000000000000000000000000000000000000000000000000000000000000000000000000000000000000000000000000000000000000000000000000000000000000000000000000000
310
00000000000000000000000000000000000000000000000000000000000000000000000000000000000000000000000000000000000000000000000000000000000000000000000000000000000000000000000000000000000000000000000000000000000000000000000000000000000000000000000000000000000000
310
00000000000000000000000000000000000000000000000000000000000000000000000000000000000000000000000000000000000000000000000000000000000000000000000000000000000000000000000000000000000000000000000000000000000000000000000000000000000000000000000000000000000000
310
00000000000000000000000000000000000000000000000000000000000000000000000000000000000000000000000000000000000000000000000000000000000000000000000000000000000000000000000000000000000000000000000000000000000000000000000000000000000000000000000000000000000000
310
00000000000000000000000000000000000000000000000000000000000000000000000000000000000000000000000000000000000000000000000000000000000000000000000000000000000000000000000000000000000000000000000000000000000000000000000000000000000000000000000000000000000000
310
00000000000000000000000000000000000000000000000000000000000000000000000000000000000000000000000000000000000000000000000000000000000000000000000000000000000000000000000000000000000000000000000000000000000000000000000000000000000000000000000000000000000000
310
00000000000000000000000000000000000000000000000000000000000000000000000000000000000000000000000000000000000000000000000000000000000000000000000000000000000000000000000000000000000000000000000000000000000000000000000000000000000000000000000000000000000000
310
00000000000000000000000000000000000000000000000000000000000000000000000000000000000000000000000000000000000000000000000000000000000000000000000000000000000000000000000000000000000000000000000000000000000000000000000000000000000000000000000000000000000000
310
00000000000000000000000000000000000000000000000000000000000000000000000000000000000000000000000000000000000000000000000000000000000000000000000000000000000000000000000000000000000000000000000000000000000000000000000000000000000000000000000000000000000000
310
00000000000000000000000000000000000000000000000000000000000000000000000000000000000000000000000000000000000000000000000000000000000000000000000000000000000000000000000000000000000000000000000000000000000000000000000000000000000000000000000000000000000000
310
00000000000000000000000000000000000000000000000000000000000000000000000000000000000000000000000000000000000000000000000000000000000000000000000000000000000000000000000000000000000000000000000000000000000000000000000000000000000000000000000000000000000000
310
00000000000000000000000000000000000000000000000000000000000000000000000000000000000000000000000000000000000000000000000000000000000000000000000000000000000000000000000000000000000000000000000000000000000000000000000000000000000000000000000000000000000000
310
00000000000000000000000000000000000000000000000000000000000000000000000000000000000000000000000000000000000000000000000000000000000000000000000000000000000000000000000000000000000000000000000000000000000000000000000000000000000000000000000000000000000000
310
00000000000000000000000000000000000000000000000000000000000000000000000000000000000000000000000000000000000000000000000000000000000000000000000000000000000000000000000000000000000000000000000000000000000000000000000000000000000000000000000000000000000000
310
00000000000000000000000000000000000000000000000000000000000000000000000000000000000000000000000000000000000000000000000000000000000000000000000000000000000000000000000000000000000000000000000000000000000000000000000000000000000000000000000000000000000000
310
00000000000000000000000000000000000000000000000000000000000000000000000000000000000000000000000000000000000000000000000000000000000000000000000000000000000000000000000000000000000000000000000000000000000000000000000000000000000000000000000000000000000000
310
00000000000000000000000000000000000000000000000000000000000000000000000000000000000000000000000000000000000000000000000000000000000000000000000000000000000000000000000000000000000000000000000000000000000000000000000000000000000000000000000000000000000000
310
00000000000000000000000000000000000000000000000000000000000000000000000000000000000000000000000000000000000000000000000000000000000000000000000000000000000000000000000000000000000000000000000000000000000000000000000000000000000000000000000000000000000000
310
00000000000000000000000000000000000000000000000000000000000000000000000000000000000000000000000000000000000000000000000000000000000000000000000000000000000000000000000000000000000000000000000000000000000000000000000000000000000000000000000000000000000000
310
00000000000000000000000000000000000000000000000000000000000000000000000000000000000000000000000000000000000000000000000000000000000000000000000000000000000000000000000000000000000000000000000000000000000000000000000000000000000000000000000000000000000000
310
00000000000000000000000000000000000000000000000000000000000000000000000000000000000000000000000000000000000000000000000000000000000000000000000000000000000000000000000000000000000000000000000000000000000000000000000000000000000000000000000000000000000000
310
00000000000000000000000000000000000000000000000000000000000000000000000000000000000000000000000000000000000000000000000000000000000000000000000000000000000000000000000000000000000000000000000000000000000000000000000000000000000000000000000000000000000000
310
00000000000000000000000000000000000000000000000000000000000000000000000000000000000000000000000000000000000000000000000000000000000000000000000000000000000000000000000000000000000000000000000000000000000000000000000000000000000000000000000000000000000000
310
00000000000000000000000000000000000000000000000000000000000000000000000000000000000000000000000000000000000000000000000000000000000000000000000000000000000000000000000000000000000000000000000000000000000000000000000000000000000000000000000000000000000000
310
00000000000000000000000000000000000000000000000000000000000000000000000000000000000000000000000000000000000000000000000000000000000000000000000000000000000000000000000000000000000000000000000000000000000000000000000000000000000000000000000000000000000000
310
00000000000000000000000000000000000000000000000000000000000000000000000000000000000000000000000000000000000000000000000000000000000000000000000000000000000000000000000000000000000000000000000000000000000000000000000000000000000000000000000000000000000000
310
00000000000000000000000000000000000000000000000000000000000000000000000000000000000000000000000000000000000000000000000000000000000000000000000000000000000000000000000000000000000000000000000000000000000000000000000000000000000000000000000000000000000000
310
00000000000000000000000000000000000000000000000000000000000000000000000000000000000000000000000000000000000000000000000000000000000000000000000000000000000000000000000000000000000000000000000000000000000000000000000000000000000000000000000000000000000000
310
00000000000000000000000000000000000000000000000000000000000000000000000000000000000000000000000000000000000000000000000000000000000000000000000000000000000000000000000000000000000000000000000000000000000000000000000000000000000000000000000000000000000000
310
00000000000000000000000000000000000000000000000000000000000000000000000000000000000000000000000000000000000000000000000000000000000000000000000000000000000000000000000000000000000000000000000000000000000000000000000000000000000000000000000000000000000000
310
00000000000000000000000000000000000000000000000000000000000000000000000000000000000000000000000000000000000000000000000000000000000000000000000000000000000000000000000000000000000000000000000000000000000000000000000000000000000000000000000000000000000000
310
00000000000000000000000000000000000000000000000000000000000000000000000000000000000000000000000000000000000000000000000000000000000000000000000000000000000000000000000000000000000000000000000000000000000000000000000000000000000000000000000000000000000000
310
00000000000000000000000000000000000000000000000000000000000000000000000000000000000000000000000000000000000000000000000000000000000000000000000000000000000000000000000000000000000000000000000000000000000000000000000000000000000000000000000000000000000000
310
00000000000000000000000000000000000000000000000000000000000000000000000000000000000000000000000000000000000000000000000000000000000000000000000000000000000000000000000000000000000000000000000000000000000000000000000000000000000000000000000000000000000000
310
00000000000000000000000000000000000000000000000000000000000000000000000000000000000000000000000000000000000000000000000000000000000000000000000000000000000000000000000000000000000000000000000000000000000000000000000000000000000000000000000000000000000000
310
00000000000000000000000000000000000000000000000000000000000000000000000000000000000000000000000000000000000000000000000000000000000000000000000000000000000000000000000000000000000000000000000000000000000000000000000000000000000000000000000000000000000000
310
00000000000000000000000000000000000000000000000000000000000000000000000000000000000000000000000000000000000000000000000000000000000000000000000000000000000000000000000000000000000000000000000000000000000000000000000000000000000000000000000000000000000000
310
00000000000000000000000000000000000000000000000000000000000000000000000000000000000000000000000000000000000000000000000000000000000000000000000000000000000000000000000000000000000000000000000000000000000000000000000000000000000000000000000000000000000000
310
00000000000000000000000000000000000000000000000000000000000000000000000000000000000000000000000000000000000000000000000000000000000000000000000000000000000000000000000000000000000000000000000000000000000000000000000000000000000000000000000000000000000000
310
00000000000000000000000000000000000000000000000000000000000000000000000000000000000000000000000000000000000000000000000000000000000000000000000000000000000000000000000000000000000000000000000000000000000000000000000000000000000000000000000000000000000000
310
00000000000000000000000000000000000000000000000000000000000000000000000000000000000000000000000000000000000000000000000000000000000000000000000000000000000000000000000000000000000000000000000000000000000000000000000000000000000000000000000000000000000000
310
00000000000000000000000000000000000000000000000000000000000000000000000000000000000000000000000000000000000000000000000000000000000000000000000000000000000000000000000000000000000000000000000000000000000000000000000000000000000000000000000000000000000000
310
00000000000000000000000000000000000000000000000000000000000000000000000000000000000000000000000000000000000000000000000000000000000000000000000000000000000000000000000000000000000000000000000000000000000000000000000000000000000000000000000000000000000000
310
00000000000000000000000000000000000000000000000000000000000000000000000000000000000000000000000000000000000000000000000000000000000000000000000000000000000000000000000000000000000000000000000000000000000000000000000000000000000000000000000000000000000000
310
00000000000000000000000000000000000000000000000000000000000000000000000000000000000000000000000000000000000000000000000000000000000000000000000000000000000000000000000000000000000000000000000000000000000000000000000000000000000000000000000000000000000000
310
00000000000000000000000000000000000000000000000000000000000000000000000000000000000000000000000000000000000000000000000000000000000000000000000000000000000000000000000000000000000000000000000000000000000000000000000000000000000000000000000000000000000000
310
00000000000000000000000000000000000000000000000000000000000000000000000000000000000000000000000000000000000000000000000000000000000000000000000000000000000000000000000000000000000000000000000000000000000000000000000000000000000000000000000000000000000000
310
00000000000000000000000000000000000000000000000000000000000000000000000000000000000000000000000000000000000000000000000000000000000000000000000000000000000000000000000000000000000000000000000000000000000000000000000000000000000000000000000000000000000000
310
00000000000000000000000000000000000000000000000000000000000000000000000000000000000000000000000000000000000000000000000000000000000000000000000000000000000000000000000000000000000000000000000000000000000000000000000000000000000000000000000000000000000000
310
00000000000000000000000000000000000000000000000000000000000000000000000000000000000000000000000000000000000000000000000000000000000000000000000000000000000000000000000000000000000000000000000000000000000000000000000000000000000000000000000000000000000000
310
00000000000000000000000000000000000000000000000000000000000000000000000000000000000000000000000000000000000000000000000000000000000000000000000000000000000000000000000000000000000000000000000000000000000000000000000000000000000000000000000000000000000000
310
00000000000000000000000000000000000000000000000000000000000000000000000000000000000000000000000000000000000000000000000000000000000000000000000000000000000000000000000000000000000000000000000000000000000000000000000000000000000000000000000000000000000000
310
00000000000000000000000000000000000000000000000000000000000000000000000000000000000000000000000000000000000000000000000000000000000000000000000000000000000000000000000000000000000000000000000000000000000000000000000000000000000000000000000000000000000000
310
00000000000000000000000000000000000000000000000000000000000000000000000000000000000000000000000000000000000000000000000000000000000000000000000000000000000000000000000000000000000000000000000000000000000000000000000000000000000000000000000000000000000000
310
00000000000000000000000000000000000000000000000000000000000000000000000000000000000000000000000000000000000000000000000000000000000000000000000000000000000000000000000000000000000000000000000000000000000000000000000000000000000000000000000000000000000000
310
00000000000000000000000000000000000000000000000000000000000000000000000000000000000000000000000000000000000000000000000000000000000000000000000000000000000000000000000000000000000000000000000000000000000000000000000000000000000000000000000000000000000000
310
00000000000000000000000000000000000000000000000000000000000000000000000000000000000000000000000000000000000000000000000000000000000000000000000000000000000000000000000000000000000000000000000000000000000000000000000000000000000000000000000000000000000000
310
00000000000000000000000000000000000000000000000000000000000000000000000000000000000000000000000000000000000000000000000000000000000000000000000000000000000000000000000000000000000000000000000000000000000000000000000000000000000000000000000000000000000000
310
00000000000000000000000000000000000000000000000000000000000000000000000000000000000000000000000000000000000000000000000000000000000000000000000000000000000000000000000000000000000000000000000000000000000000000000000000000000000000000000000000000000000000
310
00000000000000000000000000000000000000000000000000000000000000000000000000000000000000000000000000000000000000000000000000000000000000000000000000000000000000000000000000000000000000000000000000000000000000000000000000000000000000000000000000000000000000
310
00000000000000000000000000000000000000000000000000000000000000000000000000000000000000000000000000000000000000000000000000000000000000000000000000000000000000000000000000000000000000000000000000000000000000000000000000000000000000000000000000000000000000
310
00000000000000000000000000000000000000000000000000000000000000000000000000000000000000000000000000000000000000000000000000000000000000000000000000000000000000000000000000000000000000000000000000000000000000000000000000000000000000000000000000000000000000
310
00000000000000000000000000000000000000000000000000000000000000000000000000000000000000000000000000000000000000000000000000000000000000000000000000000000000000000000000000000000000000000000000000000000000000000000000000000000000000000000000000000000000000
310
00000000000000000000000000000000000000000000000000000000000000000000000000000000000000000000000000000000000000000000000000000000000000000000000000000000000000000000000000000000000000000000000000000000000000000000000000000000000000000000000000000000000000
310
00000000000000000000000000000000000000000000000000000000000000000000000000000000000000000000000000000000000000000000000000000000000000000000000000000000000000000000000000000000000000000000000000000000000000000000000000000000000000000000000000000000000000
310
00000000000000000000000000000000000000000000000000000000000000000000000000000000000000000000000000000000000000000000000000000000000000000000000000000000000000000000000000000000000000000000000000000000000000000000000000000000000000000000000000000000000000
310
00000000000000000000000000000000000000000000000000000000000000000000000000000000000000000000000000000000000000000000000000000000000000000000000000000000000000000000000000000000000000000000000000000000000000000000000000000000000000000000000000000000000000
310
00000000000000000000000000000000000000000000000000000000000000000000000000000000000000000000000000000000000000000000000000000000000000000000000000000000000000000000000000000000000000000000000000000000000000000000000000000000000000000000000000000000000000
310
00000000000000000000000000000000000000000000000000000000000000000000000000000000000000000000000000000000000000000000000000000000000000000000000000000000000000000000000000000000000000000000000000000000000000000000000000000000000000000000000000000000000000
310
00000000000000000000000000000000000000000000000000000000000000000000000000000000000000000000000000000000000000000000000000000000000000000000000000000000000000000000000000000000000000000000000000000000000000000000000000000000000000000000000000000000000000
310
00000000000000000000000000000000000000000000000000000000000000000000000000000000000000000000000000000000000000000000000000000000000000000000000000000000000000000000000000000000000000000000000000000000000000000000000000000000000000000000000000000000000000
310
00000000000000000000000000000000000000000000000000000000000000000000000000000000000000000000000000000000000000000000000000000000000000000000000000000000000000000000000000000000000000000000000000000000000000000000000000000000000000000000000000000000000000
310
00000000000000000000000000000000000000000000000000000000000000000000000000000000000000000000000000000000000000000000000000000000000000000000000000000000000000000000000000000000000000000000000000000000000000000000000000000000000000000000000000000000000000
310
00000000000000000000000000000000000000000000000000000000000000000000000000000000000000000000000000000000000000000000000000000000000000000000000000000000000000000000000000000000000000000000000000000000000000000000000000000000000000000000000000000000000000
310
00000000000000000000000000000000000000000000000000000000000000000000000000000000000000000000000000000000000000000000000000000000000000000000000000000000000000000000000000000000000000000000000000000000000000000000000000000000000000000000000000000000000000
310
00000000000000000000000000000000000000000000000000000000000000000000000000000000000000000000000000000000000000000000000000000000000000000000000000000000000000000000000000000000000000000000000000000000000000000000000000000000000000000000000000000000000000
310
00000000000000000000000000000000000000000000000000000000000000000000000000000000000000000000000000000000000000000000000000000000000000000000000000000000000000000000000000000000000000000000000000000000000000000000000000000000000000000000000000000000000000
310
00000000000000000000000000000000000000000000000000000000000000000000000000000000000000000000000000000000000000000000000000000000000000000000000000000000000000000000000000000000000000000000000000000000000000000000000000000000000000000000000000000000000000
310
00000000000000000000000000000000000000000000000000000000000000000000000000000000000000000000000000000000000000000000000000000000000000000000000000000000000000000000000000000000000000000000000000000000000000000000000000000000000000000000000000000000000000
310
00000000000000000000000000000000000000000000000000000000000000000000000000000000000000000000000000000000000000000000000000000000000000000000000000000000000000000000000000000000000000000000000000000000000000000000000000000000000000000000000000000000000000
310
00000000000000000000000000000000000000000000000000000000000000000000000000000000000000000000000000000000000000000000000000000000000000000000000000000000000000000000000000000000000000000000000000000000000000000000000000000000000000000000000000000000000000
310
00000000000000000000000000000000000000000000000000000000000000000000000000000000000000000000000000000000000000000000000000000000000000000000000000000000000000000000000000000000000000000000000000000000000000000000000000000000000000000000000000000000000000
310
00000000000000000000000000000000000000000000000000000000000000000000000000000000000000000000000000000000000000000000000000000000000000000000000000000000000000000000000000000000000000000000000000000000000000000000000000000000000000000000000000000000000000
310
00000000000000000000000000000000000000000000000000000000000000000000000000000000000000000000000000000000000000000000000000000000000000000000000000000000000000000000000000000000000000000000000000000000000000000000000000000000000000000000000000000000000000
310
00000000000000000000000000000000000000000000000000000000000000000000000000000000000000000000000000000000000000000000000000000000000000000000000000000000000000000000000000000000000000000000000000000000000000000000000000000000000000000000000000000000000000
310
00000000000000000000000000000000000000000000000000000000000000000000000000000000000000000000000000000000000000000000000000000000000000000000000000000000000000000000000000000000000000000000000000000000000000000000000000000000000000000000000000000000000000
310
00000000000000000000000000000000000000000000000000000000000000000000000000000000000000000000000000000000000000000000000000000000000000000000000000000000000000000000000000000000000000000000000000000000000000000000000000000000000000000000000000000000000000
310
00000000000000000000000000000000000000000000000000000000000000000000000000000000000000000000000000000000000000000000000000000000000000000000000000000000000000000000000000000000000000000000000000000000000000000000000000000000000000000000000000000000000000
310
00000000000000000000000000000000000000000000000000000000000000000000000000000000000000000000000000000000000000000000000000000000000000000000000000000000000000000000000000000000000000000000000000000000000000000000000000000000000000000000000000000000000000
310
00000000000000000000000000000000000000000000000000000000000000000000000000000000000000000000000000000000000000000000000000000000000000000000000000000000000000000000000000000000000000000000000000000000000000000000000000000000000000000000000000000000000000
310
00000000000000000000000000000000000000000000000000000000000000000000000000000000000000000000000000000000000000000000000000000000000000000000000000000000000000000000000000000000000000000000000000000000000000000000000000000000000000000000000000000000000000
310
00000000000000000000000000000000000000000000000000000000000000000000000000000000000000000000000000000000000000000000000000000000000000000000000000000000000000000000000000000000000000000000000000000000000000000000000000000000000000000000000000000000000000
310
00000000000000000000000000000000000000000000000000000000000000000000000000000000000000000000000000000000000000000000000000000000000000000000000000000000000000000000000000000000000000000000000000000000000000000000000000000000000000000000000000000000000000
310
00000000000000000000000000000000000000000000000000000000000000000000000000000000000000000000000000000000000000000000000000000000000000000000000000000000000000000000000000000000000000000000000000000000000000000000000000000000000000000000000000000000000000
310
00000000000000000000000000000000000000000000000000000000000000000000000000000000000000000000000000000000000000000000000000000000000000000000000000000000000000000000000000000000000000000000000000000000000000000000000000000000000000000000000000000000000000
310
00000000000000000000000000000000000000000000000000000000000000000000000000000000000000000000000000000000000000000000000000000000000000000000000000000000000000000000000000000000000000000000000000000000000000000000000000000000000000000000000000000000000000
310
00000000000000000000000000000000000000000000000000000000000000000000000000000000000000000000000000000000000000000000000000000000000000000000000000000000000000000000000000000000000000000000000000000000000000000000000000000000000000000000000000000000000000
310
00000000000000000000000000000000000000000000000000000000000000000000000000000000000000000000000000000000000000000000000000000000000000000000000000000000000000000000000000000000000000000000000000000000000000000000000000000000000000000000000000000000000000
310
00000000000000000000000000000000000000000000000000000000000000000000000000000000000000000000000000000000000000000000000000000000000000000000000000000000000000000000000000000000000000000000000000000000000000000000000000000000000000000000000000000000000000
310
00000000000000000000000000000000000000000000000000000000000000000000000000000000000000000000000000000000000000000000000000000000000000000000000000000000000000000000000000000000000000000000000000000000000000000000000000000000000000000000000000000000000000
310
00000000000000000000000000000000000000000000000000000000000000000000000000000000000000000000000000000000000000000000000000000000000000000000000000000000000000000000000000000000000000000000000000000000000000000000000000000000000000000000000000000000000000
310
00000000000000000000000000000000000000000000000000000000000000000000000000000000000000000000000000000000000000000000000000000000000000000000000000000000000000000000000000000000000000000000000000000000000000000000000000000000000000000000000000000000000000
310
00000000000000000000000000000000000000000000000000000000000000000000000000000000000000000000000000000000000000000000000000000000000000000000000000000000000000000000000000000000000000000000000000000000000000000000000000000000000000000000000000000000000000
310
00000000000000000000000000000000000000000000000000000000000000000000000000000000000000000000000000000000000000000000000000000000000000000000000000000000000000000000000000000000000000000000000000000000000000000000000000000000000000000000000000000000000000
310
00000000000000000000000000000000000000000000000000000000000000000000000000000000000000000000000000000000000000000000000000000000000000000000000000000000000000000000000000000000000000000000000000000000000000000000000000000000000000000000000000000000000000
310
00000000000000000000000000000000000000000000000000000000000000000000000000000000000000000000000000000000000000000000000000000000000000000000000000000000000000000000000000000000000000000000000000000000000000000000000000000000000000000000000000000000000000
310
00000000000000000000000000000000000000000000000000000000000000000000000000000000000000000000000000000000000000000000000000000000000000000000000000000000000000000000000000000000000000000000000000000000000000000000000000000000000000000000000000000000000000
310
00000000000000000000000000000000000000000000000000000000000000000000000000000000000000000000000000000000000000000000000000000000000000000000000000000000000000000000000000000000000000000000000000000000000000000000000000000000000000000000000000000000000000
310
00000000000000000000000000000000000000000000000000000000000000000000000000000000000000000000000000000000000000000000000000000000000000000000000000000000000000000000000000000000000000000000000000000000000000000000000000000000000000000000000000000000000000
310
00000000000000000000000000000000000000000000000000000000000000000000000000000000000000000000000000000000000000000000000000000000000000000000000000000000000000000000000000000000000000000000000000000000000000000000000000000000000000000000000000000000000000
310
00000000000000000000000000000000000000000000000000000000000000000000000000000000000000000000000000000000000000000000000000000000000000000000000000000000000000000000000000000000000000000000000000000000000000000000000000000000000000000000000000000000000000
310
00000000000000000000000000000000000000000000000000000000000000000000000000000000000000000000000000000000000000000000000000000000000000000000000000000000000000000000000000000000000000000000000000000000000000000000000000000000000000000000000000000000000000
310
00000000000000000000000000000000000000000000000000000000000000000000000000000000000000000000000000000000000000000000000000000000000000000000000000000000000000000000000000000000000000000000000000000000000000000000000000000000000000000000000000000000000000
310
00000000000000000000000000000000000000000000000000000000000000000000000000000000000000000000000000000000000000000000000000000000000000000000000000000000000000000000000000000000000000000000000000000000000000000000000000000000000000000000000000000000000000
310
00000000000000000000000000000000000000000000000000000000000000000000000000000000000000000000000000000000000000000000000000000000000000000000000000000000000000000000000000000000000000000000000000000000000000000000000000000000000000000000000000000000000000
310
00000000000000000000000000000000000000000000000000000000000000000000000000000000000000000000000000000000000000000000000000000000000000000000000000000000000000000000000000000000000000000000000000000000000000000000000000000000000000000000000000000000000000
310
00000000000000000000000000000000000000000000000000000000000000000000000000000000000000000000000000000000000000000000000000000000000000000000000000000000000000000000000000000000000000000000000000000000000000000000000000000000000000000000000000000000000000
310
00000000000000000000000000000000000000000000000000000000000000000000000000000000000000000000000000000000000000000000000000000000000000000000000000000000000000000000000000000000000000000000000000000000000000000000000000000000000000000000000000000000000000
310
00000000000000000000000000000000000000000000000000000000000000000000000000000000000000000000000000000000000000000000000000000000000000000000000000000000000000000000000000000000000000000000000000000000000000000000000000000000000000000000000000000000000000
310
00000000000000000000000000000000000000000000000000000000000000000000000000000000000000000000000000000000000000000000000000000000000000000000000000000000000000000000000000000000000000000000000000000000000000000000000000000000000000000000000000000000000000
310
00000000000000000000000000000000000000000000000000000000000000000000000000000000000000000000000000000000000000000000000000000000000000000000000000000000000000000000000000000000000000000000000000000000000000000000000000000000000000000000000000000000000000
310
00000000000000000000000000000000000000000000000000000000000000000000000000000000000000000000000000000000000000000000000000000000000000000000000000000000000000000000000000000000000000000000000000000000000000000000000000000000000000000000000000000000000000
310
00000000000000000000000000000000000000000000000000000000000000000000000000000000000000000000000000000000000000000000000000000000000000000000000000000000000000000000000000000000000000000000000000000000000000000000000000000000000000000000000000000000000000
310
00000000000000000000000000000000000000000000000000000000000000000000000000000000000000000000000000000000000000000000000000000000000000000000000000000000000000000000000000000000000000000000000000000000000000000000000000000000000000000000000000000000000000
310
00000000000000000000000000000000000000000000000000000000000000000000000000000000000000000000000000000000000000000000000000000000000000000000000000000000000000000000000000000000000000000000000000000000000000000000000000000000000000000000000000000000000000
310
00000000000000000000000000000000000000000000000000000000000000000000000000000000000000000000000000000000000000000000000000000000000000000000000000000000000000000000000000000000000000000000000000000000000000000000000000000000000000000000000000000000000000
310
00000000000000000000000000000000000000000000000000000000000000000000000000000000000000000000000000000000000000000000000000000000000000000000000000000000000000000000000000000000000000000000000000000000000000000000000000000000000000000000000000000000000000
310
00000000000000000000000000000000000000000000000000000000000000000000000000000000000000000000000000000000000000000000000000000000000000000000000000000000000000000000000000000000000000000000000000000000000000000000000000000000000000000000000000000000000000
310
00000000000000000000000000000000000000000000000000000000000000000000000000000000000000000000000000000000000000000000000000000000000000000000000000000000000000000000000000000000000000000000000000000000000000000000000000000000000000000000000000000000000000
310
00000000000000000000000000000000000000000000000000000000000000000000000000000000000000000000000000000000000000000000000000000000000000000000000000000000000000000000000000000000000000000000000000000000000000000000000000000000000000000000000000000000000000
310
00000000000000000000000000000000000000000000000000000000000000000000000000000000000000000000000000000000000000000000000000000000000000000000000000000000000000000000000000000000000000000000000000000000000000000000000000000000000000000000000000000000000000
310
00000000000000000000000000000000000000000000000000000000000000000000000000000000000000000000000000000000000000000000000000000000000000000000000000000000000000000000000000000000000000000000000000000000000000000000000000000000000000000000000000000000000000
310
00000000000000000000000000000000000000000000000000000000000000000000000000000000000000000000000000000000000000000000000000000000000000000000000000000000000000000000000000000000000000000000000000000000000000000000000000000000000000000000000000000000000000
310
00000000000000000000000000000000000000000000000000000000000000000000000000000000000000000000000000000000000000000000000000000000000000000000000000000000000000000000000000000000000000000000000000000000000000000000000000000000000000000000000000000000000000
310
00000000000000000000000000000000000000000000000000000000000000000000000000000000000000000000000000000000000000000000000000000000000000000000000000000000000000000000000000000000000000000000000000000000000000000000000000000000000000000000000000000000000000
310
00000000000000000000000000000000000000000000000000000000000000000000000000000000000000000000000000000000000000000000000000000000000000000000000000000000000000000000000000000000000000000000000000000000000000000000000000000000000000000000000000000000000000
310
00000000000000000000000000000000000000000000000000000000000000000000000000000000000000000000000000000000000000000000000000000000000000000000000000000000000000000000000000000000000000000000000000000000000000000000000000000000000000000000000000000000000000
310
00000000000000000000000000000000000000000000000000000000000000000000000000000000000000000000000000000000000000000000000000000000000000000000000000000000000000000000000000000000000000000000000000000000000000000000000000000000000000000000000000000000000000
310
00000000000000000000000000000000000000000000000000000000000000000000000000000000000000000000000000000000000000000000000000000000000000000000000000000000000000000000000000000000000000000000000000000000000000000000000000000000000000000000000000000000000000
310
00000000000000000000000000000000000000000000000000000000000000000000000000000000000000000000000000000000000000000000000000000000000000000000000000000000000000000000000000000000000000000000000000000000000000000000000000000000000000000000000000000000000000
310
00000000000000000000000000000000000000000000000000000000000000000000000000000000000000000000000000000000000000000000000000000000000000000000000000000000000000000000000000000000000000000000000000000000000000000000000000000000000000000000000000000000000000
310
00000000000000000000000000000000000000000000000000000000000000000000000000000000000000000000000000000000000000000000000000000000000000000000000000000000000000000000000000000000000000000000000000000000000000000000000000000000000000000000000000000000000000
310
00000000000000000000000000000000000000000000000000000000000000000000000000000000000000000000000000000000000000000000000000000000000000000000000000000000000000000000000000000000000000000000000000000000000000000000000000000000000000000000000000000000000000
310
00000000000000000000000000000000000000000000000000000000000000000000000000000000000000000000000000000000000000000000000000000000000000000000000000000000000000000000000000000000000000000000000000000000000000000000000000000000000000000000000000000000000000
310
00000000000000000000000000000000000000000000000000000000000000000000000000000000000000000000000000000000000000000000000000000000000000000000000000000000000000000000000000000000000000000000000000000000000000000000000000000000000000000000000000000000000000
310
00000000000000000000000000000000000000000000000000000000000000000000000000000000000000000000000000000000000000000000000000000000000000000000000000000000000000000000000000000000000000000000000000000000000000000000000000000000000000000000000000000000000000
310
00000000000000000000000000000000000000000000000000000000000000000000000000000000000000000000000000000000000000000000000000000000000000000000000000000000000000000000000000000000000000000000000000000000000000000000000000000000000000000000000000000000000000
310
00000000000000000000000000000000000000000000000000000000000000000000000000000000000000000000000000000000000000000000000000000000000000000000000000000000000000000000000000000000000000000000000000000000000000000000000000000000000000000000000000000000000000
310
00000000000000000000000000000000000000000000000000000000000000000000000000000000000000000000000000000000000000000000000000000000000000000000000000000000000000000000000000000000000000000000000000000000000000000000000000000000000000000000000000000000000000
310
00000000000000000000000000000000000000000000000000000000000000000000000000000000000000000000000000000000000000000000000000000000000000000000000000000000000000000000000000000000000000000000000000000000000000000000000000000000000000000000000000000000000000
310
00000000000000000000000000000000000000000000000000000000000000000000000000000000000000000000000000000000000000000000000000000000000000000000000000000000000000000000000000000000000000000000000000000000000000000000000000000000000000000000000000000000000000
310
00000000000000000000000000000000000000000000000000000000000000000000000000000000000000000000000000000000000000000000000000000000000000000000000000000000000000000000000000000000000000000000000000000000000000000000000000000000000000000000000000000000000000
310
00000000000000000000000000000000000000000000000000000000000000000000000000000000000000000000000000000000000000000000000000000000000000000000000000000000000000000000000000000000000000000000000000000000000000000000000000000000000000000000000000000000000000
310
00000000000000000000000000000000000000000000000000000000000000000000000000000000000000000000000000000000000000000000000000000000000000000000000000000000000000000000000000000000000000000000000000000000000000000000000000000000000000000000000000000000000000
310
00000000000000000000000000000000000000000000000000000000000000000000000000000000000000000000000000000000000000000000000000000000000000000000000000000000000000000000000000000000000000000000000000000000000000000000000000000000000000000000000000000000000000
310
00000000000000000000000000000000000000000000000000000000000000000000000000000000000000000000000000000000000000000000000000000000000000000000000000000000000000000000000000000000000000000000000000000000000000000000000000000000000000000000000000000000000000
310
00000000000000000000000000000000000000000000000000000000000000000000000000000000000000000000000000000000000000000000000000000000000000000000000000000000000000000000000000000000000000000000000000000000000000000000000000000000000000000000000000000000000000
310
00000000000000000000000000000000000000000000000000000000000000000000000000000000000000000000000000000000000000000000000000000000000000000000000000000000000000000000000000000000000000000000000000000000000000000000000000000000000000000000000000000000000000
310
00000000000000000000000000000000000000000000000000000000000000000000000000000000000000000000000000000000000000000000000000000000000000000000000000000000000000000000000000000000000000000000000000000000000000000000000000000000000000000000000000000000000000
310
00000000000000000000000000000000000000000000000000000000000000000000000000000000000000000000000000000000000000000000000000000000000000000000000000000000000000000000000000000000000000000000000000000000000000000000000000000000000000000000000000000000000000
310
00000000000000000000000000000000000000000000000000000000000000000000000000000000000000000000000000000000000000000000000000000000000000000000000000000000000000000000000000000000000000000000000000000000000000000000000000000000000000000000000000000000000000
310
00000000000000000000000000000000000000000000000000000000000000000000000000000000000000000000000000000000000000000000000000000000000000000000000000000000000000000000000000000000000000000000000000000000000000000000000000000000000000000000000000000000000000
310
00000000000000000000000000000000000000000000000000000000000000000000000000000000000000000000000000000000000000000000000000000000000000000000000000000000000000000000000000000000000000000000000000000000000000000000000000000000000000000000000000000000000000
310
00000000000000000000000000000000000000000000000000000000000000000000000000000000000000000000000000000000000000000000000000000000000000000000000000000000000000000000000000000000000000000000000000000000000000000000000000000000000000000000000000000000000000
310
00000000000000000000000000000000000000000000000000000000000000000000000000000000000000000000000000000000000000000000000000000000000000000000000000000000000000000000000000000000000000000000000000000000000000000000000000000000000000000000000000000000000000
310
00000000000000000000000000000000000000000000000000000000000000000000000000000000000000000000000000000000000000000000000000000000000000000000000000000000000000000000000000000000000000000000000000000000000000000000000000000000000000000000000000000000000000
310
00000000000000000000000000000000000000000000000000000000000000000000000000000000000000000000000000000000000000000000000000000000000000000000000000000000000000000000000000000000000000000000000000000000000000000000000000000000000000000000000000000000000000
310
00000000000000000000000000000000000000000000000000000000000000000000000000000000000000000000000000000000000000000000000000000000000000000000000000000000000000000000000000000000000000000000000000000000000000000000000000000000000000000000000000000000000000
310
00000000000000000000000000000000000000000000000000000000000000000000000000000000000000000000000000000000000000000000000000000000000000000000000000000000000000000000000000000000000000000000000000000000000000000000000000000000000000000000000000000000000000
310
00000000000000000000000000000000000000000000000000000000000000000000000000000000000000000000000000000000000000000000000000000000000000000000000000000000000000000000000000000000000000000000000000000000000000000000000000000000000000000000000000000000000000
310
00000000000000000000000000000000000000000000000000000000000000000000000000000000000000000000000000000000000000000000000000000000000000000000000000000000000000000000000000000000000000000000000000000000000000000000000000000000000000000000000000000000000000
310
00000000000000000000000000000000000000000000000000000000000000000000000000000000000000000000000000000000000000000000000000000000000000000000000000000000000000000000000000000000000000000000000000000000000000000000000000000000000000000000000000000000000000
310
00000000000000000000000000000000000000000000000000000000000000000000000000000000000000000000000000000000000000000000000000000000000000000000000000000000000000000000000000000000000000000000000000000000000000000000000000000000000000000000000000000000000000
310
00000000000000000000000000000000000000000000000000000000000000000000000000000000000000000000000000000000000000000000000000000000000000000000000000000000000000000000000000000000000000000000000000000000000000000000000000000000000000000000000000000000000000
310
00000000000000000000000000000000000000000000000000000000000000000000000000000000000000000000000000000000000000000000000000000000000000000000000000000000000000000000000000000000000000000000000000000000000000000000000000000000000000000000000000000000000000
310
00000000000000000000000000000000000000000000000000000000000000000000000000000000000000000000000000000000000000000000000000000000000000000000000000000000000000000000000000000000000000000000000000000000000000000000000000000000000000000000000000000000000000
310
00000000000000000000000000000000000000000000000000000000000000000000000000000000000000000000000000000000000000000000000000000000000000000000000000000000000000000000000000000000000000000000000000000000000000000000000000000000000000000000000000000000000000
310
00000000000000000000000000000000000000000000000000000000000000000000000000000000000000000000000000000000000000000000000000000000000000000000000000000000000000000000000000000000000000000000000000000000000000000000000000000000000000000000000000000000000000
310
00000000000000000000000000000000000000000000000000000000000000000000000000000000000000000000000000000000000000000000000000000000000000000000000000000000000000000000000000000000000000000000000000000000000000000000000000000000000000000000000000000000000000
310
00000000000000000000000000000000000000000000000000000000000000000000000000000000000000000000000000000000000000000000000000000000000000000000000000000000000000000000000000000000000000000000000000000000000000000000000000000000000000000000000000000000000000
310
00000000000000000000000000000000000000000000000000000000000000000000000000000000000000000000000000000000000000000000000000000000000000000000000000000000000000000000000000000000000000000000000000000000000000000000000000000000000000000000000000000000000000
310
00000000000000000000000000000000000000000000000000000000000000000000000000000000000000000000000000000000000000000000000000000000000000000000000000000000000000000000000000000000000000000000000000000000000000000000000000000000000000000000000000000000000000
310
00000000000000000000000000000000000000000000000000000000000000000000000000000000000000000000000000000000000000000000000000000000000000000000000000000000000000000000000000000000000000000000000000000000000000000000000000000000000000000000000000000000000000
310
00000000000000000000000000000000000000000000000000000000000000000000000000000000000000000000000000000000000000000000000000000000000000000000000000000000000000000000000000000000000000000000000000000000000000000000000000000000000000000000000000000000000000
310
00000000000000000000000000000000000000000000000000000000000000000000000000000000000000000000000000000000000000000000000000000000000000000000000000000000000000000000000000000000000000000000000000000000000000000000000000000000000000000000000000000000000000
310
00000000000000000000000000000000000000000000000000000000000000000000000000000000000000000000000000000000000000000000000000000000000000000000000000000000000000000000000000000000000000000000000000000000000000000000000000000000000000000000000000000000000000
310
00000000000000000000000000000000000000000000000000000000000000000000000000000000000000000000000000000000000000000000000000000000000000000000000000000000000000000000000000000000000000000000000000000000000000000000000000000000000000000000000000000000000000
310
00000000000000000000000000000000000000000000000000000000000000000000000000000000000000000000000000000000000000000000000000000000000000000000000000000000000000000000000000000000000000000000000000000000000000000000000000000000000000000000000000000000000000
310
00000000000000000000000000000000000000000000000000000000000000000000000000000000000000000000000000000000000000000000000000000000000000000000000000000000000000000000000000000000000000000000000000000000000000000000000000000000000000000000000000000000000000
310
00000000000000000000000000000000000000000000000000000000000000000000000000000000000000000000000000000000000000000000000000000000000000000000000000000000000000000000000000000000000000000000000000000000000000000000000000000000000000000000000000000000000000
310
00000000000000000000000000000000000000000000000000000000000000000000000000000000000000000000000000000000000000000000000000000000000000000000000000000000000000000000000000000000000000000000000000000000000000000000000000000000000000000000000000000000000000
310
00000000000000000000000000000000000000000000000000000000000000000000000000000000000000000000000000000000000000000000000000000000000000000000000000000000000000000000000000000000000000000000000000000000000000000000000000000000000000000000000000000000000000
310
00000000000000000000000000000000000000000000000000000000000000000000000000000000000000000000000000000000000000000000000000000000000000000000000000000000000000000000000000000000000000000000000000000000000000000000000000000000000000000000000000000000000000
310
00000000000000000000000000000000000000000000000000000000000000000000000000000000000000000000000000000000000000000000000000000000000000000000000000000000000000000000000000000000000000000000000000000000000000000000000000000000000000000000000000000000000000
310
00000000000000000000000000000000000000000000000000000000000000000000000000000000000000000000000000000000000000000000000000000000000000000000000000000000000000000000000000000000000000000000000000000000000000000000000000000000000000000000000000000000000000
310
00000000000000000000000000000000000000000000000000000000000000000000000000000000000000000000000000000000000000000000000000000000000000000000000000000000000000000000000000000000000000000000000000000000000000000000000000000000000000000000000000000000000000
310
00000000000000000000000000000000000000000000000000000000000000000000000000000000000000000000000000000000000000000000000000000000000000000000000000000000000000000000000000000000000000000000000000000000000000000000000000000000000000000000000000000000000000
310
00000000000000000000000000000000000000000000000000000000000000000000000000000000000000000000000000000000000000000000000000000000000000000000000000000000000000000000000000000000000000000000000000000000000000000000000000000000000000000000000000000000000000
310
00000000000000000000000000000000000000000000000000000000000000000000000000000000000000000000000000000000000000000000000000000000000000000000000000000000000000000000000000000000000000000000000000000000000000000000000000000000000000000000000000000000000000
310
00000000000000000000000000000000000000000000000000000000000000000000000000000000000000000000000000000000000000000000000000000000000000000000000000000000000000000000000000000000000000000000000000000000000000000000000000000000000000000000000000000000000000
310
00000000000000000000000000000000000000000000000000000000000000000000000000000000000000000000000000000000000000000000000000000000000000000000000000000000000000000000000000000000000000000000000000000000000000000000000000000000000000000000000000000000000000
310
00000000000000000000000000000000000000000000000000000000000000000000000000000000000000000000000000000000000000000000000000000000000000000000000000000000000000000000000000000000000000000000000000000000000000000000000000000000000000000000000000000000000000
310
00000000000000000000000000000000000000000000000000000000000000000000000000000000000000000000000000000000000000000000000000000000000000000000000000000000000000000000000000000000000000000000000000000000000000000000000000000000000000000000000000000000000000
310
00000000000000000000000000000000000000000000000000000000000000000000000000000000000000000000000000000000000000000000000000000000000000000000000000000000000000000000000000000000000000000000000000000000000000000000000000000000000000000000000000000000000000
310
00000000000000000000000000000000000000000000000000000000000000000000000000000000000000000000000000000000000000000000000000000000000000000000000000000000000000000000000000000000000000000000000000000000000000000000000000000000000000000000000000000000000000
310
00000000000000000000000000000000000000000000000000000000000000000000000000000000000000000000000000000000000000000000000000000000000000000000000000000000000000000000000000000000000000000000000000000000000000000000000000000000000000000000000000000000000000
310
00000000000000000000000000000000000000000000000000000000000000000000000000000000000000000000000000000000000000000000000000000000000000000000000000000000000000000000000000000000000000000000000000000000000000000000000000000000000000000000000000000000000000
310
00000000000000000000000000000000000000000000000000000000000000000000000000000000000000000000000000000000000000000000000000000000000000000000000000000000000000000000000000000000000000000000000000000000000000000000000000000000000000000000000000000000000000
310
00000000000000000000000000000000000000000000000000000000000000000000000000000000000000000000000000000000000000000000000000000000000000000000000000000000000000000000000000000000000000000000000000000000000000000000000000000000000000000000000000000000000000
310
00000000000000000000000000000000000000000000000000000000000000000000000000000000000000000000000000000000000000000000000000000000000000000000000000000000000000000000000000000000000000000000000000000000000000000000000000000000000000000000000000000000000000
310
00000000000000000000000000000000000000000000000000000000000000000000000000000000000000000000000000000000000000000000000000000000000000000000000000000000000000000000000000000000000000000000000000000000000000000000000000000000000000000000000000000000000000
310
00000000000000000000000000000000000000000000000000000000000000000000000000000000000000000000000000000000000000000000000000000000000000000000000000000000000000000000000000000000000000000000000000000000000000000000000000000000000000000000000000000000000000
310
00000000000000000000000000000000000000000000000000000000000000000000000000000000000000000000000000000000000000000000000000000000000000000000000000000000000000000000000000000000000000000000000000000000000000000000000000000000000000000000000000000000000000
310
00000000000000000000000000000000000000000000000000000000000000000000000000000000000000000000000000000000000000000000000000000000000000000000000000000000000000000000000000000000000000000000000000000000000000000000000000000000000000000000000000000000000000
310
00000000000000000000000000000000000000000000000000000000000000000000000000000000000000000000000000000000000000000000000000000000000000000000000000000000000000000000000000000000000000000000000000000000000000000000000000000000000000000000000000000000000000
310
00000000000000000000000000000000000000000000000000000000000000000000000000000000000000000000000000000000000000000000000000000000000000000000000000000000000000000000000000000000000000000000000000000000000000000000000000000000000000000000000000000000000000
310
00000000000000000000000000000000000000000000000000000000000000000000000000000000000000000000000000000000000000000000000000000000000000000000000000000000000000000000000000000000000000000000000000000000000000000000000000000000000000000000000000000000000000
310
00000000000000000000000000000000000000000000000000000000000000000000000000000000000000000000000000000000000000000000000000000000000000000000000000000000000000000000000000000000000000000000000000000000000000000000000000000000000000000000000000000000000000
310
00000000000000000000000000000000000000000000000000000000000000000000000000000000000000000000000000000000000000000000000000000000000000000000000000000000000000000000000000000000000000000000000000000000000000000000000000000000000000000000000000000000000000
310
00000000000000000000000000000000000000000000000000000000000000000000000000000000000000000000000000000000000000000000000000000000000000000000000000000000000000000000000000000000000000000000000000000000000000000000000000000000000000000000000000000000000000
310
00000000000000000000000000000000000000000000000000000000000000000000000000000000000000000000000000000000000000000000000000000000000000000000000000000000000000000000000000000000000000000000000000000000000000000000000000000000000000000000000000000000000000
310
00000000000000000000000000000000000000000000000000000000000000000000000000000000000000000000000000000000000000000000000000000000000000000000000000000000000000000000000000000000000000000000000000000000000000000000000000000000000000000000000000000000000000
310
00000000000000000000000000000000000000000000000000000000000000000000000000000000000000000000000000000000000000000000000000000000000000000000000000000000000000000000000000000000000000000000000000000000000000000000000000000000000000000000000000000000000000
310
00000000000000000000000000000000000000000000000000000000000000000000000000000000000000000000000000000000000000000000000000000000000000000000000000000000000000000000000000000000000000000000000000000000000000000000000000000000000000000000000000000000000000
310
00000000000000000000000000000000000000000000000000000000000000000000000000000000000000000000000000000000000000000000000000000000000000000000000000000000000000000000000000000000000000000000000000000000000000000000000000000000000000000000000000000000000000
310
00000000000000000000000000000000000000000000000000000000000000000000000000000000000000000000000000000000000000000000000000000000000000000000000000000000000000000000000000000000000000000000000000000000000000000000000000000000000000000000000000000000000000
310
00000000000000000000000000000000000000000000000000000000000000000000000000000000000000000000000000000000000000000000000000000000000000000000000000000000000000000000000000000000000000000000000000000000000000000000000000000000000000000000000000000000000000
310
00000000000000000000000000000000000000000000000000000000000000000000000000000000000000000000000000000000000000000000000000000000000000000000000000000000000000000000000000000000000000000000000000000000000000000000000000000000000000000000000000000000000000
310
00000000000000000000000000000000000000000000000000000000000000000000000000000000000000000000000000000000000000000000000000000000000000000000000000000000000000000000000000000000000000000000000000000000000000000000000000000000000000000000000000000000000000
310
00000000000000000000000000000000000000000000000000000000000000000000000000000000000000000000000000000000000000000000000000000000000000000000000000000000000000000000000000000000000000000000000000000000000000000000000000000000000000000000000000000000000000
310
00000000000000000000000000000000000000000000000000000000000000000000000000000000000000000000000000000000000000000000000000000000000000000000000000000000000000000000000000000000000000000000000000000000000000000000000000000000000000000000000000000000000000
310
00000000000000000000000000000000000000000000000000000000000000000000000000000000000000000000000000000000000000000000000000000000000000000000000000000000000000000000000000000000000000000000000000000000000000000000000000000000000000000000000000000000000000
310
00000000000000000000000000000000000000000000000000000000000000000000000000000000000000000000000000000000000000000000000000000000000000000000000000000000000000000000000000000000000000000000000000000000000000000000000000000000000000000000000000000000000000
310
00000000000000000000000000000000000000000000000000000000000000000000000000000000000000000000000000000000000000000000000000000000000000000000000000000000000000000000000000000000000000000000000000000000000000000000000000000000000000000000000000000000000000
310
00000000000000000000000000000000000000000000000000000000000000000000000707070700000000000000000000000000000000000000000000000000000000000000000000000000000000000000000000000000000000000000000007070707000000000000000000000000000000000000000000000000000000
310
00000000000000000000000000000000000000000000000000000000000007070707000000000000000000000000000000000000000000000000000000000000000000000000000000000000000000000000000000000000000000070707070000000000000000000000000000000000000000000000000000000000000000
310
00000000000000000000000000000000000000000000000000070707070000000000000000000000000000000000000000000000000000000000000000000000000000000000000000000000000000000000000000000707070700000000000000000000000000000000000000000000000000000000000000000000000000
310
00000000000000000000000000000000000000000707070700000000000000000000000000000000000000000000000000000000000000000000000000000000000000000000000000000000000000000000000000000000000000000000000000000000000000000000000000000000000000000000000000000000000000
310
00000000000000000000000000000000000000000000000000000000000000000000000000000007070707000000000000000000000000000000000000000000000000000000000000000000000000000000000000000000000000000000000000000000070707070000000000000000000000000000000000000000000000
310
00000000000000000000000000000000000000000000000000000000000000000000070707070000000000000000000000000000000000000000000000000000000000000000000000000000000000000000000000000000000000000000000707070700000000000000000000000000000000000000000000000000000000
310
00000000000000000000000000000000000000000000000000000000000707070700000000000000000000000000000000000000000000000000000000000000000000000000000000000000000000000000000000000000000007070707000000000000000000000000000000000000000000000000000000000000000000
310
00000000000000000000000000000000000000000000000007070707000000000000000000000000000000000000000000000000000000000000000000000000000000000000000000000000000000000000000000000000000000000000000000000000000000000000000000000000000000000000000000000000000000
310
00000000000000000000000000000000000000000000000000000000000000000000000000000000000000070707070000000000000000000000000000000000000000000000000000000000000000000000000000000000000000000000000000000000000000000707070700000000000000000000000000000000000000
310
00000000000000000000000000000000000000000000000000000000000000000000000000000707070700000000000000000000000000000000000000000000000000000000000000000000000000000000000000000000000000000000000000000007070707000000000000000000000000000000000000000000000000
310
00000000000000000000000000000000000000000000000000000000000000000007070707000000000000000000000000000000000000000000000000000000000000000000000000000000000000000000000000000000000000000000070707070000000000000000000000000000000000000000000000000000000000
310
00000000000000000000000000000000000000000000000000000000070707070000000000000000000000000000000000000000000000000000000000000000000000000000000000000000000000000000000000000000000000000000000000000000000000000000000000000000000000000000000000000000000000
310
00000000000000000000000000000000000000000000000000000000000000000000000000000000000000000000000707070700000000000000000000000000000000000000000000000000000000000000000000000000000000000000000000000000000000000000000007070707000000000000000000000000000000
310
00000000000000000000000000000000000000000000000000000000000000000000000000000000000007070707000000000000000000000000000000000000000000000000000000000000000000000000000000000000000000000000000000000000000000070707070000000000000000000000000000000000000000
310
00000000000000000000000000000000000000000000000000000000000000000000000000070707070000000000000000000000000000000000000000000000000000000000000000000000000000000000000000000000000000000000000000000707070700000000000000000000000000000000000000000000000000
310
00000000000000000000000000000000000000000000000000000000000000000707070700000000000000000000000000000000000000000000000000000000000000000000000000000000000000000000000000000000000000000000000000000000000000000000000000000000000000000000000000000000000000
310
00000000000000000000000000000000000000000000070000000000000000000000000000000000000000000000000000000007070707000000000000000000000000000000000000000000000000000007070707000000000000000000000000000000000000000000000000000000070707070000000000000000000000
310
00000000000000000000000000000000070700000000000000000000000000000000000000000000000000000000070707070000000000000000000000000000000000000000000000000000000007000000000000000000000000000000000000000000000000000000000707070700000000000000000000000000000000
310
00000000000000000000000707000000000000000000000000000000000000000000000000000000000707070700000000000000000000000000000000000000000000000000000007070000000000000000000000000000000000000000000000000000000007070707000000000000000000000000000000000000000000
310
00000000000007000000000000000000000000000000000000000000000000000000000007070707000000000000000000000000000000000000000000000000000007070700000000000000000000000000000000000000000000000000000000000000000000000000000000000000000000000000000000000000000000
310
00000000000000000000000000000000000000000000000000000700000000000000000000000000000000000000000000000000000000070707070000000000000000000000000000000000000000000000000000070707070000000000000000000000000000000000000000000000000000000707070700000000000000
310
00000000000000000000000000000000000000070707070000000000000000000000000000000000000000000000000000000707070700000000000000000000000000000000000000000000000000000707070700000000000000000000000000000000000000000000000000000007070707000000000000000000000000
310
00000000000000000000000000000707070700000000000000000000000000000000000000000000000000000007070707000000000000000000000000000000000000000000000000000007070707000000000000000000000000000000000000000000000000000000070707070000000000000000000000000000000000
310
00000000000000000000070000000000000000000000000000000000000000000000000000000000070707070000000000000000000000000000000000000000000000000000070707070000000000000000000000000000000000000000000000000000000000000000000000000000000000000000000000000000000000
310
00000000000000000000000000000000000000000000000000000000000007000000000000000000000000000000000000000000000000000000000707070700000000000000000000000000000000000000000000000000000007070000000000000000000000000000000000000000000000000000000007070707000000
310
00000000000000000000000000000000000000000000000707070700000000000000000000000000000000000000000000000000000007070707000000000000000000000000000000000000000000000000000007070707000000000000000000000000000000000000000000000000000000070707070000000000000000
310
00000000000000000000000000000000000007070707000000000000000000000000000000000000000000000000000000070707070000000000000000000000000000000000000000000000000000070707070000000000000000000000000000000000000000000000000000000707070700000000000000000000000000
310
00000000000000000000000000000700000000000000000000000000000000000000000000000000000000000707070700000000000000000000000000000000000000000000000000000707070700000000000000000000000000000000000000000000000000000000000000000000000000000000000000000000000000
310
00000000000000000000000000000000000000000000000000000000000000000007070000000000000000000000000000000000000000000000000000000007070707000000000000000000000000000000000000000000000000000000000707000000000000000000000000000000000000000000000000000000070707
310
07000000000000000000000000000000000000000000000000000000070707000000000000000000000000000000000000000000000000000000070707070000000000000000000000000000000000000000000000000000070707000000000000000000000000000000000000000000000000000000000707070700000000
310
00000000000000000000000000000000000000000000070707070000000000000000000000000000000000000000000000000000000707070700000000000000000000000000000000000000000000000000000707070700000000000000000000000000000000000000000000000000000007070707000000000000000000
310
00000000000000000000000000000000000007070000000000000000000000000000000000000000000000000000000007070707000000000000000000000000000000000000000000000000000007070700000000000000000000000000000000000000000000000000000000000000000000000000000000000000000000
310
00000000000000070707070707070707070707070707070707070707070707070707070707070707070707070707070707070707070707070707070707070707070707070707070707070707070707070707070707070707070707070707070707070707070707070707070707070707070707070707070707070707070707
310
07070707070707070707070707070707070707070707070707070707070707070707070707070707070707070707070707070707070707070707070707070707070707070707070707070707070707070707070707070707070707070707070707070707070707070707070707070707070707070707070707070707070707
310
07070707070707070707070707070707070707070707070707070707070707070707070707070707070707070707070707070707070707070707070707070707070707070707070707070707070707070707070707070707070707070707070707070707070707070707070707070707070707070707070707070707070707
310
07070707070707070707070707070707070707070707070707070707070707070707070707070707070707070707070707070707070707070707070707070707070707070707070707070707070707070707070707070707070707070707070707070707070707070707070707070707070707000000000000000000000000
310
00000000000000000007070707070707070707070707070707070707070707070707070707070707070707070707070707070707070707070707070707070707070707070707070707070707070707070707070707070707070707070707070707070707070707070707070707070707070707070707070707070707070707
310
07070707070707070707070707070707070707070707070707070707070707070707070707070707070707070707070707070707070707070707070707070707070707070707070707070707070707070707070707070707070707070707070707070707070707070707070707070707070707070707070707070707070707
310
07070707070707070707070707070707070707070707070707070707070707070707070707070707070707070707070707070707070707070707070707070707070707070707070707070707070707070707070707070707070707070707070707070707070707070707070707070707070707070707070707070707070707
310
07070707070707070707070707070707070707070707070707070707070707070707070707070707070707070707070707070707070707070707070707070707070707070707070707070707070707070707070707070707070707070707070707070707070707070707070707070707070707070707070707070000000000
310
00000000000000000000000007070707070707070707070707070707070707070707070707070707070707070707070707070707070707070707070707070707070707070707070707070707070707070707070707070707070707070707070707070707070707070707070707070707070707070707070707070707070707
310
07070707070707070707070707070707070707070707070707070707070707070707070707070707070707070707070707070707070707070707070707070707070707070707070707070707070707070707070707070707070707070707070707070707070707070707070707070707070707070707070707070707070707
310
07070707070707070707070707070707070707070707070707070707070707070707070707070707070707070707070707070707070707070707070707070707070707070707070707070707070707070707070707070707070707070707070707070707070707070707070707070707070707070707070707070707070707
310
07070707070707070707070707070707070707070707070707070707070707070707070707070707070707070707070707070707070707070707070707070707070707070707070707070707070707070707070707070707070707070707070707070707070707070707070707070707070707070707070707070707070707
310
00000000000000000000000000000007070707070707070707070707070707070707070707070707070707070707070707070707070707070707070707070707070707070707070707070707070707070707070707070707070707070707070707070707070707070707070707070707070707070707070707070707070707
310
07070707070707070707070707070707070707070707070707070707070707070707070707070707070707070707070707070707070707070707070707070707070707070707070707070707070707070707070707070707070707070707070707070707070707070707070707070707070707070707070707070707070707
310
07070707070707070707070707070707070707070707070707070707070707070707070707070707070707070707070707070707070707070707070707070707070707070707070707070707070707070707070707070707070707070707070707070707070707070707070707070707070707070707070707070707070707
310
07070707070707070707070707070707070707070707070707070707070707070707070707070707070707070707070707070707070707070707070707070707070707070707070707070707070707070707070707070707070707070707070707070707070707070707070707070707070707070707070707070707070707
310
07070707000000000000000000000000000000070707070707070707070707070707070707070707070707070707070707070707070707070707070707070707070707070707070707070707070707070707070707070707070707070707070707070707070707070707070707070707070707070707070707070707070707
310
07070707070707070707070707070707070707070707070707070707070707070707070707070707070707070707070707070707070707070707070707070707070707070707070707070707070707070707070707070707070707070707070707070707070707070707070707070707070707070707070707070707070707
310
07070707070707070707070707070707070707070707070707070707070707070707070707070707070707070707070707070707070707070707070707070707070707070707070707070707070707070707070707070707070707070707070707070707070707070707070707070707070707070707070707070707070707
310
07070707070707070707070707070707070707070707070707070707070707070707070707070707070707070707070707070707070707070707070707070707070707070707070707070707070707070707070707070707070707070707070707070707070707070707070707070707070707070707070707070707070707
310
07070707070707070000000000000000000000000000000707070707070707070707070707070707070707070707070707070707070707070707070707070707070707070707070707070707070707070707070707070707070707070707070707070707070707070707070707070707070707070707070707070707070707
310
07070707070707070707070707070707070707070707070707070707070707070707070707070707070707070707070707070707070707070707070707070707070707070707070707070707070707070707070707070707070707070707070707070707070707070707070707070707070707070707070707070707070707
310
07070707070707070707070707070707070707070707070707070707070707070700000000070007070000070000000000000000000000070707070700000707070707000000000707070707070707070707070707070707070707070707070707070707070707070707070707070707070707070707000007070000000000
310
07000007000000000000000007000000070000070707070707070707070707070707070707070707070707070707070707070707070707070707070707070707070707070707070707070707070707070707070707070707070707070707070707070707070707070707070707070707070707070707070707070707070707
310
07070707070707070707070700000000000000000000000000000007070707070707070707070707070707070707070707070707070707070707070707070707070707070707070707070707070707070707070707070707070707070707070707070707070707070707070707070707070707070707070707070707070707
310
07070707070707070707070707070707070707070707070707070707070707070707070707070707070707070707070707070707070707070707070707070707070707070707070707070707070707070707070707070707070707070707070707070707070707070707070707070707070707070707070707070707070707
310
07070707070707070707070707070707070707070707070707070707070707070707070707000000000000000007070007070000000000000000000707070707000007070707070000000007070707000000000000000707070707070707070707070707070707070707070707070707070707070707070707070000070000
310
00000000000000000000070000000000000000000000070707070707070707070707070707070707070707070707070707070707070707070707070707070707070707070707070707070707070707070707070707070707070707070707070707070707070707070707070707070707070707070707070707070707070707
310
07070707070707070707070707070707000000000000000000000000000000070707070707070707070707070707070707070707070707070707070707070707070707070707070707070707070707070707070707070707070707070707070707070707070707070707070707070707070707070707070707070707070707
310
07070707070707070707070707070707070707070707070707070707070707070707070707070707070707070707070707070707070707070707070707070707070707070707070707070707070707070707070707070707070707070707070707070707070707070707070707070707070707070707070707070707070707
310
07070707070707070707070707070707070707070707070707070707070707070707070707070707070000000007000707000000000000000000000000000007070707070000070707070700000000070707070000000000000007070707070707070707070707070707070707070707070707070707070707070707070700
310
00000007000000000000000000000000000000000000000000000707070707070707070707070707070707070707070707070707070707070707070707070707070707070707070707070707070707070707070707070707070707070707070707070707070707070707070707070707070707070707070707070707070707
310
07070707070707070707070707070707070707070000000000000000000000000000000707070707070707070707070707070707070707070707070707070707070707070707070707070707070707070707070707070707070707070707070707070707070707070707070707070707070707070707070707070707070707
310
07070707070707070707070707070707070707070707070707070707070707070707070707070707070707070707070707070707070707070707070707070707070707070707070707070707070707070707070707070707070707070707070707070707070707070707070707070707070707070707070707070707070707
310
07070707070707070707070707070707070707070707070707070707070707070707070707070707070707070700000000000000070000000000000000000000000000070707070700000707070707000000000707070700000000000000070707070707070707070707070707070707070707070707070707070707070707
310
07070700000000070700000000000000000000000000000000000000000007070707070707070707070707070707070707070707070707070707070707070707070707070707070707070707070707070707070707070707070707070707070707070707070707070707070707070707070707070707070707070707070707
310
07070707070707070707070707070707070707070707070700000000000000000000000000000007070707070707070700000000000000000000000000000000000000000000000000000000000000000000000000000000000000000000000000000000000000000000000000000000000000000000000000000000000000
310
00000000000000000000000000000000000000000000000000000000000000000000000000000000000000000000000000000000000000000000000000000000000000000000000000000000000000000000000000000000000000000000000000000000000000000000000000000000000000000000000000000000000000
310
00000000000000000000000000000000000000000000000000000000000000000707070700000000000000000000000007000007000000000007000000000000000000000000000000070000000000000000000000000000000707000000000000000000000000000000000000000000000000000000000000000000000000
310
00000000070707000000000000000000000000000000000000000000000000000000000000000000000000000000000000000000000000000000000000000000000000000000070707070000000000000000000000000000000000000000000000000000000000000000000000000000000000000000000000000000000000
310
00000000000000000000000000000000000000070707070707070707000000000000000000000000000000070707070707070707000000000000000000000000000000000000000000000000000000000000000000000000000000000000000000000000000000000000000000000000000000000000000000000000000000
310
00000000000000000000000000000000000000000000000000000000000000000000000000000000000000000000000000000000000000000000000000000000000000000000000000000000000000000000000000000000000000000000000000000000000000000000000000000000000000000000000000000000000000
310
00000000000000000000000000000000000000000000000000000000000000000000000007070707000000000000000000000000070707070000000000070000000000000000000000000000000700000000000000000000000000000007070707000000000000000000000000000000000000000000000000000000000000
310
00000000000000000707070000000700000000000700000700070700000000000700000000000707070707070707070707070707070707070707070707070707070707070707070707070707070707070707070707070707070707070707070707070707070707070707070707070707070707070707070707070707070707
310
07070707070707070707070707070707070707070707070707070707070707070000000000000000000000000000000707070707070707070000000000000000000000000000000000000000000000000000000000000000000000000000000000000000000000000000000000000000000000000000000000000000000000
310
00000000000000000000000000000000000000000000000000000000000000000000000000000000000000000000000000000000000000000000000000000000000000000000000000000000000000000000000000000000000000000000000000000000000000000000000000000000000000000000000000000000000000
310
00000000000000000000000000000000000000000000000000000000000000000000000000000000000000000000000000000000000000000707070700000000000000000000000000000000000000000007000000000000000000000000000000070707070000000000000000000000000000000000000000000000000000
310
00000000000000000000000007070707070707070707070707070707070707070707070707070707070707070707070707070707070707070707070707070707070707070707070707070707070707070707070707070707070707070707070707070707070707070707070707070707070707070707070707070707070707
310
07070707070707070707070707070707070707070707070707070707070707070707070700000000000000000000000000000007070707070707070700000000000000000000000000000000000000000000000000000000000000000000000000000000000000000000000000000000000000000000000000000000000000
310
00000000000000000000000000000000000000000000000000000000000000000000000000000000000000000000000000000000000000000000000000000000000000000000000000000000000000000000000000000000000000000000000000000000000000000000000000000000000000000000000000000000000000
310
00000000000000000000000000000000000000000000000000000000000000000000000000000000000000000000000000000000000000000000000007070700000000070707000000000000000000000000000707070000000000000007000000000000000707070007070000000707070707070707070707070707070707
310
07070707070707070707070707070707070707070707070707070707070707070707070707070707070707070707070707070707070707070707070707070707070707070707070707070707070707070707070707070707070707070707070707070707070707070707070707070707070707070707070707070707070707
310
07070707070707070707070707070707070707070707070707070707070707070707070707070707000000000000000000000000000000070707070707070707000000000000000000000000000000000000000000000000000000000000000000000000000000000000000000000000000000000000000000000000000000
310
00000000000000000000000000000000000000000000000000000000000000000000000000000000000000000000000000000000000000000000000000000000000000000000000000000000000000000000000000000000000000000000000000000000000000000000000000000000000000000000000000000000000000
310
00000000000000000000000000000000000000000000000000000000000000000000000000000000000000000000000000000000000000000000000000000000070707000000000000070000000000000000000000000000000700000000000000000000000000000007070000000000000000000000000000000000000000
310
00000000000000000000000000000000000000000707070707070707070707070707070707070707070707070707070707070707070707070707070707070707070707070707070707070707070707070707070707070700000707070007070707070707000000000700070000000000000707070707070000070007000707
310
00000007000000000000000700000707000007070707070707070707070707070707070707070707070707070000000000000000000000000000000707070707070707070000000000000000000000000000000000000000000000000000000000000000000000000000000000000000000000000000000000000000000000
310
00000000000000000000000000000000000000000000000000000000000000000000000000000000000000000000000000000000000000000000000000000000000000000000000000000000000000000000000000000000000000000000000000000000000000000000000000000000000000000000000000000000000000
310
00000000000000000000000000000000000000000000000000000000000000000000000000000000000000000000000000000000000000000000000000000000000000000707070000000000000000000000000000000000000000000007000000000000000000000000000000070700000000000000000000000000000000
310
00000000000000000000000000000000000000000000000007070707000000000000000000000000000000000000000000000000000000000000000000000000000000000000000000000000000000000000000000000000000007070000000000000000000000000000000000000000000000000000000000000000000000
310
00000000000000000000000000000000000000000000070000000000000000000000000000000007070707070707070700000000000000000000000000000007070707070707070700000000000000000000000000000000000000000000000000000000000000000000000000000000000000000000000000000000000000
310
00000000000000000000000000000000000000000000000000000000000000000000000000000000000000000000000000000000000000000000000000000000000000000000000000000000000000000000000000000000000000000000000000000000000000000000000000000000000000000000000000000000000000
310
00000000000000000000000000000000000000000000000000000000000000000000000000000000000000000000000000000000000000000000000000000000000000000000000007070700000007070707000707000000000000000000000707070000000000000000000007000000000707000000000000000000000000
310
00000000000000000000000000000000000000000000000000000000070707070000000000000000000000000000000000000000000000000000000000000000000000000000000000000000000000000000000000000000000000000000070000000000000000000000000000000000000000000000000000000000000000
310
00000000000700000000000000000000000000000000000000000700000000000000000000000000000000070707070707070707000000000000000000000000000000070707070707070707000000000000000000000000000000000000000000000000000000000000000000000000000000000000000000000000000000
310
00000000000000000000000000000000000000000000000000000000000000000000000000000000000000000000000000000000000000000000000000000000000000000000000000000000000000000000000000000000000000000000000000000000000000000000000000000000000000000000000000000000000000
310
00000000000000000000000000000000000000000000000000000000000000000000000000000000000000000000000000000000000000000000000000000000000000000000000000000000070707070707070707070707070707070707070707070707070707070707070707070707070707070707070707000000000000
310
00000000000000000000000000000000000000000000000000000000000000000707070000000000000000000000000000000000000000000000000000000000000000000000000000000000000000000000000000000000000000000000000000000707070000000000000000000000000000000000000000000000000000
310
00000000000000000000000000000000000000000000000000000000000007000000000000000000000000000000000707070707070707070000000000000000000000000000000707070707070707070000000000000000000000000000000000000000000000000000000000000000000000000000000000000000000000
310
00000000000000000000000000000000000000000000000000000000000000000000000000000000000000000000000000000000000000000000000000000000000000000000000000000000000000000000000000000000000000000000000000000000000000000000000000000000000000000000000000000000000000
310
00000000000000000000000000000000000000000000000000000000000000000000000000000000000000000000000000000000000000000000000000000000000000000000000000000000000000000707070707070707070707070707070707070707070707070707070707070707070707070707070707070707070000
310
00000000000000000000000000000000000000000000000000000000000000000000000007070700000000000000000000000000000000000000000000000000000000000000000000000000000000000000000000000000000000000000000000000000000007070000000000000000000000000000000000000000000000
310
00000000000000000000000000000000000000000000000000000000000000000000070000000000000000000000000000000007070707070707070700000000000000000000000000000007070707070707070700000000000000000000000000000000000000000000000000000000000000000000000000000000000000
310
00000000000000000000000000000000000000000000000000000000000000000000000000000000000000000000000000000000000000000000000000000000000000000000000000000000000000000000000000000000000000000000000000000000000000000000000000000000000000000000000000000000000000
310
00000000000000000000000000000000000000000000000000000000000000000000000000000000000000000000000000000000000000000000000000000000000000000000000000000000000000000000000000070707070707070707070707070707070707070707070707070707070707070707070707070707070707
310
00000000070007000707070707070707070707070707070707070707070707070707070707070707070707000000000000000000000000000000000000000000000000000000000000000000000000000000000000000000000000000000000000000000000000000000070707000000000000000000000000000000000000
310
00000000000000000000000000000000000000000000000000000000000000000000000000000700000000000000000000000000000000070707070707070707000000000000000000000000000000070707070707070707000000000000000000000000000000000000000000000000000000000000000000000000000000
310
00000000000000000000000000000000000000000000000000000000000000000000000000000000000000000000000000000000000000000000000000000000000000000000000000000000000000000000000000000000000000000000000000000000000000000000000000000000000000000000000000000000000000
310
00000000000000000000000000000000000000000000000000000000000000000000000000000000000000000000000000000000000000000000000000000000000000000000000000000000000000000000000000000000000000000000000000000000000000000000000000000000000000000000000000000000000000
310
00000707000000000000000000000000000000000000000000000000000000000000000000000000000000000707070000000000000000000000000000000000000000000000000000000000000000000000000000000000000000000000000000000000000000000000000000000707070700000000000000000000000000
310
00000000000000000000000000000000000000000007000000000000000000000000000000000000000007000000000000000000000000000000000707070707070707070000000000000000000000000000000707070707070707070000000000000000000000000000000000000000000000000000000000000000000000
310
00000000000000000000000000000000000000000000000000000000000000000000000000000000000000000000000000000000000000000000000000000000000000000000000000000000000000000000000000000000000000000000000000000000000000000000000000000000000000000000000000000000000000
310
00000000000000000000000000000000000000000000000000000000000000000000000000000000000000000000000000000000000000000000000000000000000000000000000000000000000000000000000000000000000000000000000000000000000000000000000000000000000000000000000000000000000000
310
00000000000007070000000000000000000000000000000000000000000000000000000000000000000000000000000007070707000000000000000000000000000000000000000000000000000000000000000000000000000000000000000000000000000000000000000000000000000007070707000000000000000707
310
07070000000000070707070707070707070707070707070707070707070707070707070707070707070707070707070707070707070707070707070707070707070707070707070700000000000000000000000000000007070707070707070700000000000000000000000000000000000000000000000000000000000000
310
00000000000000000000000000000000000000000000000000000000000000000000000000000000000000000000000000000000000000000000000000000000000000000000000000000000000000000000000000000000000000000000000000000000000000000000000000000000000000000000000000000000000000
310
00000000000000000000000000000000000000000000000000000000000000000000000000000000000000000000000000000000000000000000000000000000000000000000000000000000000000000000000000000000000000000000000000000000000000000000000000000000000000000000000000000000000000
310
00000000000000000000070700000000000000000000000000000000000000000000000000000000000000000000000000000000070707070000000000000000000000000000000000000000000000000000000000000000000000000000000000000000000000000000000000000000000000000000070707070000000000
310
00000000070000000000000000000000000700000000000000000000000700000000000000000000000000000000000000000700000000000000000000000000000000070707070707070707000000000000000000000000000000070707070707070707000000000000000000000000000000000000000000000000000000
310
00000000000000000000000000000000000000000000000000000000000000000000000000000000000000000000000000000000000000000000000000000000000000000000000000000000000000000000000000000000000000000000000000000000000000000000000000000000000000000000000000000000000000
310
00000000000000000000000000000000000000000000000000000000000000000000000000000000000000000000000000000000000000000000000000000000000000000000000000000000000000000000000000000000000000000000000000000000000000000000000000000000000000000000000000000000000000
310
00000000000000000000000000000707000000000000070707070707070707070707070707070707070707070707070707070707070707070707070700000000000000000000000000000000000000000000000000000000000000000000000000000000000000000000000000000000000000000000000000000707070000
310
00000000000000000700000000000000000000000007000000000000000000000007000000000000000000000000000000000000000007000000000000000000000000000000000707070707070707070000000000000000000000000000000707070707070707070000000000000000000000000000000000000000000000
310
00000000000000000000000000000000000000000000000000000000000000000000000000000000000000000000000000000000000000000000000000000000000000000000000000000000000000000000000000000000000000000000000000000000000000000000000000000000000000000000000000000000000000
310
00000000000000000000000000000000000000000000000000000000000000000000000000000000000000000000000000000000000000000000000000000000000000000000000000000000000000000000000000000000000000000000000000000000000000000000000000000000000000000000000000000000000000
310
00000000000000000000000000000000000007070707070707070707070707070707070707070707070707070707070707070707070707070707070707070707000000000000000000000000000000000000000000000000000000000000000000000000000000000000000000000000000000000000000000000000000007
310
07070000000000000000000007000000000000000000000000070000000000000000000000070000000000000000000000000000000000000000070000000000000000000000000000000007070707070707070700000000000000000000000000000007070707070707070700000000000000000000000000000000000000
310
00000000000000000000000000000000000000000000000000000000000000000000000000000000000000000000000000000000000000000000000000000000000000000000000000000000000000000000000000000000000000000000000000000000000000000000000000000000000000000000000000000000000000
310
00000000000000000000000000000000000000000000000000000000000000000000000000000000000000000000000000000000000000000000000000000000000000000000000000000000000000000000000000000000000000000000000000000000000000000000000000000000000000000000000000000000000000
310
00000000000000000000000000000000000000000000070707070707070707070707070707070707070707070707070707070707070707070707070707070707070707070000000000000000000000000000000000000000000000000000000000000000000000000000000000000000000000000000000000000000000000
310
00000007070700000000000000000000070000000000000000000000000700000000000000000000000700000000000000000000000000000000000000000700000000000000000000000000000000070707070707070707000000000000000000000000000000070707070707070707000000000000000000000000000000
310
00000000000000000000000000000000000000000000000000000000000000000000000000000000000000000000000000000000000000000000000000000000000000000000000000000000000000000000000000000000000000000000000000000000000000000000000000000000000000000000000000000000000000
310
00000000000000000000000000000000000000000000000000000000000000000000000000000000000000000000000000000000000000000000000000000000000000000000000000000000000000000000000000000000000000000000000000000000000000000000000000000000000000000000000000000000000000
310
00000000000000000000000000000000000000000000000000000007070707070707070707070707070707070707070707070707070707070707070707070707070707070707070000000000000000000000000000000000000000000000000000000000000000000000000000000000000000000000000000000000000000
310
00000000000000070707000000000000000000000700000000000000000000000007000000000000000000000007000000000000000000000000000000000000000007000000000000000000000000000000000707070707070707070000000000000000000000000700000707070707070707070000000000000000000000
310
00000000000000000000000000000000000000000000000000000000000000000000000000000000000000000000000000000000000000000000000000000000000000000000000000000000000000000000000000000000000000000000000000000000000000000000000000000000000000000000000000000000000000
310
00000000000000000000000000000000000000000000000000000000000000000000000000000000000000000000000000000000000000000000000000000000000000000000000000000000000000000000000000000000000000000000000000000000000000000000000000000000000000000000000000000000000000
310
00000000000000000000000000000000000000000000000000000000000000000000000000000000000000000000000000000000000000000000000000000000000000000000000007070700000000000000000000000000000000000000000000000000000000000000000000000000000000000000000000000000000000
310
00000000000000000000000707070000000000000000000007000000000000000000000000070000000000000000000000070000000000000000000000000000000000000000070000000000000000000000000000000007070707070707070707000000000000000000000007000007070707070707070700000000000000
310
00000000000000000000000000000000000000000000000000000000000000000000000000000000000000000000000000000000000000000000000000000000000000000000000000000000000000000000000000000000000000000000000000000000000000000000000000000000000000000000000000000000000000
310
00000000000000000000000000000000000000000000000000000000000000000000000000000000000000000000000000000000000000000000000000000000000000000000000000000000000000000000000000000000000000000000000000000000000000000000000000000000000000000000000000000000000000
310
00000000000000000000000000000000000000000000000000000000000000000000000000000000000000000000000000000000000000000000000000000000000000000000000000000000070707000000000000000000000000000000000000000000000000000000000000000000000000000000000000000000000000
310
00000000000000000000000000000007070707000000000000000000070000000000000000000000000700000000000000000000000700000000000000000000000000000000000000000700000000000000000000000000000000070707070707070707070000000000000000000000070707070707070707070707000000
310
00000000000000000000000000000000000000000000000000000000000000000000000000000000000000000000000000000000000000000000000000000000000000000000000000000000000000000000000000000000000000000000000000000000000000000000000000000000000000000000000000000000000000
310
00000000000000000000000000000000000000000000000000000000000000000000000000000000000000000000000000000000000000000000000000000000000000000000000000000000000000000000000000000000000000000000000000000000000000000000000000000000000000000000000000000000000000
310
00000000000000000000000000000000000000000000000000000000000000000000000000000000000000000000000000000000000000000000000000000000000000000000000000000000000000000707070000000000000000000000000000000000000000000000000000000000000000000000000000000000000000
310
00000000000000000000000000000000000000070700000000000000000000000700000000000000000000000000000000000000000000000000000000000000000000000000000000000000000000000000000000000000000000000000000000070707070707070707070000000000000000000707070707070707070707
310
07000000000000000000000000000000000000000000000000000000000000000000000000000000000000000000000000000000000000000000000000000000000000000000000000000000000000000000000000000000000000000000000000000000000000000000000000000000000000000000000000000000000000
310
00000000000000000000000000000000000000000000000000000000000000000000000000000000000000000000000000000000000000000000000000000000000000000000000000000000000000000000000000000000000000000000000000000000000000000000000000000000000000000000000000000000000000
310
00000000000000000000000000000000000000000000000000000000000000000000000000000000000000000000000000000000000000000000000000000000000000000000000000000000000000000000000007070707000000000000000000000000000000000000000000000000000000000000000000000000000000
310
00000000000000000000000000000000000000000000000707000000000000000000000000000000000000000000070000070000000000070000000000000000000007000000000007070000000000000000000007070707000000000000000000000000000707070707070707070700000000000000000007070707070707
310
07070707070000000000000000000000000000000000000000000000000000000000000000000000000000000000000000000000000000000000000000000000000000000000000000000000000000000000000000000000000000000000000000000000000000000000000000000000000000000000000000000000000000
310
00000000000000000000000000000000000000000000000000000000000000000000000000000000000000000000000000000000000000000000000000000000000000000000000000000000000000000000000000000000000000000000000000000000000000000000000000000000000000000000000000000000000000
310
00000000000000000000000000000000000000000000000000000000000000000000000000000000000000000000000000000000000000000000000000000000000000000000000000000000000000000000000000000000070707070000000000000000000000000000000000000000000000000000000000000000000000
310
00000000000000000000000000000000000000000000000000000007070000000000000000000000000000000000000000000000000000000000000000000000000000000000000000000000000000000000000000000700000000000000000000000000000000000007070707070707070707000000000000000000070707
310
07070707070707070700000000000000000000000000000000000000000000000000000000000000000000000000000000000000000000000000000000000000000000000000000000000000000000000000000000000000000000000000000000000000000000000000000000000000000000000000000000000000000000
310
00000000000000000000000000000000000000000000000000000000000000000000000000000000000000000000000000000000000000000000000000000000000000000000000000000000000000000000000000000000000000000000000000000000000000000000000000000000000000000000000000000000000000
310
00000000000000000000000000000000000000000000000000000000000000000000000000000000000000000000000000000000000000000000000000000000000000000000000000000000000000000000000000000000000000000707070700000000000000000000000000000000000000000000000000000000000000
310
00000000000000000000000000000000000000000000000000000000000000070700000000000000000000000000000000000000000000000007000000000000000000000000000000000000000000000000000000000000000007000000000000000000000000000000000000070707070707070707070000000000000000
310
00000000070707070707070707000000000000000000000000000000000000000000000000000000000000000000000000000000000000000000000000000000000000000000000000000000000000000000000000000000000000000000000000000000000000000000000000000000000000000000000000000000000000
310
00000000000000000000000000000000000000000000000000000000000000000000000000000000000000000000000000000000000000000000000000000000000000000000000000000000000000000000000000000000000000000000000000000000000000000000000000000000000000000000000000000000000000
310
00000000000000000000000000000000000000000000000000000000000000000000000000000000000000000000000000000000000000000000000000000000000000000000000000000000000000000000000000000000000000000000000007070707000000000000000000000000000000000000000000000000000000
310
00000000000000000000000000000000000000000000000000000000000000000000000707000000000000000000000000000000000000000000000000000000000000000000000000000000000000000000000000000000000000000000000000000000000000000000000000000000000707070707070700000000000000
310
00000000000000000707070707070707070000000000000000000000000000000000000000000000000000000000000000000000000000000000000000000000000000000000000000000000000000000000000000000000000000000000000000000000000000000000000000000000000000000000000000000000000000
310
00000000000000000000000000000000000000000000000000000000000000000000000000000000000000000000000000000000000000000000000000000000000000000000000000000000000000000000000000000000000000000000000000000000000000000000000000000000000000000000000000000000000000
310
00000000000000000000000000000000000000000000000000000000000000000000000000000000000000000000000000000000000000000000000000000000000000000000000000000000000000000000000000000000000000000000000000000000070707070000000000000000000000000000000000000000000000
310
00000000000000000000000000000000000000000000000000000000000000000000000000000007070000000000000000000000000000000000000000000000000700000000000000000000000000000000000000000000000000000000000000000000000000000000000000000000000000000007070707070707000000
310
00000000000000000000000007070707070707070700000000000000000000000000000000000000000000000000000000000000000000000000000000000000000000000000000000000000000000000000000000000000000000000000000000000000000000000000000000000000000000000000000000000000000000
310
00000000000000000000000000000000000000000000000000000000000000000000000000000000000000000000000000000000000000000000000000000000000000000000000000000000000000000000000000000000000000000000000000000000000000000000000000000000000000000000000000000000000000
310
00000000000000000000000000000000000000000000000000000000000000000000000000000000000000000000000000000000000000000000000000000000000000000000000000000000000000000000000000000000000000000000000000000000000000000707070000000000000000000000000000000000000000
310
00000000000000000000000000000000000000000000000000000000000000000000000000000000000000070707070000000000000000000000000000000000000000000007000000000000000000000007000000000000000000000000000000000000000007000000000000000000000000000000000707070707070707
310
07000000000000000000000000000000070707070707070707000000000000000000000000000000000000000000000000000000000000000000000000000000000000000000000000000000000000000000000000000000000000000000000000000000000000000000000000000000000000000000000000000000000000
310
00000000000000000000000000000000000000000000000000000000000000000000000000000000000000000000000000000000000000000000000000000000000000000000000000000000000000000000000000000000000000000000000000000000000000000000000000000000000000000000000000000000000000
310
00000000000000000000000000000000000000000000000000000000000000000000000000000000000000000000000000000000000000000000000000000000000000000000000000000000000000000000000000000000000000000000000000000000000000000000000007070700000000000000000000000000000000
310
00000000000000000000000000000000000000000000000000000000000000000000000000000000000000000000000707070707070707070707070707070707070707070707070707070707070707070707070707070707070707070707070707070707070707070707070707070707070707070707070707070707070707
310
07070707070000000000000000000000000000000707070707070707070000000000000000000000000000000000000000000000000000000000000000000000000000000000000000000000000000000000000000000000000000000000000000000000000000000000000000000000000000000000000000000000000000
310
00000000000000000000000000000000000000000000000000000000000000000000000000000000000000000000000000000000000000000000000000000000000000000000000000000000000000000000000000000000000000000000000000000000000000000000000000000000000000000000000000000000000000
310
00000000000000000000000000000000000000000000000000000000000000000000000000000000000000000000000000000000000000000000000000000000000000000000000000000000000000000000000000000000000000000000000000000000000000000000000000000000070707000000000000000000000000
310
00000000000000000000000000000000000000000000000000000000000000000000000000000000000000000000000000000007070707000000000000000000000000000000000000000000000000000000000000000000000000000000000000000000000000000000000000000000000000000000000000000000000000
310
07070707070707070700000000000000000000000000000007070707070707070700000000000000000000000000000000000000000000000000000000000000000000000000000000000000000000000000000000000000000000000000000000000000000000000000000000000000000000000000000000000000000000
310
00000000000000000000000000000000000000000000000000000000000000000000000000000000000000000000000000000000000000000000000000000000000000000000000000000000000000000000000000000000000000000000000000000000000000000000000000000000000000000000000000000000000000
310
00000000000000000000000000000000000000000000000000000000000000000000000000000000000000000000000000000000000000000000000000000000000000000000000000000000000000000000000000000000000000000000000000000000000000000000000000000000000000000707070000000000000000
310
00000000000000000000000000000000000000000000000000000000000000000000000000000000000000000000000000000000000000070707070000000000000000000000000000000000000000000000000000000000000000000000000000000000000000000000000000000000000000000000000000000000000000
310
00000000070707070707070707000000000000000000000000000000070707070707070707000000000000000000000000000000000000000000000000000000000000000000000000000000000000000000000000000000000000000000000000000000000000000000000000000000000000000000000000000000000000
310
00000000000000000000000000000000000000000000000000000000000000000000000000000000000000000000000000000000000000000000000000000000000000000000000000000000000000000000000000000000000000000000000000000000000000000000000000000000000000000000000000000000000000
310
00000000000000000000000000000000000000000000000000000000000000000000000000000000000000000000000000000000000000000000000000000000000000000000000000000000000000000000000000000000000000000000000000000000000000000000000000000000000000000000000007070707000000
310
00000000000000000000000000000000000000000000000000000000000000000000000000000000000000000000000000000000000000000000000707070700000000000000000000000000000000000000000000000000000000000000000000000000000000000000000000000000000000000000000000000000000000
310
00000000000000000707070707070707070000000000000000000000000000000707070707070707070000000000000000000000000000000000000000000000000000000000000000000000000000000000000000000000000000000000000000000000000000000000000000000000000000000000000000000000000000
310
00000000000000000000000000000000000000000000000000000000000000000000000000000000000000000000000000000000000000000000000000000000000000000000000000000000000000000000000000000000000000000000000000000000000000000000000000000000000000000000000000000000000000
310
00000000000000000000000000000000000000000000000000000000000000000000000000000000000000000000000000000000000000000000000000000000000000000000000000000000000000000000000000000000000000000000000000000000000000000000000000000000000000000000000000000000070707
310
07000000000000000000000000000000000000000000000000000000000000000000000000000000000000000000000000000000000000000000000000000007070707000000000000000000000000000000000000000000000000000000000000000000000000000000000000000000000000000000000000000000000000
310
00000000000000000000000007070707070707070700000000000000000000000000000007070707070707070700000000000000000000000000000000000000000000000000000000000000000000000000000000000000000000000000000000000000000000000000000000000000000000000000000000000000000000
310
00000000000000000000000000000000000000000000000000000000000000000000000000000000000000000000000000000000000000000000000000000000000000000000000000000000000000000000000000000000000000000000000000000000000000000000000000000000000000000000000000000000000000
310
00000000000000000000000000000000000000000000000000000000000000000000000000000000000000000000000000000000000000000000000000000000000000000000000000000000000000000000000000000000000000000000000000000000000000000000000000000000000000000000000000000000000000
310
00070707070707070707070707070707070707070707070707070707070707070707070707070707070707070707070707070707070707070707070707070707070707070707070707070707070707070707070707070707070707070707070707070707070707070707070707070707070707070707070707070707070707
310
07070707070707070707070707070707070707070707070707000000000000000000000000000000070707070707070707000000000000000000000000000000000000000000000000000000000000000000000000000000000000000000000000000000000000000000000000000000000000000000000000000000000000
310
00000000000000000000000000000000000000000000000000000000000000000000000000000000000000000000000000000000000000000000000000000000000000000000000000000000000000000000000000000000000000000000000000000000000000000000000000000000000000000000000000000000000000
310
00000000000000000000000000000000000000000000000000000000000000000000000000000000000000000000000000000000000000000000000000000000000000000000000000000000000000000000000000000000000000000000000000000000000000000000000000000000000000000000000000000000000000
310
00000000000707070707070707070707070707070707070707070707070707070707070707070707070707070707070707070707070707070707070707070707070707070707070707070707070707070707070707070707070707070707070707070707070707070707070707070707070707070707070707070707070707
310
07070707070707070707070707070707070707070707070707070707070000000000000000000000000000000707070707070707070000000000000000000000000000000000000000000000000000000000000000000000000000000000000000000000000000000000000000000000000000000000000000000000000000
310
00000000000000000000000000000000000000000000000000000000000000000000000000000000000000000000000000000000000000000000000000000000000000000000000000000000000000000000000000000000000000000000000000000000000000000000000000000000000000000000000000000000000000
310
00000000000000000000000000000000000000000000000000000000000000000000000000000000000000000000000000000000000000000000000000000000000000000000000000000000000000000000000000000000000000000000000000000000000000000000000000000000000000000000000000000000000000
310
00000000000000000007070707070707070707070707070707070707070707070707070707070707070707070707070707070707070707070707070707070707070707070707070707070707070707070707070707070707070707070707070707070707070707070707070707070707070707070707070707070707070707
310
07070707070707070707070707070707070707070707070707070707070707070700000000000000000000000000000007070707070707070700000000000000000000000000000000000000000000000000000000000000000000000000000000000000000000000000000000000000000000000000000000000000000000
310
00000000000000000000000000000000000000000000000000000000000000000000000000000000000000000000000000000000000000000000000000000000000000000000000000000000000000000000000000000000000000000000000000000000000000000000000000000000000000000000000000000000000000
310
00000000000000000000000000000000000000000000000000000000000000000000000000000000000000000000000000000000000000000000000000000000000000000000000000000000000000000000000000000000000000000000000000000000000000000000000000000000000000000000000000000000000000
310
00000000000000000000000000000707070707070707070707070707070707070707070707070707070707070707070707070707070707070707070707070707070707070707070707070707070707070707070707070707070707070707070707070707070707070707070707070707070707070707070707070707070707
310
07070707070707070707070707070707070707070707070707070707070707070707070707000000000000000000000000000000070707070707070707000000000000000000000000000000000000000000000000000000000000000000000000000000000000000000000000000000000000000000000000000000000000
310
00000000000000000000000000000000000000000000000000000000000000000000000000000000000000000000000000000000000000000000000000000000000000000000000000000000000000000000000000000000000000000000000000000000000000000000000000000000000000000000000000000000000000
310
00000000000000000000000000000000000000000000000000000000000000000000000000000000000000000000000000000000000000000000000000000000000000000000000000000000000000000000000000000000000000000000000000000000000000000000000000000000000000000000000000000000000000
310
00000000000000000000000000000000000000000000000000000000000000000000000000000000000000000000000000000000000000000000000000000000000000000000000000000000000000000000000000000000000000000000000000000000000000000000000000000000000000000000000000000000000000
310
00000000000000000000000000000000000000000000000000000000000000000707070707070707070000000000000000000000000000000707070707070707070000000000000000000000000000000000000000000000000000000000000000000000000000000000000000000000000000000000000000000000000000
310
00000000000000000000000000000000000000000000000000000000000000000000000000000000000000000000000000000000000000000000000000000000000000000000000000000000000000000000000000000000000000000000000000000000000000000000000000000000000000000000000000000000000000
310
00000000000000000000000000000000000000000000000000000000000000000000000000000000000000000000000000000000000000000000000000000000000000000000000000000000000000000000000000000000000000000000000000000000000000000000000000000000000000000000000000000000000000
310
00000000000000000000000000000000000000000000000000000000000000000000000000000000000000000000000000000000000000000000000000000000000000000000000000000000000000000000000000000000000000000000000000000000000000000000000000000000000000000000000000000000000000
310
00000000000000000000000000000000000000000000000000000000000000000000000007070707070707070700000000000000000000000000000007070707070707070700000000000000000000000000000000000000000000000000000000000000000000000000000000000000000000000000000000000000000000
310
00000000000000000000000000000000000000000000000000000000000000000000000000000000000000000000000000000000000000000000000000000000000000000000000000000000000000000000000000000000000000000000000000000000000000000000000000000000000000000000000000000000000000
310
00000000000000000000000000000000000000000000000000000000000000000000000000000000000000000000000000000000000000000000000000000000000000000000000000000000000000000000000000000000000000000000000000000000000000000000000000000000000000000000000000000000000000
310
00000000000000000000000000000000000000000000000000000000000000000000000000000000000000000000000000000000000000000000000000000000000000000000000000000000000000000000000000000000000000000000000000000000000000000000000000000000000000000000000000000000000000
310
00000000000000000000000000000000000000000000000000000000000000000000000000000000070707070707070707000000000000000000000000000000070707070707070707000000000000000000000000000000000000000000000000000000000000000000000000000000000000000000000000000000000000
310
00000000000000000000000000000000000000000000000000000000000000000000000000000000000000000000000000000000000000000000000000000000000000000000000000000000000000000000000000000000000000000000000000000000000000000000000000000000000000000000000000000000000000
310
00000000000000000000000000000000000000000000000000000000000000000000000000000000000000000000000000000000000000000000000000000000000000000000000000000000000000000000000000000000000000000000000000000000000000000000000000000000000000000000000000000000000000
310
00000000000000000000000000000000000000000000000000000000000000000000000000000000000000000000000000000000000000000000000000000000000000000000000000000000000000000000000000000000000000000000000000000000000000000000000000000000000000000000000000000000000000
310
00000000000000000000000000000000000000000000000000000000000000000000000000000000000000000707070707070707070000000000000000000000000000000707070707070707070000000000000000000000000000000000000000000000000000000000000000000000000000000000000000000000000000
310
00000000000000000000000000000000000000000000000000000000000000000000000000000000000000000000000000000000000000000000000000000000000000000000000000000000000000000000000000000000000000000000000000000000000000000000000000000000000000000000000000000000000000
310
00000000000000000000000000000000000000000000000000000000000000000000000000000000000000000000000000000000000000000000000000000000000000000000000000000000000000000000000000000000000000000000000000000000000000000000000000000000000000000000000000000000000000
310
00000000000000000000000000000000000000000000000000000000000000000000000000000000000000000000000000000000000000000000000000000000000000000000000000000000000000000000000000000000000000000000000000000000000000000000000000000000000000000000000000000000000000
310
00000000000000000000000000000000000000000000000000000000000000000000000000000000000000000000000007070707070707070700000000000000070707070707070707070707070707070700000000000000000000000000000000000000000000000000000000000000000000000000000000000000000000
310
00000000000000000000000000000000000000000000000000000000000000000000000000000000000000000000000000000000000000000000000000000000000000000000000000000000000000000000000000000000000000000000000000000000000000000000000000000000000000000000000000000000000000
310
00000000000000000000000000000000000000000000000000000000000000000000000000000000000000000000000000000000000000000000000000000000000000000000000000000000000000000000000000000000000000000000000000000000000000000000000000000000000000000000000000000000000000
310
00000000000000000000000000000000000000000000000000000000000000000000000000000000000000000000000000000000000000000000000000000000000000000000000000000000000000000000000000000000000000000000000000000000000000000000000000000000000000000000000000000000000000
310
00000000000000000000000000000000000000000000000000000000000000000000000000000000000000000000000000000000070707070707070707070707070707070707070707070707070707070707070707000000000000000000000000000000000000000000000000000000000000000000000000000000000000
310
00000000000000000000000000000000000000000000000000000000000000000000000000000000000000000000000000000000000000000000000000000000000000000000000000000000000000000000000000000000000000000000000000000000000000000000000000000000000000000000000000000000000000
310
00000000000000000000000000000000000000000000000000000000000000000000000000000000000000000000000000000000000000000000000000000000000000000000000000000000000000000000000000000000000000000000000000000000000000000000000000000000000000000000000000000000000000
310
00000000000000000000000000000000000000000000000000000000000000000000000000000000000000000000000000000000000000000000000000000000000000000000000000000000000000000000000000000000000000000000000000000000000000000000000000000000000000000000000000000000000000
310
00000000000000000000000000000000000000000000000000000000000000000000000000000000000000000000000000000000000000000707070707070707070707070707070707070707070707070707070707070707070000000000000000000000000000000000000000000000000000000000000000000000000000
310
00000000000000000000000000000000000000000000000000000000000000000000000000000000000000000000000000000000000000000000000000000000000000000000000000000000000000000000000000000000000000000000000000000000000000000000000000000000000000000000000000000000000000
310
00000000000000000000000000000000000000000000000000000000000000000000000000000000000000000000000000000000000000000000000000000000000000000000000000000000000000000000000000000000000000000000000000000000000000000000000000000000000000000000000000000000000000
310
00000000000000000000000000000000000000000000000000000000000000000000000000000000000000000000000000000000000000000000000000000000000000000000000000000000000000000000000000000000000000000000000000000000000000000000000000000000000000000000000000000000000000
310
00000000000000000000000000000000000000000000000000000000000000000000000000000000000000000000000000000000000000000000000007070707070707070707070707070707070707070707070707070707070707070700000000000000000000000000000000000000000000000000000000000000000000
310
00000000000000000000000000000000000000000000000000000000000000000000000000000000000000000000000000000000000000000000000000000000000000000000000000000000000000000000000000000000000000000000000000000000000000000000000000000000000000000000000000000000000000
310
00000000000000000000000000000000000000000000000000000000000000000000000000000000000000000000000000000000000000000000000000000000000000000000000000000000000000000000000000000000000000000000000000000000000000000000000000000000000000000000000000000000000000
310
00000000000000000000000000000000000000000000000000000000000000000000000000000000000000000000000000000000000000000000000000000000000000000000000000000000000000000000000000000000000000000000000000000000000000000000000000000000000000000000000000000000000000
310
00000000000000000000000000000000000000000000000000000000000000000000000000000000000000000000000000000000000000000000000000000000070707070707070707070707070707070000000000000000070707070707070707000000000000000000000000000000000000000000000000000000000000
310
00000000000000000000000000000000000000000000000000000000000000000000000000000000000000000000000000000000000000000000000000000000000000000000000000000000000000000000000000000000000000000000000000000000000000000000000000000000000000000000000000000000000000
310
00000000000000000000000000000000000000000000000000000000000000000000000000000000000000000000000000000000000000000000000000000000000000000000000000000000000000000000000000000000000000000000000000000000000000000000000000000000000000000000000000000000000000
310
00000000000000000000000000000000000000000000000000000000000000000000000000000000000000000000000000000000000000000000000000000000000000000000000000000000000000000000000000000000000000000000000000000000000000000000000000000000000000000000000000000000000000
310
00000000000000000000000000000000000000000000000000000000000000000000000000000000000000000000000000000000000000000000000000000000000000000707070707070707070000000000000000000000000000000707070707070707070000000000000000000000000000000000000000000000000000
310
00000000000000000000000000000000000000000000000000000000000000000000000000000000000000000000000000000000000000000000000000000000000000000000000000000000000000000000000000000000000000000000000000000000000000000000000000000000000000000000000000000000000000
310
00000000000000000000000000000000000000000000000000000000000000000000000000000000000000000000000000000000000000000000000000000000000000000000000000000000000000000000000000000000000000000000000000000000000000000000000000000000000000000000000000000000000000
310
00000000000000000000000000000000000000000000000000000000000000000000000000000000000000000000000000000000000000000000000000000000000000000000000000000000000000000000000000000000000000000000000000000000000000000000000000000000000000000000000000000000000000
310
00000000000000000000000000000000000000000000000000000000000000000000000000000000000000000000000000000000000000000000000000000000000000000000000007070707070707070700000000000000000000000000000007070707070707070700000000000000000000000000000000000000000000
310
00000000000000000000000000000000000000000000000000000000000000000000000000000000000000000000000000000000000000000000000000000000000000000000000000000000000000000000000000000000000000000000000000000000000000000000000000000000000000000000000000000000000000
310
00000000000000000000000000000000000000000000000000000000000000000000000000000000000000000000000000000000000000000000000000000000000000000000000000000000000000000000000000000000000000000000000000000000000000000000000000000000000000000000000000000000000000
310
00000000000000000000000000000000000000000000000000000000000000000000000000000000000000000000000000000000000000000000000000000000000000000000000000000000000000000000000000000000000000000000000000000000000000000000000000000000000000000000000000000000000000
310
00000000000000000000000000000000000000000000000000000000000000000000000000000000000000000000000000000000000000000000000000000000000000000000000000000000070707070707070707000000000000000000000000000000070707070707070707000000000000000000000000000000000000
310
00000000000000000000000000000000000000000000000000000000000000000000000000000000000000000000000000000000000000000000000000000000000000000000000000000000000000000000000000000000000000000000000000000000000000000000000000000000000000000000000000000000000000
310
00000000000000000000000000000000000000000000000000000000000000000000000000000000000000000000000000000000000000000000000000000000000000000000000000000000000000000000000000000000000000000000000000000000000000000000000000000000000000000000000000000000000000
310
00000000000000000000000000000000000000000000000000000000000000000000000000000000000000000000000000000000000000000000000000000000000000000000000000000000000000000000000000000000000000000000000000000000000000000000000000000000000000000000000000000000000000
310
00000000000000000000000000000000000000000000000000000000000000000000000000000000000000000000000000000000000000000000000000000000000000000000000000000000000000000707070707070707070000000000000000000000000000000707070707070707070000000000000000000000000000
310
00000000000000000000000000000000000000000000000000000000000000000000000000000000000000000000000000000000000000000000000000000000000000000000000000000000000000000000000000000000000000000000000000000000000000000000000000000000000000000000000000000000000000
310
00000000000000000000000000000000000000000000000000000000000000000000000000000000000000000000000000000000000000000000000000000000000000000000000000000000000000000000000000000000000000000000000000000000000000000000000000000000000000000000000000000000000000
310
00000000000000000000000000000000000000000000000000000000000000000000000000000000000000000000000000000000000000000000000000000000000000000000000000000000000000000000000000000000000000000000000000000000000000000000000000000000000000000000000000000000000000
310
00000000000000000000000000000000000000000000000000000000000000000000000000000000000000000000000000000000000000000000000000000000000000000000000000000000000000000000000007070707070707070700000000000000000000000000000007070707070707070700000000000000000000
310
00000000000000000000000000000000000000000000000000000000000000000000000000000000000000000000000000000000000000000000000000000000000000000000000000000000000000000000000000000000000000000000000000000000000000000000000000000000000000000000000000000000000000
310
00000000000000000000000000000000000000000000000000000000000000000000000000000000000000000000000000000000000000000000000000000000000000000000000000000000000000000000000000000000000000000000000000000000000000000000000000000000000000000000000000000000000000
310
00000000000000000000000000000000000000000000000000000000000000000000000000000000000000000000000000000000000000000000000000000000000000000000000000000000000000000000000000000000000000000000000000000000000000000000000000000000000000000000000000000000000000
310
00000000000000000000000000000000000000000000000000000000000000000000000000000000000000000000000000000000000000000000000000000000000000000000000000000000000000000000000000000000070707070707070707000000000000000000000000000000070707070707070707000000000000
310
00000000000000000000000000000000000000000000000000000000000000000000000000000000000000000000000000000000000000000000000000000000000000000000000000000000000000000000000000000000000000000000000000000000000000000000000000000000000000000000000000000000000000
310
00000000000000000000000000000000000000000000000000000000000000000000000000000000000000000000000000000000000000000000000000000000000000000000000000000000000000000000000000000000000000000000000000000000000000000000000000000000000000000000000000000000000000
310
00000000000000000000000000000000000000000000000000000000000000000000000000000000000000000000000000000000000000000000000000000000000000000000000000000000000000000000000000000000000000000000000000000000000000000000000000000000000000000000000000000000000000
310
00000000000000000000000000000000000000000000000000000000000000000000000000000000000000000000000000000000000000000000000000000000000000000000000000000000000000000000000000000000000000000707070707070707070000000000000000000000000000000707070707070707070000
310
00000000000000000000000000000000000000000000000000000000000000000000000000000000000000000000000000000000000000000000000000000000000000000000000000000000000000000000000000000000000000000000000000000000000000000000000000000000000000000000000000000000000000
310
00000000000000000000000000000000000000000000000000000000000000000000000000000000000000000000000000000000000000000000000000000000000000000000000000000000000000000000000000000000000000000000000000000000000000000000000000000000000000000000000000000000000000
310
00000000000000000000000000000000000000000000000000000000000000000000000000000000000000000000000000000000000000000000000000000000000000000000000000000000000000000000000000000000000000000000000000000000000000000000000000000000000000000000000000000000000000
310
00000000000000000000000000000000000000000000000000000000000000000000000000000000000000000000000000000000000000000000000000000000000000000000000000000000000000000000000000000000000000000000000007070707070707070700000000000000000000000000000007070707070707
310
07070000000000000000000000000000000000000000000000000000000000000000000000000000000000000000000000000000000000000000000000000000000000000000000000000000000000000000000000000000000000000000000000000000000000000000000000000000000000000000000000000000000000
310
00000000000000000000000000000000000000000000000000000000000000000000000000000000000000000000000000000000000000000000000000000000000000000000000000000000000000000000000000000000000000000000000000000000000000000000000000000000000000000000000000000000000000
310
00000000000000000000000000000000000000000000000000000000000000000000000000000000000000000000000000000000000000000000000000000000000000000000000000000000000000000000000000000000000000000000000000000000000000000000000000000000000000000000000000000000000000
310
00000000000000000000000000000000000000000000000000000000000000000000000000000000000000000000000000000000000000000000000000000000000000000000000000000000000000000000000000000000000000000000000000000000070707070707070707000000000000000000000000000000070707
310
07070707070700000000000000000000000000000000000000000000000000000000000000000000000000000000000000000000000000000000000000000000000000000000000000000000000000000000000000000000000000000000000000000000000000000000000000000000000000000000000000000000000000
310
00000000000000000000000000000000000000000000000000000000000000000000000000000000000000000000000000000000000000000000000000000000000000000000000000000000000000000000000000000000000000000000000000000000000000000000000000000000000000000000000000000000000000
310
00000000000000000000000000000000000000000000000000000000000000000000000000000000000000000000000000000000000000000000000000000000000000000000000000000000000000000000000000000000000000000000000000000000000000000000000000000000000000000000000000000000000000
310
00000000000000000000000000000000000000000000000000000000000000000000000000000000000000000000000000000000000000000000000000000000000000000000000000000000000000000000000000000000000000000000000000000000000000000707070707070707070000000000000000000000000000
310
00070707070707070707000000000000000000000000000000000000000000000000000000000000000000000000000000000000000000000000000000000000000000000000000000000000000000000000000000000000000000000000000000000000000000000000000000000000000000000000000000000000000000
310
00000000000000000000000000000000000000000000000000000000000000000000000000000000000000000000000000000000000000000000000000000000000000000000000000000000000000000000000000000000000000000000000000000000000000000000000000000000000000000000000000000000000000
310
00000000000000000000000000000000000000000000000000000000000000000000000000000000000000000000000000000000000000000000000000000000000000000000000000000000000000000000000000000000000000000000000000000000000000000000000000000000000000000000000000000000000000
310
00000000000000000000000000000000000000000000000000000000000000000000000000000000000000000000000000000000000000000000000000000000000000000000000000000000000000000000000000000000000000000000000000000000000000000000000007070707070707070700000000000000000000
310
00000000000707070707070707070000000000000000000000000000000000000000000000000000000000000000000000000000000000000000000000000000000000000000000000000000000000000000000000000000000000000000000000000000000000000000000000000000000000000000000000000000000000
310
00000000000007070707070707070707070707070707070707070700000000000000000000000000000707070707070707070707070707070707070707070000000000000000000000000000000000000000000000000000000000000000000000000000000000000000000000000000000000000000000000000000000000
310
00000000000000000000000000000000000000000000000000000000000000000000000000000000000000000000000000000000000000000000000000000000000000000000000000000000000000000000000000000000000000000000000000000000000000000000000000000000000000000000000000000000000000
310
00000000000000000000000000000000000000000000000000000000000000000000000000000000000000000000000000000000000000000000000000000000000000000000000000000000000000000000000000000000000000000000000000000000000000000000000000000000070707070707070707000000000000
310
00000000000000000007070707070707070700000000000000000000000000000000000000000000000000000000000000000000000000000000000000000000000000000000000000000000000000000000000000000000000000000000000000000000000000000000000000000000000000000000000000000000000000
310
00000000000000000000070000000000000000000000000000000000000007000000000000000000000000000007000000000000000000000000000000000000000700000000000000000000000000000000000000000000000000000000000000000000000000000000000000000000000000000000000000000000000000
310
00000000000000000000000000000000000000000000000000000000000000000000000000000000000000000000000000000000000000000000000000000000000000000000000000000000000000000000000000000000000000000000000000000000000000000000000000000000000000000000000000000000000000
310
00000000000000000000000000000000000000000000000000000000000000000000000000000000000000000000000000000000000000000000000000000000000000000000000000000000000000000000000000000000000000000000000000000000000000000000000000000000000000000707070707070707070000
310
00000000000000000000000000070707070707070707000000000000000000000000000000000000000000000000000000000000000000000000000000000000000000000000000000000000000000000000000000000000000000000000000000000000000000000000000000000000000000000000000000000000000000
310
00000000000000000000000000000700000000000000000000000000000000000000070000000000000000000000000000070000000000000000000000000000000000000007000000000000000000000000000000000000000000000000000000000000000000000000000000000000000000000000000000000000000000
310
00000000000000000000000000000000000000000000000000000000000000000000000000000000000000000000000000000000000000000000000000000000000000000000000000000000000000000000000000000000000000000000000000000000000000000000000000000000000000000000000000000000000000
310
00000000000000000000000000000000000000000000000000000000000000000000000000000000000000000000000000000000000000000000000000000000000000000000000000000000000000000000000000000000000000000000000000000000000000000000000000000000000000000000000007070707070707
310
07070000000000000000000000000000000707070707070707070000000000000000000000000000000000000000000000000000000000000000000000000000000000000000000000000000000000000000000000000000000000000000000000000000000000000000000000000000000000000000000000000000000000
310
00000000000000000000000000000000000007000000000000000000000000000000000000000700000000000000000000000000000700000000000000000000000000000000000000070000000000000000000000000000000000000000000000000000000000000000000000000000000000000000000000000000000000
310
00000000000000000000000000000000000000000000000000000000000000000000000000000000000000000000000000000000000000000000000000000000000000000000000000000000000000000000000000000000000000000000000000000000000000000000000000000000000000000000000000000000000000
310
00000000000000000000000000000000000000000000000000000000000000000000000000000000000000000000000000000000000000000000000000000000000000000000000000000000000000000000000000000000000000000000000000000000000000000000000000000000000000000000000000000000070707
310
07070707070700000000000000000000000000000007070707070707070700000000000000000000000000000000000000000000000000000000000000000000000000000000000000000000000000000000000000000000000000000000000000000000000000000000000000000000000000000000000000000000000000
310
00000000000000000000000000000000000000000000070000000000000000000000000000000000000007000000000000000000000000000007000000000000000000000000000000000000000700000000000000000000000000000000000000000000000000000000000000000000000000000000000000000000000000
310
00000000000000000000000000000000000000000000000000000000000000000000000000000000000000000000000000000000000000000000000000000000000000000000000000000000000000000000000000000000000000000000000000000000000000000000000000000000000000000000000000000000000000
310
00000000000000000000000000000000000000000000000000000000000000000000000000000000000000000000000000000000000000000000000000000000000000000000000000000000000000000000000000000000000000000000000000000000000000000000000000000000000000000000000000000000000000
310
00070707070707070707000000000000000000000000000000070707070707070707000000000000000000000000000000000000000000000000000000000000000000000000000000000000000000000000000000000000000000000000000000000000000000000000000000000000000000000000000000000000000000
310
00000000000000000000000000000000000000000000000000000700000000000000000000000000000000000000070000000000000000000000000000070000000000000000000000000000000000000007000000000000000000000000000000000000000000000000000000000000000000000000000000000000000000
310
00000000000000000000000000000000000000000000000000000000000000000000000000000000000000000000000000000000000000000000000000000000000000000000000000000000000000000000000000000000000000000000000000000000000000000000000000000000000000000000000000000000000000
310
00000000000000000000000000000000000000000000000000000000000000000000000000000000000000000000000000000000000000000000000000000000000000000000000000000000000000000000000000000000000000000000000000000000000000000000000000000000000000000000000000000000000000
310
00000000000707070707070707070000000000000000000000000000000707070707070707070000000000000000000000000000000000000000000000000000000000000000000000000000000000000000000000000000000000000000000000000000000000000000000000000000000000000000000000000000000000
310
00000000000000000000000000000000000000000000000000000000000007000000000000000000000000000000000000000700000000000000000000000000000700000000000000000000000000000000000000070000000000000000000000000000000000000000000000000000000000000000000000000000000000
310
00000000000000000000000000000000000000000000000000000000000000000000000000000000000000000000000000000000000000000000000000000000000000000000000000000000000000000000000000000000000000000000000000000000000000000000000000000000000000000000000000000000000000
310
00000000000000000000000000000000000000000000000000000000000000000000000000000000000000000000000000000000000000000000000000000000000000000000000000000000000000000000000000000000000000000000000000000000000000000000000000000000000000000000000000000000000000
310
00000000000000000007070707070707070700000000000000000000000000000007070707070707070700000000000000000000000000000000000000000000000000000000000000000000000000000000000000000000000000000000000000000000000000000000000000000000000000000000000000000000000000
310
00000000000000000000000000000000000000000000000000000000000000000000070000000000000000000000000000000000000007000000000000000000000000000007000000000000000000000000000000000000000700000000000000000000000000000000000000000000000000000000000000000000000000
310
00000000000000000000000000000000000000000000000000000000000000000000000000000000000000000000000000000000000000000000000000000000000000000000000000000000000000000000000000000000000000000000000000000000000000000000000000000000000000000000000000000000000000
310
00000000000000000000000000000000000000000000000000000000000000000000000000000000000000000000000000000000000000000000000000000000000000000000000000000000000000000000000000000000000000000000000000000000000000000000000000000000000000000000000000000000000000
310
00000000000000000000000000070707070707070707000000000000000000000000000000070707070707070707000000000000000000000000000000000000000000000000000000000000000000000000000000000000000000000000000000000000000000000000000000000000000000000000000000000000000000
310
00000000000000000000000000000000000000000000000000000000000000000000000000000700000000000000000000000000000000000000070000000000000000000000000000070000000000000000000000000000000000000007000000000000000000000000000000000000000000000000000000000000000000
310
00000000000000000000000000000000000000000000000000000000000000000000000000000000000000000000000000000000000000000000000000000000000000000000000000000000000000000000000000000000000000000000000000000000000000000000000000000000000000000000000000000000000000
310
00000000000000000000000000000000000000000000000000000000000000000000000000000000000000000000000000000000000000000000000000000000000000000000000000000000000000000000000000000000000000000000000000000000000000000000000000000000000000000000000000000000000000
310
00000000000000000000000000000000000707070707070707070000000000000000000000000000000707070707070707070000000000000000000000000000000000000000000000000000000000000000000000000000000000000000000000000000000000000000000000000000000000000000000000000000000000
310
00000000000000000000000000000000000000000000000000000000000000000000000000000000000007000000000000000000000000000000000000000700000000000000000000000000000700000000000000000000000000000000000000070000000000000000000000000000000000000000000000000000000000
310
00000000000000000000000000000000000000000000000000000000000000000000000000000000000000000000000000000000000000000000000000000000000000000000000000000000000000000000000000000000000000000000000000000000000000000000000000000000000000000000000000000000000000
310
00000000000000000000000000000000000000000000000000000000000000000000000000000000000000000000000000000000000000000000000000000000000000000000000000000000000000000000000000000000000000000000000000000000000000000000000000000000000000000000000000000000000000
310
00000000000000000000000000000000000000000007070707070707070700000000000000000000000000000007070707070707070700000000000000000000000000000000000000000000000000000000000000000000000000000000000000000000000000000000000000000000000000000000000000000000000000
310
00000000000000000000000000000000000000000000000000000000000000000000000000000000000000000000070000000000000000000000000000000000000007000000000000000000000000000007000000000000000000000000000000000000000700000000000000000000000000000000000000000000000000
310
00000000000000000000000000000000000000000000000000000000000000000000000000000000000000000000000000000000000000000000000000000000000000000000000000000000000000000000000000000000000000000000000000000000000000000000000000000000000000000000000000000000000000
310
00000000000000000000000000000000000000000000000000000000000000000000000000000000000000000000000000000000000000000000000000000000000000000000000000000000000000000000000000000000000000000000000000000000000000000000000000000000000000000000000000000000000000
310
00000000000000000000000000000000000000000000000000070707070707070707000000000000000000000000000000070707070707070707000000000000000000000000000000000000000000000000000000000000000000000000000000000000000000000000000000000000000000000000000000000000000000
310
00000000000000000000000000000000000000000000000000000000000000000000000000000000000000000000000000000700000000000000000000000000000000000000070000000000000000000000000000070000000000000000000000000000000000000007000000000000000000000000000000000000000000
310
00000000000000000000000000000000000000000000000000000000000000000000000000000000000000000000000000000000000000000000000000000000000000000000000000000000000000000000000000000000000000000000000000000000000000000000000000000000000000000000000000000000000000
310
00000000000000000000000000000000000000000000000000000000000000000000000000000000000000000000000000000000000000000000000000000000000000000000000000000000000000000000000000000000000000000000000000000000000000000000000000000000000000000000000000000000000000
310
00000000000000000000000000000000000000000000000000000000000707070707070707070000000000000000000000000000000707070707070707070000000000000000000000000000000000000000000000000000000000000000000000000000000000000000000000000000000000000000000000000000000000
310
00000000000000000000000000000000000000000000000000000000000000000000000000000000000000000000000000000000000007000000000000000000000000000000000000000700000000000000000000000000000700000000000000000000000000000000000000070000000000000000000000000000000000
310
00000000000000000000000000000000000000000000000000000000000000000000000000000000000000000000000000000000000000000000000000000000000000000000000000000000000000000000000000000000000000000000000000000000000000000000000000000000000000000000000000000000000000
310
00000000000000000000000000000000000000000000000000000000000000000000000000000000000000000000000000000000000000000000000000000000000000000000000000000000000000000000000000000000000000000000000000000000000000000000000000000000000000000000000000000000000000
310
00000000000000000000000000000000000000000000000000000000000000000007070707070707070700000000000000000000000000000007070707070707070700000000000000000000000000000000000000000000000000000000000000000000000000000000000000000000000000000000000000000000000000
310
00000000000000000000000000000000000000000000000000000000000000000000000000000000000000000000000000000000000000000000070000000000000000000000000000000000000007000000000000000000000000000007000000000000000000000000000000000000000700000000000000000000000000
310
00000000000000000000000000000000000000000000000000000000000000000000000000000000000000000000000000000000000000000000000000000000000000000000000000000000000000000000000000000000000000000000000000000000000000000000000000000000000000000000000000000000000000
310
00000000000000000000000000000000000000000000000000000000000000000000000000000000000000000000000000000000000000000000000000000000000000000000000000000000000000000000000000000000000000000000000000000000000000000000000000000000000000000000000000000000000000
310
00000000000000000000000000000000000000000000000000000000000000000000000000070707070707070707000000000000000000000000000000070707070707070707000000000000000000000000000000000000000000000000000000000000000000000000000000000000000000000000000000000000000000
310
00000000000000000000000000000000000000000000000000000000000000000000000000000000000000000000000000000000000000000000000000000700000000000000000000000000000000000000070000000000000000000000000000070000000000000000000000000000000000000007000000000000000000
310
00000000000000000000000000000000000000000000000000000000000000000000000000000000000000000000000000000000000000000000000000000000000000000000000000000000000000000000000000000000000000000000000000000000000000000000000000000000000000000000000000000000000000
310
00000000000000000000000000000000000000000000000000000000000000000000000000000000000000000000000000000000000000000000000000000000000000000000000000000000000000000000000000000000000000000000000000000000000000000000000000000000000000000000000000000000000000
310
00000000000000000000000000000000000000000000000000000000000000000000000000000000000707070707070707070000000000000000000000000000000707070707070707070000000000000000000000000000000000000000000000000000000000000000000000000000000000000000000000000000000000
310
00000000000000000000000000000000000000000000000000000000000000000000000000000000000000000000000000000000000000000000000000000000000007000000000000000000000000000000000000000700000000000000000000000000000700000000000000000000000000000000000000070000000000
310
00000000000000000000000000000000000000000000000000000000000000000000000000000000000000000000000000000000000000000000000000000000000000000000000000000000000000000000000000000000000000000000000000000000000000000000000000000000000000000000000000000000000000
310
00000000000000000000000000000000000000000000000000000000000000000000000000000000000000000000000000000000000000000000000000000000000000000000000000000000000000000000000000000000000000000000000000000000000000000000000000000000000000000000000000000000000000
310
00000000000000000000000000000000000000000000000000000000000000000000000000000000000000000007070707070707070700000000000000000000000707070707070707070707070700000000000000000000000000000000000000000000000000000000000000000000000000000000000000000000000000
310
00000000000000000000000000000000000000000000000000000000000000000000000000000000000000000000000000000000000000000000000000000000000000000000070000000000000000000000000000000000000007000000000000000000000000000007000000000000000000000000000000000000000700
310
00000000000000000000000000000000000000000000000000000000000000000000000000000000000000000000000000000000000000000000000000000000000000000000000000000000000000000000000000000000000000000000000000000000000000000000000000000000000000000000000000000000000000
310
00000000000000000000000000000000000000000000000000000000000000000000000000000000000000000000000000000000000000000000000000000000000000000000000000000000000000000000000000000000000000000000000000000000000000000000000000000000000000000000000000000000000000
310
00000000000000000000000000000000000000000000000000000000000000000000000000000000000000000000000000070707070707070707070707070000000000000007070000070707070707070707000000000000000000000000000000000000000000000000000000000000000000000000000000000000000000
310
00000000000000000000000000000000000000000000000000000000000000000000000000000000000000000000000000000000000000000000000000000000000000000000000000000700000000000000000000000000000000000000070000000000000000000000000000070000000000000000000000000000000000
310
00000700000000000000000000000000000000000000000000000000000000000000000000000000000000000000000000000000000000000000000000000000000000000000000000000000000000000000000000000000000000000000000000000000000000000000000000000000000000000000000000000000000000
310
00000000000000000000000000000000000000000000000000000000000000000000000000000000000000000000000000000000000000000000000000000000000000000000000000000000000000000000000000000000000000000000000000000000000000000000000000000000000000000000000000000000000000
310
00000000000000000000000000000000000000000000000000000000000000000000000000000000000000000000000000000000000707070707070707070700000000000000000000070707070707070707070707070000000000000000000000000000000000000000000000000000000000000000000000000000000000
310
00000000000000000000000000000000000000000000000000000000000000000000000000000000000000000000000000000000000000000000000000000000000000000000000000000000000007000000000000000000000000000000000000000700000000000000000000000000000700000000000000000000000000
310
00000000000007000000000000000000000000000000000000000000000000000000000000000000000000000000000000000000000000000000000000000000000000000000000000000000000000000000000000000000000000000000000000000000000000000000000000000000000000000000000000000000000000
310
00000000000000000000000000000000000000000000000000000000000000000000000000000000000000000000000000000000000000000000000000000000000000000000000000000000000000000000000000000000000000000000000000000000000000000000000000000000000000000000000000000000000000
310
00000000000000000000000000000000000000000000000000000000000000000000000000000000000000000000000000000000000000000007070707070707070707070700000000000000000707070707070707070707070700000000000000000000000000000000000000000000000000000000000000000000000000
310
00000000000000000000000000000000000000000000000000000000000000000000000000000000000000000000000000000000000000000000000000000000000000000000000000000000000000000000070000000000000000000000000000000000000007000000000000000000000000000007000000000000000000
310
00000000000000000000070000000000000000000000000000000000000000000000000000000000000000000000000000000000000000000000000000000000000000000000000000000000000000000000000000000000000000000000000000000000000000000000000000000000000000000000000000000000000000
310
00000000000000000000000000000000000000000000000000000000000000000000000000000000000000000000000000000000000000000000000000000000000000000000000000000000000000000000000000000000000000000000000000000000000000000000000000000000000000000000000000000000000000
310
00000000000000000000000000000000000000000000000000000000000000000000000000000000000000000000000000000000000000000000000000070707070707070707070707000000000000000007070707070707070707070707000000000000000000000000000000000000000000000000000000000000000000
310
00000000000000000000000000000000000000000000000000000000000000000000000000000000000000000000000000000000000000000000000000000000000000000000000000000000000000000000000000000700000000000000000000000000000000000000070000000000000000000000000000070000000000
310
00000000000000000000000000000700000000000000000000000000000000000000000000000000000000000000000000000000000000000000000000000000000000000000000000000000000000000000000000000000000000000000000000000000000000000000000000000000000000000000000000000000000000
310
00000000000000000000000000000000000000000000000000000000000000000000000000000000000000000000000000000000000000000000000000000000000000000000000000000000000000000000000000000000000000000000000000000000000000000000000000000000000000000000000000000000000000
310
00000000000000000000000000000000000000000000000000000000000000000000000000000000000000000000000000000000000000000000000000000000000707070707070707070707070000000000000000070707070707070707070707070000000000000000000000000000000000000000000000000000000000
310
00000000000000000000000000000000000000000000000000000000000000000000000000000000000000000000000000000000000000000000000000000000000000000000000000000000000000000000000000000000000007000000000000000000000000000000000000000700000000000000000000000000000700
310
00000000000000000000000000000000000007000000000000000000000000000000000000000000000000000000000000000000000000000000000000000000000000000000000000000000000000000000000000000000000000000000000000000000000000000000000000000000000000000000000000000000000000
310
00000000000000000000000000000000000000000000000000000000000000000000000000000000000000000000000000000000000000000000000000000000000000000000000000000000000000000000000000000000000000000000000000000000000000000000000000000000000000000000000000000000000000
310
00000000000000000000000000000000000000000000000000000000000000000000000000000000000000000000000000000000000000000000000000000000000000000007070707070707070707070700000000000000000000000007070707070707070700000000000000000000000000000000000000000000000000
310
00000000000000000000000000000000000000000000000000000000000000000000000000000000000000000000000000000000000000000000000000000000000000000000000000000000000000000000000000000000000000000000070000000000000000000000000000000000000007000000000000000000000000
310
00000700000000000000000000000000000000000000070000000000000000000000000000000000000000000000000000000000000000000000000000000000000000000000000000000000000000000000000000000000000000000000000000000000000000000000000000000000000000000000000000000000000000
310
00000000000000000000000000000000000000000000000000000000000000000000000000000000000000000000000000000000000000000000000000000000000000000000000000000000000000000000000000000000000000000000000000000000000000000000000000000000000000000000000000000000000000
310
00000000000000000000000000000000000000000000000000000000000000000000000000000000000000000000000000000000000000000000000000000000000000000000000000070707070707070707000000000000000000000000000000070707070707070707000000000000000000000000000000000000000000
310
00000000000000000000000000000000000000000000000000000000000000000000000000000000000000000000000000000000000000000000000000000000000000000000000000000000000000000000000000000000000000000000000000000700000000000000000000000000000000000000070000000000000000
310
00000000000007000000000000000000000000000000000000000700000000000000000000000000000000000000000000000000000000000000000000000000000000000000000000000000000000000000000000000000000000000000000000000000000000000000000000000000000000000000000000000000000000
310
00000000000000000000000000000000000000000000000000000000000000000000000000000000000000000000000000000000000000000000000000000000000000000000000000000000000000000000000000000000000000000000000000000000000000000000000000000000000000000000000000000000000000
310
00000000000000000000000000000000000000000000000000000000000000000000000000000000000000000000000000000000000000000000000000000000000000000000000000000000000707070707070707070000000000000000000000000000000707070707070707070000000000000000000000000000000000
310
00000000000000000000000000000000000000000000000000000000000000000000000000000000000000000000000000000000000000000000000000000000000000000000000000000000000000000000000000000000000000000000000000000000000007000000000000000000000000000000000000000700000000
310
00000000000000000000070000000000000000000000000000000000000007000000000000000000000000000000000000000000000000000000000000000000000000000000000000000000000000000000000000000000000000000000000000000000000000000000000000000000000000000000000000000000000000
310
00000000000000000000000000000000000000000000000000000000000000000000000000000000000000000000000000000000000000000000000000000000000000000000000000000000000000000000000000000000000000000000000000000000000000000000000000000000000000000000000000000000000000
310
00000000000000000000000000000000000000000000000000000000000000000000000000000000000000000000000000000000000000000000000000000000000000000000000000000000000000000007070707070707070700000000000000000000000000000007070707070707070700000000000000000000000000
310
00000000000000000000000000000000000000000000000000000000000000000000000000000000000000000000000000000000000000000000000000000000000000000000000000000000000000000000000000000000000000000000000000000000000000000000070707070707070707070707070707070707070707
310
07070707070707070707070707070707070707070707070707070707070707070707070707070707070707070707070707070707000000000000000000000000000000000000000000000000000000000000000000000000000000000000000000000000000000000000000000000000000000000000000000000000000000
310
00000000000000000000000000000000000000000000000000000000000000000000000000000000000000000000000000000000000000000000000000000000000000000000000000000000000000000000000000000000000000000000000000000000000000000000000000000000000000000000000000000000000000
310
00000000000000000000000000000000000000000000000000000000000000000000000000000000000000000000000000000000000000000000000000000000000000000000000000000000000000000000000000070707070707070707000000000000000000000000000000070707070707070707000000000000000000
310
00000000000000000000000000000000000000000000000000000000000000000000000000000000000000000000000000000000000000000000000000000000000000000000000000000000000000000000000000000000000000000000000000000000000000000000000000000700070000000000000000000000000000
310
00000000000000000000000000000000000000000000000000000000000000000000000000000000000000000000000000000000000700070000000000000000000000000000000000000000000000000000000000000000000000000000000000000000000000000000000000000000000000000000000000000000000000
310
00000000000000000000000000000000000000000000000000000000000000000000000000000000000000000000000000000000000000000000000000000000000000000000000000000000000000000000000000000000000000000000000000000000000000000000000000000000000000000000000000000000000000
310
00000000000000000000000000000000000000000000000000000000000000000000000000000000000000000000000000000000000000000000000000000000000000000000000000000000000000000000000000000000000707070707070707070000000000000000000000000000000707070707070707070000000000
310
00000000000000000000000000000000000000000000000000000000000000000000000000000000000000000000000000000000000000000000000000000000000000000000000000000000000000000000000000000000000000000000000000000000000000000000000000000000000007000700000000000000000000
310
00000000000000000000000000000000000000000000000000000000000000000000000000000000000000000000000000000000000000000007000700000000000000000000000000000000000000000000000000000000000000000000000000000000000000000000000000000000000000000000000000000000000000
310
00000000000000000000000000000000000000000000000000000000000000000000000000000000000000000000000000000000000000000000000000000000000000000000000000000000000000000000000000000000000000000000000000000000000000000000000000000000000000000000000000000000000000
310
00000000000000000000000000000000000000000000000000000000000000000000000000000000000000000000000000000000000000000000000000000000000000000000000000000000000000000000000000000000000000000007070707070707070700000000000000000000000000000007070707070707070700
310
00000000000000000000000000000000000000000000000000000000000000000000000000000000000000000000000000000000000000000000000000000000000000000000000000000000000000000000000000000000000000000000000000000000000000000000000000000000000000000000070007000000000000
310
00000000000000000000000000000000000000000000000000000000000000000000000000000000000000000000000000000000000000000000000000070007000000000000000000000000000000000000000000000000000000000000000000000000000000000000000000000000000000000000000000000000000000
310
00000000000000000000000000000000000000000000000000000000000000000000000000000000000000000000000000000000000000000000000000000000000000000000000000000000000000000000000000000000000000000000000000000000000000000000000000000000000000000000000000000000000000
310
00000000000000000000000000000000000000000000000000000000000000000000000000000000000000000000000000000000000000000000000000000000000000000000000000000000000000000000000000000000000000000000000000070707070707070707000000000000000000000000000000070707070707
310
07070700000000000000000000000000000000000000000000000000000000000000000000000000000000000000000000000000000000000000000000000000000000000000000000000000000000000000000000000000000000000000000000000000000000000000000000000000000000000000000000000707070707
310
07070707070707070707070707070707070707070707070707070707070707070707070707070707070707070707070707070707070707070707070707070707070707070000000000000000000000000000000000000000000000000000000000000000000000000000000000000000000000000000000000000000000000
310
00000000000000000000000000000000000000000000000000000000000000000000000000000000000000000000000000000000000000000000000000000000000000000000000000000000000000000000000000000000000000000000000000000000000000000000000000000000000000000000000000000000000000
310
00000000000000000000000000000000000000000000000000000000000000000000000000000000000000000000000000000000000000000000000000000000000000000000000000000000000000000000000000000000000000000000000000000000000707070707070707070000000000000000000000000000000707
310
07070707070707000000000000000000000000000000000000000000000000000000000000000000000000000000000000000000000000000000000000000000000000000000000000000000000000000000000000000000000000000000000000000000000000000000000000000000000000000000000000000000000000
310
00000000000000000007070000000000000000000000000000000000000000000000000000000000000000000707000000000000000000000000000000000000000000000000000000000000000000000000000000000000000000000000000000000000000000000000000000000000000000000000000000000000000000
310
00000000000000000000000000000000000000000000000000000000000000000000000000000000000000000000000000000000000000000000000000000000000000000000000000000000000000000000000000000000000000000000000000000000000000000000000000000000000000000000000000000000000000
310
00000000000000000000000000000000000000000000000000000000000000000000000000000000000000000000000000000000000000000000000000000000000000000000000000000000000000000000000000000000000000000000000000000000000000000007070707070707070700000000000000000000000000
310
00000707070707070707070000000000000000000000000000000000000000000000000000000000000000000000000000000000000000000000000000000000000000000000000000000000000000000000000000000000000000000000000000000000000000000000000000000000000000000000000000000000000000
310
00000000000000000000000000070700000000000000000000000000000000000000000000000000000000000000000007070000000000000000000000000000000000000000000000000000000000000000000000000000000000000000000000000000000000000000000000000000000000000000000000000000000000
310
00000000000000000000000000000000000000000000000000000000000000000000000000000000000000000000000000000000000000000000000000000000000000000000000000000000000000000000000000000000000000000000000000000000000000000000000000000000000000000000000000000000000000
310
00000000000000000000000000000000000000000000000000000000000000000000000000000000000000000000000000000000000000000000000000000000000000000000000000000000000000000000000000000000000000000000000000000000000000000000000000070707070707070707000000000000000000
310
00000000000007070707070707070700000000000000000000000000000000000000000000000000000000000000000000000000000000000000000000000000000000000000000000000000000000000000000000000000000000000000000000000000000000000000000000000000000000000000000000000000000000
310
00000000000000000000000000000000000707000000000000000000000000000000000000000000000000000000000000000000070700000000000000000000000000000000000000000000000000000000000000000000000000000000000000000000000000000000000000000000000000000000000000000000000000
310
00000000000000000000000000000000000000000000000000000000000000000000000000000000000000000000000000000000000000000000000000000000000000000000000000000000000000000000000000000000000000000000000000000000000000000000000000000000000000000000000000000000000000
310
00000000000000000000000000000000000000000000000000000000000000000000000000000000000000000000000000000000000000000000000000000000000000000000000000000000000000000000000000000000000000000000000000000000000000000000000000000000000707070707070707070000000000
310
00000000000000000000070707070707070707000000000000000000000000000000000000000000000000000000000000000000000000000000000000000000000000000000000000000000000000000000000000000000000000000000000000000000000000000000000000000000000000000000000000000000000000
310
00000000000000000000000000000000000000000007070000000000000000000000000000000000000000000000000000000000000000000707000000000000000000000000000000000000000000000000000000000000000000000000000000000000000000000000000000000000000000000000000000000000000000
310
00000000000000000000000000000000000000000000000000000000000000000000000000000000000000000000000000000000000000000000000000000000000000000000000000000000000000000000000000000000000000000000000000000000000000000000000000000000000000000000000000000000000000
310
00000000000000000000000000000000000000000000000000000000000000000000000000000000000000000000000000000000000000000000000000000000000000000000000000000000000000000000000000000000000000000000000000000000000000000000000000000000000000000007070707070707070700
310
00000000000000000000000000000707070707070707070000000000000000000000000000000000000000000000000000000000000000000000000000000000000000000000000000000000000000000000000000000000000000000000000000000000000000000000000000000000000000000000000000000000000000
310
00000000000000000000000000000000000000000000000000070700000000000000000000000000000000000000000000000000000000000000000007070000000000000000000000000000000000000000000000000000000000000000000000000000000000000000000000000000000000000000000000000000000000
310
00000000000000000000000000000000000000000000000000000000000000000000000000000000000000000000000000000000000000000000000000000000000000000000000000000000000000000000000000000000000000000000000000000000000000000000000000000000000000000000000000000000000000
310
00000000000000000000000000000000000000000000000000000000000000000000000000000000000000000000000000000000000000000000000000000000000000000000000000000000000000000000000000000000000000000000000000000000000000000000000000000000000000000000000000070707070707
310
07070700000000000000000000000000000007070707070707070700000000000000000000000000000000000000000000000000000000000000000000000000000000000000000000000000000000000000000000000000000000000000000000000000000000000000000000000000000000000000000000000000000000
310
00000000000000000000000000000000000000000000000000000000000000000000000000000000000000000000000000000000000000000000000000000000000000000000000000000000000000000000000000000000000000000000000000000000000000000000000000000000000000000000000000000000000000
310
00000000000000000000000000000000000000000000000000000000000000000000000000000000000000000000000000000000000000000000000000000000000000000000000000000000000000000000000000000000000000000000000000000000000000000000000000000000000000000000000000000000000000
310
00000000000000000000000000000000000000000000000000000000000000000000000000000000000000000000000000000000000000000000000000000000000000000000000000000000000000000000000000000000000000000000000000000000000000000000000000000000000000000000000000000000000707
310
07070707070707000000000000000000000000000000070707070707070707000000000000000000000000000000000000000000000000000000000000000000000000000000000000000000000000000000000000000000000000000000000000000000000000000000000000000000000000000000000000000000000000
310
00000000000000000000000000000000000000000000000000000000000000000000000000000000000000000000000000000000000000000000000000000000000000000000000000000000000000000000000000000000000000000000000000000000000000000000000000000000000000000000000000000000000000
310
00000000000000000000000000000000000000000000000000000000000000000000000000000000000000000000000000000000000000000000000000000000000000000000000000000000000000000000000000000000000000000000000000000000000000000000000000000000000000000000000000000000000000
310
00000000000000000000000000000000000000000000000000000000000000000000000000000000000000000000000000000000000000000000000000000000000000000000000000000000000000000000000000000000000000000000000000000000000000000000000000000000000000000000000000000000000000
310
00000707070707070707070000000000000000000000000000000707070707070707070000000000000000000000000000000000000000000000000000000000000000000000000000000000000000000000000000000000000000000000000000000000000000000000000000000000000000000000000000000000000000
310
00000000000000000000000000000000000000000000000000000000000000000000000000000000000000000000000000000000000000000000000000000000000000000000000000000000000000000000000000000000000000000000000000000000000000000000000000000000000000000000000000000000000000
310
00000000000000000000000000000000000000000000000000000000000000000000000000000000000000000000000000000000000000000000000000000000000000000000000000000000000000000000000000000000000000000000000000000000000000000000000000000000000000000000000000000000000000
310
00000000000000000000000000000000000000000000000000000000000000000000000000000000000000000000000000000000000000000000000000000000000000000000000000000000000000000000000000000000000000000000000000000000000000000000000000000000000000000000000000000000000000
310
00000000000007070707070707070700000000000000000000000000000007070707070707070700000000000000000000000000000000000000000000000000000000000000000000000000000000000000000000000000000000000000000000000000000000000000000000000000000000000000000000000000000000
310
00000000000000000000000000000000000000000000000000000000000000000000000000000000000000000000000000000000000000000000000000000000000000000000000000000000000000000000000000000000000000000000000000000000000000000000000000000000000000000000000000000000000000
310
00000000000000000000000000000000000000000000000000000000000000000000000000000000000000000000000000000000000000000000000000000000000000000000000000000000000000000000000000000000000000000000000000000000000000000000000000000000000000000000000000000000000000
310
00000000000000000000000000000000000000000000000000000000000000000000000000000000000000000000000000000000000000000000000000000000000000000000000000000000000000000000000000000000000000000000000000000000000000000000000000000000000000000000000000000000000000
310
00000000000000000000070707070707070707000000000000000000000000000000070707070707070707000000000000000000000000000000000000000000000000000000000000000000000000000000000000000000000000000000000000000000000000000000000000000000000000000000000000000000000000
310
00000000000000000000000000000000000000000000000000000000000000000000000000000000000000000000000000000000000000000000000000000000000000000000000000000000000000000000000000000000000000000000000000000000000000000000000000000000000000000000000000000000000000
310
00000000000000000000000000000000000000000000000000000000000000000000000000000000000000000000000000000000000000000000000000000000000000000000000000000000000000000000000000000000000000000000000000000000000000000000000000000000000000000000000000000000000000
310
00000000000000000000000000000000000000000000000000000000000000000000000000000000000000000000000000000000000000000000000000000000000000000000000000000000000000000000000000000000000000000000000000000000000000000000000000000000000000000000000000000000000000
310
00000000000000000000000000000707070707070707070000000000000000000000000000000707070707070707070000000000000000000000000000000000000000000000000000000000000000000000000000000000000000000000000000000000000000000000000000000000000000000000000000000000000000
310
00000000000000000000000000000000000000000000000000000000000000000000000000000000000000000000000000000000000000000000000000000000000000000000000000000000000000000000000000000000000000000000000000000000000000000000000000000000000000000000000000000000000000
310
00000000000000000000000000000000000000000000000000000000000000000000000000000000000000000000000000000000000000000000000000000000000000000000000000000000000000000000000000000000000000000000000000000000000000000000000000000000000000000000000000000000000000
310
00000000000000000000000000000000000000000000000000000000000000000000000000000000000000000000000000000000000000000000000000000000000000000000000000000000000000000000000000000000000000000000000000000000000000000000000000000000000000000000000000000000000000
310
00000000000000000000000000000000000007070707070707070700000000000000000000000000000007070707070707070700000000000000000000000000000000000000000000000000000000000000000000000000000000000000000000000000000000000000000000000000000000000000000000000000000000
310
00000000000000000000000000000000000000000000000000000000000000000000000000000000000000000000000000000000000000000000000000000000000000000000000000000000000000000000000000000000000000000000000000000000000000000000000000000000000000000000000000000000000000
310
00000000000000000000000000000000000000000000000000000000000000000000000000000000000000000000000000000000000000000000000000000000000000000000000000000000000000000000000000000000000000000000000000000000000000000000000000000000000000000000000000000000000000
310
00000000000000000000000000000000000000000000000000000000000000000000000000000000000000000000000000000000000000000000000000000000000000000000000000000000000000010100000000000000000000000000000000000000000000000000000000000000000000000000000000000000000000
310
00000000000000000000000000000000000000000000070707070707070707000000000000000000000000000000070707070707070707000000000000000000000000000000000000000000000000000000000000000000000000000000000000000000000000000000000000000000000000000000000000000000000000
310
00000000000000000000000000000000000000000000000000000000000000000000000000000000000000000000000000000000000000000000000000000000000000000000000000000000000000000000000000000000000000000000000000000000000000000000000000000000000000000000000000000000000000
310
00000000000000000000000000000000000000000000000000000000000000000000000000000000000000000000000000000000000000000000000000000000000000000000000000000000000000000000000000000000000000000000000000000000000000000000000000000000000000000000000000000000000000
310
00000000000000000000000000000000000000000000000000000000000000000000000000000000000000000000000000000000000000000000000000000000000000000000000000000000000000000001010101010100000000000000000000000000000000000000000000000000000000000000000000000000000000
310
00000000000000000000000000000000000000000000000000000707070707070707070000000000000000000000000000000707070707070707070000000000000000000000000000000000000000000000000000000000000000000000000000000000000000000000000000000000000000000000000000000000000000
310
00000000000000000000000000000000000000000000000000000000000000000000000000000000000000000000000000000000000000000000000000000000000000000000000000000000000000000000000000000000000000000000000000000000000000000000000000000000000000000000000000000000000000
310
00000000000000000000000000000000000000000000000000000000000000000000000000000000000000000000000000000000000000000000000000000000000000000000000000000000000000000000000000000000000000000000000000000000000000000000000000000000000000000000000000000000000000
310
00000000000000000000000000000000000000000000000000000000000000000000000000000000000000000000000000000000000000000000000000000000000000000000000000000000000000000000000000010001010100000000000000000000000000000000000000000000000000000000000000000000000000
310
00000000000000000000000000000000000000000000000000000000000007070707070707070700000000000000000000000000000007070707070707070700000000000000000000000000000000000000000000000000000000000000000000000000000000000000000000000000000000000000000000000000000000
310
00000000000000000000000000000000000000000000000000000000000000000000000000000000000000000000000000000000000000000000000000000000000000000000000000000000000000000000000000000000000000000000000000000000000000000000000000000000000000000000000000000000000000
310
00000000000000000000000000000000000000000000000000000000000000000000000000000000000000000000000000000000000000000000000000000000000000000000000000000000000000000000000000000000000000000000000000000000000000000000000000000000000000000000000000000000000000
310
00000000000000000000000000000000000000000000000000000000000000000000000000000000000000000000000000000000000000000000000000000000000000000000000000000000000000000000000000000000000101010100000000000000000000000000000000000000000000000000000000000000000000
310
00000000000000000000000000000000000000000000000000000000000000000000070707070707070707000000000000000000000000000000070707070707070707000000000000000000000000000000000000000000000000000000000000000000000000000000000000000000000000000000000000000000000000
310
00000000000000000000000000000000000000000000000000000000000000000000000000000000000000000000000000000000000000000000000000000000000000000000000000000000000000000000000000000000000000000000000000000000000000000000000000000000000000000000000000000000000000
310
00000000000000000000000000000000000000000000000000000000000000000000000000000000000000000000000000000000000000000000000000000000000000000000000000000000000000000000000000000000000000000000000000000000000000000000000000000000000000000000000000000000000000
310
00000000000000000000000000000000000000000000000000000000000000000000000000000000000000000000000000000000000000000000000000000000000000000000000000000000000000000000000000000000000000000001010101000000000000000000000000000000000000000000000000000000000000
310
00000000000000000000000000000000000000000000000000000000000000000000000000000707070707070707070000000000000007070707070707070707070707070707070000000000000000000000000000000000000000000000000000000000000000000000000000000000000000000000000000000000000000
310
00000000000000000000000000000000000000000000000000000000000000000000000000000000000000000000000000000000000000000000000000000000000000000000000000000000000000000000000000000000000000000000000000000000000000000000000000000000000000000000000000000000000000
310
00000000000000000000000000000000000000000000000000000000000000000000000000000000000000000000000000000000000000000000000000000000000000000000000000000000000000000000000000000000000000000000000000000000000000000000000000000000000000000000000000000000000000
310
00000000000000000000000000000000000000000000000000000000000000000000000000000000000000000000000000000000000000000000000000000000000000000000000000000000000000000000000000000000000000000000000000010000000000000000000000000000000000000000000000000000000000
310
00000000000000000000000000000000000000000000000000000000000000000000000000000000000007070707070707070707070707070707070707070707070707070707070707070700000000000000000000000000000000000000000000000000000000000000000000000000000000000000000000000000000000
310
00000000000000000000000000000000000000000000000000000000000000000000000000000000000000000000000000000000000000000000000000000000000000000000000000000000000000000000000000000000000000000000000000000000000000000000000000000000000000000000000000000000000000
310
00000000000000000000000000000000000000000000000000000000000000000000000000000000000000000000000000000000000000000000000000000000000000000000000000000000000000000000000000000000000000000000000000000000000000000000000000000000000000000000000000000000000000
310
00000000000000000000000000000000000000000000000000000000000000000000000000000000000000000000000000000000000000000000000000000000000000000000000000000000000000000000000000000000000000000000000000000000000100000000000000000000000000000000000000000000000000
310
00000000000000000000000000000000000000000000000000000000000000000000000000000000000000000000070707070707070707070707070707070707070707070707070707070707070707000000000000000000000000000000000000000000000000000000000000000000000000000000000000000000000000
310
00000000000000000000000000000000000000000000000000000000000000000000000000000000000000000000000000000000000000000000000000000000000000000000000100000000000000000000000000000000000000000000000000000000000000000000000000000000000000000000000000000000000000
310
00000000000000000000000000000000010000000000000000000000000000000000000000000000000000000000000000000000000000000000000000000000000000000000000000000000000000000000000000000000000000000000000000000100000100000000000000000000000000000000000000000000000000
310
00000000000000000000000000000000000000000000000000000000000000000000000000000000000000000000000000000000000000000000000000000000000000000000000000000000000000000000000000000000000000000000000000000000000000000001000000000000000000000000000000000000000000
310
00000000000000000000000000000000000000000000000000000000000000000000000000000000000000000000000000000707070707070707070707070707070707070707070707070707070707070707070000000000000000000000000000000000000000000000000000000000000000000000000000000000000000
310
00000000000000000000000000000000000000000000000000000000000000000000000000000000000000000000000000000000000000000000000000000000000000000000000000000001000000000000000000000000000000000000000000000000000000000000000000000000000000000000000000000000000000
310
00000000000000000000000000000000000000000100000000000000000000000000000000000000000000000000000000000000000000000000000000000000000000000000000000000000000000000000000000000000000000000000000000000000000001000001000000000000000000000000000000000000000000
310
00000000000000000000000000000000000000000000000000000000000000000000000000000000000000000000000000000000000000000000000000000000000000000000000000000000000000000000000000000000000000000000000000000000000000000000000000010000000000000000000000000000000000
310
00000000000000000000000000000000000000000000000000000000000000000000000000000000000000000000000000000000000007070707070707070707070707070707000000000000000007070707070707070700000000000000000000000000000000000000000000000000000000000000000000000000000000
310
00000000000000000000000000000000000000000000000000000000000000000000000000000000000000000000000000000000000000000000000000000000000000000000000000000000000000010101010101000000000000000000000000000000000000000000000000010101010100010100010101000100000000
310
00000000000000000000000000000000000000010101010101000000000000000000000000000000000000000000000000000000000000000000000000000000000000000000000000000000000000000000000000000000010101010100010101000100000101010101010000010101010101000000000000000000000000
310
00000000000000000000000000000000000000000000000000000000000000000000000000000000000000000000000000000000000000000000000000000000000000000000000000000000000000000000000000000000000000000000000000000000000000000000000000000000000100000000000000000000000000
310
00000000000000000000000000000000000000000000000000000000000000000000000000000000000000000000000000000000000000000000070707070707070707000000000000000000000000000000070707070707070707000000000000000000000000000000000000000000000000000000000000000000000000
310
00000000000000000000000000000000000000000000000000000000000000000000000000000000000000000000000000000000000000000000000000000000000000000000000000000000000000000000000101010101010101010101010101010101010101010101010101010101010101010101010101010101010101
310
01010101010101010101010101010101010101010101010101010101010000000000000000000000000000000000000000000000000000000000000000000000000000000000000000000000000000000000000000000000000000000101010101010101010101010101010101010101010101010101010101010000000000
310
00000000000000000000000000000000000000000000000000000000000000000000000000000000000000000000000000000000000000000000000000000000000000000000000000000000000000000000000000000000000000000000000000000000000000000000000000000000000000000001000000000000000000
310
00000000000000000000000000000000000000000000000000000000000000000000000000000000000000000000000000000000000000000000000000000707070707070707070000000000000000000000000000000707070707070707070000000000000000000000000000000000000000000000000000000000000000
310
00000000000000000000000000000000000000000000000000000000000000000000000000000000000000000000000000000000000000000000000000000000000000000000000000000000000000000000000000000001000000000000000000000000000000000000000000000000000000000000010101010100000001
310
00010100010000000000000000000000000000000000000000000000000000000100000000000000000000000000000000000000000000000000000000000000000000000000000000000000000000000000000000000000000000000000000000010000000001000101000100000000000001000001000000000000000000
310
00000000000000000000000000000000000000000000000000000000000000000000000000000000000000000000000000000000000000000000000000000000000000000000000000000000000000000000000000000000000000000000000000000000000000000000000000000000000000000000000000010000000000
310
00000000000000000000000000000000000000000000000000000000000000000000000000000000000000000000000000000000000000000000000000000000000007070707070707070700000000000000000000000000000007070707070707070700000000000000000000000000000000000000000000000000000000
310
00000000000000000000000000000000000000000000000000000000000000000000000000000000000000000000000000000000000000000000000000000000000000000000000000000000000000000000000000000000000000010000000000000000000000000000000000000000000000000000000000010101010001
310
00000001010101010100000000000000000000000000000000000000000000000000000001000000000000000000000000000000000000000000000000000000000000000000000000000000000000000000000000000000000000000000000000000000000100000000010101010001000000000000010000010000000000
310
00000000000000000000000000000000000000000000000000000000000000000000000000000000000000000000000000000000000000000000000000000000000000000000000000000000000000000000000000000000000000000000000000000000000000000000000000000000000000000000000000000000000100
310
00000000000000000000000000000000000000000000000000000000000000000000000000000000000000000000000000000000000000000000000000000000000000000000070707070707070707000000000000000000000000000000070707070707070707000000000000000000000000000000000000000000000000
310
00000000000000000000000000000000000000000000000000000000000000000000000000000000000000000000000000000000000000000000000000000000000000000000000000000000000000000000000000000000000000000000000100000000000000000000000000000000000000000000000000000000000101
310
01010101000000010101010101000000000000000000000000000000000000000000000000000000010000000000000000000000000000000000000000000000000000000000000000000000000000000000000000000000000000000000000000000000000000000101000000000101010101010000000000000100000100
310
00000000000000000000000000000000000000000000000000000000000000000000000000000000000000000000000000000000000000000000000000000000000000000000000000000000000000000000000000000000000000000000000000000000000000000000000000000000000000000000000000000000000000
310
00000100000000000000000000000000000000000000000000000000000000000000000000000000000000000000000000000000000000000000000000000000000000000000000000000707070707070707070000000000000000000000000000000707070707070707070000000000000000000000000000000000000000
310
00000000000000000000000000000000000000000000000000000000000000000000000000000000000000000000000000000000000000000000000000000000000000000000000000000000000000000000000000000000000000000000000000000001000000000000000000000000000000000000000000000000000000
310
00000000000000000000000000000000000000000000000000000000000000000000000000000000000000000100000000000000000000000000000000000000000000000000000000000000000000000000000000000000000000000000000000000000000000000000000000000000000000000000000000000000000001
310
00000100000000000000000000000000000000000000000000000000000000000000000000000000000000000000000000000000000000000000000000000000000000000000000000000000000000000000000000000000000000000000000000000000000000000000000000000000000000000000000000000000000000
310
00000000000001000000000000000000000000000000000000000000000000000000000000000000000000000000000000000000000000000000000000000000000000000000000000000000000007070707070707070700000000000000000000000000000007070707070707070700000000000000000000000000000000
310
00000000000000000000000000000000000000000000000000000000000000000000000000000000000000000000000000000000000000000000000000000000000000000000000000000000000000000000000000000000000000000000000000000000000000010000000000000000000000000000000000000000000000
310
00000000000000000000000000000000000000000000000000000000000000000000000000000000000000000000000001000000000000000000000000000000000000000000000000000000000000000000000000000000000000000000000000000000000000000000000000000000000000000000000000000000000000
310
00000001000001000000000000000000000000000000000000000000000000000000000000000000000000000000000000000000000000000000000000000000000000000000000000000000000000000000000000000000000000000000000000000000000000000000000000000000000000000000000000000000000000
310
00000000000000000000010000000000000000000000000000000000000000000000000000000000000000000000000000000000000000000000000000000000000000000000000000000000000000000000070707070707070707000000000000000000000000000000070707070707070707000000000000000000000000
310
00000000000000000000000000000000000000000000000000000000000000000000000000000000000000000000000000000000000000000000000000000000000000000000000000000000000000000000000000000000000000000000000000000000000000000000000100000000000000000000000000000000000000
310
00000000000000000000000000000000000000000000000000000000000000000000000000000000000000000000000000000000010000000000000000000000000000000000000000000000000000000000000000000000000000000000000000000000000000000000000000000000000000000000000000000000000000
310
00000000000000010000010000000000000000000000000000000000000000000000000000000000000000000000000000000000000000000000000000000000000000000000000000000000000000000000000000000000000000000000000000000000000000000000000000000000000000000000000000000000000000
310
00000000000000000000000000000100000000000000000000000000000000000000000000000000000000000000000000000000000000000000000000000000000000000000000000000000000000000000000000000707070707070707070000000000000000000000000000000707070707070707070000000000000000
310
00000000000000000000000000000000000000000000000000000000000000000000000000000000000000000000000000000000000000000000000000000000000000000000000000000000000000000000000000000000000000000000000000000000000000000000000000000001000000000000000000000000000000
310
00000000000000000000000000000000000000000000000000000000000000000000000000000000000000000000000000000000000000000100000000000000000000000000000000000000000000000000000000000000000000000000000000000000000000000000000000000000000000000000000000000000000000
310
00000000000000000000000100000100000000000000000000000000000000000000000000000000000000000000000000000000000000000000000000000000000000000000000000000000000000000000000000000000000000000000000000000000000000000000000000000000000000000000000000000000000000
310
00000000000000000000000000000000000001000000000000000000000000000000000000000000000000000000000000000000000000000000000000000000000000000000000000000000000000000000000000000000000007070707070707070700000000000000000000000000000007070707070707070700000000
310
00000000000000000000000000000000000000000000000000000000000000000000000000000000000000000000000000000000000000000000000000000000000000000000000000000000000000000000000000000000000000000000000000000000000000000000000000000000000000010000000000000000000000
310
00000000000000000000000000000000000000000000000000000000000000000000000000000000000000000000000000000000000000000000000001000000000000000000000000000000000000000000000000000000000000000000000000000000000000000000000000000000000000000000000000000000000000
310
00000000000000000000000000000001000001000000000000000000000000000000000000000000000000000000000000000000000000000000000000000000000000000000000000000000000000000000000000000000000000000000000000000000000000000000000000000000000000000000000000000000000000
310
00000000000000000000000000000000000000000000010000000000000000000000000000000000000000000000000000000000000000000000000000000000000000000000000000000000000000000000000000000000000000000000070707070707070707000000000000000000000000000000070707070707070707
310
00000000000000000000000000000000000000000000000000000000000000000000000000000000000000000000000000000000000000000000000000000000000000000000000000000000000000000000000000000000000000000000000000000000000000000000000000000000000000000000000100000000000000
310
00000000000000000000000000000000000000000000000000000000000000000000000000000000000000000000000000000000000000000000000000000000010000000000000000000000000000000000000000000000000000000000000000000000000000000000000000000000000000000000000000000000000000
310
00000000000000000000000000000000000000010000010000000000000000000000000000000000000000000000000000000000000000000000000000000000000000000000000000000000000000000000000000000000000000000000000000000000000000000000000000000000000000000000000000000000000000
310
00000000000000000000000000000000000000000000000000000100000000000000000000000000000000000000000000000000000000000000000000000000000000000000000000000000000000000000000000000000000000000000000000000707070707070707070000000000000000000000000000000707070707
310
07070707000000000000000000000000000000000000000000000000000000000000000000000000000000000000000000000000000000000000000000000000000000000000000000000000000000000000000000000000000000000000000000000000000000000000000000000000000000000000000000000001000000
310
00000000000000000000000000000000000000000000000000000000000000000000000000000000000000000000000000000000000000000000000000000000000000000100000000000000000000000000000000000000000000000000000000000000000000000000000000000000000000000000000000000000000000
310
00000000000000000000000000000000000000000000000100000100000000000000000000000000000000000000000000000000000000000000000000000000000000000000000000000000000000000000000000000000000000000000000000000000000000000000000000000000000000000000000000000000000000
310
00000000000000000000000000000000000000000000000000000000000001000000000000000000000000000000000000000000000000000000000000000000000000000000000000000000000000000000000000000000000000000000000000000000000007070707070707070700000000000000000000000000000007
310
07070707070707070000000000000000000000000000000000000000000000000000000000000000000000000000000000000000000000000000000000000000000000000000000000000000000000000000000000000000000000000000000000000000000000000000000000000000000000000000000000000000000000
310
01000000000000000000000000000000000000000000000000000000000000000000000000000000000000000000000000000000000000000000000000000000000000000000000001000000000000000000000000000000000000000000000000000000000000000000000000000000000000000000000000000000000000
310
00000000000000000000000000000000000000000000000000000001000001000000000000000000000000000000000000000000000000000000000000000000000000000000000000000000000000000000000000000000000000000000000000000000000000000000000000000000000000000000000000000000000000
310
00000000000000000000000000000000000000000000000000000000000000000000000100000000000000000000000000000000000000000000000000000000000000000000000000000000000000000000000000000000000000000000000000000000000000000000070707070707070707000000000000000000000000
310
00000007070707070707070700000000000000000000000000000000000000000000000000000000000000000000000000000000000000000000000000000000000000000000000000000000000000000000000000000000000000000000000000000000000000000000000000000000000000000101010101010101010101
310
01010101010101070707070707070707070707070707070707070707070707070707070707070707070707070707070707070707070707070707070707070707070707070707070707070700010000000000000000000000000000000000000000000000000000000000000000000000000000000000000000000000000000
310
00000000000000000000000000000000000000000000000000000000000000010707010000000000000000000000000000000000000000000000000000000000000000000000000000000000000000000000000000000000000000000000000000000000000000000000000000000000000000000000000000000000000000
310
00000000000000000000000000000000000000000000000000000000000000000000000000000001000000000000000000000000000000000000000000000000000000000000000000000000000000000000000000000000000000000000000000000000000000000000000000000707070707070707070000000000000000
310
00000000000000070707070707070707000000000000000000000000000000000000000000000000000000000000000000000000000000000000000000000000000000000000000000000000000000000000000000000000000000000000000000000000000000000000000000000000000000000000000000000101000000
310
00000000000000000107000000000000000000000000000000000000000000000000000000000000000000070707070707070707070707070707070707070707000000000000000000000000000000070100000000000000000000000000000000000000000000000000000000000000000000000000000000000000000000
310
00000000000000000000000000000000000000000000000000000000000000000000000100000107070707070707070707070707070707070707070707070707000000000000000000000000000000000000000000000000000000000000000000000000000000000000000000000000000000000000000000000000000000
310
00000000000000000000000000000000000000000000000000000000000000000000000000000000000000010000000000000000000000000000000000000000000000000000000000000000000000000000000000000000000000000000000000000000000000000000000000000000000007070707070707070700000000
310
00000000000000000000000707070707070707070000000000000000000000000000000000000000000000000000000000000000000000000000000000000000000000000000000000000000000000000000000000000000000000000000000000000000000000000000000000000000000000000000000000000000000001
310
01000000000000000000000001000000000000000000000000000000000000000000000000000000000000000000000700000000000000000000000000000000000000070000000000000000000000000000000001000000000000000000000000000000000000000000000000000000000000000000000000000000000000
310
00000000000000000000000000000000000000000000000000000000000000000000000000000001070701000000000000000000000000000000000000000000000000070000000000000000000000000000000000000000000000000000000000000000000000000000000000000000000000000000000000000000000000
310
00000000000000000000000000000000000000000000000000000000000000000000000000000000000000000000000100000000000000000000000000000000000000000000000000000000000000000000000000000000000000000000000000000000000000000000000000000000000000000000070707070707070707
310
00000000000000000000000000000007070707070707070700000000000000000000000000000000000000000000000000000000000000000000000000000000000000000000000000000000000000000000000000000000000000000000000000000000000000000000000000000000000000000000000000000000000000
310
00000001010000000000000000000000070000000000000707000000000000000000000000000000000000000000000000000007000007070707070707070707070707070700000700000000000000000707070000000000070000000000000000000000000000000000000000000000000000000000000000000000000000
310
00000000000000000000000000000000000000000000000000000000000000000000000000000000000000070000070000000000000000000000000000000000000000000000000700000000000000000000000000000000000000000000000000000000000000000000000000000000000000000000000000000000000000
310
00000000000000000000000000000000000000000000000000000000000000000000000000000000000000000000000000000001000000000000000000000000000000000000000000000000000000000000000000000000000000000000000000000000000000000000000000000000000000000000000000000707070707
310
07070707000000000000000000000000000000070707070707070707000000000000000000000000000000000000000000000000000000000000000000000000000000000000000000000000000000000000000000000000000000000000000000000000000000000000000000000000000000000000000000000000000000
310
00000000000000010100000000000000000000000700000000070700000707000000000000000000000000000000000000000707000000070000070000000000000000000000000007000007000000000000070700000007000000000700000000000000000000000000000000000000000000000000000000000000000000
310
00000000000000000000000000000000000000000000000000000000000000000000000000000000000000000000000700000700000000000000000000000000000000000000000000000007000000000000000000000000000000000000000000000000000000000000000000000000000000000000000000000000000000
310
00000000000000000000000000000000000000000000000000000000000000000000000000000000000000000000000000000000000000010000070000000000000000000000000000000000000000000000000000000000000000000000000000000000000000000000000000000000000000000000000000000000000007
310
07070707070707070000000000000000000000000000000707070707070707070000000000000000000000000000000000000000000000000000000000000000000000000000000000000000000000000000000000000000000000000000000000000000000000000000000000000000000000000000000000000000000000
310
00000000000000000000000001000000000000000000000007000000070000000000070000000000000000000000000000000000000700000700000700000700000000000000000000000000070000070000000000000700000000000700000007000000000000000000000000000000000000000000000000000000000000
310
00000000000000000000000000000000000000000000000000000000000000000000000000000000000000000000000000000007000007000000000000000000000000000000000000000000000000070000000000000000000000000000000000000000000000000000000000000000000000000000000000000000000000
310
00000000000000000000000000000000000000000000000000000000000000000000000000000000000000000000000000000000000000000000000107070707070000000000000000000000000000000000000000000000000000000000000000000000000000000000000000000000000000000000000000000000000000
310
00000007070707070707070700000000000000000000000000000007070707070707070700000000000000000000000000000000000000000000000000000000000000000000000000000000000000000000000000000000000000000000000000000000000000000000000000000000000000000000000000000000000000
310
00000000000000000000000000000000010000000000000000000000070000000700000000000007000000000000000000000000000000000000070700000007000007000000000000070700000000000700000700000000000700000000000007000000070000000000000000000000000000000000000000000000000000
310
00000000000000000000000000000000000000000000000000000000000000000000000000000000000000000000000000000707070707070000070000000000000000000000000000000000000000000000000700000000000000000000000000000000000000000000000000000000000000000000000000000000000000
310
00000000000000000000000000000000000000000000000000000000000000000000000000000000000000000000000000000000000000000000000000000701000007000007070000000000000000000000000000000000000000000000000000000000000000000000000000000000000000000000000000000000000000
310
00000000000000070707070707070707000000000000000000000000000000070707070707070707000000000000000000000000000000000000000000000000000000000000000000000000000000000000000000000000000000000000000000000000000000000000000000000000000000000000000000000000000000
310
00000000000000000000000000000000000000000100000000000000000000000700000700000000000000070000000000000000000000000000000000000000000000070000070000000000000707000000000007000007000000000007000000000000000700000700000000000000000000000000000000000000000000
310
00000000000000000000000000000000000000000000000000000000000000000000000000000000000000000000000000000000000007070707070700000700000000000000000000000000000000000000000000000007000000000000000000000000000000000000000000000000000000000000000000000000000000
310
00000000000000000000000000000000000000000000000000000000000000000000000000000000000000000000000000000000000000000000000000000000070700010700070000000007000000000000000000000000000000000000000000000700000000000000000000000000000000000000000000000000000000
310
00000000000000000000000707070707070707070000000000000000000000000000000707070707070707070000000000000000000000000000000000000000000000000000000000000000000000000000000000000000000000000000000000000000000000000000000000000000000000000000000000000000000000
310
00000000000000000000000000000000000000000000000001000000000000000000000007000000070000000000000700000000000000000000000000000000000000000000000700000700000000000000000000000000070000070000000000070000000000000700000007000000000000000000000000000000000000
310
00000000000000000000000000000000000000000000000000000000000000000000000000000000000000000000000000000000000000000000000000000007000007000000000000000000000000000000000000000000000000070000000000000000000000000000000000000000000000000000000000000000000000
310
00000000000000000000000000000000000000000000000000000000000000000000000000000000000000000000000000000000000000000000000000000000000000070000070107000700000000000707000000000000000000000000000000000000070700070000000000000000000000000000000000000000000000
310
00000000000000000000000000000007070707070707070700000000000000000000000000000007070707070707070700000000000000000000000000000000000000000000000000000000000000000000000000000000000000000000000000000000000000000000000000000000000000000000000000000000000000
310
00000000000000000000000000000000000000000000000000000000010000000000000000000000070000000700000000000700000000000000000000000000000000000000000000000007000007000000000000000000000000000700000700000000000007000000000007000000070000000000000000000000000000
310
00000000000000000000000000000000000000000000000000000000000000000000000000000000000000000000000000000000000000000000000000000000000000070000070000000000000000000000000000000000000000000000000700000000000000000000000000000000000000000000000000000000000000
310
00000000000000000000000000000000000000000000000000000000000000000000000000000000000000000000000000000000000000000000000000000000000000000007070007070001070007000000000000000707000000000000000000000000000007070000000707070000000000000000000000000000000000
310
00000000000000000000000000000000000000070707070707070707000000000000000000000000000000070707070707070707000000000000000000000000000000000000000000000000000000000000000000000000000000000000000000000000000000000000000000000000000000000000000000000000000000
310
00000000000000000000000000000000000000000000000000000000000000000100000000000000000000000700000000070000000707000000000000000000000000000000000000000707000000070000070000000000000000000000000007000007000000000000070700000707000000000700000000000000000000
310
00000000000000000000000000000000000000000000000000000000000000000000000000000000000000000000000000000000000000000000000000000000000000000000000700000700000000000000000000000000000000000000000000000007000000000000000000000000000000000000000000000000000000
310
00000000000000000000000000000000000000000000000000000000000000000000000000000000000000000000000000000000000000000000000000000000000000000000000707000007000000010700070000000000000000000707000000000000000000000007000000000007000707000000000000000000000000
310
00000000000000000000000000000000000000000000000707070707070707070000000000000000000000000000000707070707070707070000000000000000000000000000000000000000000000000000000000000000000000000000000000000000000000000000000000000000000000000000000000000000000000
310
00000000000000000000000000000000000000000000000000000000000000000000000001000000000000000000000007000000000007070700000000000000000000000000000000000000000700000700000700000700000000000000000000000000070000070000000000000000070700000000000007000000000000
310
00000000000000000000000000000000000000000000000000000000000000000000000000000000000000000000000000000000000000000000000000000000000000000000000000000007000007000000000000000000000000000000000000000000000000070000000000000000000000000000000000000000000000
310
00000000000000000000000000000000000000000000000000000000000000000000000000000000000000000000000000000000000000000000000000000000000000000000000000070700000707000000000107000700000000000000000000000700000000000000000707000000000000070000070000000000000000
310
00000000000000000000000000000000000000000000000000000007070707070707070700000000000000000000000000000007070707070707070700000000000000000000000000000000000000000000000000000000000000000000000000000000000000000000000000000000000000000000000000000000000000
310
00000000000000000000000000000000000000000000000000000000000000000000000000000000010000000000000000000000070000000000000000000000000000000000000000000000000000000000070700000007000007000000000000070700000000000700000700000000000000000000000000000000070000
310
00000000000000000000000000000000000000000000000000000000000000000000000000000000000000000000000000000000000000000000000000000000000000000000000000000707070707070000070000000000000000000000000000000000000000000000000700000000000000000000000000000000000000
310
00000000000000000000000000000000000000000000000000000000000000000000000000000000000000000000000000000000000000000000000000000000000000000000000000000000070000070700000000000001070007000000000000000000000000070700000000070700000007070707000700000700000000
310
00000000000000000000000000000000000000000000000000000000000000070707070707070707000000000000000000000000000000070707070707070707000000000000000000000000000000000000000000000000000000000000000000000000000000000000000000000000000000000000000000000000000000
310
00000000000000000000000000000000000000000000000000000000000000000000000000000000000000000100000000000000000000000700000000000000000000000000000000000000000000000000000000000000000000070000070000000000000707000000000007000007000000000000000000000000000000
310
00070000000000000000000000000000000000000000000000000000000000000000000000000000000000000000000000000000000000000000000000000000000000000000000000000000000007070707070700000700000000000000000000000000000000000000000000000007000000000000000000000000000000
310
00000000000000000000000000000000000000000000000000000000000000000000000000000000000000000000000000000000000000000000000000000000000000000000000000000000000000000700070000000000000000010700070000000000000000000000000000070707070000000007000000070007000007
310
00000000000000000000000000000000000000000000000000000000000000000000000707070707070707070000000000000000000000070707070707070707070707070000000000000000000000000000000000000000000000000000000000000000000000000000000000000000000000000000000000000000000000
310
00000000000000000000000000000000000000000000000000000000000000000000000000000000000000000000000001000000000000000000000007000000000000000000000000000000000000000000000000000000000000000000000700000700000000000000000000000000070000070000000000000000000000
310
00000000000700000000000000000000000000000000000000000000000000000000000000000000000000000000000000000000000000000000000000000000000000000000000000000000000000000000000000000007000007000000000000000000000000000000000000000000000000070000000000000000000000
310
00000000000000000000000000000000000000000000000000000000000000000000000000000000000000000000000000000000000000000000000000000000000000000000000000000000000000000000000007000707070000000000070107000700000000000000000000000000000007070000000007000000070700
310
07000007000000000000000000000000000000000000000000000000000000000000000000000007070707070707070707070700000000000000000707000707070707070707070700000000000000000000000000000000000000000000000000000000000000000000000000000000000000000000000000000000000000
310
00000000000000000000000000000000000000000000000000000000000000000000000000000000000000000000000000000000010000000000000000000000070000000000000000000000000000000000000000000000000000000000000000000007000007000000000000000000000000000700000700000000000000
310
00000000000000000007000000000000000000000000000000000000000000000000000000000000000000000000000000000000000000000000000000000000000000000000000000000000000000000000000000000000000000070000070000000000000000000000000000000000000000000000000700000000000000
310
00000000000000000000000000000000000000000000000000000000000000000000000000000000000000000000000000000000000000000000000000000000000000000000000000000000000000000000000000000000070007000007070000000701070007000000000000000000000000000000000700000000070000
310
00070700070000070000000000000000000000000000000000000000000000000000000000000000000000070707070707070707070007070000000000000007070007070707070707070707000000000000000000000000000000000000000000000000000000000000000000000000000000000000000000000000000000
310
00000000000000000000000000000000000000000000000000000000000000000000000000000000000000000000000000000000000000000100000000000000000000000707070707070707070707070707070707070707070000000000000000000707000000070000070000000000000000000000000007000007000000
310
00000000000000000000000000070000000000000000000000000000000000000000000000000000000000000000000000000000000000000000000000000000000000000000000000000000000000000000000000000000000000000000000700000707070707070707070707070707070707070707070707070707000000
310
00000000000000000000000000000000000000000000000000000000000000000000000000000000000000000000000000000000000000000000000000000000000000000000000000000000000000000000000000000000000000000700070000000007000000010700070000000000000000000000000000000007000000
310
07000000070700000700000700000000000000000000000000000000000000000000000000000000000000000000000707070707070707070700070700000000000000070700070707070707070707070000000000000000000000000000000000000000000000000000000000000000000000000000000000000000000000
310
00000000000000000000000000000000000000000000000000000000000000000000000000000000000000000000000000000000000000000000000001000000000000000000000007000000000000000000000000000000000000000700000000000000000700000700000700000700000000000000000000000000070000
310
07000000000000000000000000000000000700000000000000000000000000000000000000000000000000000000000000000000000000000000000000000000000000000000000000000000000000000000000000000000000000000000000000000007000007000000000000000000000000000000000000000000000000
310
07000000000000000000000000000000000000000000000000000000000000000000000000000000000000000000000000000000000000000000000000000000000000000000000000000000000000000000000000000000000000000000000007000700000000000707000107000700000000000000000000000000000000
310
07000000070000070707000007000007000000000000000000000000000000000000000000000000000000000000000000000007070707070707070707000707000000000000000707070707070707070707070700000000000000000000000000000000000000000000000000000000000000000000000000000000000000
310
00000000000000000000000000000000000000000000000000000000000000000000000000000000000000000000000000000000000000000000000000000000010000000000000000000000070000000000000000000000000000000000000007000000000000000000070700000007000007000000000000070700000000
310
00070000070000000000000000000000000000000007000000000000000000000000000000000000000000000000000000000000000000000000000000000000000000000000000000000000000000000000000000000000000000000000000000000707070707070000070000000000000000000000000000000000000000
310
00000000070000000000000000000000000000000000000000000000000000000000000000000000000000000000000000000000000000000000000000000000000000000000000000000000000000000000000000000000000000000000000000000000070007000000000000000101070007000000000000000000000000
310
00000000070000000707000707000000070000070000000000000000000000000000000000000000000000000000000000000000000000070707070707070707070707000000000000000007070707070707070707070707000000000000000000000000000000000000000000000000000000000000000000000000000000
310
00000000000000000000000000000000000000000000000000000000000000000000000000000000000000000000000000000000000000000000000000000000000000000100000000000000000000000700070707070707070707070707070707070000070000000707070000000007000000070000070000000000000707
310
00000000000700000700000000000000000000000000000000070000000000000000000000000000000000000000000000000000000000000000000000000000000000000000000000000000000000000000000000000000000000000000000000000000000007070707070700000700000000000000000000000000000000
310
00000000000000000700000000000000000000000000000000000000000000000000000000000000000000000000000000000000000000000000000000000000000000000000000000000000000000000000000000000000000000000000000000000000000000000700070000000000000001010700070000000000000000
310
00000000000000000700000000070707000000000700000700000000000000000000000000000000000000000000000000000000000000000000000707070707070707070707000000000000000000000000000707070707070707070000000000000000000000000000000000000000000000000000000000000000000000
310
00000000000000000000000000000000000000000000000000000000000000000000000000000000000000000000000000000000000000000000000000000000000000000000000001000000000000000000000007000700000000000000000000000000000700000700000007000700000000000000000700000700000000
310
00000000000000000007000007000000000000000000000000000000000700000000000000000000000000000000000000000000000000000000000000000000000000000000000000000000000000000000000000000000000000000000000000000000000000000000000000000007000007000000000000000000000000
310
00000000000000000000000007000000000000000000000000000000000000000000000000000000000000000000000000000000000000000000000000000000000000000000000000000000000000000000000000000000000000000000000000000000000000000000000007000700000000000000010107000700000000
310
00000000000000000000000007000000000000000000000007000007000000000000000000000000000000000000000000000000000000000000000000000007070707070707070700000000000000000000000000000007070707070707070700000000000000000000000000000000000000000000000000000000000000
310
00000000000000000000000000000000000000000000000000000000000000000000000000000000000000000000000000000000000000000000000000000000000000000000000000000000010000000000000000000000070007000000000000000707000000000007000007000000070007000000000000000007000007
310
00000000000000000000000000070000070000000000000000000000000000000007000000000000000000000000000000000000000000000000000000000000000000000000000000000000000000000000000000000000000000000000000000000000000000000000000000000707070707070000070000000000000000
310
00000000000000000000000000000000070000000000000000000000000000000000000000000000000000000000000000000000000000000000000000000000000000000000000000000000000000000000000000000000000000000000000000000000000000000000000000000000070007000000000000000101070007
310
00000000000000000000000000000000070000000000000000000000070000070000000000000000000000000000000000000000000000000000000000000000000000070707070707070707000000000000000000000000000000070707070707070707000000000000000000000000000000000000000000000000000000
310
00000000000000000000000000000000000000000000000000000000000000000000000000000000000000000000000000000000000000000000000000000000000000000000000000000000000000000100000000000000000000000700070000000000000007070000000000070000070000000007000000000007000000
310
07000007000000000000000000000000000700000700000000000000000000000000000000070000000000000000000000000000000000000000000000000000000000000000000000000000000000000000000000000000000000000000000000000000000000000000000000000000000007070707070700000700000000
310
00000000000000000000000000000000000000000700000000000000000000000000000000000000000000000000000000000000000000000000000000000000000000000000000000000000000000000000000000000000000000000000000000000000000000000000000000000000000000000700070000000000000001
310
01070007000000000000000000000000000000000700000000000000000000000700000700000000000000000000000000000000000000000000000000000000000000000000000707070707070707070000000000000000000000000000000707070707070707070000000000000000000000000000000000000000000000
310
00000000000000000000000000000000000000000000000000000000000000000000000000000000000000000000000000000000000000000000000000000000000000000000000000000000000000000000000001000000000000000000000007000700000000000000000000000000000700000700000000000000000707
310
07070000070000070000000000000000000000000007000007000000000000000000000000000000000700000000000000000000000000000000000000000000000000000000000000000000000000000000000000000000000000000000000000000000000000000000000000000000000000000000000000000007000007
310
00000000000000000000000000000000000000000000000007000000000000000000000000000000000000000000000000000000000000000000000000000000000000000000000000000000000000000000000000000000000000000000000000000000000000000000000000000000000000000000000007000700000000
310
00000000010700070000000000000000000000000000000007000000000000000000000007000007000000000000000000000000000000000000000000000000000000000000000000000007070707070707070700000000000000000000000000000007070707070707070700000000000000000000000000000000000000
310
00000000000000000000000000000000000000000000000000000000000000000000000000000000000000000000000000000000000000000000000000000000000000000000000000000000000000000000000000000000010000000000000000000000070007000000000000000000000000000007000007000000000000
310
00000007070000000700000700000000000007070000000000070000070000000000000000000000000000000007000000000000000000000000000000000000000000000000000000000000000000000000000000000000000000000000000000000000000000000000000000000000000000000000000000000707070707
310
07000007000000000000000000000000000000000000000000000000070000000000000000000000000000000000000000000000000000000000000000000000000000000000000000000000000000000000000000000000000000000000000000000000000000000000000000000000000000000000000000000000070007
310
00000000000000070707000700000000000000000000000000000000070000000000000000000000070000070000000000000000000000000000000000000000000000000000000000000000000000070707070707070707000000000000000000000000000000070707070707070707000000000000000000000000000000
310
00000000000000000000000000000000000000000000000000000000000000000000000000000000000000000000000000000000000000000000000000000000000000000000000000000000000000000000000000000000000000000100000000000000000000000700070000000000000000000000000000070000070000
310
00000700000000000700000007000007000000000000070700000000000700000700000000000000000000000000000000070000000000000000000000000000000000000000000000000000000000000000000000000000000000000000000000000000000000000000000000000000000000000000000000000000000007
310
07070707070000070000000000000000000000000000000000000000000000000700000000000000000000000000000000000000000000000000000000000000000000000000000000000000000000000000000000000000000000000000000000000000000000000000000000000000000000000000000000000000000000
310
00070007000000000000000707070007000000000000000000000000000000000700000000000000000000000700000700000000000000000000000000000000000000000000000000000000000000000000000707070707070707070000000000000000000000000000000707070707070707070000000000000000000000
310
00000000000000000000000000000000000000000000000000000000000000000000000000000000000000000000000000000000000000000000000000000000000000000000000000000000000000000000000000000000000000000000000001000000000000000000000007000700000000000000000000000000000700
310
00070000000700070000000000000000070000070000000000000000000000000007000007000000000000000000000000000000000700000000000000000000000000000000000000000000000000000000000000000000000000000000000000000000000000000000000000000000000000000000000000000000000000
310
00000000000000000700000700000000000000000000000000000000000000000000000007000000000000000000000000000000000000000000000000000000000000000000000000000000000000000000000000000000000000000000000000000000000000000000000000000000000000000000000000000000000000
310
00000000000700070000000000000000000700070000000000000000000000000000000007000000000000000000000007000007000000000000000000000000000000000000000000000000000000000000000000000007070707070707070700000000000000000000000000000007070707070707070700000000000000
310
00000000000000000000000000000000000000000000000000000000000000000000000000000000000000000000000000000000000000000000000000000000000000000000000000000000000000000000000000000000000000000000000000000000010000000000000000000000070007000000000000000707000000
310
00000700000700000007000700000000000000000700000700000000000000000000000000070000070000000000000000000000000000000007000000000000000000000000000000000000000000000000000000000000000000000000000000000000000000000000000000000000000000000000000000000000000000
310
00000000000000070707070707000007000000000000000000000000000000000000000000000000070000000000000000000000000000000000000000000000000000000000000000000000000000000000000000000000000000000000000000000000000000000000000000000000000000000000000000000000000000
310
00000000000000000007000700000000000000000007000700000000000000000000000000000000070000000000000000000000070000070000000000000000000000000000000000000000000000000000000000000000000000070707070707070707000000000000000000000000000000070707070707070707000000
310
00000000000000000000000000000000000000000000000000000000000000000000000000000000000000000000000000000000000000000000000000000000000000000000000000000000000000000000000000000000000000000000000000000000000000000100000000000000000000000700070000000000000007
310
07000000000007000007000000000700000000000700000007000007000000000000000000000000000700000700000000000000000000000000000000070000000000000000000000000000000000000000000000000000000000000000000000000000000000000000000000000000000000000000000000000000000000
310
00000000000000000000000707070707070000070000000000000000000000000000000000000000000000000700000000000000000000000000000000000000000000000000000000000000000000000000000000000000000000000000000000000000000000000000000000000000000000000000000000000000000000
310
00000000000000000000000000070007000000000000000000070007000000000000000000000000000000000700000000000000000000000700000700000000000000000000000000000000000000000000000000000000000000000000000707070707070707070000000000000000000000000000000707070707070707
310
07000000000000000000000000000000000000000000000000000000000000000000000000000000000000000000000000000000000000000000000000000000000000000000000000000000000000000000000000000000000000000000000000000000000000000000000001000000000000000000000007000700000000
310
00000000000000000000070000070000000000000000070707070000070000070000000000000000000000000007000007000000000000000000000000000000000700000000000000000000000000000000000000000000000000000000000000000000000000000000000000000000000000000000000000000000000000
310
00000000000000000000000000000000000000000700000700000000000000000000000000000000000000000000000007000000000000000000000000000000000000000000000000000000000000000000000000000000000000000000000000000000000000000000000000000000000000000000000000000000000000
310
00000000000000000000000000000000000700070000000000000007070700070000000000000000000000000000000007000000000000000000000007000007000000000000000000000000000000000000000000000000000000000000000000000007070707070707070700000000000000000000000000000007070707
310
07070707070000000000000000000000000000000000000000000000000000000000000000000000000000000000000000000000000000000000000000000000000000000000000000000000000000000000000000000000000000000000000000000000000000000000000000000000010000000000000000000000070007
310
00000000000000000000000000000700000700000000000000000007070000000700000700000000000007070000000000070000070000000000000000000000000000000007000000000000000000000000000000000000000000000000000000000000000000000000000000000000000000000000000000000000000000
310
00000000000000000000000000000000000000070707070707000007000000000000000000000000000000000000000000000000070000000000000000000000000000000000000000000000000000000000000000000000000000000000000000000000000000000000000000000000000000000000000000000000000000
310
00000000000000000000000000000000000000000007000700000000000000070707000700000000000000000000000000000000070000000000000000000000070000070000000000000000000000000000000000000000000000000000000000000000000000070707070707070707000000000000000000000000000000
310
07070707070707070700000000000000000000000000000000000000000000000000000000000000000000000000000000000000000000000000000000000000000000000000000000000000000000000000000000000000000000000000000000000000000000000000000000000000000000000100000000000000000000
310
00070007000000000000000000000000000007000007000000000700000000000700000007000007000000000000070700000000000700000700000000000000000000000000000000070000000000000000000000000000000000000000000000000000000000000000000000000000000000000000000000000000000000
310
00000000000000000000000000000000000000000000000707070707070000070000000000000000000000000000000000000000000000000700000000000000000000000000000000000000000000000000000000000000000000000000000000000000000000000000000000000000000000000000000000000000000000
310
00000000000000000000000000000700000000000000000000070007000000000000000000070007000000000000000000000000000000000700000000000000000000000700000700000000000000000000000000000000000000000000000000000000000000000000000707070707070707070000000000000000000000
310
00000000070707070707070707000000000000000000000000000000000000000000000000000000000000000000000000000000000000000000000000000000000000000000000000000000000000000000000000000000000000000000000000000000000000000000000000000000000000000000000001000000000000
310
00000000000700070000000000000000000000000000070000070000000700070000000000000000070000070000000000000000000000000007000007000000000000000000000000000000000700000000000000000000000000000000000000000000000000000000000000000000000000000000000000000000000000
310
00000000000000000000000000000000000000000000000000000000000000000700000700000000000000000000000000000000000000000000000007000000000000000000000000000000000000000000000000000000000000000000000000000000000000000000000000000000000000000000000000000000000000
310
00000000000000000000000000000000070707070700000000000007070700070000000000000000000700070000000000000000000000000000000007000000000000000000000007000007000000000000000000000000000000000000000000000000000000000000000000000007070707070707070700000000000000
310
00000000000000000707070707070707070000000000000000000000000000000000000000000000000000000000000000000000000000000000000000000000000000000000000000000000000000000000000000000000000000000000000000000000000000000000000000000000000000000000000000000000010000
310
00000000000000000007000700000000000000070700000000000700000700000007000700000000000000000700000700000000000000000000000000070000070000000000000000000000000000000007000000000000000000000000000000000000000000000000000000000000000000000000000000000000000000
310
00000000000000000000000000000000000000000000000000000000000000070707070707000007000000000000000000000000000000000000000000000000070000000000000000000000000000000000000000000000000000000000000000000000000000000000000000000000000000000000000000000000000000
310
00000000000000000000000000000000000007070000070000070700000707000007000700000000000000000007000700000000000000000000000000000000070000000000000000000000070000070000000000000000000000000000000000000000000000000000000000000000000000070707070707070707000000
310
00000000000000000000000007070707070707070700000000000000000000000000000000000000000000000000000000000000000000000000000000000000000000000000000000000000000000000000000000000000000000000000000000000000000000000000000000000000000000000000000000000000000000
310
00010000000000000000000000070007000000000000000707000000000007000007000000000700000000000700000007000007000000000000000000000000000700000700000000000000000000000000000000070000000000000000000000000000000000000000000000000000000000000000000000000000000000
310
00000000000000000000000000000000000000000000000000000000000000000000000707070707070000070000000000000000000000000000000000000000000000000700000000000000000000000000000000000000000000000000000000000000000000000000000000000000000000000000000000000000000101
310
01010101010000000000000000000000000000000707000007000700000000070700000000070007000000000000000707070007000000000000000000000000000000000700000000000000000000000700000700000000000000000000000000000000000000000000000000000000000000000000000707070707070707
310
07000000000000000000000000000000070707070707070707000000000000000000000000000000000000000000000000000000000000000000000000000000000000000000000000000000000000000000000000000000000000000000000000000000000000000000000000000000000000000000000000000000000000
310
00000000000100000000000000000000000700070000000000000000000000000000070000070000000000000000000707000000070000070000000000000000000000000007000007000000000000000000000000000000000700000000000000000000000000000000000000000000000000000000000000000000000000
310
00000000000000000000000000000000000000000000000000000000000000000000000000000000000000000700000700000000000000000000000000000000000000000000000007000000000000000000000000000000000000000000000000000000000000000000000000000000000000000000000000000000000000
310
00000001010100000001010000000000000000000000000700000707070007000000000000070707070700070000000000000007070700070000000000000000000000000000000007000000000000000000000007000007000000000000000000000000000000000000000000000000000000000000000000000007070707
310
07070707070000000000000000000000000000000707070707070707070000000000000000000000000000000000000000000000000000000000000000000000000000000000000000000000000000000000000000000000000000000000000000000000000000000000000000000000000000000000000000000000000000
310
00000000000000000001000000000000000000000007000700000000000000000000000000000700000700000000000000000707070700000700000700000000000007070000000000070000070000000000000000000000000000000007000000000000000000000000000000000000000000000000000000000000000000
310
00000000000000000000000000000000000000000000000000000000000000000000000000000000000000070707070707000007000000000000000000000000000000000000000000000000070000000000000000000000000000000000000000000000000000000000000000000000000000000000000000000000000000
310
00000000000000000101000000000001010100000000000000070700070700000700070000000000000007070707000700000000000000000007000700000000000000000000000000000000070000000000000000000000070000070000000000000000000000000000000000000000000000000000000000000000000000
310
07070707070707070700000000000000000000000000000007070707070707070700000000000000000000000000000000000000000000000000000000000000000000000000000000000000000000000000000000000000000000000000000000000000000000000000000000000000000000000000000000000000000000
310
00000000000000000000000000010000000000000000000000070007000000000000000000000000000007000007000000000700000000000700000007000007000000000000070700000000000700000700000000000000000000000000000000070000000000000000000000000000000000000000000000000000000000
310
00000000000000000000000000000000000000000000000000000000000000000000000000000000000000000000000707070707070000070000000000000000000000000000000000000000000000000700000000000000000000000000000000000000000000000000000000000000000000000000000000000000000000
310
00000000000000000000000101010000000000000000010100000007070000070000000007000700000000000000000000070007000000000000000000070007000000000000000000000000000000000700000000000000000000000700000700000000000000000000000000000000000000000000000000000000000000
310
00000000070707070707070707000000000000000000000000000000070707070707070707000000000000000000000000000000000000000000000000000000000000000000000000000000000000000000000000000000000000000000000000000000000000000000000000000000000000000000000000000000000000
310
00000000000000000000000000000000000100000000000000000000000700070000000000000000000000000000070000070000000700070000000000000000070000070000000000000000000000000007000007000000000000000000000000000000000700000000000000000000000000000000000000000000000000
310
00000000000000000000000000000000000000000000000000000000000000000000000000000000000000000000000000000000000000000700000700000000000000000000000000000000000000000000000007000000000000000000000000000000000000000000000000000000000000000000000000000000000000
310
00000000000000000000000000000001010100000000000000000000010101000007070000000000070007000000000000000000000700070000000000000000000700070000000000000000000000000000000007000000000000000000000007000007000000000000000000000000000000000000000000000000000000
310
00000000000000000707070707070707070000000000000000000000000000000707070707070707070000000000000000000000000000000000000000000000000000000000000000000000000000000000000000000000000000000000000000000000000000000000000000000000000000000000000000000000000000
310
00000000000000000000000000000000000000000001000000000000000000000007000700000000000000070700000000000700000700000007000700000000000000000700000700000000000000000000000000070000070000000000000000000000000000000007000000000000000000000000000000000000000000
310
00000000000000000000000000000000000000000000000000000000000000000000000000000000000000000000000000000000000000070707070707000007000000000000000000000000000000000000000000000000070000000000000000000000000000000000000000000000000000000000000000000000000000
310
00000000000000000000000000000000000000000000000000000000000000000700000101010101000000000700070000000000000000000007000700000000000000070707000700000000000000000000000000000000070000000000000000000000070000070000000000000000000000000000000000000000000000
310
00000000000000000000000007070707070707070700000000000000000000000000000007070707070707070700000000000000000000000000000000000000000000000000000000000000000000000000000000000000000000000000000000000000000000000000000000000000000000000000000000000000000000
310
00000000000000000000000000000000000000000000000000010000000000000000000000070007000000000000000707000000000007000007000000000700000000000700000007000007000000000000000000000000000700000700000000000000000000000000000000070000000000000000000000000000000000
310
00000000000000000000000000000000000000000000000000000000000000000000000000000000000000000000000000000000000000000000000707070707070000070000000000000000000000000000000000000000000000000700000000000000000000000000000000000000000000000000000000000000000000
310
00000000000000000000000000000000000000000000000000000000000000000000000007000700000101010100000007000700000000000000000000070007000000000000000707070007000000000000000000000000000000000700000000000000000000000700000700000000000000000000000000000000000000
310
00000000000000000000000000000000070707070707070707000000000000000000000000000000070707070707070707000000000000000000000000000000000000000000000000000000000000000000000000000000000000000000000000000000000000000000000000000000000000000000000000000000000000
310
00000000000000000000000000000000000000000000000000000000000100000000000000000000000700070000000000000000000000000000070000070000000000000000000707000000070000070000000000000000000000000007000007000000000000000000000000000000000700000000000000000000000000
310
00000000000000000000000000000000000000000000000000000000000000000000000000000000000000000000000000000000000000000000000000000000000000000700000700000000000000000000000000000000000000000000000007000000000000000000000000000000000000000000000000000000000000
310
00000000000000000000000000000000000000000000000000000000000000000000000000000000070007070700000000000107070007000000000000000000000700070000000000000000000700070000000000000000000000000000000007000000000000000000000007000007000000000000000000000000000000
310
00000000000000000000000000000000000000000707070707070707070000000000000000000000000000000707070707070707070000000000000000000000000000000000000000000000000000000000000000000000000000000000000000000000000000000000000000000000000000000000000000000000000000
310
00000000000000000000000000000000000000000000000000000000000000000001000000000000000000000007000700000000000000000000000000000700000700000000000000000700000700000700000700000000000007070000000000070000070000000000000000000000000000000007000000000000000000
310
00000000000000000000000000000000000000000000000000000000000000000000000000000000000000000000000000000000000000000000000000000000000000070707070707000007000000000000000000000000000000000000000000000000070000000000000000000000000000000000000000000000000000
310
00000000000000000000000000000000000000000000000000000000000000000000000000000000000000000700070000070700000007070700070000000000000000000007000700000000000000000007000700000000000000000000000000000000070000000000000000000000070000070000000000000000000000
310
00000000000000000000000000000000000000000000000007070707070707070700000000000000000000000000000007070707070707070700000000000000000000000000000000000000000000000000000000000000000000000000000000000000000000000000000000000000000000000000000000000000000000
310
00000000000000000000000000000000000000000000000000000000000000000000000000010000000000000000000000070007000000000000000000000000000007000007000000000700000000070700000007000007000000000000070700000000000700000700000000000000000000000000000000070000000000
310
00000000000000000000000000000000000000000000000000000000000000000000000000000000000000000000000000000000000000000000000000000000000000000000000707070707070000070000000000000000000000000000000000000000000000000700000000000000000000000000000000000000000000
310
00000000000000000000000000000000000000000000000000000000000000000000000000000000000000000000000007000700000000070000000007000700000000000000000000070007000000000000000000070007000000000000000000000000000000000700000000000000000000000700000700000000000000
310
00000000000000000000000000000000000000000000000000000000070707070707070707000000000000000707070707070707070707070707070707070700000000000000000000000000000000000000000000000000000000000000000000000000000000000000000000000000000000000000000000000000000000
310
00000000000000000000000000000000000000000000000000000000000000000000000000000000000100000000000000000000000700070000000000000000000000000000070000070000000700070000000000000000070000070000000000000000000000000007000007000000000000000000000000000000000700
310
00000000000000000000000000000000000000000000000000000000000000000000000000000000000000000000000000000000000000000000000000000000000000000000000000000000000000000700000700000000000000000000000000000000000000000000000007000000000000000000000000000000000000
310
00000000000000000000000000000000000000000000000000000000000000000000000000000000000000000000000000000000070007000000000007070000070007000000000000000000000700070000000000000007070700070000000000000000000000000000000007000000000000000000000007000007000000
310
00000000000000000000000000000000000000000000000000000000000007070707070707070707070707070707070707070707070707070707070707070707070707000000000000000000000000000000000000000000000000000000000000000000000000000000000000000000000000000000000000000000000000
310
00000000000000000000000000000000000000000000000000000000000000000000000000000000000000010001000000000000000000000007000700000000000000070700000000000700000700000007000700000000000000000700000700000000000000000000000000070000070000000000000000000000000000
310
00000700000000000000000000000000000000000000000000000000000000000000000000000000000000000000000000000000000000000000000000000000000000000000000000000000000000070707070707000007000000000000000000000000000000000000000000000000070000000000000000000000000000
310
00000000000000000000000000000000000000000000000000000000000000000000000000000000000000000000000000000000000000000700070000000000000007070700070000000000000000000007000700000000000000070707000700000000000000000000000000000000070000000000000000000000070000
310
07000000000000000000000000000000000000000000000000000000000000000000070707070707070707070707070707070707070707070707070707070707070707070707070700000000000000000000000000000000000000000000000000000000000000000000000000000000000000000000000000000000000000
310
00000000000000000000000000000000000000000000000000000000000000000000000000000000000000000001010101010000000000000000000000070007000000000000000707000000000007000007000000070707000000000000000007000007000000000000000000000000000700000700000000000000000000
310
00000000000007000000000000000000000000000000000000000000000000000000000000000000000000000000000000000000000000000000000000000000000000000000000000000000000000000000000700000000070000070000000000000000000000000000000000000000000000000700000000000000000000
310
00000000000000000000000000000000000000000000000000000000000000000000000000000000000000000000000000000000000000000000000007000700000000000000070707000700000000000000000000070007000000000000000000070007000000000000000000000000000000000700000000000000000000
310
00070000070000000000000101010101010100000000000000000000000000000000000000070707070707070707070707070707070707070707070707070707070707070707070707070700000000000000000000000000000000000000000000000000000000000000000000000000000000000000000000000000000000
310
00000000000000000000000000000000000000000000000000000000000000000000000000000000000000000000000001010101010100000000000000000000000700070000000000000007070000000000070000070000000000000000000707000000070000070000000000000000000000000007000007000000000000
310
00000000000000000000070000000000000000000000000000000000000000000000000000000000000000000000000000000000000000000000000000000000000000000000000000000000000000000000000000000007070707070700000700000000000000000000000000000000000000000000000007000000000000
310
00000000000000000000000000000000000000000000000000000000000000000000000000000000000000000000000000000000000000000000000000000000070007000000000000000707070007000000000000000000000700070000000000000000000700070000000000000000000000000000000007000000000000
310
00000000000700000700000000010100000001010000000000000000000000000000000000000000000007070707070707070707070707070707070700000000000000000707070707070707070000000000000000000000000000000000000000000000000000000000000000000000000000000000000000000000000000
310
00000000000000000000000000000000000000000000000000000000000000000000000000000000000000000000000000000000010100010101000000000000000000000007000700000000000000000000000000000700000700000000000000000700000700000700000700000000000007070000000000070000070000
310
00000000000000000000000000000700000000000000000000000000000000000000000000000000000000000000000000000000000000000000000000000000000000000000000000000000000000000000000000000000000000070707070707000007000000000000000000000000000000000000000000000000070000
310
00000000000000000000000000000000000000000000000000000000000000000000000000000000000000000000000000000000000000000000000000000000000000000700070000000000000000000700070000000000000000000007000700000000000000000007000700000000000000000000000000000000070000
310
00000000000000000007000007000707070000000000010100000000000000000000000000000000000000000000000007070707070707070700000000000000000000000000000007070707070707070700000000000000000000000000000000000000000000000000000000000000000000000000000000000000000000
310
00000000000000000000000000000000000000000000000000000000000000000000000000000000000000000000000000000000000000000101010101010000000000000000000000070007000000000000000000000000000007000007000000000000000000070700000007000007000000000000070700000000000700
310
00070000000000000000000000000000000007000000000000000000000000000000000000000000000000000000000000000000000000000000000000000000000000000000000000000000000000000000000000000000000000000000000700000000070000070000000000000000000000000000000000000000000000
310
00070000000000000000000000000000000000000000000000000000000000000000000000000000000000000000000000000000000000000000000000000000000000000000000007000700000000000000000007000700000000000000000000070007000000000000000707070007000000000000000000000000000000
310
00070000000000000000000000070000070101000000000000010101000000000000000000000000000000000000000000000000070707070707070707000000000000000000000000000000070707070707070707000000000000000000000000000000000000000000000000000000000000000000000000000000000000
310
00000000000000000000000000000000000000000000000000000000000000000000000000000000000000000000000000000000000000000000000001010101010100000000000000000000000700070000000000000000000000000000070000070000000707070000000000000000070000070000000000000707000000
310
00000700000700000000000000000000000000000000070000000000000000000000000000000000000000000000000000000000000000000000000000000000000000000000000000000000000000000000000000000000000000000000000000000007070707070700000700000000000000000000000000000000000000
310
00000000000700000000000000000000000000000000000000000000000000000000000000000000000000000000000000000000000000000000000000000000000000000000000000000000070007000000000000000007070007000000000000000000000700070000000000000007070700070000000000000000000000
310
00000000000700000000000000000000000700000100000000000000000001010000000000000000000000000000000000000000000000000707070707070707070000000000000000000000000000000707070707070707070000000000000000000000000000000000000000000000000000000000000000000000000000
310
00000000000000000000000000000000000000000000000000000000000000000000000000000000000000000000000000000000000000000000000000000000000000010101000000000000000000000007000700000000000000070700000000000700000700000007000700000000000000000700000700000000000000
310
00000000000007000007000000000000000000000000000000000700000000000000000000000000000000000000000000000000000000000000000000000000000000000000000000000000000000000000000000000000000000000000000000000000000000070707070707000007000000000000000000000000000000
310
00000000000000000007000000000000000000000000000000000000000000000000000000000000000000000000000000000000000000000000000000000000000000000000000000000000000000000700070000000000000007070700070000000000000000000007000700000000000000000007000700000000000000
310
00000000000000000007000000000000000000000007000007000000000000000000000000000000000000000000000000000000000000000000000007070707070707070700000000000000000000000000000007070707070707070700000000000000000000000000000000000000000000000000000000000000000000
310
00000000000000000000000000000000000000000000000000000000000000000000000000000000000000000000000000000000000000000000000000000000000000000000000101010000000000000000000000070007000000000000000707000000000007000007000000070707000000000000000007000007000000
310
00000000000000000000070000070000000000000000000000000000000007000000000000000000000000000000000000000000000000000000000000000000000000000000000000000000000000000000000000000000000000000000000000000000000000000000000700000000070000070000000000000000000000
310
00000000000000000000000000070000000000000000000000000000000000000000000000000000000000000000000000000000000000000000000000000000000000000000000000000000000000000000000007000700000000000000070707000700000000000000000000070007000000000000000000070007000000
310
00000000000000000000000000070000000000000000000000070000070000000000000000000000000000000000000000000000000000000000000000000000070707070707070707000000000000000000000000000000070707070707070707000000000000000000000000000000000000000000000000000000000000
310
00000000000000000000000000000000000000000000000000000000000000000000000000000000000000000000000000000000000000000000000000000000000000000000000000000000000100000000000000000000000700070000000000000007070000000000070000070000000000000000000707000000070000
310
07000000000000000000000000000700000700000000000000000000000000000000070000000000000000000000000000000000000000000000000000000000000000000000000000000000000000000000000000000000000000000000000000000000000000000000000000000007070707070700000700000000000000
310
00000000000000000000000000000000000700000000000000000000000000000000000000000000000000000000000000000000000000000000000000000000000000000000000000000000000000000000000000000000070007000000000000000000070007000000000000000000000700070000000000000000000700
310
07000000000000000000000000000000000700000000000000000000000700000700000000000000000000000000000000000000000000000000000000000000000000000707070707070707070000000000000000000000000000000707070707070707070000000000000000000000000000000000000000000000000000
310
00000000000000000000000000000000000000000000000000000000000000000000000000000000000000000000000000000000000000000000000000000000000000000000000000000000010101010101000000000000000000000007000700000000000000000000000000000700000700000000000000000700000700
310
00070000070000000000000707000000000007000007000000000000000000000000000000000700000000000000000000000000000000000000000000000000000000000000000000000000000000000000000000000000000000000000000000000000000000000000000000000000000000070707070707000007000000
310
00000000000000000000000000000000000000000007000000000000000000000000000000000000000000000000000000000000000000000000000000000000000000000000000000000000000000000000000000000000000000000700070000000000000000000700070000000000000000000007000700000000000000
310
07070700070000000000000000000000000000000007000000000000000000000007000007000000000000000000000000000000000000000000000000000000000000000000000007070707070707070700000000000000000000000000000007070707070707070700000000000000000000000000000000000000000000
310
00000000000000000000000000000000000000000000000000000000000000000000000000000000000000000000000000000000000000000000000000000000000000000000000000000000000000000101010101010000000000000000000000070007000000000000000000000000000007000007000000000000000000
310
07070000000700000700000000000007070000000000070000070000000000000000000000000000000007000000000000000000000000000000000000000000000000000000000000000000000000000000000000000000000000000000000000000000000000000000000000000000000000000000000700000000070000
310
07000000000000000000000000000000000000000000000000070000000000000000000000000000000000000000000000000000000000000000000000000000000000000000000000000000000000000000000000000000000000000000000007000700000000000000000707000700000000000000000000070007000000
310
00000000070707000700000000000000000000000000000000070000000000000000000000070000070000000000000000000000000000000000000000000000000000000000000000000000070707070707070707000000000000000000000000000000070707070707070707000000000000000000000000000000000000
310
00000000000000000000000000000000000000000000000000000000000000000000000000000000000000000000000000000000000000000000000000000000000000000000000000000000000000000000000001010101010100000000000000000000000700070000000000000000000000000000070000070000000707
310
07000000000000000007000007000000000000070700000000000700000700000000000000000000000000000000070000000000000000000000000000000000000000000000000000000000000000000000000000000000000000000000000000000000000000000000000000000000000000000000000000000007070707
310
07070000070000000000000000000000000000000000000000000000000700000000000000000000000000000000000000000000000000000000000000000000000000000000000000000000000000000000000000000000000000000000000000000000070007000000000000000707070007000000000000000000000700
310
07000000000000000000070007000000000000000000000000000000000700000000000000000000000700000700000000000000000000000000000000000000000000000000000000000000000000000707070707070707070000000000000000000000000000000707070707070707070000000000000000000000000000
310
00000000000000000000000000000000000000000000000000000000000000000000000000000000000000000000000000000000000000000000000000000000000000000000000000000000000000000000000000000000000101010101000000000000000000000007000700000000000000000000000000000700000700
310
00000700070000000000000000070000070000000000000000000000000007000007000000000000000000000000000000000700000000000000000000000000000000000000000000000000000000000000000000000000000000000000000000000000000000000000000000000000000000000000000000000000000000
310
00000000000700000700000000000000000000000000000000000000000000000007000000000000000000000000000000000000000000000000000000000000000000000000000000000000000000000000000000000000000000000000000000000000000000000700070000000000000007070700070000000000000000
310
00000700070000000000000000000700070000000000000000000000000000000007000000000000000000000007000007000000000000000000000000000000000000000000000000000000000000000000000007070707070707070700000000000000000000000000000007070707070707070700000000000000000000
310
00000000000000000000000000000000000000000000000000000000000000000000000000000000000000000000000000000000000000000000000000000000000000000000000000000000000000000000000000000000000000000101010101010000000000000000000000070007000000000000000707000000000007
310
00000700000007070700000000000000000700000700000000000000000000000000070000070000000000000000000000000000000007000000000000000000000000000000000000000000000000000000000000000000000000000000000000000000000000000000000000000000000000000000000000000000000000
310
00000000070707070707000007000000000000000000000000000000000000000000000000070000000000000000000000000000000000000000000000000000000000000000000000000000000000000000000000000000000000000000000000000000000000000000000007000700000000000000000007000700000000
310
00000000000007000700000000000000000007000700000000000000000000000000000000070000000000000000000000070000070000000000000000000000000000000000000000000000000000000000000000000000070707070707070707000000000000000000000000000000070707070707070707000000000000
310
00000000000000000000000000000000000000000000000000000000000000000000000000000000000000000000000000000000000000000000000000000000000000000000000000000000000000000000000000000000000000000000000001010101010100000000000000000000000700070000000000000007070000
310
00000007000007000000000000000000070700000007000007000000000000000000000000000700000700000000000000000000000000000000070000000000000000000000000000000000000000000000000000000000000000000000000000000000000000000000000000000000000000000000000000000000000000
310
00000000000000000707070707070000070000000000000000000000000000000000000000000000000700000000000000000000000000000000000000000000000000000000000000000000000000000000000000000000000000000000000000000000000000000000000000000000070007000000000000000000070007
310
00000000000000000000070007000000000000000707070007000000000000000000000000000000000700000000000000000000000700000700000000000000000000000000000000000000000000000000000000000000000000000707070707070707070000000000000000000000000000000707070707070707070000
310
00000000000000000000000000000000000000000000000000000000000000000000000000000000000000000000000000000000000000000000000000000000000000000000000000000000000000000000000000000000000000000000000000000000000001000001000000000000000000000007000700000000000000
310
00000000000000070000070000000000000000070000070000070000070000000000000000000000000007000007000000000000000000000000000000000700000000000000000000000000000000000000000000000000000000000000000000000000000000000000000000000000000000000000000000000000000000
310
00000000000000000000000000000000000700000700000000000000000000000000000000000000000000000007000000000000000000000000000000000000000000000000000000000000000000000000000000000000000000000000000000000000000000000000000000000000000000000700070000000000000000
310
07070007000000000000000000000700070000000000000007070700070000000000000000000000000000000007000000000000000000000007000007000000000000000000000000000000000000000000000000000000000000000000000007070707070707070700000000000000000000000000000007070707070707
310
07070000000000000000000000000000000000000000000000000000000000000000000000000000000000000000000000000000000000000000000000000000000000000000000000000000000000000000000000000000000000000000000000000000000000000000000000010000000000000000000000070007000000
310
00000000000000000000000700000700000000000000000007070000000700000700000000000007070000000000070000070000000000000000000000000000000007000000000000000000000000000000000000000000000000000000000000000000000000000000000000000000000000000000000000000000000000
310
00000000000000000000000000000000070707070707000007000000000000000000000000000000000000000000000000070000000000000000000000000000000000000000000000000000000000000000000000000000000000000000000000000000000000000000000000000000000000000000000007000700000000
310
00000007070700070000000000000000000007000700000000000000000007000700000000000000000000000000000000070000000000000000000000070000070000000000000000000000000000000000000000000000000000000000000000000000070707070707070707000000000000000000000000000000070707
310
07070707070700000000000000000000000000000000000000000000000000000000000000000000000000000000000000000000000000000000000000000000000000000000000000000000000000000000000000000000000000000000000000000000000000000000000000000000000100000000000000000000000700
310
07000000000000000000000000000007000007000000070707000000000000000007000007000000000000070700000000000700000700000000000000000000000000000000070000000000000000000000000000000000000000000000000000000000000000000000000000000000000000000000000000000000000000
310
00000000000000000000000000000000000000000707070707070000070000000000000000000000000000000000000000000000000700000000000000000000000000000000000000000000000000000000000000000000000000000000000000000000000000000000000000000000000000000000000000000000070007
310
00000000000000070707000700000000000000000000070007000000000000000000070007000000000000000000000000000000000700000000000000000000000700000700000000000000000000000000000000000000000000000000000000000000000000000707070707070707070000000000000000000000000000
310
00070707070707070707000000000000000000000000000000000000000000000000000000000000000000000000000000000000000000000000000000000000000000000000000000000000000000000000000000000000000000000000000000000000000000000000000000000000000000000001000000000000000000
310
00000700070000000000000000000000000000070000070000000700070000000000000000070000070000000000000000000000000007000007000000000000000000000000000000000700000000000000000000000000000000000000000000000000000000000000000000000000000000000000000000000000000000
310
00000000000000000000000000000000000000000000000000000000000700000700000000000000000000000000000000000000000000000007000000000000000000000000000000000000000000000000000000000000000000000000000000000000000000000000000000000000000000000000000000000000000000
310
00070007000000000000000000070007000000000000000000000700070000000000000000000700070000000000000000000000000000000007000000000000000000000007000007000000000000000000000000000000000000000000000000000000000000000000000007070707070707070700000000000000000000
310
00000000000707070707070707070000000000000000000000000000000000000000000000000000000000000000000000000000000000000000000000000000000000000000000000000000000000000000000000000000000000000000000000000000000000000000000000000000000000000000000000010000000000
310
00000000000007000700000000000000070700000000000700000700000007070700000000000000000700000700000000000000000000000000070000070000000000000000000000000000000007000000000000000000000000000000000000000000000000000000000000000000000000000000000000000000000000
310
00000000000000000000000000000000000000000000000000000000070707070707000007000000000000000000000000000000000000000000000000070000000000000000000000000000000000000000000000000000000000000000000000000000000000000000000000000000000000000000000000000000000000
310
00000000000700070000000000000000000700070000000000000000000007000700000000000000070707000700000000000000000000000000000000070000000000000000000000070000070000000000000000000000000000000000000000000000000000000000000000000000070707070707070707000000000000
310
00000000000000000007070707070707070700000000000000000000000000000000000000000000000000000000000000000000000000000000000000000000000000000000000000000000000000000000000000000000000000000000000000000000000000000000000000000000000000000000000000000000000100
310
00000000000000000000070007000000000000000707000000000007000007000000000000000000070700000007000007000000000000000000000000000700000700000000000000000000000000000000070000000000000000000000000000000000000000000000000000000000000000000000000000000000000000
310
00000000000000000000000000000000000000000000000000000000000000000707070707070000070000000000000000000000000000000000000000000000000700000000000000000000000000000000000000000000000000000000000000000000000000000000000000000000000000000000000000000000000000
310
00000000000000000007000700000000000000000707000700000000000000000000070007000000000000000707070007000000000000000000000000000000000700000000000000000000000700000700000000000000000000000000000000000000000000000000000000000000000000000707070707070707070000
310
00000000000000000000000000070707070707070707000000000000000000000000000000000000000000000000000000000000000000000000000000000000000000000000000000000000000000000000000000000000000000000000000000000000000000000000000000000000000000000000000000000000000000
310
00000100000000000000000000000700070000000000000000000000000000070000070000000000000000070000070000070000070000000000000000000000000007000007000000000000000000000000000000000700000000000000000000000000000000000000000000000000000000000000000000000000000000
310
00000000000000000000000000000000000000000000000000000000000000000000000000000000000700000700000000000000000000000000000000000000000000000007000000000000000000000000000000000000000000000000000000000000000000000000000000000000000000000000000000000000000000
310
00000000000000000000000000070007000000000000000707070007000000000000000000000700070000000000000000000700070000000000000000000000000000000007000000000000000000000007000007000000000000000000000000000000000000000000000000000000000000000000000007070707070707
310
07070000000000000000000000000000000707070707070707070000000000000000000000000000000000000000000000000000000000000000000000000000000000000000000000000000000000000000000000000000000000000000000000000000000000000000000000000000000000000000000000000000000000
310
00000000000001000000000000000000000007000700000000000000000000000000000700000700000000000000000007070000000700000700000000000007070000000000070000070000000000000000000000000000000007000000000000000000000000000000000000000000000000000000000000000000000000
310
00000000000000000000000000000000000000000000000000000000000000000000000000000000070707070707000007000000000000000000000000000000000000000000000000070000000000000000000000000000000000000000000000000000000000000000000000000000000000000000000000000000000000
310
00000000000000000000000000000000000700070000000000000007070700070000000000000000000007000700000000000000000007000700000000000000000000000000000000070000000000000000000000070000070000000000000000000000000000000000000000000000000000000000000000000000070707
310
07070707070700000000000000000000000000000007070707070707070700000000000000000000000000000000000000000000000000000000000000000000000000000000000000000000000000000000000000000000000000000000000000000000000000000000000000000000000000000000000000000000000000
310
00000000000000000000010000000000000000000000070007000000000000000000000000000007000007000000070707000000000000000007000007000000000000070700000000000700000700000000000000000000000000000000070000000000000000000000000000000000000000000000000000000000000000
310
00000000000000000000000000000000000000000000000000000000000000000000000000000000000000000707070707070000070000000000000000000000000000000000000000000000000700000000000000000000000000000000000000000000000000000000000000000000000000000000000000000000000000
310
00000000000000000000000000000000000000000007000700000000000000000007000700000000000000000000070007000000000000000000070007000000000000000000000000000000000700000000000000000000000700000700000000000000000000000000000000000000000000000000000000000000000000
310
00070707070707070707000000000000000000000000000000070707070707070707000000000000000000000000000000000000000000000000000000000000000000000000000000000000000000000000000000000000000000000000000000000000000000000000000000000000000000000000000000000000000000
310
00000000000000000000000000000100000000000000000000000700070000000000000000000000000000070000070000000700070000000000000000070000070000000000000000000000000007000007000000000000000000000000000000000700000000000000000000000000000000000000000000000000000000
310
00000000000000000000000000000000000000000000000000000000000000000000000000000000000000000000000000000000000700000700000000000000000000000000000000000000000000000007000000000000000000000000000000000000000000000000000000000000000000000000000000000000000000
310
00000000000000000000000000000000000000000000000000070007000000000000000000070007000000000000000000000700070000000000000007070700070000000000000000000000000000000007000000000000000000000007000007000000000000000000000000000000000000000000000000000000000000
310
00000000000707070707070707070000000000000000000000000000000707070707070707070000000000000000000000000000000000000000000000000000000000000000000000000000000000000000000000000000000000000000000000000000000000000000000000000000000000000000000000000000000000
310
00000000000000000000000000000000000001000000000000000000000007000700000000000000070700000000000700000700000007070700000000000000000700000700000000000000000000000000070000070000000000000000000000000000000007000000000000000000000000000000000000000000000000
310
00000000000000000000000000000000000000000000000000000000000000000000000000000000000000000000000000000000070707070707000007000000000000000000000000000000000000000000000000070000000000000000000000000000000000000000000000000000000000000000000000000000000000
310
00000000000000000000000000000000000000000000000000000000000700070000000000000000070700070000000000000000000007000700000000000000070707000700000000000000000000000000000000070000000000000000000000070000070000000000000000000000000000000000000000000000000000
310
00000000000000000007070707070707070700000000000000000000000000000007070707070707070700000000000000000000000000000000000000000000000000000000000000000000000000000000000000000000000000000000000000000000000000000000000000000000000000000000000000000000000000
310
00000000000000000000000000000000000000000000010000000000000000000000070007000000000000000707000000000007000007000000000000000000070700000007000007000000000000000000000000000700000700000000000000000000000000000000070000000000000000000000000000000000000000
310
00000000000000000000000000000000000000000000000000000000000000000000000000000000000000000000000000000000000000000707070707070000070000000000000000000000000000000000000000000000000700000000000000000000000000000000000000000000000000000000000000000000000000
310
00000000000000000000000000000000000000000000000000000000000000000007000700000000000000070707000700000000000000000000070007000000000000000000070007000000000000000000000000000000000700000000000000000000000700000700000000000000000000000000000000000000000000
310
00000000000000000000000000070707070707070707000000000000000000000000000000070707070707070707000000000000000000000000000000000000000000000000000000000000000000000000000000000000000000000000000000000000000000000000000000000000000000000000000000000000000000
310
00000000000000000000000000000000000000000000000000000100000000000000000000000700070000000000000000000000000000070000070000000000000000070000070000070000070000000000000000000000000007000007000000000000000000000000000000000700000000000000000000000000000000
310
00000000000000000000000000000000000000000000000000000000000000000000000000000000000000000000000000000000000000000000000000000000000700000700000000000000000000000000000000000000000000000007000000000000000000000000000000000000000000000000000000000000000000
310
00000000000000000000000000000000000000000000000000000000000000000000000000070007000000000000000707070007000000000000000000000700070000000000000000000700070000000000000000000000000000000007000000000000000000000007000007000000000000000000000000000000000000
310
00000000000000000000000000000000000707070707070707070000000000000000000000000000000707070707070707070000000000000000000000000000000000000000000000000000000000000000000000000000000000000000000000000000000000000000000000000000000000000000000000000000000000
310
00000000000000000000000000000000000000000000000000000000000001000000000000000000000007000700000000000000000000000000000700000700000000000000000007070000000700000700000000000007070000000000070000070000000000000000000000000000000007000000000000000000000000
310
00000000000000000000000000000000000000000000000000000000000000000000000000000000000000000000000000000000000000000000000000000000070707070707000007000000000000000000000000000000000000000000000000070000000000000000000000000000000000000000000000000000000000
310
00000000000000000000000000000000000000000000000000000000000000000000000000000000000700070000000000000000000700070000000000000000000007000700000000000000000707000700000000000000000000000000000000070000000000000000000000070000070000000000000000000000000000
310
00000000000000000000000000000000000000000007070707070707070700000000000000000000000000000007070707070707070700000000000000000000000000000000000000000000000000000000000000000000000000000000000000000000000000000000000000000000000000000000000000000000000000
310
00000000000000000000000000000000000000000000000000000000000000000000010000000000000000000000070007000000000000000000000000000007000007000000070707000000000000000007000007000000000000070700000000000700000700000000000000000000000000000000070000000000000000
310
00000000000000000000000000000000000000000000000000000000000000000000000000000000000000000000000000000000000000000000000000000000000000000707070707070000070000000000000000000000000000000000000000000000000700000000000000000000000000000000000000000000000000
310
00000000000000000000000000000000000000000000000000000000000000000000000000000000000000000007000700000000000000000007000700000000000000000000070007000000000000000707070007000000000000000000000000000000000700000000000000000000000700000700000000000000000000
310
00000000000000000000000000000000000000000000000000070707070707070707000000000000000000000007070707070707070707070707000000000000000000000000000000000000000000000000000000000000000000000000000000000000000000000000000000000000000000000000000000000000000000
310
00000000000000000000000000000000000000000000000000000000000000000000000000000100000000000000000000000700070000000000000000000000000000070000070000000700070000000000000000070000070000000000000000000000000007000007000000000000000000000000000000000700000000
310
00000000000000000000000000000000000000000000000000000000000000000000000000000000000000000000000000000000000000000000000000000000000000000000000000000000000700000700000000000000000000000000000000000000000000000007000000000000000000000000000000000000000000
310
00000000000000000000000000000000000000000000000000000000000000000000000000000000000000000000000000070007000000000000000007070007000000000000000000000700070000000000000007070700070000000000000000000000000000000007000000000000000000000007000007000000000000
310
00000000000000000000000000000000000000000000000000000000000707070707070707070707070000000000000000070700070707070707070707070000000000000000000000000000000000000000000000000000000000000000000000000000000000000000000000000000000000000000000000000000000000
310
00000000000000000000000000000000000000000000000000000000000000000000000000000000000001000000000000000000000007000700000000000000070700000000000700000700000007070700000000000000000700000700000000000000000000000000070000070000000000000000000000000000000007
310
00000000000000000000000000000000000000000000000000000000000000000000000000000000000000000000000000000000000000000000000000000000000000000000000000000000070707070707000007000000000000000000000000000000000000000000000000070000000000000000000000000000000000
310
00000000000000000000000000000000000000000000000000000000000000000000000000000000000000000000000000000000000700070000000000000007070700070000000000000000000007000700000000000000000007000700000000000000000000000000000000070000000000000000000000070000070000
310
00000000000000000000000000000000000000000000000000000000000000000007070707070707070707000707000000000000000707000007070707070707070700000000000000000000000000000000000000000000000000000000000000000000000000000000000000000000000000000000000000000000000000
310
00000000000000000000000000000000000000000000000000000000000000000000000000000000000000000000010000000000000000000000070007000000000000000707000000000007000007000000000000000000070700000007000007000000000000000000000000000700000700000000000000000000000000
310
00000007000000000000000000000000000000000000000000000000000000000000000000000000000000000000000000000000000000000000000000000000000000000000000000000000000000000707070707070000070000000000000000000000000000000000000000000000000700000000000000000000000000
310
00000000000000000000000000000000000000000000000000000000000000000000000000000000000000000000000000000000000000000007000700000000000000070707000700000000000000000000070007000000000000000000070007000000000000000000000000000000000700000000000000000000000700
310
00070000000000000000000000000000000000000000000000000000000000000000000000070707070707070707070000000000000000000007070007070707070707070707000000000000000000000000000000000000000000000000000000000000000000000000000000000000000000000000000000000000000000
310
00000000000000000000000000000000000000000000000000000000000000000000000000000000000000000000000000000100000000000000000000000700070000000000000000000000000000070000070000000000000000070000070000070000070000000000000000000000000007000007000000000000000000
310
00000000000000070000000000000000000000000000000000000000000000000000000000000000000000000000000000000000000000000000000000000000000000000000000000000000000000000000000000000000000700000700000000000000000000000000000000000000000000000007000000000000000000
310
00000000000000000000000000000000000000000000000000000000000000000000000000000000000000000000000000000000000000000000000000070007000000000000000000070007000000000000000000000700070000000000000000070700070000000000000000000000000000000007000000000000000000
310
00000700000700000000000000000000000000000000000000000000000000000000000000000000000707070707070707070700070700000000000000070707070707070707070707070000000000000000000000000000000000000000000000000000000000000000000000000000000000000000000000000000000000
310
00000000000000000000000000000000000000000000000000000000000000000000000000000000000000000000000000000000000001000000000000000000000007000700000000000000000000000000000700000700000000000000000007070000000700000700000000000007070000000000070000070000000000
310
00000000000000000000000700000000000000000000000000000000000000000000000000000000000000000000000000000000000000000000000000000000000000000000000000000000000000000000000000000000070707070707000007000000000000000000000000000000000000000000000000070000000000
310
00000000000000000000000000000000000000000000000000000000000000000000000000000000000000000000000000000000000000000000000000000000000700070000000000000000000700070000000000000000000007000700000000000000070707000700000000000000000000000000000000070000000000
310
00000000000007000007000000000000000000000000000000000000000000000000000000000000000000000007070707070707070707070700000000000000000000070707070707070707070700000000000000000000000000000000000000000000000000000000000000000000000000000000000000000000000000
310
00000000000000000000000000000000000000000000000000000000000000000000000000000000000000000000000000000000000000000000010000000000000000000000070007000000000000000000000000000007000007000000070707000000000000000007000007000000000000070700000000000700000700
310
00000000000000000000000000000007000000000000000000000000000000000000000000000000000000000000000000000000000000000000000000000000000000000000000000000000000000000000000000000000000000000707070707070000070000000000000000000000000000000000000000000000000700
310
00000000000000000000000000000000000000000000000000000000000000000000000000000000000000000000000000000000000000000000000000000000000000000007000700000000000000000707000700000000000000000000070007000000000000000707070007000000000000000000000000000000000700
310
00000000000000000000070000070000000000000000000000000000000000000000000000000000000000000000000000070707070707070707000700000000000000000000000000070707070707070707000000000000000000000000000000000000000000000000000000000000000000000000000000000000000000
310
00000000000000000000000000000000000000000000000000000000000000000000000000000000000000000000000000000000000000000000000000000100000000000000000000000700070000000000000000000000000000070000070000000700070000000000000000070000070000000000000000000000000007
310
00000700000000000000000000000000000000070000000000000000000000000000000000000000000000000000000000000000000000000000000000000000000000000000000000000000000000000000000000000000000000000000000000000000000700000700000000000000000000000000000000000000000000
310
00000700000000000000000000000000000000000000000000000000000000000000000000000000000000000000000000000000000000000000000000000000000000000000000000070007000000000000000707070007000000000000000000000700070000000000000000000700070000000000000000000000000000
310
00000700000000000000000000000700000700000000000000000000000000000000000000000000000000000000000000000000000707070707070707070000000000000000000000000000000707070707070707070000000000000000000000000000000000000000000000000000000000000000000000000000000000
310
00000000000000000000000000000000000000000000000000000000000000000000000000000000000000000000000000000000000000000000000000000000000001000000000000000000000007000700000000000000070700000000000700000700000007000700000000000000000700000700000000000000000000
310
00000007000007000000000000000000000000000000000700000000000000000000000000000000000000000000000000000000000000000000000000000000000000000000000000000000000000000000000000000000000000000000000000000000070707070707000007000000000000000000000000000000000000
310
00000000000007000000000000000000000000000000000000000000000000000000000000000000000000000000000000000000000000000000000000000000000000000000000000000000000700070000000000000007070700070000000000000000000007000700000000000000000007000700000000000000000000
310
00000000000007000000000000000000000007000007000000000000000000000000000000000000000000000000000000000000000000000007070707070707070700000000000000000000000000000007070707070707070700000000000000000000000000000000000000000000000000000000000000000000000000
310
00000000000000000000000000000000000000000000000000000000000000000000000000000000000000000000000000000000000000000000000000000000000000000000010000000000000000000000070007000000000000000707000000000007000007000000000700000000070700000007000007000000000000
310
00000000000000070000070000000000000000000000000000000007000000000000000000000000000000000000000000000000000000000000000000000000000000000000000000000000000000000000000000000000000000000000000000000000000000000707070707070000070000000000000000000000000000
310
00000000000000000000070000000000000000000000000000000000000000000000000000000000000000000000000000000000000000000000000000000000000000000000000000000000000000000007000700000000000000000007000700000000000000000000070007000000000000000007070007000000000000
310
00000000000000000000070000000000000000000000070000070000000000000000000000000000000000000000000000000000000000000000000000070707070707070707000000000000000000000000000000070707070707070707000000000000000000000000000000000000000000000000000000000000000000
310
00000000000000000000000000000000000000000000000000000000000000000000000000000000000000000000000000000000000000000000000000000000000000000000000000000100000000000000000000000700070000000000000000000000000000070000070000000000000000070000070000070000070000
310
00000000000000000000000700000700000000000000000000000000000000070000000000000000000000000000000000000000000000000000000000000000000000000000000000000000000000000000000000000000000000000000000000000000000000000000000000000000000700000700000000000000000000
310
00000000000000000000000000000700000000000000000000000000000000000000000000000000000000000000000000000000000000000000000000000000000000000000000000000000000000000000000000070007000000000000000000070007000000000000000000000700070000000000000007070700070000
310
00000000000000000000000000000700000000000000000000000700000700000000000000000000000000000000000000000000000000000000000000000000000707070707070707070000000000000000000000000000000707070707070707070000000000000000000000000000000000000000000000000000000000
310
00000000000000000000000000000000000000000000000000000000000000000000000000000000000000000000000000000000000000000000000000000000000000000000000000000000000001000000000000000000000007000707070707070707070707070707070700000700000000000000000007070000000700
310
00070000000000000707000000000007000007000000000000000000000000000000000700000000000000000000000000000000000000000000000000000000000000000000000000000000000000000000000000000000000000000000000000000000000000000000000000000000070707070707000007000000000000
310
00000000000000000000000000000000000007000000000000000000000000000000000000000000000000000000000000000000000000000000000000000000000000000000000000000000000000000000000000000000000700070000000000000000070700070000000000000000000007000700000000000000070707
310
00070000000000000000000000000000000007000000000000070707000007000007000000000000000000000000000000000000000000000000000000000000000000000007070707070707070700000000000000000000000000000007070707070707070700000000000000000000000000000000000000000000000000
310
00000000000000000000000000000000000000000000000000000000000000000000000000000000000000000000000000000000000000000000000000000000000000000000000000000000000000000000010000000000000000000000070000000000000000000000000000000000000007000000000000000000000700
310
00000700000700000000000007070000000000070000070000000000000000000000000000000007000000000000000000000000000000000000000000000000000000000000000000000000000000000000000000000000000000000000000000000000000000000000000000000000000000000707070707070000070000
310
00000000000000000000000000000000000000000000070000000000000000000000000000000000000000000000000000000000000000000000000000000000000000000000000000000000000000000000000000000000000000000007000700000000000000070707000700000000000000000000070007000000000000
310
00000007000700000000000000000000000000000000070000000000070700000700070000070000000000000000000000000000000000000000000000000000000000000000000000070707070707070707000000000000000000000000000000070707070707070707000000000000000000000000000000000000000000
310
00000000000000000000000000000000000000000000000000000000000000000000000000000000000000000000000000000000000000000000000000000000000000000000000000000000000000000000000000000100000000000000000000000700000000000000000000000000000000000000070000000000000000
310
00000000000007000007000000000000000000000000000700000700000000000000000000000000000000070000000000000000000000000000000000000000000000000000000000000000000000000000000000000000000000000000000000000000000000000000000000000000000000000000000000000000000700
310
00070000000000000000000000000000000000000000000000000700000000000000000000000000000000000000000000000000000000000000000000000000000000000000000000000000000000000000000000000000000000000000000000070007000000000000000707070007000000000000000000000700070000
310
00000000000000070007000000000000000000000000000000000700000000070700000007000700000700000000000000000000000000000000000000000000000000000000000000000000000707070707070707070000000000000000000000000000000707070707070707070000000000000000000000000000000000
310
00000000000000000000000000000000000000000000000000000000000000000000000000000000000000000000000000000000000000000000000000000000000000000000000000000000000000000000000000000000000001000000000000000000000007070707070707070707070707070707070707070700000000
310
00000000000000000000070000070000000000000000000000000007000007000000000000000000000000000000000700000000000000000000000000000000000000000000000000000000000000000000000000000000000000000000000000000000000000000000000000000000000000000000000000000000000000
310
00000700000707070707070707070707070707070707070707070707070707000000000000000000000000000000000000000000000000000000000000000000000000000000000000000000000000000000000000000000000000000000000000000000000700070000000000000000000700070000000000000000000007
310
00070000000000000007070000070000000000000000000000000000000007000000000700000007070007000007000000000000000000000000000000000000000000000000000000000000000000000007070707070707070700000000000000000000000000000007070707070707070700000000000000000000000000
310
00000000000000000000000000000000000000000000000000000000000000000000000000000000000000000000000000000000000000000000000000000000000000000000000000000000000000000000000000000000000000000000010000000000000000000000070000000000000000000000000000000000000000
310
00000000000000000000070000000700000700000000000000000000000000070000070000000000000000000000000000000007000000000000000000000000000000000000000000000000000000000000000000000000000000000000000000000000000000000000000000000000000000000000000000000000000000
310
00000000000007000007000000000000000000000000000000000000000000000000070000000000000000000000000000000000000000000000000000000000000000000000000000000000000000000000000000000000000000000000000000000000000000000007000700000000000000070700000700000000000000
310
00000007000700000000000707000007070007070000000000000000000000000000070000000707000007070000070000070000000000000000000000000000000000000000000000000000000000000000000000070707070707070707000000000000000000000000000000070707070707070707000000000000000000
310
00000000000000000000000000000000000000000000000000000000000000000000000000000000000000000000000000000000000000000000000000000000000000000000000000000000000000000000000000000000000000000000000000000100000000000000000000000700000000000000000000000000000000
310
00000000000000000000000007070707000007000007000000000000000000000000000700000700000000000000000000000000000000070000000000000000000000000000000000000000000000000000000000000000000000000000000000000000000000000000000000000000000000000000000000000000000000
310
00000000000000000000070000070000000000000000000000000000000000000000000000000700000000000000000000000000000000000000000000000000000000000000000000000000000000000000000000000000000000000000000000000000000000000000000000070007000000000000070000070700070700
310
00000000000000070007000000000700000707000000000007070000000000000000000000000700000007000000070700000707000700000000000000000000000000000000000000000000000000000000000000000000000707070707070707070000000000000000000000000000000707070707070707070000000000
310
00000000000000000000000000000000000000000000000000000000000000000000000000000000000000000000000000000000000000000000000000000000000000000000000000000000000000000000000000000000000000000000000000000000000001000000000000000000000007000000000000000000000000
310
00000000000000000000000000000000000707000000070000070000000000000707000000000007000007000000000000000000000000000000000700000000000000000000000000000000000000000000000000000000000000000000000000000000000000000000000000000000000000000000000000000000000000
310
00000000000000000007070707070700000700000000000000000000000000000000000000000000000007000000000000000000000000000000000000000000000000000000000000000000000000000000000000000000000000000000000000000000000000000000000000000000000700070000000007070000070000
310
00000007000000000000000700070000070700070700000000000000000007000000000000000000000007000000070000070700000007000707000000000000000000000000000000000000000000000000000000000000000000000007070707070707070700000000000000000000000000000007070707070707070700
310
00000000000000000000000000000000000000000000000000000000000000000000000000000000000000000000000000000000000000000000000000000000000000000000000000000000000000000000000000000000000000000000000000000000000000000000010000000000000000000000070000000000000000
310
00000000000000000000000000000000000000000000070000000700000700000000000007070000000000070000070000000000000000000000000000000007000000000000000000000000000000000000000000000000000000000000000000000000000000000000000000000000000000000000000000000000000000
310
00000000000000000000000000070707070707000007000000000000000000000000000000000000000000000000070000000000000000000000000000000000000000000000000000000000000000000000000000000000000000000000000000000000000000000000000000000000000000000007000700000007000007
310
07000000000000000707000000000007000707070000070000000000000000000000000707000000000000000000070000000007070700000007000007000000000000000000000000000000000000000000000000000000000000000000000000070707070707070707000000000000000000000000000000070707070707
310
07070700000000000000000000000000000000000000000000000000000000000000000000000000000000000000000000000000000000000000000000000000000000000000000000000000000000000000000000000000000000000000000000000000000000000000000000000100000000000000000000000700000000
310
00000707000000000000000000000000000000000000000000000000000007000007000000000000000000000000000700000700000000000000000707070000000000070000000000000000000000000000000000000000000000000000000000000000000000000000000000000000000000000000000000000000000000
310
00000000000000000000000000000000000000000000070000070000000000000000000000000000000000000000000000000700000000000000000000000000000000000000000000000000000000000000000000000000000000000000000000000000000000000000000000000000000000000000000000070007000007
310
00000700000000000000000000000700000000070007000007070000000000000000000000000000000707000000000000000700000000000000000000070700070000000000000000000000000000000000000000000000000000000000000000000000000707070707070707070000000000000000000000000000000707
310
07070707070707000000000000000000000000000000000000000000000000000000000000000000000000000000000000000000000000000000000000000000000000000000000000000000000000000000000000000000000000000000000000000000000000000000000000000000000001000000000000000000000007
310
00000000070700000707000000000000000000000000000000000000000000000000070000070000000000000000000000000007000007000000000000070700000007000000000700000000000000000000000000000000000000000000000000000000000000000000000000000000000000000000000000000000000000
310
00000000000000000000000000000000000000000000000000000700000700000000000000000000000000000000000000000000000007000000000000000000000000000000000000000000000000000000000000000000000000000000000000000000000000000000000000000000000000000000000000000000000700
310
07070700070700000000000000000000000000070700000700000707000000000000000000000000000000000000000707000000000007000000000000000007070000070000000000000000000000000000000000000000000000000000000000000000000000000007070707070707070700000000000000000000000000
310
00000707070707070707070000000000000000000000000000000000000000000000000000000000000000000000000000000000000000000000000000000000000000000000000000000000000000000000000000000000000000000000000000000000000000000000000000000000000000000000010000000000000000
310
00000007000000070000000000070000000000000000000000000000000000000000070000000700000700000000000000000000000000070000070000000000000700000000000700000007000000000000000000000000000000000000000000000000000000000000000000000000000000000000000000000000000000
310
00000000000000000000000000000000000000000000000000000000000007000007000000000000000000000000000000000000000000000000070000000000000000000000000000000000000000000000000000000000000000000000000000000000000000000000000000000000000000000000000000000000000000
310
00000700070007070000000000000000000000000000000000070707070700000000000000000000000000000000000000000000000700000000070000000000000707000007070000000000000000000000000000000000000000000000000000000000000000000000000000070707070707070707000000000000000000
310
00000000000007070707070707070700000000000000000000000000000000000000000000000000000000000000000000000000000000000000000000000000000000000000000000000000000000000000000000000000000000000000000000000000000000000000000000000000000000000000000000000100000000
310
00000000000000070000000700000000000007000000000000000000000000000000000000070700000007000007000000000000000000000000000700000700000000000700000000000007000000070000000000000000000000000000000000000000000000000000000000000000000000000000000000000000000000
310
00000000000000000000000000000000000000000000000000000000000000000000070000070000000000000000000000000000000000000000000000000700000000000000000000000000000000000000000000000000000000000000000000000000000000000000000000000000000000000000000000000000000000
310
00000000000007000007000000000000000000000000000000000000000000070000000000000000000000000000000000000000000000000000070700000700000000070700000707000000000000000000000000000000000000000000000000000000000000000000000000000000000707070707070707070000000000
310
00000000000000000000070707070707070707000000000000000000000000000000000000000000000000000000000000000000000000000000000000000000000000000000000000000000000000000000000000000000000000000000000000000000000000000000000000000000000000000000000000000000000001
310
00000000000000000000000700000700000000000000070000000000000000000000000000000000070707070000070000070000000000000707000000000007000007000000000007000000000000000700000700000000000000000000000000000000000000000000000000000000000000000000000000000000000000
310
00000000000000000000000000000000000000000000000000000000000000000007070707070700000700000000000000000000000000000000000000000000000007000000000000000000000000000000000000000000000000000000000000000000000000000000000000000000000000000000000000000000000000
310
00000000000000000000070707000000000000000000000000000000000000000000000007070000000000000000000000000000000000000000000000000000070707000007070000000700000000000000000000000000000000000000000000000000000000000000000000000000000000000007070707070707070700
310
00000000000000000000000000000707070707070707070000000000000000000000000000000000000000000000000000000000000000000000000000000000000000000000000000000000000000000000000000000000000000000000000000000000000000000000000000000000000000000000000000000000000000
310
00000101000000000000000000000007000000070000000000000700000000000000000000000000000000000000070000000700000700000000000007070000000000070000070000000000070000000000000700000007000000000000000000000000000000000000000000000000000000000000000000000000000000
310
00000000000000000000000000000000000000000000000000000000000000000000000000070707070707000007000000000000000000000000000000000000000000000000070000000000000000000000000000000000000000000000000000000000000000000000000000000000000000000000000000000000000000
310
00000000000000000000000000000700000000000000000000000000000000000000000000000000000007070000000000000000000000000000000000000000000000000000070007000000070700000000000000000000000000000000000000000000000000000000000000000000000000000000000000070707070707
310
07070700000000000000000000000000000007070707070707070700000000000000000000000000000000000000000000000000000000000000000000000000000000000000000000000000000000000000000000000000000000000000000000000000000000000000000000000000000000000000000000000000000000
310
00000000000001010000000000000000000000070000000700000000000700000000000000000000000000000000000000000000000007000007000000000000000000000000000700000700000000000007000000000007000000070000000000000000000000000000000000000000000000000000000000000000000000
310
00000000000000000000000000000000000000000000000000000000000000000000000000000000000000000000070000070000000000000000000000000000000000000000000000000700000000000000000000000000000000000000000000000000000000000000000000000000000000000000000000000000000000
310
00000000000000000000000000000000000000070700000000000000000000000000000000000000000000000000000707070000000000000000000000000000000000000000000007070707000007070000000000000000000000000000000000000000000000000000000000000000000000000000000000000000000707
310
07070707070707000000000000000000000000000000070707070707070707000000000000000000000000000000000000000000000000000000000000000000000000000000000000000000000000000000000000000000000000000000000000000000000000000000000000000000000000000000000000000000000000
310
00000000000000000000010100000000000000000000000700000000070000000707000000000000000000000000000000000000000000000000070000070000000000000000000000000007000007000000000000070700000707000000000700000000000000000000000000000000000000000000000000000000000000
310
00000000000000000000000000000000000000000000000000000000000000000000000000000000000000000000000000000700000700000000000000000000000000000000000000000000000007000000000000000000000000000000000000000000000000000000000000000000000000000000000000000000000000
310
00000000000000000000000000000000000000000000000000070700000000000000000000000000000000000000000000000000000707000000000000000000000000000000000000000707070700000007000000000000000000000000000000000000000000000000000000000000000000000000000000000000000000
310
00000707070707070707070000000000000000000000000000000707070707070707070000000000000000000000000000000000000000000000000000000000000000000000000000000000000000000000000000000000000000000000000000000000000000000000000000000000000000000000000000000000000000
310
00000000000000000000000000000101000000000000000000000007000000000007070700000000000000000000000000000000000000000000000000000700000707070707070707070707070707070000070000000000000000070700000000000007000000000000000000000000000000000000000000000000000000
310
00000000000000000000000000000000000000000000000000000000000000000000000000000000000000000000000000000000000007000007000000000000000000000000000000000000000000000000070000000000000000000000000000000000000000000000000000000000000000000000000000000000000000
310
00000000000000000000000000000000000000000000000000000000000000070000000000000000000000000000000000000000000000070700000707000000000000000000000000000000070707070000000707000000000000000000000000000000000000000000000000000000000000000000000000000000000000
310
00000000000007070707070707070700000000000000000000000000000007070707070707070700000000000000000000000000000000000000000000000000000000000000000000000000000000000000000000000000000000000000000000000000000000000000000000000000000000000000000000000000000000
310
00000000000000000000000000000000000001010000000000000000000000070000000000000000000000000000000000000000000000000000000000000000000007000000000000000000000000000000000000000700000000000000000000000000000000070000000000000000000000000000000000000000000000
310
00000000000000000000000000000000000000000000000000000000000000000000000000000000000000000000000000000000000000000000070707070000000000000000000000000000000000000000000000000700000000000000000000000000000000000000000000000000000000000000000000000000000000
310
00000000000000000000000000000000000000000000000000000000000000000000000007070000000000000000000000000000000000000007070000000000000707000000000000000000000000070007000000070700000000000000000000000000000000000000000000000000000000000000000000000000000000
310
00000000000000000000070707070707070707000000000000000000000000000000070707070707070707000000000000000000000000000000000000000000000000000000000000000000000000000000000000000000000000000000000000000000000000000000000000000000000000000000000000000000000000
310
00000000000000000000000000000000000000000000000100000000000000000000000007000000000000000000000000000000000000000000000000000000000000000000070707070707070707070707070707070707070707000000000000000000000000000000070000000000000000000000000000000000000000
310
00000000000000000000000000000000000000000000000000000000000000000000000000000000000000000000000000000000000000000000000000000700000707070707070707070707070707070707070707070707070707000000000000000000000000000000000000000000000000000000000000000000000000
310
00000000000000000000000000000000000000000000000000000000000000000000000000000000000007070000000000000000000000000000000707000000000000000000000700000000000000000007070707000000070000000000000000000000000000000000000000000000000000000000000000000000000000
310
00000000000000000000000000000707070707070707070000000000000000000000000000000707070707070707070000000000000000000000000000000000000000000000000000000000000000000000000000000000000000000000000000000000000000000000000000000000000000000000000000000000000000
310
00000000000000000000000000000000000000000000000001010101010101010101010101010101010107070707070707070707070707070707070707070707070707070707070707070707070707070707070707070707070707070707070707070707070707070707070707070000000000000000000000000000000000
310
00000000000000000000000000000000000000000000000000000000000000000000000000000000000000000000000000000000000000000000000000000000000007070707000000000000000000000000000000000000000000000000000000000000000000000000000000000000000000000000000000000000000000
310
00000000000000000000000000000000000000000000000000000000000000000000000000000000000000000000000007070000000000000000000000000700000000000000000000000000070700000000000707070700000007070000000000000000000000000000000000000000000000000000000000000000000000
310
00000000000000000000000000000000000007070707070707070700000000000000070707070707070707070707070707070700000000000000000000000000000000000000000000000000000000000000000000000000000000000000000000000000000000000000000000000000000000000000000000000000000000
310
00000000000000000000000000000000000000000000000000000000000000000000000000000000000000000000000000000000000000000000000000000000000000000000000000000000000000000000000000000000000000000000000000000000000000000000000000000000000000000000000000000000000000
310
00000000000000000000000000000000000000000000000000000000000000000000000000000000000000000000000000000000000000000000000000000000000000000000000000000000000000000000000000000000000000000000000000000000000000000000000000000000000000000000000000000000000000
310
00000000000000000000000000000000000000000000000000000000000000000000000000000000000000000000000000000000000007000000000000000000070700000000000000000000000000000000070700070707070000000707000000000000000000000000000000000000000000000000000000000000000000
310
00000000000000000000000000000000000000000000070707070707070707070707070707070707070707070707070707070707070707000000000000000000000000000000000000000000000000000000000000000000000000000000000000000000000000000000000000000000000000000000000000000000000000
310
00000000000000000000000000000000000000000000000000000000000000000000000000000000000000000000000000000000000000000000000000000000000000000000000000000000000000000000000000000000000000000000000000000000000000000000000000000000000000000000000000000000000000
310
00000000000000000000000000000000000000000000000000000000000000000000000000000000000000000000000000000000000000000000000000000000000000000000000000000000000000000000000000000000000000000000000000000000000000000000000000000000000000000000000000000000000000
310
00000000000000000000000000000000000000000000000000000000000000000000000000000000000000000000000000000000000000000000000707000000000007070000000000000000000000000000000000000000070707000000000700000000000000000000000000000000000000000000000000000000000000
310
00000000000000000000000000000000000000000000000000000707070707070707070707070707070707070707070707070707070707070707070000000000000000000000000000000000000000000000000000000000000000000000000000000000000000000000000000000000000000000000000000000000000000
310
00000000000000000000000000000000000000000000000000000000000000000000000000000000000000000000000000000000000000000000000000000000000000000000000000000000000000000000000000000000000000000000000000000000000000000000000000000000000000000000000000000000000000
310
00000000000000000000000000000000000000000000000000000000000000000000000000000000000000000000000000000000000000000000000000000000000000000000000000000000000000000000000000000000000000000000000000000000000000000000000000000000000000000000000000000000000000
310
00000000000000000000000000000000000000000000000000000000000000000000000000000000000000000000000000000000000000000000000000000000000707000707000000000000000000000000000000000000000000000700000000070700000000000000000000000000000000000000000000000000000000
310
00000000000000000000000000000000000000000000000000000000000007070707070707070707070707070707070707070707070707070707070707070700000000000000000000000000000000000000000000000000000000000000000000000000000000000000000000000000000000000000000000000000000000
310
00000000000000000000000000000000000000000000000000000000000000000000000000000000000000000000000000000000000000000000000000000000000000000000000000000000000000000000000000000000000000000000000000000000000000000000000000000000000000000000000000000000000000
310
00000000000000000000000000000000000000000000000000000000000000000000000000000000000000000000000000000000000000000000000000000000000000000000000000000000000000000000000000000000000000000000000000000000000000000000000000000000000000000000000000000000000000
310
00000000000000000000000000000000000000000000000000000000000000000000000000000000000000000000000000000000000000000000000000000000000000000000000700000000000007000000000000000000000000000000070700000007070000000000000000000000000000000000000000000000000000
310
00000000000000000000000000000000000000000000000000000000000000000000070707070707070707070707070707070000000000000000070707070707070707000000000000000000000000000000000000000000000000000000000000000000000000000000000000000000000000000000000000000000000000
310
00000000000000000000000000000000000000000000000000000000000000000000000000000000000000000000000000000000000000000000000000000000000000000000000000000000000000000000000000000000000000000000000000000000000000000000000000000000000000000000000000000000000000
310
00000000000000000000000000000000000000000000000000000000000000000000000000000000000000000000000000000000000000000000000000000000000000000000000000000000000000000000000000000000000000000000000000000000000000000000000000000000000000000000000000000000000000
310
00000000000000000000000000000000000000000000000000000000000000000000000000000000000000000000000000000000000000000000000000000000000000000000000000000007000000000707070700000000000000000000000007070000000707000000000000000000000000000000000000000000000000
310
00000000000000000000000000000000000000000000000000000000000000000000000000000707070707070707070000000000000000000000000000000707070707070707070000000000000000000000000000000000000000000000000000000000000000000000000000000000000000000000000000000000000000
310
00000000000000000000000000000000000000000000000000000000000000000000000000000000000000000000000000000000000000000000000000000000000000000000000000000000000000000000000000000000000000000000000000000000000000000000000000000000000000000000000000000000000000
310
00000000000000000000000000000000000000000000000000000000000000000000000000000000000000000000000000000000000000000000000000000000000000000000000000000000000000000000000000000000000000000000000000000000000000000000000000000000000000000000000000000000000000
310
00000000000000000000000000000000000000000000000000000000000000000000000000000000000000000000000000000000000000000000000000000000000000000000000000000000000000070000000700000007000000000000000000000707000000000700000000000000000000000000000000000000000000
310
00000000000000000000000000000000000000000000000000000000000000000000000000000000000007070707070707070700000000000000000000000000000007070707070707070700000000000000000000000000000000000000000000000000000000000000000000000000000000000000000000000000000000
310
00000000000000000000000000000000000000000000000000000000000000000000000000000000000000000000000000000000000000000000000000000000000000000000000000000000000000000000000000000000000000000000000000000000000000000000000000000000000000000000000000000000000000
310
00000000000000000000000000000000000000000000000000000000000000000000000000000000000000000000000000000000000000000000000000000000000000000000000000000000000000000000000000000000000000000000000000000000000000000000000000000000000000000000000000000000000000
310
00000000000000000000000000000000000000000000000000000000000000000000000000000000000000000000000000000000000000000000000000000000000000000000000000000000000000000000000700000707000007070000000000000000000700000000070700000000000000000000000000000000000000
310
00000000000000000000000000000000000000000000000000000000000000000000000000000000000000000000070707070707070707000000000000000000000000000000070707070707070707000000000000000000000000000000000000000000000000000000000000000000000000000000000000000000000000
310
00000000000000000000000000000000000000000000000000000000000000000000000000000000000000000000000000000000000000000000000000000000000000000000000000000000000000000000000000000000000000000000000000000000000000000000000000000000000000000000000000000000000000
310
00000000000000000000000000000000000000000000000000000000000000000000000000000000000000000000000000000000000000000000000000000000000000000000000000000000000000000000000000000000000000000000000000000000000000000000000000000000000000000000000000000000000000
310
00000000000000000000000000000000000000000000000000000000000000000000000000000000000000000000000000000000000000000000000000000000000000000000000000000000000000000000000000000007000007000007000700000000000000070700000007070000000000000000000000000000000000
310
00000000000000000000000000000000000000000000000000000000000000000000000000000000000000000000000000000707070707070707070000000000000000000000000000000707070707070707070000000000000000000000000000000000000000000000000000000000000000000000000000000000000000
310
00000000000000000000000000000000000000000000000000000000000000000000000000000000000000000000000000000000000000000000000000000000000000000000000000000000000000000000000000000000000000000000000000000000000000000000000000000000000000000000000000000000000000
310
00000000000000000000000000000000000000000000000000000000000000000000000000000000000000000000000000000000000000000000000000000000000000000000000000000000000000000000000000000000000000000000000000000000000000000000000000000000000000000000000000000000000000
310
00000000000000000000000000000000000000000000000000000000000000000000000000000000000000000000000000000000000000000000000000000000000000000000000000000000000000000000000000000000000000070000070000070007000000000007070000000007000000000000000000000000000000
310
00000000000000000000000000000000000000000000000000000000000000000000000000000000000000000000000000000000000007070707070707070700000000000000000000000000000007070707070707070700000000000000000000000000000000000000000000000000000000000000000000000000000000
310
00000000000000000000000000000000000000000000000000000000000000000000000000000000000000000000000000000000000000000000000000000000000000000000000000000000000000000000000000000000000000000000000000000000000000000000000000000000000000000000000000000000000000
310
00000000000000000000000000000000000000000000000000000000000000000000000000000000000000000000000000000000000000000000000000000000000000000000000000000000000000000000000000000000000000000000000000000000000000000000000000000000000000000000000000000000000000
310
00000000000000000000000000000000000000000000000000000000000000000000000000000000000000000000000000000000000000000000000000000000000000000000000000000000000000000000000000000000000000000000000700000700070007000000000707000000000707000000000000000000000000
310
00000000000000000000000000000000000000000000000000000000000000000000000000000000000000000000000000000000000000000000070707070707070707000000000000000000000000000000070707070707070707000000000000000000000000000000000000000000000000000000000000000000000000
310
00000000000000000000000000000000000000000000000000000000000000000000000000000000000000000000000000000000000000000000000000000000000000000000000000000000000000000000000000000000000000000000000000000000000000000000000000000000000000000000000000000000000000
310
00000000000000000000000000000000000000000000000000000000000000000000000000000000000000000000000000000000000000000000000000000000000000000000000000000000000000000000000000000000000000000000000000000000000000000000000000000000000000000000000000000000000000
310
00000000000000000000000000000000000000000000000000000000000000000000000000000000000000000000000000000000000000000000000000000000000000000000000000000000000000000000000000000000000000000000000000000007000007070707000000070700000000070700000000000000000000
310
00000000000000000000000000000000000000000000000000000000000000000000000000000000000000000000000000000000000000000000000000000707070707070707070000000000000000000000000000000707070707070707070000000000000000000000000000000000000000000000000000000000000000
310
00000000000000000000000000000000000000000000000000000000000000000000000000000000000000000000000000000000000000000000000000000000000000000000000000000000000000000000000000000000000000000000000000000000000000000000000000000000000000000000000000000000000000
310
00000000000000000000000000000000000000000000000000000000000000000000000000000000000000000000000000000000000000000000000000000000000000000000000000000000000000000000000000000000000000000000000000000000000000000000000000000000000000000000000000000000000000
310
00000000000000000000000000000000000000000000000000000000000000000000000000000000000000000000000000000000000000000000000000000000000000000000000000000000000000000000000000000000000000000000000000000000000000070000000700000000070000000000070000000000000000
310
00000000000000000000000000000000000000000000000000000000000000000000000000000000000000000000000000000000000000000000000000000000000007070707070707070700000000000000000000000000000007070707070707070700000000000000000000000000000000000000000000000000000000
310
00000000000000000000000000000000000000000000000000000000000000000000000000000000000000000000000000000000000000000000000000000000000000000000000000000000000000000000000000000000000000000000000000000000000000000000000000000000000000000000000000000000000000
310
00000000000000000000000000000000000000000000000000000000000000000000000000000000000000000000000000000000000000000000000000000000000000000000000000000000000000000000000000000000000000000000000000000000000000000000000000000000000000000000000000000000000000
310
00000000000000000000000000000000000000000000000000000000000000000000000000000000000000000000000000000000000000000000000000000000000000000000000000000000000000000000000000000000000000000000000000000000000000000000000700000000000007070000000007070000000000
310
00000000000000000000000000000000000000000000000000000000000000000000000000000000000000000000000000000000000000000000000000000000000000000000070707070707070707000000000000000000000000000000070707070707070707000000000000000000000000000000000000000000000000
310
00000000000000000000000000000000000000000000000000000000000000000000000000000000000000000000000000000000000000000000000000000000000000000000000000000000000000000000000000000000000000000000000000000000000000000000000000000000000000000000000000000000000000
310
00000000000000000000000000000000000000000000000000000000000000000000000000000000000000000000000000000000000000000000000000000000000000000000000000000000000000000000000000000000000000000000000000000000000000000000000000000000000000000000000000000000000000
310
00000000000000000000000000000000000000000000000000000000000000000000000000000000000000000000000000000000000000000000000000000000000000000000000000000000000000000000000000000000000000000000000000000000000000000000000000000007000000000707000000000707000000
310
00000000000000000000000000000000000000000000000000000000000000000000000000000000000000000000000000000000000000000000000000000000000000000000000000000707070707070707070000000000000000000000000000000707070707070707070000000000000000000000000000000000000000
310
00000000000000000000000000000000000000000000000000000000000000000000000000000000000000000000000000000000000000000000000000000000000000000000000000000000000000000000000000000000000000000000000000000000000000000000000000000000000000000000000000000000000000
310
00000000000000000000000000000000000000000000000000000000000000000000000000000000000000000000000000000000000000000000000000000000000000000000000000000000000000000000000000000000000000000000000000000000000000000000000000000000000000000000000000000000000000
310
00000000000000000000000000000000000000000000000000000000000000000000000000000000000000000000000000000000000000000000000000000000000000000000000000000000000000000000000000000000000000000000000000000000000000000000000000000000000000070000070700000000000700
310
00000000000000000000000000000000000000000000000000000000000000000000000000000000000000000000000000000000000000000000000000000000000000000000000000000000000007070707070707070700000000000000000000000000000007070707070707070700000000000000000000000000000000
310
00000000000000000000000000000000000000000000000000000000000000000000000000000000000000000000000000000000000000000000000000000000000000000000000000000000000000000000000000000000000000000000000000000000000000000000000000000000000000000000000000000000000000
310
00000000000000000000000000000000000000000000000000000000000000000000000000000000000000000000000000000000000000000000000000000000000000000000000000000000000000000000000000000000000000000000000000000000000000000000000000000000000000000000000000000000000000
310
00000000000000000000000000000000000000000000000000000000000000000000000000000000000000000000000000000000000000000000000000000000000000000000000000000000000000000000000000000000000000000000000000000000000000000000000000000000000000000000000007070000000000
310
07070000000000000000000000000000000000000000000000000000000000000000000000000000000000000000000000000000000000000000000000000000000000000000000000000000000000000000070707070707070707000000000000000000000000000000070707070707070707000000000000000000000000
310
00000000000000000000000000000000000000000000000000000000000000000000000000000000000000000000000000000000000000000000000000000000000000000000000000000000000000000000000000000000000000000000000000000000000000000000000000000000000000000000000000000000000000
310
00000000000000000000000000000000000000000000000000000000000000000000000000000000000000000000000000000000000000000000000000000000000000000000000000000000000000000000000000000000000000000000000000000000000000000000000000000000000000000000000000000000000000
310
00000000000000000000000000000000000000000000000000000000000000000000000000000000000000000000000000000000000000000000000000000000000000000000000000000000000000000000000000000000000000000000000000000000000000000000000000000000000000000000000000000000000007
310
07000707000000000000000000000000000000000000000000000000000000000000000000000000000000000000000000000000000000000000000000000000000000000000000000000000000000000000000000000707070707070707070000000000000000000000000000000707070707070707070000000000000000
310
00000000000000000000000000000000000000000000000000000000000000000000000000000000000000000000000000000000000000000000000000000000000000000000000000000000000000000000000000000000000000000000000000000000000000000000000000000000000000000000000000000000000000
310
00000000000000000000000000000000000000000000000000000000000000000000000000000000000000000000000000000000000000000000000000000000000000000000000000000000000000000000000000000000000000000000000000000000000000000000000000000000000000000000000000000000000000
310
00000000000000000000000000000000000000000000000000000000000000000000000000000000000000000000000000000000000000000000000000000000000000000000000000000000000000000000000000000000000000000000000000000000000000000000000000000000000000000000000000000000000000
310
00000000000700000000000000000000000000000000000000000000000000000000000000000000000000000000000000000000000000000000000000000000000000000000000000000000000000000000000000000000000007070707070707070700000000000000000000000000000007070707070707070700000000
310
00000000000000000000000000000000000000000000000000000000000000000000000000000000000000000000000000000000000000000000000000000000000000000000000000000000000000000000000000000000000000000000000000000000000000000000000000000000000000000000000000000000000000
310
00000000000000000000000000000000000000000000000000000000000000000000000000000000000000000000000000000000000000000000000000000000000000000000000000000000000000000000000000000000000000000000000000000000000000000000000000000000000000000000000000000000000000
310
00000000000000000000000000000000000000000000000000000000000000000000000000000000000000000000000000000000000000000000000000000000000000000000000000000000000000000000000000000000000000000000000000000000000000000000000000000000000000000000000000000000000000
310
00000000000000000000000000000000000000000000000000000000000000000000000000000000000000000000000000000000000000000000000000000000000000000000000000000000000000000000000000000000000000000000070707070707070707000000000000000000000000000000070707070707070707
310
00000000000000000000000000000000000000000000000000000000000000000000000000000000000000000000000000000000000000000000000000000000000000000000000000000000000000000000000000000000000000000000000000000000000000000000000000000000000000000000000000000000000000
310
00000000000000000000000000000000000000000000000000000000000000000000000000000000000000000000000000000000000000000000000000000000000000000000000000000000000000000000000000000000000000000000000000000000000000000000000000000000000000000000000000000000000000
310
00000000000000000000000000000000000000000000000000000000000000000000000000000000000000000000000000000000000000000000000000000000000000000000000000000000000000000000000000000000000000000000000000000000000000000000000000000000000000000000000000000000000000
310
00000000000000000000000000000000000000000000000000000000000000000000000000000000000000000000000000000000000000000000000000000000000000000000000000000000000000000000000000000000000000000000000000000707070707070707070000000000000000000000000000000707070707
310
07070707000000000000000000000000000000000000000000000000000000000000000000000000000000000000000000000000000000000000000000000000000000000000000000000000000000000000000000000000000000000000000000000000000000000000000000000000000000000000000000000000000000
310
00000000000000000000000000000000000000000000000000000000000000000000000000000000000000000000000000000000000000000000000000000000000000000000000000000000000000000000000000000000000000000000000000000000000000000000000000000000000000000000000000000000000000
310
00000000000000000000000000000000000000000000000000000000000000000000000000000000000000000000000000000000000000000000000000000000000000000000000000000000000000000000000000000000000000000000000000000000000000000000000000000000000000000000000000000000000000
310
00000000000000000000000000000000000000000000000000000000000000000000000000000000000000000000000000000000000000000000000000000000000000000000000000000000000000000000000000000000000000000000000000000000000007070707070707070700000000000000000000000000000007
310
07070707070707070000000000000000000000000000000000000000000000000000000000000000000000000000000000000000000000000000000000000000000000000000000000000000000000000000000000000000000000000000000000000000000000000000000000000000000000000000000000000000000000
310
00000000000000000000000000000000000000000000000000000000000000000000000000000000000000000000000000000000000000000000000000000000000000000000000000000000000000000000000000000000000000000000000000000000000000000000000000000000000000000000000000000000000000
310
00000000000000000000000000000000000000000000000000000000000000000000000000000000000000000000000000000000000000000000000000000000000000000000000000000000000000000000000000000000000000000000000000000000000000000000000000000000000000000000000000000000000000
310
00000000000000000000000000000000000000000000000000000000000000000000000000000000000000000000000000000000000000000000000000000000000000000000000000000000000000000000000000000000000000000000000000000000000000000000070707070707070707000000000000000000000000
310
00000007070707070707070700000000000000000000000000000000000000000000000000000000000000000000000000000000000000000000000000000000000000000000000000000000000000000000000000000000000000000000000000000000000000000000000000000000000000000000000000000000000000
310
00000000000000000000000000000000000000000000000000000000000000000000000000000000000000000000000000000000000000000000000000000000000000000000000000000000000000000000000000000000000000000000000000000000000000000000000000000000000000000000000000000000000000
310
00000000000000000000000000000000000000000000000000000000000000000000000000000000000000000000000000000000000000000000000000000000000000000000000000000000000000000000000000000000000000000000000000000000000000000000000000000000000000000000000000000000000000
310
00000000000000000000000000000000000000000000000000000000000000000000000000000000000000000000000000000000000000000000000000000000000000000000000000000000000000000000000000000000000000000000000000000000000000000000000000000707070707070707070000000000000000
310
00000000000000070707070707070707000000000000000000000000000000000000000000000000000000000000000000000000000000000000000000000000000000000000000000000000000000000000000000000000000000000000000000000000000000000000000000000000000000000000000000000000000000
310
00000000000000000000000000000000000000000000000000000000000000000000000000000000000000000000000000000000000000000000000000000000000000000000000000000000000000000000000000000000000000000000000000000000000000000000000000000000000000000000000000000000000000
310
00000000000000000000000000000000000000000000000000000000000000000000000000000000000000000000000000000000000000000000000000000000000000000000000000000000000000000000000000000000000000000000000000000000000000000000000000000000000000000000000000000000000000
310
00000000000000000000000000000000000000000000000000000000000000000000000000000000000000000000000000000000000000000000000000000000000000000000000000000000000000000000000000000000000000000000000000000000000000000000000000000000000007070707070707070700000000
310
00000000000000000000000707070707070707070000000000000000000000000000000000000000000000000000000000000000000000000000000000000000000000000000000000000000000000000000000000000000000000000000000000000000000000000000000000000000000000000000000000000000000000
310
00000000000000000000000000000000000000000000000000000000000000000000000000000000000000000000000000000000000000000000000000000000000000000000000000000000000000000000000000000000000000000000000000000000000000000000000000000000000000000000000000000000000000
310
00000000000000000000000000000000000000000000000000000000000000000000000000000000000000000000000000000000000000000000000000000000000000000000000000000000000000000000000000000000000000000000000000000000000000000000000000000000000000000000000000000000000000
310
00000000000000000000000000000000000000000000000000000000000000000000000000000000000000000000000000000000000000000000000000000000000000000000000000000000000000000000000000000000000000000000000000000000000000000000000000000000000000000000070707070707070707
310
00000000000000000000000000000007070707070707070700000000000000000000000000000000000000000000000000000000000000000000000000000000000000000000000000000000000000000000000000000000000000000000000000000000000000000000000000000000000000000000000000000000000000
310
00000000000000000000000000000000000000000000000000000000000000000000000000000000000000000000000000000000000000000000000000000000000000000000000000000000000000000000000000000000000000000000000000000000000000000000000000000000000000000000000000000000000000
310
00000000000000000000000000000000000000000000000000000000000000000000000000000000000000000000000000000000000000000000000000000000000000000000000000000000000000000000000000000000000000000000000000000000000000000000000000000000000000000000000000000000000000
310
00000000000000000000000000000000000000000000000000000000000000000000000000000000000000000000000000000000000000000000000000000000000000000000000000000000000000000000000000000000000000000000000000000000000000000000000000000000000000000000000000000707070707
310
07070707000000000000000000000000000000070707070707070707000000000000000000000000000000000000000000000000000000000000000000000000000000000000000000000000000000000000000000000000000000000000000000000000000000000000000000000000000000000000000000000000000000
310
00000000000000000000000000000000000000000000000000000000000000000000000000000000000000000000000000000000000000000000000000000000000000000000000000000000000000000000000000000000000000000000000000000000000000000000000000000000000000000000000000000000000000
310
00000000000000000000000000000000000000000000000000000000000000000000000000000000000000000000000000000000000000000000000000000000000000000000000000000000000000000000000000000000000000000000000000000000000000000000000000000000000000000000000000000000000000
310
00000000000000000000000000000000000000000000000000000000000000000000000000000000000000000000000000000000000000000000000000000000000000000000000000000000000000000000000000000000000000000000000000000000000000000000000000000000000000000000000000000000000007
310
07070707070707070000000000000000000000000000000707070707070707070000000000000000000000000000000000000000000000000000000000000000000000000000000000000000000000000000000000000000000000000000000000000000000000000000000000000000000000000000000000000000000000
310
00000000000000000000000000000000000000000000000000000000000000000000000000000000000000000000000000000000000000000000000000000000000000000000000000000000000000000000000000000000000000000000000000000000000000000000000000000000000000000000000000000000000000
310
00000000000000000000000000000000000000000000000000000000000000000000000000000000000000000000000000000000000000000000000000000000000000000000000000000000000000000000000000000000000000000000000000000000000000000000000000000000000000000000000000000000000000
310
00000000000000000000000000000000000000000000000000000000000000000000000000000000000000000000000000000000000000000000000000000000000000000000000000000000000000000000000000000000000000000000000000000000000000000000000000000000000000000000000000000000000000
310
00000007070707070707070700000000000000000000000000000007070707070707070700000000000000000000000000000000000000000000000000000000000000000000000000000000000000000000000000000000000000000000000000000000000000000000000000000000000000000000000000000000000000
310
00000000000000000000000000000000000000000000000000000000000000000000000000000000000000000000000000000000000000000000000000000000000000000000000000000000000000000000000000000000000000000000000000000000000000000000000000000000000000000000000000000000000000
310
00000000000000000000000000000000000000000000000000000000000000000000000000000000000000000000000000000000000000000000000000000000000000000000000000000000000000000000000000000000000000000000000000000000000000000000000000000000000000000000000000000000000000
310
00000000000000000000000000000000000000000000000000000000000000000000000000000000000000000000000000000000000000000000000000000000000000000000000000000000000000000000000000000000000000000000000000000000000000000000000000000000000000000000000000000000000000
310
00000000000000070707070707070707000000000000000000000000000000070707070707070707000000000000000000000000000000000000000000000000000000000000000000000000000000000000000000000000000000000000000000000000000000000000000000000000000000000000000000000000000000
310
00000000000000000000000000000000000000000000000000000000000000000000000000000000000000000000000000000000000000000000000000000000000000000000000000000000000000000000000000000000000000000000000000000000000000000000000000000000000000000000000000000000000000
310
00000000000000000000000000000000000000000000000000000000000000000000000000000000000000000000000000000000000000000000000000000000000000000000000000000000000000000000000000000000000000000000000000000000000000000000000000000000000000000000000000000000000000
310
00000000000000000000000000000000000000000000000000000000000000000000000000000000000000000000000000000000000000000000000000000000000000000000000000000000000000000000000000000000000000000000000000000000000000000000000000000000000000000000000000000000000000
310
00000000000000000000000707070707070707070000000000000000000000000000000707070707070707070000000000000000000000000000000000000000000000000000000000000000000000000000000000000000000000000000000000000000000000000000000000000000000000000000000000000000000000
310
00000000000000000000000000000000000000000000000000000000000000000000000000000000000000000000000000000000000000000000000000000000000000000000000000000000000000000000000000000000000000000000000000000000000000000000000000000000000000000000000000000000000000
310
00000000000000000000000000000000000000000000000000000000000000000000000000000000000000000000000000000000000000000000000000000000000000000000000000000000000000000000000000000000000000000000000000000000000000000000000000000000000000000000000000000000000000
310
00000000000000000000000000000000000000000000000000000000000000000000000000000000000000000000000000000000000000000000000000000000000000000000000000000000000000000000000000000000000000000000000000000000000000000000000000000000000000000000000000000000000000
310
00000000000000000000000000000007070707070707070700000000000000000000000707070707070707070707070700000000000000000000000000000000000000000000000000000000000000000000000000000000000000000000000000000000000000000000000000000000000000000000000000000000000000
310
00000000000000000000000000000000000000000000000000000000000000000000000000000000000000000000000000000000000000000000000000000000000000000000000000000000000000000000000000000000000000000000000000000000000000000000000000000000000000000000000000000000000000
310
00000000000000000000000000000000000000000000000000000000000000000000000000000000000000000000000000000000000000000000000000000000000000000000000000000000000000000000000000000000000000000000000000000000000000000000000000000000000000000000000000000000000000
310
00000000000000000000000000000000000000000000000000000000000000000000000000000000000000000000000000000000000000000000000000000000000000000000000000000000000000000000000000000000000000000000000000000000000000000000000000000000000000000000000000000000000000
310
00000000000000000000000000000000000000070707070707070707070707000000000000000007070007070707070707070707000000000000000000000000000000000000000000000000000000000000000000000000000000000000000000000000000000000000000000000000000000000000000000000000000000
310
00000000000000000000000000000000000000000000000000000000000000000000000000000000000000000000000000000000000000000000000000000000000000000000000000000000000000000000000000000000000000000000000000000000000000000000000000000000000000000000000000000000000000
310
00000000000000000000000000000000000000000000000000000000000000000000000000000000000000000000000000000000000000000000000000000000000000000000000000000000000000000000000000000000000000000000000000000000000000000000000000000000000000000000000000000000000000
310
00000000000000000000000000000000000000000000000000000000000000000000000000000000000000000000000000000000000000000000000000000000000000000000000000000000000000000000000000000000000000000000000000000000000000000000000000000000000000000000000000000000000000
310
00000000000000000000000000000000000000000000000707070707070707070700070700000000000000070707070707070707070707070000000000000000000000000000000000000000000000000000000000000000000000000000000000000000000000000000000000000000000000000000000000000000000000
310
00000000000000000000000000000000000000000000000000000000000000000000000000000000000000000000000000000000000000000000000000000000000000000000000000000000000000000000000000000000000000000000000000000000000000000000000000000000000000000000000000000000000000
310
00000000000000000000000000000000000000000000000000000000000000000000000000000000000000000000000000000000000000000000000000000000000000000000000000000000000000000000000000000000000000000000000000000000000000000000000000000000000000000000000000000000000000
310
00000000000000000000000000000000000000000000000000000000000000000000000000000000000000000000000000000000000000000000000000000000000000000000000000000000000000000000000000000000000000000000000000000000000000000000000000000000000000000000000000000000000000
310
00000000000000000000000000000000000000000000000000000007070707070707070707070700000000000000000707070707070707070707070700000000000000000000000000000000000000000000000000000000000000000000000000000000000000000000000000000000000000000000000000000000000000
310
00000000000000000000000000000000000000000000000000000000000000000000000000000000000000000000000000000000000000000000000000000000000000000000000000000000000000000000000000000000000000000000000000000000000000000000000000000000000000000000000000000000000000
310
00000000000000000000000000000000000000000000000000000000000000000000000000000000000000000000000000000000000000000000000000000000000000000000000000000000000000000000000000000000000000000000000000000000000000000000000000000000000000000000000000000000000000
310
00000000000000000000000000000000000000000000000000000000000000000000000000000000000000000000000000000000000000000000000000000000000000000000000000000000000000000000000000000000000000000000000000000000000000000000000000000000000000000000000000000000000000
310
00000000000000000000000000000000000000000000000000000000000000070707070707070707070707000000000000000007070707070707070707070707000000000000000000000000000000000000000000000000000000000000000000000000000000000000000000000000000000000000000000000000000000
310
00000000000000000000000000000000000000000000000000000000000000000000000000000000000000000000000000000000000000000000000000000000000000000000000000000000000000000000000000000000000000000000000000000000000000000000000000000000000000000000000000000000000000
310
00000000000000000000000000000000000000000000000000000000000000000000000000000000000000000000000000000000000000000000000000000000000000000000000000000000000000000000000000000000000000000000000000000000000000000000000000000000000000000000000000000000000000
310
00000000000000000000000000000000000000000000000000000000000000000000000000000000000000000000000000000000000000000000000000000000000000000000000000000000000000000000000000000000000000000000000000000000000000000000000000000000000000000000000000000000000000
310
00000000000000000000000000000000000000000000000000000000000000000000000707070707070707070707070000000000000000000000000707070707070707070000000000000000000000000000000000000000000000000000000000000000000000000000000000000000000000000000000000000000000000
310
00000000000000000000000000000000000000000000000000000000000000000000000000000000000000000000000000000000000000000000000000000000000000000000000000000000000000000000000000000000000000000000000000000000000000000000000000000000000000000000000000000000000000
310
00000000000000000000000000000000000000000000000000000000000000000000000000000000000000000000000000000000000000000000000000000000000000000000000000000000000000000000000000000000000000000000000000000000000000000000000000000000000000000000000000000000000000
310
00000000000000000000000000000000000000000000000000000000000000000000000000000000000000000000000000000000000000000000000000000000000000000000000000000000000000000000000000000000000000000000000000000000000000000000000000000000000000000000000000000000000000
310
00000000000000000000000000000000000000000000000000000000000000000000000000000007070707070707070700000000000000000000000000000007070707070707070700000000000000000000000000000000000000000000000000000000000000000000000000000000000000000000000000000000000000
310
00000000000000000000000000000000000000000000000000000000000000000000000000000000000000000000000000000000000000000000000000000000000000000000000000000000000000000000000000000000000000000000000000000000000000000000000000000000000000000000000000000000000000
310
00000000000000000000000000000000000000000000000000000000000000000000000000000000000000000000000000000000000000000000000000000000000000000000000000000000000000000000000000000000000000000000000000000000000000000000000000000000000000000000000000000000000000
310
00000000000000000000000000000000000000000000000000000000000000000000000000000000000000000000000000000000000000000000000000000000000000000000000000000000000000000000000000000000000000000000000000000000000000000000000000000000000000000000000000000000000000
310
00000000000000000000000000000000000000000000000000000000000000000000000000000000000000070707070707070707000000000000000000000000000000070707070707070707000000000000000000000000000000000000000000000000000000000000000000000000000000000000000000000000000000
310
00000000000000000000000000000000000000000000000000000000000000000000000000000000000000000000000000000000000000000000000000000000000000000000000000000000000000000000000000000000000000000000000000000000000000000000000000000000000000000000000000000000000000
310
00000000000000000000000000000000000000000000000000000000000000000000000000000000000000000000000000000000000000000000000000000000000000000000000000000000000000000000000000000000000000000000000000000000000000000000000000000000000000000000000000000000000000
310
00000000000000000000000000000000000000000000000000000000000000000000000000000000000000000000000000000000000000000000000000000000000000000000000000000000000000000000000000000000000000000000000000000000000000000000000000000000000000000000000000000000000000
310
00000000000000000000000000000000000000000000000000000000000000000000000000000000000000000000000707070707070707070000000000000000000000000000000707070707070707070000000000000000000000000000000000000000000000000000000000000000000000000000000000000000000000
310
00000000000000000000000000000000000000000000000000000000000000000000000000000000000000000000000000000000000000000000000000000000000000000000000000000000000000000000000000000000000000000000000000000000000000000000000000000000000000000000000000000000000000
310
00000000000000000000000000000000000000000000000000000000000000000000000000000000000000000000000000000000000000000000000000000000000000000000000000000000000000000000000000000000000000000000000000000000000000000000000000000000000000000000000000000000000000
310
00000000000000000000000000000000000000000000000000000000000000000000000000000000000000000000000000000000000000000000000000000000000000000000000000000000000000000000000000000000000000000000000000000000000000000000000000000000000000000000000000000000000000
310
00000000000000000000000000000000000000000000000000000000000000000000000000000000000000000000000000000007070707070707070700000000000000000000000000000007070707070707070700000000000000000000000000000000000000000000000000000000000000000000000000000000000000
310
00000000000000000000000000000000000000000000000000000000000000000000000000000000000000000000000000000000000000000000000000000000000000000000000000000000000000000000000000000000000000000000000000000000000000000000000000000000000000000000000000000000000000
310
00000000000000000000000000000000000000000000000000000000000000000000000000000000000000000000000000000000000000000000000000000000000000000000000000000000000000000000000000000000000000000000000000000000000000000000000000000000000000000000000000000000000000
310
00000000000000000000000000000000000000000000000000000000000000000000000000000000000000000000000000000000000000000000000000000000000000000000000000000000000000000000000000000000000000000000000000000000000000000000000000000000000000000000000000000000000000
310
00000000000000000000000000000000000000000000000000000000000000000000000000000000000000000000000000000000000000070707070707070707000000000000000000000000000000070707070707070707000000000000000000000000000000000000000000000000000000000000000000000000000000
310
00000000000000000000000000000000000000000000000000000000000000000000000000000000000000000000000000000000000000000000000000000000000000000000000000000000000000000000000000000000000000000000000000000000000000000000000000000000000000000000000000000000000000
310
00000000000000000000000000000000000000000000000000000000000000000000000000000000000000000000000000000000000000000000000000000000000000000000000000000000000000000000000000000000000000000000000000000000000000000000000000000000000000000000000000000000000000
310
00000000000000000000000000000000000000000000000000000000000000000000000000000000000000000000000000000000000000000000000000000000000000000000000000000000000000000000000000000000000000000000000000000000000000000000000000000000000000000000000000000000000000
310
00000000000000000000000000000000000000000000000000000000000000000000000000000000000000000000000000000000000000000000000707070707070707070000000000000000000000000000000707070707070707070000000000000000000000000000000000000000000000000000000000000000000000
310
00000000000000000000000000000000000000000000000000000000000000000000000000000000000000000000000000000000000000000000000000000000000000000000000000000000000000000000000000000000000000000000000000000000000000000000000000000000000000000000000000000000000000
310
00000000000000000000000000000000000000000000000000000000000000000000000000000000000000000000000000000000000000000000000000000000000000000000000000000000000000000000000000000000000000000000000000000000000000000000000000000000000000000000000000000000000000
310
00000000000000000000000000000000000000000000000000000000000000000000000000000000000000000000000000000000000000000000000000000000000000000000000000000000000000000000000000000000000000000000000000000000000000000000000000000000000000000000000000000000000000
310
00000000000000000000000000000000000000000000000000000000000000000000000000000000000000000000000000000000000000000000000000000007070707070707070700000000000000000000000000000007070707070707070700000000000000000000000000000000000000000000000000000000000000
310
00000000000000000000000000000000000000000000000000000000000000000000000000000000000000000000000000000000000000000000000000000000000000000000000000000000000000000000000000000000000000000000000000000000000000000000000000000000000000000000000000000000000000
310
00000000000000000000000000000000000000000000000000000000000000000000000000000000000000000000000000000000000000000000000000000000000000000000000000000000000000000000000000000000000000000000000000000000000000000000000000000000000000000000000000000000000000
310
00000000000000000000000000000000000000000000000000000000000000000000000000000000000000000000000000000000000000000000000000000000000000000000000000000000000000000000000000000000000000000000000000000000000000000000000000000000000000000000000000000000000000
310
00000000000000000000000000000000000000000000000000000000000000000000000000000000000000000000000000000000000000000000000000000000000000070707070707070707000000000000000000000000000000070707070707070707000000000000000000000000000000000000000000000000000000
310
00000000000000000000000000000000000000000000000000000000000000000000000000000000000000000000000000000000000000000000000000000000000000000000000000000000000000000000000000000000000000000000000000000000000000000000000000000000000000000000000000000000000000
310
00000000000000000000000000000000000000000000000000000000000000000000000000000000000000000000000000000000000000000000000000000000000000000000000000000000000000000000000000000000000000000000000000000000000000000000000000000000000000000000000000000000000000
310
00000000000000000000000000000000000000000000000000000000000000000000000000000000000000000000000000000000000000000000000000000000000000000000000000000000000000000000000000000000000000000000000000000000000000000000000000000000000000000000000000000000000000
310
00000000000000000000000000000000000000000000000000000000000000000000000000000000000000000000000000000000000000000000000000000000000000000000000707070707070707070000000000000000000000000000000707070707070707070000000000000000000000000000000000000000000000
310
00000000000000000000000000000000000000000000000000000000000000000000000000000000000000000000000000000000000000000000000000000000000000000000000000000000000000000000000000000000000000000000000000000000000000000000000000000000000000000000000000000000000000
310
00000000000000000000000000000000000000000000000000000000000000000000000000000000000000000000000000000000000000000000000000000000000000000000000000000000000000000000000000000000000000000000000000000000000000000000000000000000000000000000000000000000000000
310
00000000000000000000000000000000000000000000000000000000000000000000000000000000000000000000000000000000000000000000000000000000000000000000000000000000000000000000000000000000000000000000000000000000000000000000000000000000000000000000000000000000000000
310
00000000000000000000000000000000000000000000000000000000000000000000000000000000000000000000000000000000000000000000000000000000000000000000000000000007070707070707070700000000000000000000000000000007070707070707070700000000000000000000000000000000000000
310
00000000000000000000000000000000000000000000000000000000000000000000000000000000000000000000000000000000000000000000000000000000000000000000000000000000000000000000000000000000000000000000000000000000000000000000000000000000000000000000000000000000000000
310
00000000000000000000000000000000000000000000000000000000000000000000000000000000000000000000000000000000000000000000000000000000000000000000000000000000000000000000000000000000000000000000000000000000000000000000000000000000000000000000000000000000000000
310
00000000000000000000000000000000000000000000000000000000000000000000000000000000000000000000000000000000000000000000000000000000000000000000000000000000000000000000000000000000000000000000000000000000000000000000000000000000000000000000000000000000000000
310
00000000000000000000000000000000000000000000000000000000000000000000000000000000000000000000000000000000000000000000000000000000000000000000000000000000000000070707070707070707000000000000000000000000000000070707070707070707000000000000000000000000000000
310
00000000000000000000000000000000000000000000000000000000000000000000000000000000000000000000000000000000000000000000000000000000000000000000000000000000000000000000000000000000000000000000000000000000000000000000000000000000000000000000000000000000000000
310
00000000000000000000000000000000000000000000000000000000000000000000000000000000000000000000000000000000000000000000000000000000000000000000000000000000000000000000000000000000000000000000000000000000000000000000000000000000000000000000000000000000000000
310
00000000000000000000000000000000000000000000000000000000000000000000000000000000000000000000000000000000000000000000000000000000000000000000000000000000000000000000000000000000000000000000000000000000000000000000000000000000000000000000000000000000000000
310
00000000000000000000000000000000000000000000000000000000000000000000000000000000000000000000000000000000000000000000000000000000000000000000000000000000000000000000000707070707070707070000000000000000000000000000000707070707070707070000000000000000000000
310
00000000000000000000000000000000000000000000000000000000000000000000000000000000000000000000000000000000000000000000000000000000000000000000000000000000000000000000000000000000000000000000000000000000000000000000000000000000000000000000000000000000000000
310
00000000000000000000000000000000000000000000000000000000000000000000000000000000000000000000000000000000000000000000000000000000000000000000000000000000000000000000000000000000000000000000000000000000000000000000000000000000000000000000000000000000000000
310
00000000000000000000000000000000000000000000000000000000000000000000000000000000000000000000000000000000000000000000000000000000000000000000000000000000000000000000000000000000000000000000000000000000000000000000000000000000000000000000000000000000000000
310
00000000000000000000000000000000000000000000000000000000000000000000000000000000000000000000000000000000000000000000000000000000000000000000000000000000000000000000000000000007070707070707070700000000000000000000000000000007070707070707070700000000000000
310
00000000000000000000000000000000000000000000000000000000000000000000000000000000000000000000000000000000000000000000000000000000000000000000000000000000000000000000000000000000000000000000000000000000000000000000000000000000000000000000000000000000000000
310
00000000000000000000000000000000000000000000000000000000000000000000000000000000000000000000000000000000000000000000000000000000000000000000000000000000000000000000000000000000000000000000000000000000000000000000000000000000000000000000000000000000000000
310
00000000000000000000000000000000000000000000000000000000000000000000000000000000000000000000000000000000000000000000000000000000000000000000000000000000000000000000000000000000000000000000000000000000000000000000000000000000000000000000000000000000000000
310
00000000000000000000000000000000000000000000000000000000000000000000000000000000000000000000000000000000000000000000000000000000000000000000000000000000000000000000000000000000000000070707070707070707000000000000000000000000000000070707070707070707000000
310
00000000000000000000000000000000000000000000000000000000000000000000000000000000000000000000000000000000000000000000000000000000000000000000000000000000000000000000000000000000000000000000000000000000000000000000000000000000000000000000000000000000000000
310
00000000000000000000000000000000000000000000000000000000000000000000000000000000000000000000000000000000000000000000000000000000000000000000000000000000000000000000000000000000000000000000000000000000000000000000000000000000000000000000000000000000000000
310
00000000000000000000000000000000000000000000000000000000000000000000000000000000000000000000000000000000000000000000000000000000000000000000000000000000000000000000000000000000000000000000000000000000000000000000000000000000000000000000000000000000000000
310
00000000000000000000000000000000000000000000000000000000000000000000000000000000000000000000000000000000000000000000000000000000000000000000000000000000000000000000000000000000000000000000000707070707070707070000000000000000000000000000000707070707070707
310
07000000000000000000000000000000000000000000000000000000000000000000000000000000000000000000000000000000000000000000000000000000000000000000000000000000000000000000000000000000000000000000000000000000000000000000000000000000000000000000000000000000000000
310
00000000000000000000000000000000000000000000000000000000000000000000000000000000000000000000000000000000000000000000000000000000000000000000000000000000000000000000000000000000000000000000000000000000000000000000000000000000000000000000000000000000000000
310
00000000000000000000000000000000000000000000000000000000000000000000000000000000000000000000000000000000000000000000000000000000000000000000000000000000000000000000000000000000000000000000000000000000000000000000000000000000000000000000000000000000000000
310
00000000000000000000000000000000000000000000000000000000000000000000000000000000000000000000000000000000000000000000000000000000000000000000000000000000000000000000000000000000000000000000000000000007070707070707070700000000000000000000000000000007070707
310
07070707070000000000000000000000000000000000000000000000000000000000000000000000000000000000000000000000000000000000000000000000000000000000000000000000000000000000000000000000000000000000000000000000000000000000000000000000000000000000000000000000000000
310
00000000000000000000000000000000000000000000000000000000000000000000000000000000000000000000000000000000000000000000000000000000000000000000000000000000000000000000000000000000000000000000000000000000000000000000000000000000000000000000000000000000000000
310
00000000000000000000000000000000000000000000000000000000000000000000000000000000000000000000000000000000000000000000000000000000000000000000000000000000000000000000000000000000000000000000000000000000000000000000000000000000000000000000000000000000000000
310
00000000000000000000000000000000000000000000000000000000000000000000000000000000000000000000000000000000000000000000000000000000000000000000000000000000000000000000000000000000000000000000000000000000000000070707070707070707000000000000000000000000000000
310
07070707070707070700000000000000000000000000000000000000000000000000000000000000000000000000000000000000000000000000000000000000000000000000000000000000000000000000000000000000000000000000000000000000000000000000000000000000000000000000000000000000000000
310
00000000000000000000000000000000000000000000000000000000000000000000000000000000000000000000000000000000000000000000000000000000000000000000000000000000000000000000000000000000000000000000000000000000000000000000000000000000000000000000000000000000000000
310
00000000000000000000000000000000000000000000000000000000000000000000000000000000000000000000000000000000000000000000000000000000000000000000000000000000000000000000000000000000000000000000000000000000000000000000000000000000000000000000000000000000000000
310
00000000000000000000000000000000000000000000000000000000000000000000000000000000000000000000000000000000000000000000000000000000000000000000000000000000000000000000000000000000000000000000000000000000000000000000000707070707070707070000000000000000000000
310
00000000070707070707070707000000000000000000000000000000000000000000000000000000000000000000000000000000000000000000000000000000000000000000000000000000000000000000000000000000000000000000000000000000000000000000000000000000000000000000000000000000000000
310
00000000000000000000000000000000000000000000000000000000000000000000000000000000000000000000000000000000000000000000000000000000000000000000000000000000000000000000000000000000000000000000000000000000000000000000000000000000000000000000000000000000000000
310
00000000000000000000000000000000000000000000000000000000000000000000000000000000000000000000000000000000000000000000000000000000000000000000000000000000000000000000000000000000000000000000000000000000000000000000000000000000000000000000000000000000000000
310
00000000000000000000000000000000000000000000000000000000000000000000000000000000000000000000000000000000000000000000000000000000000000000000000000000000000000000000000000000000000000000000000000000000000000000000000000000007070707070707070700000000000000
310
00000000000000000707070707070707070000000000000000000000000000000000000000000000000000000000000000000000000000000000000000000000000000000000000000000000000000000000000000000000000000000000000000000000000000000000000000000000000000000000000000000000000000
310
00000000000000000000000000000000000000000000000000000000000000000000000000000000000000000000000000000000000000000000000000000000000000000000000000000000000000000000000000000000000000000000000000000000000000000000000000000000000000000000000000000000000000
310
00000000000000000000000000000000000000000000000000000000000000000000000000000000000000000000000000000000000000000000000000000000000000000000000000000000000000000000000000000000000000000000000000000000000000000000000000000000000000000000000000000000000000
310
00000000000000000000000000000000000000000000000000000000000000000000000000000000000000000000000000000000000000000000000000000000000000000000000000000000000000000000000000000000000000000000000000000000000000000000000000000000000000070707070707070707000000
310
00000000000000000000000007070707070707070700000000000000000000000000000000000000000000000000000000000000000000000000000000000000000000000000000000000000000000000000000000000000000000000000000000000000000000000000000000000000000000000000000000000000000000
310
00000000000000000000000000000000000000000000000000000000000000000000000000000000000000000000000000000000000000000000000000000000000000000000000000000000000000000000000000000000000000000000000000000000000000000000000000000000000000000000000000000000000000
310
00000000000000000000000000000000000000000000000000000000000000000000000000000000000000000000000000000000000000000000000000000000000000000000000000000000000000000000000000000000000000000000000000000000000000000000000000000000000000000000000000000000000000
310
00000000000000000000000000000000000000000000000000000000000000000000000000000000000000000000000000000000000000000000000000000000000000000000000000000000000000000000000000000000000000000000000000000000000000000000000000000000000000000000000707070707070707
310
07000000000000000000000000000000070707070707070707000000000000000000000000000000000000000000000000000000000000000000000000000000000000000000000000000000000000000000000000000000000000000000000000000000000000000000000000000000000000000000000000000000000000
310
00000000000000000000000000000000000000000000000000000000000000000000000000000000000000000000000000000000000000000000000000000000000000000000000000000000000000000000000000000000000000000000000000000000000000000000000000000000000000000000000000000000000000
310
00000000000000000000000000000000000000000000000000000000000000000000000000000000000000000000000000000000000000000000000000000000000000000000000000000000000000000000000000000000000000000000000000000000000000000000000000000000000000000000000000000000000000
310
00000000000000000000000000000000000000000000000000000000000000000000000000000000000000000000000000000000000000000000000000000000000000000000000000000000000000000000000000000000000000000000000000000000000000000000000000000000000000000000000000000007070707
310
07070707070000000000000000000000000000000707070707070707070000000000000000000000000000000000000000000000000000000000000000000000000000000000000000000000000000000000000000000000000000000000000000000000000000000000000000000000000000000000000000000000000000
310
00000000000000000000000000000000000000000000000000000000000000000000000000000000000000000000000000000000000000000000000000000000000000000000000000000000000000000000000000000000000000000000000000000000000000000000000000000000000000000000000000000000000000
310
00000000000000000000000000000000000000000000000000000000000000000000000000000000000000000000000000000000000000000000000000000000000000000000000000000000000000000000000000000000000000000000000000000000000000000000000000000000000000000000000000000000000000
310
00000000000000000000000000000000000000000000000000000000000000000000000000000000000000000000000000000000000000000000000000000000000000000000000000000000000000000000000000000000000000000000000000000000000000000000000000000000000000000000000000000000000000
310
07070707070707070700000000000000000000000000000007070707070707070700000000000000000000000000000000000000000000000000000000000000000000000000000000000000000000000000000000000000000000000000000000000000000000000000000000000000000000000000000000000000000000
310
00000000000000000000000000000000000000000000000000000000000000000000000000000000000000000000000000000000000000000000000000000000000000000000000000000000000000000000000000000000000000000000000000000000000000000000000000000000000000000000000000000000000000
310
00000000000000000000000000000000000000000000000000000000000000000000000000000000000000000000000000000000000000000000000000000000000000000000000000000000000000000000000000000000000000000000000000000000000000000000000000000000000000000000000000000000000000
310
00000000000000000000000000000000000000000000000000000000000000000000000000000000000000000000000000000000000000000000000000000000000000000000000000000000000000000000000000000000000000000000000000000000000000000000000000000000000000000000000000000000000000
310
00000000070707070707070707000000000000000000000000000000070707070707070707000000000000000000000000000000000000000000000000000000000000000000000000000000000000000000000000000000000000000000000000000000000000000000000000000000000000000000000000000000000000
310
00000000000000000000000000000000000000000000000000000000000000000000000000000000000000000000000000000000000000000000000000000000000000000000000000000000000000000000000000000000000000000000000000000000000000000000000000000000000000000000000000000000000000
310
00000000000000000000000000000000000000000000000000000000000000000000000000000000000000000000000000000000000000000000000000000000000000000000000000000000000000000000000000000000000000000000000000000000000000000000000000000000000000000000000000000000000000
310
00000000000000000000000000000000000000000000000000000000000000000000000000000000000000000000000000000000000000000000000000000000000000000000000000000000000000000000000000000000000000000000000000000000000000000000000000000000000000000000000000000000000000
310
00000000000000000707070707070707070000000000000007070707070707070707070707070707070000000000000000000000000000000000000000000000000000000000000000000000000000000000000000000000000000000000000000000000000000000000000000000000000000000000000000000000000000
310
00000000000000000000000000000000000000000000000000000000000000000000000000000000000000000000000000000000000000000000000000000000000000000000000000000000000000000000000000000000000000000000000000000000000000000000000000000000000000000000000000000000000000
310
00000000000000000000000000000000000000000000000000000000000000000000000000000000000000000000000000000000000000000000000000000000000000000000000000000000000000000000000000000000000000000000000000000000000000000000000000000000000000000000000000000000000000
310
00000000000000000000000000000000000000000000000000000000000000000000000000000000000000000000000000000000000000000000000000000000000000000000000000000000000000000000000000000000000000000000000000000000000000000000000000000000000000000000000000000000000000
310
00000000000000000000000007070707070707070707070707070707070707070707070707070707070707070700000000000000000000000000000000000000000000000000000000000000000000000000000000000000000000000000000000000000000000000000000000000000000000000000000000000000000000
310
00000000000000000000000000000000000000000000000000000000000000000000000000000000000000000000000000000000000000000000000000000000000000000000000000000000000000000000000000000000000000000000000000000000000000000000000000000000000000000000000000000000000000
310
00000000000000000000000000000000000000000000000000000000000000000000000000000000000000000000000000000000000000000000000000000000000000000000000000000000000000000000000000000000000000000000000000000000000000000000000000000000000000000000000000000000000000
310
00000000000000000000000000000000000000000000000000000000000000000000000000000000000000000000000000000000000000000000000000000000000000000000000000000000000000000000000000000000000000000000000000000000000000000000000000000000000000000000000000000000000000
310
00000000000000000000000000000000070707070707070707070707070707070707070707070707070707070707070707000000000000000000000000000000000000000000000000000000000000000000000000000000000000000000000000000000000000000000000000000000000000000000000000000000000000
310
00000000000000000000000000000000000000000000000000000000000000000000000000000000000000000000000000000000000000000000000000000000000000000000000000000000000000000000000000000000000000000000000000000000000000000000000000000000000000000000000000000000000000
310
00000000000000000000000000000000000000000000000000000000000000000000000000000000000000000000000000000000000000000000000000000000000000000000000000000000000000000000000000000000000000000000000000000000000000000000000000000000000000000000000000000000000000
310
00000000000000000000000000000000000000000000000000000000000000000000000000000000000000000000000000000000000000000000000000000000000000000000000000000000000000000000000000000000000000000000000000000000000000000000000000000000000000000000000000000000000000
310
00000000000000000000000000000000000000000707070707070707070707070707070707070707070707070707070707070707070000000000000000000000000000000000000000000000000000000000000000000000000000000000000000000000000000000000000000000000000000000000000000000000000000
310
00000000000000000000000000000000000000000000000000000000000000000000000000000000000000000000000000000000000000000000000000000000000000000000000000000000000000000000000000000000000000000000000000000000000000000000000000000000000000000000000000000000000000
310
00000000000000000000000000000000000000000000000000000000000000000000000000000000000000000000000000000000000000000000000000000000000000000000000000000000000000000000000000000000000000000000000000000000000000000000000000000000000000000000000000000000000000
310
00000000000000000000000000000000000000000000000000000000000000000000000000000000000000000000000000000000000000000000000000000000000000000000000000000000000000000000000000000000000000000000000000000000000000000000000000000000000000000000000000000000000000
310
00000000000000000000000000000000000000000000000007070707070707070707070707070707000000000000000007070707070707070700000000000000000000000000000000000000000000000000000000000000000000000000000000000000000000000000000000000000000000000000000000000000000000
310
00000000000000000000000000000000000000000000000000000000000000000000000000000000000000000000000000000000000000000000000000000000000000000000000000000000000000000000000000000000000000000000000000000000000000000000000000000000000000000000000000000000000000
310
00000000000000000000000000000000000000000000000000000000000000000000000000000000000000000000000000000000000000000000000000000000000000000000000000000000000000000000000000000000000000000000000000000000000000000000000000000000000000000000000000000000000000
310
00000000000000000000000000000000000000000000000000000000000000000000000000000000000000000000000000000000000000000000000000000000000000000000000000000000000000000000000000000000000000000000000000000000000000000000000000000000000000000000000000000000000000
310
00000000000000000000000000000000000000000000000000000000070707070707070707000000000000000000000000000000070707070707070707000000000000000000000000000000000000000000000000000000000000000000000000000000000000000000000000000000000000000000000000000000000000
310
00000000000000000000000000000000000000000000000000000000000000000000000000000000000000000000000000000000000000000000000000000000000000000000000000000000000000000000000000000000000000000000000000000000000000000000000000000000000000000000000000000000000000
310
00000000000000000000000000000000000000000000000000000000000000000000000000000000000000000000000000000000000000000000000000000000000000000000000000000000000000000000000000000000000000000000000000000000000000000000000000000000000000000000000000000000000000
310
00000000000000000000000000000000000000000000000000000000000000000000000000000000000000000000000000000000000000000000000000000000000000000000000000000000000000000000000000000000000000000000000000000000000000000000000000000000000000000000000000000000000000
310
00000000000000000000000000000000000000000000000000000000000000000707070707070707070000000000000000000000000000000707070707070707070000000000000000000000000000000000000000000000000000000000000000000000000000000000000000000000000000000000000000000000000000
310
00000000000000000000000000000000000000000000000000000000000000000000000000000000000000000000000000000000000000000000000000000000000000000000000000000000000000000000000000000000000000000000000000000000000000000000000000000000000000000000000000000000000000
310
00000000000000000000000000000000000000000000000000000000000000000000000000000000000000000000000000000000000000000000000000000000000000000000000000000000000000000000000000000000000000000000000000000000000000000000000000000000000000000000000000000000000000
310
00000000000000000000000000000000000000000000000000000000000000000000000000000000000000000000000000000000000000000000000000000000000000000000000000000000000000000000000000000000000000000000000000000000000000000000000000000000000000000000000000000000000000
310
00000000000000000000000000000000000000000000000000000000000000000000000007070707070707070700000000000000000000000000000007070707070707070700000000000000000000000000000000000000000000000000000000000000000000000000000000000000000000000000000000000000000000
310
00000000000000000000000000000000000000000000000000000000000000000000000000000000000000000000000000000000000000000000000000000000000000000000000000000000000000000000000000000000000000000000000000000000000000000000000000000000000000000000000000000000000000
310
00000000000000000000000000000000000000000000000000000000000000000000000000000000000000000000000000000000000000000000000000000000000000000000000000000000000000000000000000000000000000000000000000000000000000000000000000000000000000000000000000000000000000
310
00000000000000000000000000000000000000000000000000000000000000000000000000000000000000000000000000000000000000000000000000000000000000000000000000000000000000000000000000000000000000000000000000000000000000000000000000000000000000000000000000000000000000
310
00000000000000000000000000000000000000000000000000000000000000000000000000000000070707070707070707000000000000000000000000000000070707070707070707000000000000000000000000000000000000000000000000000000000000000000000000000000000000000000000000000000000000
310
00000000000000000000000000000000000000000000000000000000000000000000000000000000000000000000000000000000000000000000000000000000000000000000000000000000000000000000000000000000000000000000000000000000000000000000000000000000000000000000000000000000000000
310
00000000000000000000000000000000000000000000000000000000000000000000000000000000000000000000000000000000000000000000000000000000000000000000000000000000000000000000000000000000000000000000000000000000000000000000000000000000000000000000000000000000000000
310
00000000000000000000000000000000000000000000000000000000000000000000000000000000000000000000000000000000000000000000000000000000000000000000000000000000000000000000000000000000000000000000000000000000000000000000000000000000000000000000000000000000000000
310
00000000000000000000000000000000000000000000000000000000000000000000000000000000000000000707070707070707070000000000000000000000000000000707070707070707070000000000000000000000000000000000000000000000000000000000000000000000000000000000000000000000000000
310
00000000000000000000000000000000000000000000000000000000000000000000000000000000000000000000000000000000000000000000000000000000000000000000000000000000000000000000000000000000000000000000000000000000000000000000000000000000000000000000000000000000000000
310
00000000000000000000000000000000000000000000000000000000000000000000000000000000000000000000000000000000000000000000000000000000000000000000000000000000000000000000000000000000000000000000000000000000000000000000000000000000000000000000000000000000000000
310
00000000000000000000000000000000000000000000000000000000000000000000000000000000000000000000000000000000000000000000000000000000000000000000000000000000000000000000000000000000000000000000000000000000000000000000000000000000000000000000000000000000000000
310
00000000000000000000000000000000000000000000000000000000000000000000000000000000000000000000000007070707070707070700000000000000000000000000000007070707070707070700000000000000000000000000000000000000000000000000000000000000000000000000000000000000000000
310
00000000000000000000000000000000000000000000000000000000000000000000000000000000000000000000000000000000000000000000000000000000000000000000000000000000000000000000000000000000000000000000000000000000000000000000000000000000000000000000000000000000000000
310
00000000000000000000000000000000000000000000000000000000000000000000000000000000000000000000000000000000000000000000000000000000000000000000000000000000000000000000000000000000000000000000000000000000000000000000000000000000000000000000000000000000000000
310
00000000000000000000000000000000000000000000000000000000000000000000000000000000000000000000000000000000000000000000000000000000000000000000000000000000000000000000000000000000000000000000000000000000000000000000000000000000000000000000000000000000000000
310
00000000000000000000000000000000000000000000000000000000000000000000000000000000000000000000000000000000070707070707070707000000000000000000000000000000070707070707070707000000000000000000000000000000000000000000000000000000000000000000000000000000000000
310
00000000000000000000000000000000000000000000000000000000000000000000000000000000000000000000000000000000000000000000000000000000000000000000000000000000000000000000000000000000000000000000000000000000000000000000000000000000000000000000000000000000000000
310
00000000000000000000000000000000000000000000000000000000000000000000000000000000000000000000000000000000000000000000000000000000000000000000000000000000000000000000000000000000000000000000000000000000000000000000000000000000000000000000000000000000000000
310
00000000000000000000000000000000000000000000000000000000000000000000000000000000000000000000000000000000000000000000000000000000000000000000000000000000000000000000000000000000000000000000000000000000000000000000000000000000000000000000000000000000000000
310
00000000000000000000000000000000000000000000000000000000000000000000000000000000000000000000000000000000000000000707070707070707070000000000000000000000000000000707070707070707070000000000000000000000000000000000000000000000000000000000000000000000000000
310
00000000000000000000000000000000000000000000000000000000000000000000000000000000000000000000000000000000000000000000000000000000000000000000000000000000000000000000000000000000000000000000000000000000000000000000000000000000000000000000000000000000000000
310
00000000000000000000000000000000000000000000000000000000000000000000000000000000000000000000000000000000000000000000000000000000000000000000000000000000000000000000000000000000000000000000000000000000000000000000000000000000000000000000000000000000000000
310
00000000000000000000000000000000000000000000000000000000000000000000000000000000000000000000000000000000000000000000000000000000000000000000000000000000000000000000000000000000000000000000000000000000000000000000000000000000000000000000000000000000000000
310
00000000000000000000000000000000000000000000000000000000000000000000000000000000000000000000000000000000000000000000000007070707070707070700000000000000000000000000000007070707070707070700000000000000000000000000000000000000000000000000000000000000000000
310
00000000000000000000000000000000000000000000000000000000000000000000000000000000000000000000000000000000000000000000000000000000000000000000000000000000000000000000000000000000000000000000000000000000000000000000000000000000000000000000000000000000000000
310
00000000000000000000000000000000000000000000000000000000000000000000000000000000000000000000000000000000000000000000000000000000000000000000000000000000000000000000000000000000000000000000000000000000000000000000000000000000000000000000000000000000000000
310
00000000000000000000000000000000000000000000000000000000000000000000000000000000000000000000000000000000000000000000000000000000000000000000000000000000000000000000000000000000000000000000000000000000000000000000000000000000000000000000000000000000000000
310
00000000000000000000000000000000000000000000000000000000000000000000000000000000000000000000000000000000000000000000000000000000070707070707070707000000000000000000000000000000070707070707070707000000000000000000000000000000000000000000000000000000000000
310
00000000000000000000000000000000000000000000000000000000000000000000000000000000000000000000000000000000000000000000000000000000000000000000000000000000000000000000000000000000000000000000000000000000000000000000000000000000000000000000000000000000000000
310
00000000000000000000000000000000000000000000000000000000000000000000000000000000000000000000000000000000000000000000000000000000000000000000000000000000000000000000000000000000000000000000000000000000000000000000000000000000000000000000000000000000000000
310
00000000000000000000000000000000000000000000000000000000000000000000000000000000000000000000000000000000000000000000000000000000000000000000000000000000000000000000000000000000000000000000000000000000000000000000000000000000000000000000000000000000000000
310
00000000000000000000000000000000000000000000000000000000000000000000000000000000000000000000000000000000000000000000000000000000000000000707070707070707070000000000000000000000000000000707070707070707070000000000000000000000000000000000000000000000000000
310
00000000000000000000000000000000000000000000000000000000000000000000000000000000000000000000000000000000000000000000000000000000000000000000000000000000000000000000000000000000000000000000000000000000000000000000000000000000000000000000000000000000000000
310
00000000000000000000000000000000000000000000000000000000000000000000000000000000000000000000000000000000000000000000000000000000000000000000000000000000000000000000000000000000000000000000000000000000000000000000000000000000000000000000000000000000000000
310
00000000000000000000000000000000000000000000000000000000000000000000000000000000000000000000000000000000000000000000000000000000000000000000000000000000000000000000000000000000000000000000000000000000000000000000000000000000000000000000000000000000000000
310
00000000000000000000000000000000000000000000000000000000000000000000000000000000000000000000000000000000000000000000000000000000000000000000000007070707070707070700000000000000000000000000000007070707070707070700000000000000000000000000000000000000000000
310
00000000000000000000000000000000000000000000000000000000000000000000000000000000000000000000000000000000000000000000000000000000000000000000000000000000000000000000000000000000000000000000000000000000000000000000000000000000000000000000000000000000000000
310
00000000000000000000000000000000000000000000000000000000000000000000000000000000000000000000000000000000000000000000000000000000000000000000000000000000000000000000000000000000000000000000000000000000000000000000000000000000000000000000000000000000000000
310
00010101010101010101010101010101010101010101010101010101010101010101010101010101010101010101010101010101010101010101010101010101010101010101010101010101010101010101010101010101010101010101010101010101010101010101010101010101010101010101010101010101010101
310
01010101010101010101010101010101010101010101010101010101010101010101010101010101010101010101010101010101010101010101010101010101010101010101010101010101010101010107070707000000000000000000000000000000070707070707070707000000000000000000000000000000000000
310
00000000000000000000000000000000000000000000000000000000000000000000000000000000000000000000000000000000000000000000000000000000000000000000000000000000000000000000000000000000000000000000000000000000000000000000000000000000000000000000000000000000000000
310
00000000000000000000000000000000000000000000000000000000000000000000000000000000000000000000000000000000000000000000000000000000000000000000000000000000000000000000000000000000000000000000000000000000000000000000000000000000000000000000000000000000000000
310
00000000000100000000000000000000000000000101000000000000000000000000000000010101010101010101010101010101000100010101000000010101010100010101010101010101010101010101010101000101000101010101010101000000000000000000000000000000000000000000000000000000000000
310
00000000000000000000000000000000000000000000000000000000000000000000000000000000000000000000000000000000000000000000010000000000000000000000000000000000000000000707070701070707070000000000000000000000000000000707070707070707070000000000000000000000000000
310
00000000000000000000000000000000000000000000000000000000000000000000000000000000000000000000000000000000000000000000000000000000000000000000000000000000000000000000000000000000000000000000000000000000000000000000000000000000000000000000000000000000000000
310
00000000000000000000000000000000000000000000000000000000000000000000000000000000000000000000000000000000000000000000000000000000000000000000000000000000000000000000000000000000000000000000000000000000000000000000000000000000000000000000000000000000000000
310
00000000000000000001000000000000000000000000000001010100000000000000000000000000000101000101010101010101010101010101000101000100000001010100000101010101010101010100010101010001010101010000010001000101000000000000000000000000000000000000000000000000000000
310
00000000000000000000000000000000000000000000000000000000000000000000000000000000000000000000000000000000000000000000000000000100000000000000000000000101000000000000000007070707010707070700000000000000000000000000000007070707070707070700000000000000000000
310
00000000000000000000000000000000000000000000000000000000000000000000000000000000000000000000000000000000000000000000000000000000000000000000000000000000000000000000000000000000000000000000000000000000000000000000000000000000000000000000000000000000000000
310
00000000000000000000000000000000000000000000000000000000000000000000000000000000000000000000000000000000000000000000000000000000000000000000000000000000000000000000000000000000000000000000000000000000000000000000000000000000000000000000000000000000000000
310
00000000000000000000000000010000000000000000000000000000010101000000000000000000000000000001010001010101010101010101000101010001010001010101000101000000010101010101010101000101010100010101010101000100010101010101000000000000000000000000000000000000000000
310
00000000000000000000000000000000000000000000000000000000000000000000000000000000000000000000000000000000000000000000000000000000000001000000000000000000000001010000000000000000070707070107070707000000000000000000000000000000070707070707070707000000000000
310
00000000000000000000000000000000000000000000000000000000000000000000000000000000000000000000000000000000000000000000000000000000000000000000000000000000000000000000000000000000000000000000000000000000000000000000000000000000000000000000000000000000000000
310
00000000000000000000000000000000000000000000000000000000000000000000000000000000000000000000000000000000000000000000000000000000000000000000000000000000000000000000000000000000000000000000000000000000000000000000000000000000000000000000000000000000000000
310
00000000000000000000000000000000000100000000000000000000000000000101010000000000000000000000000000010100010000010101010101010101010101010101010000010101010000000100000101010101010001010101000101010101010101000101010100010000000000000000000000000000000000
310
00000000000000000000000000000000000000000000000000000000000000000000000000000000000000000000000000000000000000000000000000000000000000000000010000000000000000000000010100000000000000000707070701070707070000000000000000000000000000000707070707070707070000
310
00000000000000000000000000000000000000000000000000000000000000000000000000000000000000000000000000000000000000000000000000000000000000000000000000000000000000000000000000000000000000000000000000000000000000000000000000000000000000000000000000000000000000
310
00000000000000000000000000000000000000000000000000000000000000000000000000000000000000000000000000000000000000000000000000000000000000000000000000000000000000000000000000000000000000000000000000000000000000000000000000000000000000000000000000000000000000
310
00000000000000000000000000000000000000000001000000000000000000000000000001010100000000000000000000000000000101000101010101010101010001010101010101010000000001010000000001010100000000000001010101010101010101010001010001010101010100000000000000000000000000
310
00000000000000000000000000000000000000000000000000000000000000000000000000000000000000000000000000000000000000000000000000000000000000000000000000000100000000000000000000000101000000000000000007070707010707070700000000000000000000000000000007070707070707
310
07070000000000000000000000000000000000000000000000000000000000000000000000000000000000000000000000000000000000000000000000000000000000000000000000000000000000000000000000000000000000000000000000000000000000000000000000000000000000000000000000000000000000
310
00000000000000000000000000000000000000000000000000000000000000000000000000000000000000000000000000000000000000000000000000000000000000000000000000000000000000000000000000000000000000000000000000000000000000000000000000000000000000000000000000000000000000
310
00000000000000000000000000000000000000000000000000010000000000000000000000000000010100000000000000000000000000000001000000000000000000000000000000000000000000000000000000000000000000000000000000000001000000000100010000000000000001000000000000000000000000
310
00000000000000000000000000000000000000000000000000000000000000000000000000000000000000000000000000000000000000000000000000000000000000000000000000000000000001000000000000000000000001010000000000000000070707070107070707000000000000000000000000000000070707
310
07070707070700000000000000000000000000000000000000000000000000000000000000000000000000000000000000000000000000000000000000000000000000000000000000000000000000000000000000000000000000000000000000000000000000000000000000000000000000000000000000000000000000
310
00000000000000000000000000000000000000000000000000000000000000000000000000000000000000000000000000000000000000000000000000000000000000000000000000000000000000000000000000000000000000000000000000000000000000000000000000000000000000000000000000000000000000
310
00000000000000000000000000000000000000000000000000000000000100000000000000000000000000000000000000000000000000000000000000010000000000000000000000000000000000000000000000000000000000000000000000000000000000000000000000000000000000000000010000000000000000
310
00000000000000000000000000000000000000000000000000000000000000000000000000000000000000000000000000000000000000000000000000000000000000000000000000000000000000000000010000000000000000000000000000000000000000000707070701070707070000000000000000000000070000
310
07070707070707070707000000000000000000000000000000000000000000000000000000000000000000000000000000000000000000000000000000000000000000000000000000000000000000000000000000000000000000000000000000000000000000000000000000000000000000000000000000000000000000
310
00000000000000000000000000000000000000000000000000000000000000000000000000000000000000000000000000000000000000000000000000000000000000000000000000000000000000000000000000000000000000000000000000000000000000000000000000000000000000000000000000000000000000
310
00000000000000000000000000000000000000000000000000000000000000000001000000000000000000000000000000000000000000000000000000000000000100000000000000000000000000000000000000000000000000000000000000000000000000000000000000000000000000000000000000000100000000
310
00000000000000000000000000000000000000000000000000000000000000000000000000000000000000000000000000000000000000000000000000000000000000000000000000000000000000000000000000000100000000000000000000000000000000000000000007070707010707070700000707000000000000
310
00070707070707070707070707070000000000000000000000000000000000000000000000000000000000000000000000000000000000000000000000000000000000000000000000000000000000000000000000000000000000000000000000000000000000000000000000000000000000000000000000000000000000
310
00000000000000000000000000000000000000000000000000000000000000000000000000000000000000000000000000000000000000000000000000000000000000000000000000000000000000000000000000000000000000000000000000000000000000000000000000000000000000000000000000000000000000
310
00000000000000000000000000000000000000000000000000000000000000000000000000010101010101010101010101010101010101010101010101010101010101010101010101010101010101010101010101010101010101010101010101010101010101010101010101010101010101010101010101010101010101
310
01010101010101010101010101010101010101010101010101010101010101010101010101010101010101010101010101010101010101010101010101010101010101010101010101010101010101010101010101010101010101010101010101010101010101010101010101010101010101010107070707070707000000
310
00000000000007070707070707070707070700000000000000000000000000000000000000000000000000000000000000000000000000000000000000000000000000000000000000000000000000000000000000000000000000000000000000000000000000000000000000000000000000000000000000000000000000
310
00000000000000000000000000000000000000000000000000000000000000000000000000000000000000000000000000000000000000000000000000000000000000000000000000000000000000000000000000000000000000000000000000000000000000000000000000000000000000000000000000000000000000
310
00000000000000000000000000000000000000000000000000000000000000000000000000000000000100000000000000000000000000000101010000000000000000000000000000010101010101010101010101010101000100010101000000010101010100010101010101010101010101010101010101000101000101
310
01010101010100000000000000000000000000000000000000000000000000000000000000000000000000000000000000000000000000000000000000000000000000000000000000000000000000000000000000000000000000000000010000000000000000000000010100000000000000000707070701070707070707
310
07000000000000000000070700070707070707070707000000000000000000000000000000000000000000000000000000000000000000000000000000000000000000000000000000000000000000000000000000000000000000000000000000000000000000000000000000000000000000000000000000000000000000
310
00000000000000000000000000000000000000000000000000000000000000000000000000000000000000000000000000000000000000000000000000000000000000000000000000000000000000000000000000000000000000000000000000000000000000000000000000000000000000000000000000000000000000
310
00000000000000000000000000000000000000000000000000000000000000000000000000000000000000000001000000000000000000000000000001010100000000000000000000000000000101000101010101010101010100010101000101000100000001010100000101010101010101010100010101010001010101
310
01000001000001010100000000000000000000000000000000000000000000000000000000000000000000000000000000000000000000000000000000000000000000000000000000000000000000000000000000000000000000000000000000000100000000000000000000000101000000000000000007070707010707
310
07070707000000000000000000000007000707070707070707070000000000000000000000000000000000000000000000000000000000000000000000000000000000000000000000000000000000000000000000000000000000000000000000000000000000000000000000000000000000000000000000000000000000
310
00000000000000000000000000000000000000000000000000000000000000000000000000000000000000000000000000000000000000000000000000000000000000000000000000000000000000000000000000000000000000000000000000000000000000000000000000000000000000000000000000000000000000
310
00000000000000000000000000000000000000000000000000000000000000000000000000000000000000000000000000010000000000000000000000000000000100000000000000000000000000000001010001010101010101010101000101010001010001010101010101000000010101010101010101000101010100
310
01010101010100010000010101010100000000000000000000000000000000000000000000000000000000000000000000000000000000000000000000000000000000000000000000000000000000000000000000000000000000000000000000000000000001000000000000000000000001010000000000000000070707
310
07010707070707070000000000000000000000000007070707070707070700000000000000000000000000000000000000000000000000000000000000000000000000000000000000000000000000000000000000000000000000000000000000000000000000000000000000000000000000000000000000000000000000
310
00000000000000000000000000000000000000000000000000000000000000000000000000000000000000000000000000000000000000000000000000000000000000000000000000000000000000000000000000000000000000000000000000000000000000000000000000000000000000000000000000000000000000
310
00000000000000000000000000000000000000000000000000000000000000000000000000000000000000000000000000000000000100000000000000000000000000000101010000000000000000000000000000010100010101010101010101010101010101010101010000010101010000000101010000000000000001
310
01010100010101010101010100010101010001000000000000000000000000000000000000000000000000000000000000000000000000000000000000000000000000000000000000000000000000000000000000000000000000000000000000000000000000000000010000000000000000000000010100000000000000
310
00070707070107070707000000000000000000000000000000070707070707070707000000000000000000000000000000000000000000000000000000000000000000000000000000000000000000000000000000000000000000000000000000000000000000000000000000000000000000000000000000000000000000
310
00000000000000000000000000000000000000000000000000000000000000000000000000000000000000000000000000000000000000000000000000000000000000000000000000000000000000000000000000000000000000000000000000000000000000000000000000000000000000000000000000000000000000
310
00000000000000000000000000000000000000000000000000000000000000000000000000000000000000000000000000000000000000000001000000000000000000000000000001010100000000000000000000000000000101000101010101010101010001010101010101010000000001010000000001010100000000
310
00000101010101010101010101000001000001010101010000000000000000000000000000000000000000000000000000000000000000000000000000000000000000000000000000000000000000000000000000000000000000000000000000000000000000000000000000000100000000000000000000000101000000
310
00000000000707070701070707070000000000000000000000000000000707070707070707070000000000000000000000000000000000000000000000000000000000000000000000000000000000000000000000000000000000000000000000000000000000000000000000000000000000000000000000000000000000
310
00000000000000000000000000000000000000000000000000000000000000000000000000000000000000000000000000000000000000000000000000000000000000000000000000000000000000000000000000000000000000000000000000000000000000000000000000000000000000000000000000000000000000
310
00000000000000000000000000000000000000000000000000000000000000000000000000000000000000000000000000000000000000000000000000010000000000000000000000000000000100000000000000000000000000000001000000000000000000000000000000000000000000000000000000000000000000
310
00000000000000000100000000010001000000000000000100000000000000000000000000000000000000000000000000000000000000000000000000000000000000000000000000000000000000000000000000000000000000000000000000000000000000000000000000000000000001000000000000000000000001
310
01000000000000000007070707010707070700000000000000000000000000000007070707070707070700000000000000000000000000000000000000000000000000000000000000000000000000000000000000000000000000000000000000000000000000000000000000000000000000000000000000000000000000
310
00000000000000000000000000000000000000000000000000000000000000000000000000000000000000000000000000000000000000000000000000000000000000000000000000000000000000000000000000000000000000000000000000000000000000000000000000000000000000000000000000000000000000
310
00000000000000000000000000000000000000000000000000000000000000000000000000000000000000000000000000000000000000000000000000000000000100000000000000000000000000000000000000000000000000000000000000010000000000000000000000000000000000000000000000000000000000
310
00000000000000000000000000000000000000000000000000000001000000000000000000000000000000000000000000000000000000000000000000000000000000000000000000000000000000000000000000000000000000000000000000000000000000000000000000000000000000000000010000000000000000
310
00000000000000000000000000070707070107070707000000000000000000000000000000070707070707070707000000000000000000000000000000000000000000000000000000000000000000000000000000000000000000000000000000000000000000000000000000000000000000000000000000000000000000
310
00000000000000000000000000000000000000000000000000000000000000000000000000000000000000000000000000000000000000000000000000000000000000000000000000000000000000000000000000000000000000000000000000000000000000000000000000000000000000000000000000000000000000
310
00000000000000000000000000000000000000000000000000000000000000000000000000000000000000000000000000000000000000000000000000000000000000000001000000000000000000000000000000000000000000000000000000000000000100000000000000000000000000000000000000000000000000
310
00000000000000000000000000000000000000000000000000000000000000010000000000000000000000000000000000000000000000000000000000000000000000000000000000000000000000000000000000000000000000000000000000000000000000000000000000000000000000000000000000000100000000
310
00000000000000000000000000000000000707070701070707070000000000000000000000000000000707070707070707070000000000000000000000000000000000000000000000000000000000000000000000000000000000000000000000000000000000000000000000000000000000000000000000000000000000
310
00000000000000000000000000000000000000000000000000000000000000000000000000000000000000000000000000000000000000000000000000000000000000000000000000000000000000000000000000000000000000000000000000000000000000000000000000000000000000000000000000000000000000
310
00000000000000000000000000000000000000000000000000000000000000000000000000000000000000000000000000000000000000000000000000000000000000000000000000010101010101010101010101010101010101010101010101010101010101010101010101010101010101010101010101010101010101
310
01010101010101010101010101010101010101010101010101010101010101010101010101010101010101010101010101010101010101010101010101010101010101010101010101010101010101010101010101010101010101010101010101010101010101010101010101010101010101010101010101010101010101
310
01010101010101010101010101010101010101010101010101010707070700000000000000000000000000000007070707070707070700000000000000000000000000000000000000000000000000000000000000000000000000000000000000000000000000000000000000000000000000000000000000000000000000
310
00000000000000000000000000000000000000000000000000000000000000000000000000000000000000000000000000000000000000000000000000000000000000000000000000000000000000000000000000000000000000000000000000000000000000000000000000000000000000000000000000000000000000
310
00000000000000000000000000000000000000000000000000000000000000000000000000000000000000000000000000000000000000000000000000000000000000000000000000000000000100000000000000000000000000000101000000000000000000000000000000010100000101010101010101010101010101
310
00000101010100010100010101010101010101010100000000000000000000000000000000000001000000000000000000000000000000000000000000000000000000000000000000000000000000000000000000000000000000000000000000000000000000000000000000000000000000000000000000000000000000
310
00000001000000000000000000000001010000000000000000070707070107070707000000000000000000000000000000070707070707070707000000000000000000000000000000000000000000000000000000000000000000000000000000000000000000000000000000000000000000000000000000000000000000
310
00000000000000000000000000000000000000000000000000000000000000000000000000000000000000000000000000000000000000000000000000000000000000000000000000000000000000000000000000000000000000000000000000000000000000000000000000000000000000000000000000000000000000
310
00000000000000000000000000000000000000000000000000000000000000000000000000000000000000000000000000000000000000000000000000000000000000000000000000000000000000000001000000000000000000000000000001010000000000000000000000000000000101000101000101010101010101
310
01010001010101000101010101010101010101010101010101000000000000000000000000000000000000010000000000000000000000000000000000000000000000000000000000000000000000000000000000000000000000000000000000000000000000000000000000000000000000000000000000000000000000
310
00000000000000010000000000000000000000010100000000000000000707070701070707070000000000000000000000000000000707070707070707070000000000000000000000000000000000000000000000000000000000000000000000000000000000000000000000000000000000000000000000000000000000
310
00000000000000000000000000000000000000000000000000000000000000000000000000000000000000000000000000000000000000000000000000000000000000000000000000000000000000000000000000000000000000000000000000000000000000000000000000000000000000000000000000000000000000
310
00000000000000000000000000000000000000000000000000000000000000000000000000000000000000000000000000000000000000000000000000000000000000000000000000000000000000000000000000010000000000000000000000000000010100000000000000000000000000000001010101010000010101
310
01010101010100000101000001010101010100010101010100010101010100000000000000000000000000000000000100000000000000000000000000000000000000000000000000000000000000000000000000000000000000000000000000000000000000000000000000000000000000000000000000000000000000
310
00000000000000000000000100000000000000000000000101000000000000000007070707010707070700000000000000000000000000000007070707070707070700000000000000000000000000000000000000000000000000000000000000000000000000000000000000000000000000000000000000000000000000
310
00000000000000000000000000000000000000000000000000000000000000000000000000000000000000000000000000000000000000000000000000000000000000000000000000000000000000000000000000000000000000000000000000000000000000000000000000000000000000000000000000000000000000
310
00000000000000000000000000000000000000000000000000000000000000000000000000000000000000000000000000000000000000000000000000000000000000000000000000000000000000000000000000000000000100000000000000000000000000000101000000000000000000000000000000010101010101
310
01010101010101010101000001010000010101010101010101010101010101010101000000000000000000000000000000000001000000000000000000000000000000000000000000000000000000000000000000000000000000000000000000000000000000000000000000000000000000000000000000000000000000
310
00000000000000000000000000000001000000000000000000000001010000000000000000070707070107070707000000000000000000000000000000070707070707070707000000000000000000000000000000000000000000000000000000000000000000000000000000000000000000000000000000000000000000
310
00000000000000000000000000000000000000000000000000000000000000000000000000000000000000000000000000000000000000000000000000000000000000000000000000000000000000000000000000000000000000000000000000000000000000000000000000000000000000000000000000000000000000
310
00000000000000000000000000000000000000000000000000000000000000000000000000000000000000000000000000000000000000000000000000000000000000000000000000000000000000000000000000000000000000000001000000000000000000000000000001010000000000000000000000000000000101
310
01000001010101000101000101000001010000000001010101010001010101010001010101010000000000000000000000000000000000010000000000000000000000000000000000000000000000000000000000000000000000000000000000000000000000000000000000000000000000000000000000000000000000
310
00000000000000000000000000000000000000010000000000000000000000010100000000000000000707070701070707070000000000000000000000000000000707070707070707070000000000000000000000000000000000000000000000000000000000000000000000000000000000000000000000000000000000
310
00000000000000000000000000000000000000000000000000000000000000000000000000000000000000000000000000000000000000000000000000000000000000000000000000000000000000000000000000000000000000000000000000000000000000000000000000000000000000000000000000000000000000
310
00000000000000000000000000000000000000000000000000000000000000000000000000000000000000000000000000000000000000000000000000000000000000000000000000000000000000000000000000000000000000000000000000010000000000000000000000000000000100000000000000000000000000
310
00000100000000000000000000000001000000000000000000010001000000010000000000000000000000000000000000000000000000000000000100000000000000000000000000000000000000000000000000000000000000000000000000000000000000000000000000000000000000000000000000000000000000
310
00000000000000000000000000000000000000000000000100000000000000000000000101000000000000000007070707010707070700000000000000000000000000000007070707070707070700000000000000000000000000000000000000000000000000000000000000000000000000000000000000000000000000
310
00000000000000000000000000000000000000000000000000000000000000000000000000000000000000000000000000000000000000000000000000000000000000000000000000000000000000000000000000000000000000000000000000000000000000000000000000000000000000000000000000000000000000
310
00000000000000000000000000000000000000000000000000000000000000000000000000000000000000000000000000000000000000000000000000000000000000000000000000000000000000000000000000000000000000000000000000000000000100000000000000000000000000000000000000000000000000
310
00000000000001000000000000000000000000000000000000000000000000000000000000000000000000000000000000000000000000000000000000000001000000000000000000000000000000000000000000000000000000000000000000000000000000000000000000000000000000000000000000000000000000
310
00000000000000000000000000000000000000000000000000000001000000000000000000000000000000000000000000070707070107070707000000000000000000000000000000070707070707070707000000000000000000000000000000000000000000000000000000000000000000000000000000000000000000
310
00000000000000000000000000000000000000000000000000000000000000000000000000000000000000000000000000000000000000000000000000000000000000000000000000000000000000000000000000000000000000000000000000000000000000000000000000000000000000000000000000000000000000
310
00000000000000000000000000000000000000000000000000000000000000000000000000000000000000000000000000000000000000000000000000000000000000000000000000000000000000000000000000000000000000000000000000000000000000000001000000000000000000010100010100010000010000
310
00010101000000000000010000000000000000000000000000000000000000000000010000000100010100000000010100000000000000000000000000000000000000010000000000000000000000000000000000000000000000000000000000000000000000000000000001010001010100010001010000000000000000
310
00000000000000000000000000000000000000000000000000000000000000010000000000000001000101000101010101010100000707070701070707070000000000000000000000000000000707070707070707070000000000000000000000000000000000000000000000000000000000000000000000000000000000
310
00000000000000000000000000000000000000000000000000000000000000000000000000000000000000000000000000000000000000000000000000000000000000000000000000000000000000000000000000000000000000000000000000000000000000000000000000000000000000000000000000000000000000
310
00000000000000000000000000000000000000000000000000000000000000000000000000000000000000000000000000000000000000000000000000000000000000000000070707070000000000000000000000000000000000000000000000000000000000000000000000010101010101010101010101010101010101
310
01010101010101010101010101010101010101010101010101010101010101010101010101010101010101010101010101010101010101010101010101010101010101010101010101010101010101010101010101010101010101010101010101010101010101010101010101010101010101010101010101010101010101
310
01010101010101010101010101010101010101010101010101010101010101010101010101010101010101010101010101010101010101010101010101010707070700000000000000000000000000000007070707070707070700000000000000000000000000000000000000000000000000000000000000000000000000
310
00000000000000000000000000000000000000000000000000000000000000000000000000000000000000000000000000000000000000000000000000000000000000000000000000000000000000000000000000000000000000000000000000000000000000000000000000000000000000000000000000000000000000
310
00000000000000000000000000000000000000000000000000000000000000000000000000000000000000000000000000000000000000000000000000000000000000000000000000000707070700000000000000000000000000000000000000000000000000000000000000000000000100000000000000010101010101
310
00000101010100000101010100000000000001000000000000000000000000000000000000000001010101010101010101010100010101010100000000000000000000000000000000000001000000000000000000000000000000000000000000000000000000000000000000000000000000000101010101000101010101
310
00000000000000000000000000000000000000000000000000000000000000000000000000000001000000000000000101010101000001010101000000070707070107070707000000000000000000000000000000070707070707070707070707070707070707070707070707070707070707070707070707070707070707
310
07070707070707070707070707070707070707070707070707070707070707070707070707070707070707070707070707070707070707070707070707070707070707070707070707070707070707070707070707070707070707070707070707070707070707070707070707070707070707070707070707070707070707
310
07070707070707070707070707070707070707070707070707070707070707070707070707070707070707070707070707070707070707070707070707070707070707070707070707070707070707070707070707070707070707070707070707070707070707070707070707070707070707070701070707070707070701
310
01010101070701070701070101010101010707070707010707070707070707070707070707070707070707070101010107010101010101010101010101070707070707070707070707070707070707010707070707070707070707070707070707070707070707070707070707070707070707070707070101010101010701
310
01010101070707070707070707070707070707070707070707070707070707070707070707070707070707010707070707070701010101010101010101010107070707070701070707070000000000000000000000000000000707070707070707070707070707070707070707070707070707070707070707070707070707
310
07070707070707070707070707070707070707070707070707070707070707070707070707070707070707070707070707070707070707070707070707070707070707070707070707070707070707070707070707070707070707070707070707070707070707070707070707070707070707070707070707070707070707
310
07070707070707070707070707070707070707070707070707070707070707070707070707070707070707070707070707070707070707070707070707070707070707070707070707070707070707070707070707070707070707070707070707070707070707070707070707070707070707070707070707010707070707
310
07070701010101010107010101010707010101010707070707070107070707070707070707070707070707070707070101010101010701010101010701010101070707070707070707070707070707070707070107070707070707070707070707070707070707070707070707070707070707070707070707070707010101
310
01010701010101010707070707070707070707070707070707070707070707070707070707070707070707070707070107070707070707010101010101070101010101070707070707010707070700000000000000000000000000000007070707070707070707070707070707070707070707070707070707070707070707
310
07070707070707070707070707070707070707070707070707070707070707070707070707070707070707070707070707070707070707070707070707070707070707070707070707070707070707070707070707070707070707070707070707070707070707070707070707070707070707070707070707070707070707
310
07070707070707070707070707070707070707070707070707070707070707070707070707070707070707070707070707070707070707070707070707070707070707070707070707070707070707070707070707070707070707070707070707070707070707070707070707070707070707070707070707070707070107
310
07070707070701010101010101070101010107070101010107070707070701070707070707070707070707070707070707070701010101010107010101010707010101010707070707070707070707070707070707070701070707070707070707070707070707070707070707070707070707070707070707070707070707
310
07010101010107010101010107070707070707070707070707070707070707070707070707070707070707070707070707070701070707070707070101010101070701010101070707070707070107070707000000000000000000000000000000070707070707070707070707070707070707070707070707070707070707
310
07070707070707070707070707070707070707070707070707070707070707070707070707070707070707070707070707070707070707070707070707070707070707070707070707070707070707070707070707070707070707070707070707070707070707070707070707070707070707070707070707070707070707
310
07070707070707070707070707070707070707070707070707070707070707070707070707070707070707070707070707070707070707070707070707070707070707070707070707070707070707070707070707070707070707070707070707070707070707070707070707070707070707070707070707070707070707
310
07070107070707070707070707070701070707070707070707070707070707070707010707070707070707070707070707070707070707070707070707070107010707070707070707070707070707070707070707070707070707010707070707070707070707070707070707070707070707070707070707070707070707
310
07070707070707070107070707070707070707070707070707070707070707070707070707070707070707070707070707070707070707010707070707070707010701070707070707070707070707070701070707070000000000000000000000000000000707070707070707070707070707070707070707070707070707
310
07070707070707070707070707070707070707070707070707070707070707070707070707070707070707070707070707070707070707070707070707070707070707070707070707070707070707070707070707070707070707070707070707070707070707070707070707070707070707070707070707070707070707
310
07070707070707070707070707070707070707070707070707070707070707070707070707070707070707070707070707070707070707070707070707070707070707070707070707070707070707070707070707070707070707070707070707070707070707070707070707070707070707070707070707070707070707
310
07070707070701070707070707070707070707070707070707070707070707070707070707070107070707070707070707070707070707070707070707070707070707070707070707070707070707070707070707070707070707070707070107070707070707070707070707070707070707070707070707070707070707
310
07070707070707070707070707070707070707070707070707070707070707070707070707070707070707070707070707070707070707070707070107070707070707070707070707070707070707070707070707010707070700000000000000000000000000000007070707070707070707070707070707070707070707
310
07070707070707070707070707070707070707070707070707070707070707070707070707070707070707070707070707070707070707070707070707070707070707070707070707070707070707070707070707070707070707070707070707070707070707070707070707070707070707070707070707070707070707
310
07070707070707070707070707070707070707070707070707070707070707070707070707070707070707070707070707070707070707070707070707070707070707070707070707070707070707070707070707070707070707070707070707070707070707070707070707070707070707070707070707070707070707
310
07070707070707070707010101010101010101010101010101010101010101010101010101010101010101010101010101010101010101010101010101010101010101010101010101010101010101010101010101010101010101010101010101010101010101010101010101010101010101010101010101010101010101
310
01010101010101010101010101010101010101010101010101010101010101010101010101010101010101010101010101010101010101010101010101010101010101010101010101010101010101010101010101010101010107070707000000000000000000000000000000000707070707070707070707070707070707
310
07070707070707070707070707070707070707070707070707070707070707070707070707070707070707070707070707070707070707070707070707070707070707070707070707070707070707070707070707070707070707070707070707070707070707070707070707070707070707070707070707070707070707
310
07070707070707070707070707070707070707070707070707070707070707070707070707070707070707070707070707070707070707070707070707070707070707070707070707070707070707070707070707070707070707070707070707070707070707070707070707070707070707070707070707070707070707
310
07070707070707070707070707070707070707070707070707070707070707070707070707070707070707070707070707070707070707070707070707070707070707070707070707070707070707070707070707070707070707070707070707070707070707070707070707070707070707070707070707070707070707
310
07070707070707070707070707070707070707070707070707070707070707070707070707070707070707070707070707070707070707070707070707070707070707070707070707070707070707070707070707070707070707070707070707070000000000000000000000000000000000070707070707070707070707
310
07070707070707070707070707070707070707070707070707070707070707070707070707070707070707070707070707070707070707070707070707070707070707070707070707070707070707070707070707070707070707070707070707070707070707070707070707070707070707070707070707070707070707
310
07070707070707070707070707070707070707070707070707070707070707070707070707070707070707070707070707070707070707070707070707070707070707070707070707070707070707070707070707070707070707070707070707070707070707070707070707070707070707070707070707070707070707
310
07070707070707070707070707070707070707070707070707070707070707070707070707070707070707070707070707070707070707070707070707070707070707070707070707070707070707070707070707070707070707070707070707070707070707070707070707070707070707070707070707070707070707
310
07070707070707070707070707070707070707070707070707070707070707070707070707070707070707070707070707070707070707070707070707070707070707070707070707070707070707070707070707070707070707070707070707070707070000000000000000000000000000000000000000070707070707
310
07070707070707070707070707070707070707070707070707070707070707070707070707070707070707070707070707070707070707070707070707070707070707070707070707070707070707070707070707070707070707070707070707070707070707070707070707070707070707070707070707070707070707
310
07070707070707070707070707070707070707070707070707070707070707070707070707070707070707070707070707070707070707070707070707070707070707070707070707070707070707070707070707070707070707070707070707070707070707070707070707070707070707070707070707070707070707
310
07070707070707070707070707070707070707070707070707070707070707070707070707070707070707070707070707070707070707070707070707070707070707070707070707070707070707070707070707070707070707070707070707070707070707070707070707070707070707070707070707070707070707
310
07070707070707070707070707070707070707070707070707070707070707070707070707070707070707070707070707070707070707070707070707070707070707070707070707070707070707070707070707070707070707070707070707070707070700000000000000000000000000000000000000000000000000
310
00000000000000000000000000000000000000000000000000000000000700000000000000000000000000000000000000000000000000000000070707070000000000000000000000000000000000000000000000000000070707070000000000000000000000000000000000000000000000000000000707070700000000
310
00000000000000000000000000000000000000000000070707070000000000000000000000000000000000000000000000000000000707070700000000000000000000000000000000000000000000000000000707070700000000000000000000000000000000000000000000000000000007070707000000000000000000
310
00000000000000000000000000000000000707070700000000000000000000000000000000000000000000000000000007070707000000000000000000000000000000000000000000000000000007070707000000000000000000000000000000000000000000000000000000070707070000000000000000000000000000
310
00000000000000000000000000070000000000000000000000000000000000000000000000000000000000070707070000000000000000000000000000000000000000000000000000070707070000000000000000000000000000000000000000000000000000000000000000000000000000000000000000000000000000
310
00000000000000000000000000000000000000000000000000000000000000000007000000000000000000000000000000000000000000000000000000000707070700000000000000000000000000000000000000000000000000000007070700000000000000000000000000000000000000000000000000000007070707
310
00000000000000000000000000000000000000000000000000000007070700000000000000000000000000000000000000000000000000000007070707000000000000000000000000000000000000000000000000000007070707000000000000000000000000000000000000000000000000000000070707070000000000
310
00000000000000000000000000000000000000000007070707000000000000000000000000000000000000000000000000000000070707070000000000000000000000000000000000000000000000000000070707070000000000000000000000000000000000000000000000000000000707070700000000000000000000
310
00000000000000000000000000000000000700000000000000000000000000000000000000000000000000000000000707070700000000000000000000000000000000000000000000000000000707070700000000000000000000000000000000000000000000000000000000000000000000000000000000000000000000
310
00000000000000000000000000000000000000000000000000000000000000000000000007070000000000000000000000000000000000000000000000000000000007070707000000000000000000000000000000000000000000000000000000000707000000000000000000000000000000000000000000000000000000
310
07070707000000000000000000000000000000000000000000000000000000070707000000000000000000000000000000000000000000000000000000070707070000000000000000000000000000000000000000000000000000070707000000000000000000000000000000000000000000000000000000000707070700
310
00000000000000000000000000000000000000000000000000070707070000000000000000000000000000000000000000000000000000000707070700000000000000000000000000000000000000000000000000000707070700000000000000000000000000000000000000000000000000000007070707000000000000
310
00000000000000000000000000000000000000000007070000000000000000000000000000000000000000000000000000000007070707000000000000000000000000000000000000000000000000000007070700000000000000000000000000000000000000000000000000000000000000000000000000000000000000
310
00000000000000000000000000000000000000000000000000000000000000000000000000000000070700000000000000000000000000000000000000000000000000000000070707070000000000000000000000000000000000000000000000000000070707070000000000000000000000000000000000000000000000
310
00000000070707070000000000000000000000000000000000000000000000000000070707070000000000000000000000000000000000000000000000000000000707070700000000000000000000000000000000000000000000000000000007070000000000000000000000000000000000000000000000000000000007
310
07070700000000000000000000000000000000000000000000000000000707070700000000000000000000000000000000000000000000000000000007070707000000000000000000000000000000000000000000000000000007070707000000000000000000000000000000000000000000000000000000070707070000
310
00000000000000000000000000000000000000000000000007070707000000000000000000000000000000000000000000000000000000070707070000000000000000000000000000000000000000000000000000070707070000000000000000000000000000000000000000000000000000000000000000000000000000
310
00000000000000000000000000000000000000000000000000000000000000000000000000000000000000000007000000000000000000000000000000000000000000000000000000000707070700000000000000000000000000000000000000000000000000000007070700000000000000000000000000000000000000
310
00000000000000000707070700000000000000000000000000000000000000000000000000000707070700000000000000000000000000000000000000000000000000000007070707000000000000000000000000000000000000000000000000000000000700000000000000000000000000000000000000000000000000
310
00000007070707000000000000000000000000000000000000000000000000000007070707000000000000000000000000000000000000000000000000000000070707070000000000000000000000000000000000000000000000000000000707070000000000000000000000000000000000000000000000000000000707
310
07070000000000000000000000000000000000000000000000000000070707070000000000000000000000000000000000000000000000000000000707070700000000000000000000000000000000000000000000000000000707070000000000000000000000000000000000000000000000000000000000000000000000
310
00000000000000000000000000000000000000000000000000000000000000000000000000000000000000000000000000000000000000000000000000000000000000000000000000000000000007070707000000000000000000000000000000000000000000000000000000000000000000000000000000000000000000
310
00000000000000000000000007070707000000000000000000000000000000000000000000000000000000000000000000000000000000000000000000000000000000000000000000070707070000000000000000000000000000000000000000000000000000000000000000000000000000000000000000000000000000
310
00000000000000070707070000000000000000000000000000000000000000000000000000000000000000000000000000000000000000000000000000000000000000000707070700000000000000000000000000000000000000000000000000000000000000000000000000000000000000000000000000000000000000
310
00000707070700000000000000000000000000000000000000000000000000000000000000000000000000000000000000000000000000000000000000000007070707000000000000000000000000000000000000000000000000000000000000000000000000000000000000000000000000000000000000000000000000
310
00000000000000000000000000000000000000000000000000000000000000000000000000000000000000000000000000000000000000000000000000000000000000000000000000000000000000000000070707070000000000000000000000000000000000000000000000000000000000000000000000000000000000
310
00000000000000000000000000000000070707070000000000000000000000000000000000000000000000000000000000000000000000000000000000000000000000000000000000000000000707070700000000000000000000000000000000000000000000000000000000000000000000000000000000000000000000
310
00000000000000000000000707070700000000000000000000000000000000000000000000000000000000000000000000000000000000000000000000000000000000000000000007070707000000000000000000000000000000000000000000000000000000000000000000000000000000000000000000000000000000
310
00000000000007070707000000000000000000000000000000000000000000000000000000000000000000000000000000000000000000000000000000000000000000070707070000000000000000000000000000000000000000000000000000000000000000000000000000000000000000000000000000000000000000
310
00000000000000000000000000000000000000000000000000000000000000000000000000000000000000000000000000000000000000000000000000000000000000000000000000000000000000000000000000000707070700000000000000000000000000000000000000000000000000000000000000000000000000
310
00000000000000000000000000000000000000000707070700000000000000000000000000000000000000000000000000000000000000000000000000000000000000000000000000000000000000000007070707000000000000000000000000000000000000000000000000000000000000000000000000000000000000
310
00000000000000000000000000000007070707000000000000000000000000000000000000000000000000000000000000000000000000000000000000000000000000000000000000000000070707070000000000000000000000000000000000000000000000000000000000000000000000000000000000000000000000
310
00000000000000000000070707070000000000000000000000000000000000000000000000000000000000000000000000000000000000000000000000000000000000000000000707070700000000000000000000000000000000000000000000000000000000000000000000000000000000000000000000000000000000
310
00000000000000000000000000000000000000000000000000000000000000000000000000000000000000000000000000000000000000000000000000000000000000000000000000000000000000000000000000000000000000000000000000000000000000000000000000000000000000000000000000000000000000
310
00000000000000000000000000000000000000000000000000000000000000000000000000000000000000000000000000000000000000000000000000000000000000000000000000000000000000000000000000000000000000000000000000000000000000000000000000000000000000000000000000000000000000
310
00000000000000000000000000000000000000000000000000000000000000000000000000000000000000000000000000000000000000000000000000000000000000000000000000000000000000000000000000000000000000000000000000000000000000000000000000000000000000000000000000000000000000
310
00000000000000000000000000000000000000000000000000000000000000000000000000000000000000000000000000000000000000000000000000000000000000000000000000000000000000000000000000000000000000000000000000000000000000000000000000000000000000000000000000000000000000
310
00000000000000000000000000000000000000000000000000000000000000000000000000000000000000000000000000000000000000000000000000000000000000000000000000000000000000000000000000000000000000000000000000000000000000000000000000000000000000000000000000000000000000
310
00000000000000000000000000000000000000000000000000000000000000000000000000000000000000000000000000000000000000000000000000000000000000000000000000000000000000000000000000000000000000000000000000000000000000000000000000000000000000000000000000000000000000
310
00000000000000000000000000000000000000000000000000000000000000000000000000000000000000000000000000000000000000000000000000000000000000000000000000000000000000000000000000000000000000000000000000000000000000000000000000000000000000000000000000000000000000
310
00000000000000000000000000000000000000000000000000000000000000000000000000000000000000000000000000000000000000000000000000000000000000000000000000000000000000000000000000000000000000000000000000000000000000000000000000000000000000000000000000000000000000
310
00000000000000000000000000000000000000000000000000000000000000000000000000000000000000000000000000000000000000000000000000000000000000000000000000000000000000000000000000000000000000000000000000000000000000000000000000000000000000000000000000000000000000
310
00000000000000000000000000000000000000000000000000000000000000000000000000000000000000000000000000000000000000000000000000000000000000000000000000000000000000000000000000000000000000000000000000000000000000000000000000000000000000000000000000000000000000
310
00000000000000000000000000000000000000000000000000000000000000000000000000000000000000000000000000000000000000000000000000000000000000000000000000000000000000000000000000000000000000000000000000000000000000000000000000000000000000000000000000000000000000
310
00000000000000000000000000000000000000000000000000000000000000000000000000000000000000000000000000000000000000000000000000000000000000000000000000000000000000000000000000000000000000000000000000000000000000000000000000000000000000000000000000000000000000
310
00000000000000000000000000000000000000000000000000000000000000000000000000000000000000000000000000000000000000000000000000000000000000000000000000000000000000000000000000000000000000000000000000000000000000000000000000000000000000000000000000000000000000
310
00000000000000000000000000000000000000000000000000000000000000000000000000000000000000000000000000000000000000000000000000000000000000000000000000000000000000000000000000000000000000000000000000000000000000000000000000000000000000000000000000000000000000
310
00000000000000000000000000000000000000000000000000000000000000000000000000000000000000000000000000000000000000000000000000000000000000000000000000000000000000000000000000000000000000000000000000000000000000000000000000000000000000000000000000000000000000
310
00000000000000000000000000000000000000000000000000000000000000000000000000000000000000000000000000000000000000000000000000000000000000000000000000000000000000000000000000000000000000000000000000000000000000000000000000000000000000000000000000000000000000
310
00000000000000000000000000000000000000000000000000000000000000000000000000000000000000000000000000000000000000000000000000000000000000000000000000000000000000000000000000000000000000000000000000000000000000000000000000000000000000000000000000000000000000
310
00000000000000000000000000000000000000000000000000000000000000000000000000000000000000000000000000000000000000000000000000000000000000000000000000000000000000000000000000000000000000000000000000000000000000000000000000000000000000000000000000000000000000
310
00000000000000000000000000000000000000000000000000000000000000000000000000000000000000000000000000000000000000000000000000000000000000000000000000000000000000000000000000000000000000000000000000000000000000000000000000000000000000000000000000000000000000
310
00000000000000000000000000000000000000000000000000000000000000000000000000000000000000000000000000000000000000000000000000000000000000000000000000000000000000000000000000000000000000000000000000000000000000000000000000000000000000000000000000000000000000
310
00000000000000000000000000000000000000000000000000000000000000000000000000000000000000000000000000000000000000000000000000000000000000000000000000000000000000000000000000000000000000000000000000000000000000000000000000000000000000000000000000000000000000
310
00000000000000000000000000000000000000000000000000000000000000000000000000000000000000000000000000000000000000000000000000000000000000000000000000000000000000000000000000000000000000000000000000000000000000000000000000000000000000000000000000000000000000
310
00000000000000000000000000000000000000000000000000000000000000000000000000000000000000000000000000000000000000000000000000000000000000000000000000000000000000000000000000000000000000000000000000000000000000000000000000000000000000000000000000000000000000
310
00000000000000000000000000000000000000000000000000000000000000000000000000000000000000000000000000000000000000000000000000000000000000000000000000000000000000000000000000000000000000000000000000000000000000000000000000000000000000000000000000000000000000
310
00000000000000000000000000000000000000000000000000000000000000000000000000000000000000000000000000000000000000000000000000000000000000000000000000000000000000000000000000000000000000000000000000000000000000000000000000000000000000000000000000000000000000
310
00000000000000000000000000000000000000000000000000000000000000000000000000000000000000000000000000000000000000000000000000000000000000000000000000000000000000000000000000000000000000000000000000000000000000000000000000000000000000000000000000000000000000
310
00000000000000000000000000000000000000000000000000000000000000000000000000000000000000000000000000000000000000000000000000000000000000000000000000000000000000000000000000000000000000000000000000000000000000000000000000000000000000000000000000000000000000
310
00000000000000000000000000000000000000000000000000000000000000000000000000000000000000000000000000000000000000000000000000000000000000000000000000000000000000000000000000000000000000000000000000000000000000000000000000000000000000000000000000000000000000
310
00000000000000000000000000000000000000000000000000000000000000000000000000000000000000000000000000000000000000000000000000000000000000000000000000000000000000000000000000000000000000000000000000000000000000000000000000000000000000000000000000000000000000
310
00000000000000000000000000000000000000000000000000000000000000000000000000000000000000000000000000000000000000000000000000000000000000000000000000000000000000000000000000000000000000000000000000000000000000000000000000000000000000000000000000000000000000
310
00000000000000000000000000000000000000000000000000000000000000000000000000000000000000000000000000000000000000000000000000000000000000000000000000000000000000000000000000000000000000000000000000000000000000000000000000000000000000000000000000000000000000
310
00000000000000000000000000000000000000000000000000000000000000000000000000000000000000000000000000000000000000000000000000000000000000000000000000000000000000000000000000000000000000000000000000000000000000000000000000000000000000000000000000000000000000
310
00000000000000000000000000000000000000000000000000000000000000000000000000000000000000000000000000000000000000000000000000000000000000000000000000000000000000000000000000000000000000000000000000000000000000000000000000000000000000000000000000000000000000
310
00000000000000000000000000000000000000000000000000000000000000000000000000000000000000000000000000000000000000000000000000000000000000000000000000000000000000000000000000000000000000000000000000000000000000000000000000000000000000000000000000000000000000
310
00000000000000000000000000000000000000000000000000000000000000000000000000000000000000000000000000000000000000000000000000000000000000000000000000000000000000000000000000000000000000000000000000000000000000000000000000000000000000000000000000000000000000
310
00000000000000000000000000000000000000000000000000000000000000000000000000000000000000000000000000000000000000000000000000000000000000000000000000000000000000000000000000000000000000000000000000000000000000000000000000000000000000000000000000000000000000
310
00000000000000000000000000000000000000000000000000000000000000000000000000000000000000000000000000000000000000000000000000000000000000000000000000000000000000000000000000000000000000000000000000000000000000000000000000000000000000000000000000000000000000
310
00000000000000000000000000000000000000000000000000000000000000000000000000000000000000000000000000000000000000000000000000000000000000000000000000000000000000000000000000000000000000000000000000000000000000000000000000000000000000000000000000000000000000
310
00000000000000000000000000000000000000000000000000000000000000000000000000000000000000000000000000000000000000000000000000000000000000000000000000000000000000000000000000000000000000000000000000000000000000000000000000000000000000000000000000000000000000
310
00000000000000000000000000000000000000000000000000000000000000000000000000000000000000000000000000000000000000000000000000000000000000000000000000000000000000000000000000000000000000000000000000000000000000000000000000000000000000000000000000000000000000
310
00000000000000000000000000000000000000000000000000000000000000000000000000000000000000000000000000000000000000000000000000000000000000000000000000000000000000000000000000000000000000000000000000000000000000000000000000000000000000000000000000000000000000
310
00000000000000000000000000000000000000000000000000000000000000000000000000000000000000000000000000000000000000000000000000000000000000000000000000000000000000000000000000000000000000000000000000000000000000000000000000000000000000000000000000000000000000
310
00000000000000000000000000000000000000000000000000000000000000000000000000000000000000000000000000000000000000000000000000000000000000000000000000000000000000000000000000000000000000000000000000000000000000000000000000000000000000000000000000000000000000
310
00000000000000000000000000000000000000000000000000000000000000000000000000000000000000000000000000000000000000000000000000000000000000000000000000000000000000000000000000000000000000000000000000000000000000000000000000000000000000000000000000000000000000
310
00000000000000000000000000000000000000000000000000000000000000000000000000000000000000000000000000000000000000000000000000000000000000000000000000000000000000000000000000000000000000000000000000000000000000000000000000000000000000000000000000000000000000
310
00000000000000000000000000000000000000000000000000000000000000000000000000000000000000000000000000000000000000000000000000000000000000000000000000000000000000000000000000000000000000000000000000000000000000000000000000000000000000000000000000000000000000
310
00000000000000000000000000000000000000000000000000000000000000000000000000000000000000000000000000000000000000000000000000000000000000000000000000000000000000000000000000000000000000000000000000000000000000000000000000000000000000000000000000000000000000
310
00000000000000000000000000000000000000000000000000000000000000000000000000000000000000000000000000000000000000000000000000000000000000000000000000000000000000000000000000000000000000000000000000000000000000000000000000000000000000000000000000000000000000
310
00000000000000000000000000000000000000000000000000000000000000000000000000000000000000000000000000000000000000000000000000000000000000000000000000000000000000000000000000000000000000000000000000000000000000000000000000000000000000000000000000000000000000
310
00000000000000000000000000000000000000000000000000000000000000000000000000000000000000000000000000000000000000000000000000000000000000000000000000000000000000000000000000000000000000000000000000000000000000000000000000000000000000000000000000000000000000
310
00000000000000000000000000000000000000000000000000000000000000000000000000000000000000000000000000000000000000000000000000000000000000000000000000000000000000000000000000000000000000000000000000000000000000000000000000000000000000000000000000000000000000
310
00000000000000000000000000000000000000000000000000000000000000000000000000000000000000000000000000000000000000000000000000000000000000000000000000000000000000000000000000000000000000000000000000000000000000000000000000000000000000000000000000000000000000
310
00000000000000000000000000000000000000000000000000000000000000000000000000000000000000000000000000000000000000000000000000000000000000000000000000000000000000000000000000000000000000000000000000000000000000000000000000000000000000000000000000000000000000
310
00000000000000000000000000000000000000000000000000000000000000000000000000000000000000000000000000000000000000000000000000000000000000000000000000000000000000000000000000000000000000000000000000000000000000000000000000000000000000000000000000000000000000
310
00000000000000000000000000000000000000000000000000000000000000000000000000000000000000000000000000000000000000000000000000000000000000000000000000000000000000000000000000000000000000000000000000000000000000000000000000000000000000000000000000000000000000
310
00000000000000000000000000000000000000000000000000000000000000000000000000000000000000000000000000000000000000000000000000000000000000000000000000000000000000000000000000000000000000000000000000000000000000000000000000000000000000000000000000000000000000
310
00000000000000000000000000000000000000000000000000000000000000000000000000000000000000000000000000000000000000000000000000000000000000000000000000000000000000000000000000000000000000000000000000000000000000000000000000000000000000000000000000000000000000
310
00000000000000000000000000000000000000000000000000000000000000000000000000000000000000000000000000000000000000000000000000000000000000000000000000000000000000000000000000000000000000000000000000000000000000000000000000000000000000000000000000000000000000
310
00000000000000000000000000000000000000000000000000000000000000000000000000000000000000000000000000000000000000000000000000000000000000000000000000000000000000000000000000000000000000000000000000000000000000000000000000000000000000000000000000000000000000
310
00000000000000000000000000000000000000000000000000000000000000000000000000000000000000000000000000000000000000000000000000000000000000000000000000000000000000000000000000000000000000000000000000000000000000000000000000000000000000000000000000000000000000
310
00000000000000000000000000000000000000000000000000000000000000000000000000000000000000000000000000000000000000000000000000000000000000000000000000000000000000000000000000000000000000000000000000000000000000000000000000000000000000000000000000000000000000
310
00000000000000000000000000000000000000000000000000000000000000000000000000000000000000000000000000000000000000000000000000000000000000000000000000000000000000000000000000000000000000000000000000000000000000000000000000000000000000000000000000000000000000
310
00000000000000000000000000000000000000000000000000000000000000000000000000000000000000000000000000000000000000000000000000000000000000000000000000000000000000000000000000000000000000000000000000000000000000000000000000000000000000000000000000000000000000
310
00000000000000000000000000000000000000000000000000000000000000000000000000000000000000000000000000000000000000000000000000000000000000000000000000000000000000000000000000000000000000000000000000000000000000000000000000000000000000000000000000000000000000
310
00000000000000000000000000000000000000000000000000000000000000000000000000000000000000000000000000000000000000000000000000000000000000000000000000000000000000000000000000000000000000000000000000000000000000000000000000000000000000000000000000000000000000
310
00000000000000000000000000000000000000000000000000000000000000000000000000000000000000000000000000000000000000000000000000000000000000000000000000000000000000000000000000000000000000000000000000000000000000000000000000000000000000000000000000000000000000
310
00000000000000000000000000000000000000000000000000000000000000000000000000000000000000000000000000000000000000000000000000000000000000000000000000000000000000000000000000000000000000000000000000000000000000000000000000000000000000000000000000000000000000
310
00000000000000000000000000000000000000000000000000000000000000000000000000000000000000000000000000000000000000000000000000000000000000000000000000000000000000000000000000000000000000000000000000000000000000000000000000000000000000000000000000000000000000
310
00000000000000000000000000000000000000000000000000000000000000000000000000000000000000000000000000000000000000000000000000000000000000000000000000000000000000000000000000000000000000000000000000000000000000000000000000000000000000000000000000000000000000
310
00000000000000000000000000000000000000000000000000000000000000000000000000000000000000000000000000000000000000000000000000000000000000000000000000000000000000000000000000000000000000000000000000000000000000000000000000000000000000000000000000000000000000
310
00000000000000000000000000000000000000000000000000000000000000000000000000000000000000000000000000000000000000000000000000000000000000000000000000000000000000000000000000000000000000000000000000000000000000000000000000000000000000000000000000000000000000
310
00000000000000000000000000000000000000000000000000000000000000000000000000000000000000000000000000000000000000000000000000000000000000000000000000000000000000000000000000000000000000000000000000000000000000000000000000000000000000000000000000000000000000
310
00000000000000000000000000000000000000000000000000000000000000000000000000000000000000000000000000000000000000000000000000000000000000000000000000000000000000000000000000000000000000000000000000000000000000000000000000000000000000000000000000000000000000
310
00000000000000000000000000000000000000000000000000000000000000000000000000000000000000000000000000000000000000000000000000000000000000000000000000000000000000000000000000000000000000000000000000000000000000000000000000000000000000000000000000000000000000
310
00000000000000000000000000000000000000000000000000000000000000000000000000000000000000000000000000000000000000000000000000000000000000000000000000000000000000000000000000000000000000000000000000000000000000000000000000000000000000000000000000000000000000
310
00000000000000000000000000000000000000000000000000000000000000000000000000000000000000000000000000000000000000000000000000000000000000000000000000000000000000000000000000000000000000000000000000000000000000000000000000000000000000000000000000000000000000
310
00000000000000000000000000000000000000000000000000000000000000000000000000000000000000000000000000000000000000000000000000000000000000000000000000000000000000000000000000000000000000000000000000000000000000000000000000000000000000000000000000000000000000
310
00000000000000000000000000000000000000000000000000000000000000000000000000000000000000000000000000000000000000000000000000000000000000000000000000000000000000000000000000000000000000000000000000000000000000000000000000000000000000000000000000000000000000
310
00000000000000000000000000000000000000000000000000000000000000000000000000000000000000000000000000000000000000000000000000000000000000000000000000000000000000000000000000000000000000000000000000000000000000000000000000000000000000000000000000000000000000
310
00000000000000000000000000000000000000000000000000000000000000000000000000000000000000000000000000000000000000000000000000000000000000000000000000000000000000000000000000000000000000000000000000000000000000000000000000000000000000000000000000000000000000
310
00000000000000000000000000000000000000000000000000000000000000000000000000000000000000000000000000000000000000000000000000000000000000000000000000000000000000000000000000000000000000000000000000000000000000000000000000000000000000000000000000000000000000
310
00000000000000000000000000000000000000000000000000000000000000000000000000000000000000000000000000000000000000000000000000000000000000000000000000000000000000000000000000000000000000000000000000000000000000000000000000000000000000000000000000000000000000
310
00000000000000000000000000000000000000000000000000000000000000000000000000000000000000000000000000000000000000000000000000000000000000000000000000000000000000000000000000000000000000000000000000000000000000000000000000000000000000000000000000000000000000
310
00000000000000000000000000000000000000000000000000000000000000000000000000000000000000000000000000000000000000000000000000000000000000000000000000000000000000000000000000000000000000000000000000000000000000000000000000000000000000000000000000000000000000
310
00000000000000000000000000000000000000000000000000000000000000000000000000000000000000000000000000000000000000000000000000000000000000000000000000000000000000000000000000000000000000000000000000000000000000000000000000000000000000000000000000000000000000
310
00000000000000000000000000000000000000000000000000000000000000000000000000000000000000000000000000000000000000000000000000000000000000000000000000000000000000000000000000000000000000000000000000000000000000000000000000000000000000000000000000000000000000
310
00000000000000000000000000000000000000000000000000000000000000000000000000000000000000000000000000000000000000000000000000000000000000000000000000000000000000000000000000000000000000000000000000000000000000000000000000000000000000000000000000000000000000
310
00000000000000000000000000000000000000000000000000000000000000000000000000000000000000000000000000000000000000000000000000000000000000000000000000000000000000000000000000000000000000000000000000000000000000000000000000000000000000000000000000000000000000
310
00000000000000000000000000000000000000000000000000000000000000000000000000000000000000000000000000000000000000000000000000000000000000000000000000000000000000000000000000000000000000000000000000000000000000000000000000000000000000000000000000000000000000
310
00000000000000000000000000000000000000000000000000000000000000000000000000000000000000000000000000000000000000000000000000000000000000000000000000000000000000000000000000000000000000000000000000000000000000000000000000000000000000000000000000000000000000
310
00000000000000000000000000000000000000000000000000000000000000000000000000000000000000000000000000000000000000000000000000000000000000000000000000000000000000000000000000000000000000000000000000000000000000000000000000000000000000000000000000000000000000
310
00000000000000000000000000000000000000000000000000000000000000000000000000000000000000000000000000000000000000000000000000000000000000000000000000000000000000000000000000000000000000000000000000000000000000000000000000000000000000000000000000000000000000
310
00000000000000000000000000000000000000000000000000000000000000000000000000000000000000000000000000000000000000000000000000000000000000000000000000000000000000000000000000000000000000000000000000000000000000000000000000000000000000000000000000000000000000
310
00000000000000000000000000000000000000000000000000000000000000000000000000000000000000000000000000000000000000000000000000000000000000000000000000000000000000000000000000000000000000000000000000000000000000000000000000000000000000000000000000000000000000
310
00000000000000000000000000000000000000000000000000000000000000000000000000000000000000000000000000000000000000000000000000000000000000000000000000000000000000000000000000000000000000000000000000000000000000000000000000000000000000000000000000000000000000
310
00000000000000000000000000000000000000000000000000000000000000000000000000000000000000000000000000000000000000000000000000000000000000000000000000000000000000000000000000000000000000000000000000000000000000000000000000000000000000000000000000000000000000
310
00000000000000000000000000000000000000000000000000000000000000000000000000000000000000000000000000000000000000000000000000000000000000000000000000000000000000000000000000000000000000000000000000000000000000000000000000000000000000000000000000000000000000
310
00000000000000000000000000000000000000000000000000000000000000000000000000000000000000000000000000000000000000000000000000000000000000000000000000000000000000000000000000000000000000000000000000000000000000000000000000000000000000000000000000000000000000
310
00000000000000000000000000000000000000000000000000000000000000000000000000000000000000000000000000000000000000000000000000000000000000000000000000000000000000000000000000000000000000000000000000000000000000000000000000000000000000000000000000000000000000
310
00000000000000000000000000000000000000000000000000000000000000000000000000000000000000000000000000000000000000000000000000000000000000000000000000000000000000000000000000000000000000000000000000000000000000000000000000000000000000000000000000000000000000
310
00000000000000000000000000000000000000000000000000000000000000000000000000000000000000000000000000000000000000000000000000000000000000000000000000000000000000000000000000000000000000000000000000000000000000000000000000000000000000000000000000000000000000
310
00000000000000000000000000000000000000000000000000000000000000000000000000000000000000000000000000000000000000000000000000000000000000000000000000000000000000000000000000000000000000000000000000000000000000000000000000000000000000000000000000000000000000
310
00000000000000000000000000000000000000000000000000000000000000000000000000000000000000000000000000000000000000000000000000000000000000000000000000000000000000000000000000000000000000000000000000000000000000000000000000000000000000000000000000000000000000
310
00000000000000000000000000000000000000000000000000000000000000000000000000000000000000000000000000000000000000000000000000000000000000000000000000000000000000000000000000000000000000000000000000000000000000000000000000000000000000000000000000000000000000
310
00000000000000000000000000000000000000000000000000000000000000000000000000000000000000000000000000000000000000000000000000000000000000000000000000000000000000000000000000000000000000000000000000000000000000000000000000000000000000000000000000000000000000
310
00000000000000000000000000000000000000000000000000000000000000000000000000000000000000000000000000000000000000000000000000000000000000000000000000000000000000000000000000000000000000000000000000000000000000000000000000000000000000000000000000000000000000
310
00000000000000000000000000000000000000000000000000000000000000000000000000000000000000000000000000000000000000000000000000000000000000000000000000000000000000000000000000000000000000000000000000000000000000000000000000000000000000000000000000000000000000
310
00000000000000000000000000000000000000000000000000000000000000000000000000000000000000000000000000000000000000000000000000000000000000000000000000000000000000000000000000000000000000000000000000000000000000000000000000000000000000000000000000000000000000
310
00000000000000000000000000000000000000000000000000000000000000000000000000000000000000000000000000000000000000000000000000000000000000000000000000000000000000000000000000000000000000000000000000000000000000000000000000000000000000000000000000000000000000
310
00000000000000000000000000000000000000000000000000000000000000000000000000000000000000000000000000000000000000000000000000000000000000000000000000000000000000000000000000000000000000000000000000000000000000000000000000000000000000000000000000000000000000
310
00000000000000000000000000000000000000000000000000000000000000000000000000000000000000000000000000000000000000000000000000000000000000000000000000000000000000000000000000000000000000000000000000000000000000000000000000000000000000000000000000000000000000
310
00000000000000000000000000000000000000000000000000000000000000000000000000000000000000000000000000000000000000000000000000000000000000000000000000000000000000000000000000000000000000000000000000000000000000000000000000000000000000000000000000000000000000
310
00000000000000000000000000000000000000000000000000000000000000000000000000000000000000000000000000000000000000000000000000000000000000000000000000000000000000000000000000000000000000000000000000000000000000000000000000000000000000000000000000000000000000
310
00000000000000000000000000000000000000000000000000000000000000000000000000000000000000000000000000000000000000000000000000000000000000000000000000000000000000000000000000000000000000000000000000000000000000000000000000000000000000000000000000000000000000
310
00000000000000000000000000000000000000000000000000000000000000000000000000000000000000000000000000000000000000000000000000000000000000000000000000000000000000000000000000000000000000000000000000000000000000000000000000000000000000000000000000000000000000
310
00000000000000000000000000000000000000000000000000000000000000000000000000000000000000000000000000000000000000000000000000000000000000000000000000000000000000000000000000000000000000000000000000000000000000000000000000000000000000000000000000000000000000
310
00000000000000000000000000000000000000000000000000000000000000000000000000000000000000000000000000000000000000000000000000000000000000000000000000000000000000000000000000000000000000000000000000000000000000000000000000000000000000000000000000000000000000
310
00000000000000000000000000000000000000000000000000000000000000000000000000000000000000000000000000000000000000000000000000000000000000000000000000000000000000000000000000000000000000000000000000000000000000000000000000000000000000000000000000000000000000
310
00000000000000000000000000000000000000000000000000000000000000000000000000000000000000000000000000000000000000000000000000000000000000000000000000000000000000000000000000000000000000000000000000000000000000000000000000000000000000000000000000000000000000
310
00000000000000000000000000000000000000000000000000000000000000000000000000000000000000000000000000000000000000000000000000000000000000000000000000000000000000000000000000000000000000000000000000000000000000000000000000000000000000000000000000000000000000
310
00000000000000000000000000000000000000000000000000000000000000000000000000000000000000000000000000000000000000000000000000000000000000000000000000000000000000000000000000000000000000000000000000000000000000000000000000000000000000000000000000000000000000
310
00000000000000000000000000000000000000000000000000000000000000000000000000000000000000000000000000000000000000000000000000000000000000000000000000000000000000000000000000000000000000000000000000000000000000000000000000000000000000000000000000000000000000
310
00000000000000000000000000000000000000000000000000000000000000000000000000000000000000000000000000000000000000000000000000000000000000000000000000000000000000000000000000000000000000000000000000000000000000000000000000000000000000000000000000000000000000
310
00000000000000000000000000000000000000000000000000000000000000000000000000000000000000000000000000000000000000000000000000000000000000000000000000000000000000000000000000000000000000000000000000000000000000000000000000000000000000000000000000000000000000
310
00000000000000000000000000000000000000000000000000000000000000000000000000000000000000000000000000000000000000000000000000000000000000000000000000000000000000000000000000000000000000000000000000000000000000000000000000000000000000000000000000000000000000
310
00000000000000000000000000000000000000000000000000000000000000000000000000000000000000000000000000000000000000000000000000000000000000000000000000000000000000000000000000000000000000000000000000000000000000000000000000000000000000000000000000000000000000
310
00000000000000000000000000000000000000000000000000000000000000000000000000000000000000000000000000000000000000000000000000000000000000000000000000000000000000000000000000000000000000000000000000000000000000000000000000000000000000000000000000000000000000
310
00000000000000000000000000000000000000000000000000000000000000000000000000000000000000000000000000000000000000000000000000000000000000000000000000000000000000000000000000000000000000000000000000000000000000000000000000000000000000000000000000000000000000
310
00000000000000000000000000000000000000000000000000000000000000000000000000000000000000000000000000000000000000000000000000000000000000000000000000000000000000000000000000000000000000000000000000000000000000000000000000000000000000000000000000000000000000
310
00000000000000000000000000000000000000000000000000000000000000000000000000000000000000000000000000000000000000000000000000000000000000000000000000000000000000000000000000000000000000000000000000000000000000000000000000000000000000000000000000000000000000
310
00000000000000000000000000000000000000000000000000000000000000000000000000000000000000000000000000000000000000000000000000000000000000000000000000000000000000000000000000000000000000000000000000000000000000000000000000000000000000000000000000000000000000
310
00000000000000000000000000000000000000000000000000000000000000000000000000000000000000000000000000000000000000000000000000000000000000000000000000000000000000000000000000000000000000000000000000000000000000000000000000000000000000000000000000000000000000
310
00000000000000000000000000000000000000000000000000000000000000000000000000000000000000000000000000000000000000000000000000000000000000000000000000000000000000000000000000000000000000000000000000000000000000000000000000000000000000000000000000000000000000
310
00000000000000000000000000000000000000000000000000000000000000000000000000000000000000000000000000000000000000000000000000000000000000000000000000000000000000000000000000000000000000000000000000000000000000000000000000000000000000000000000000000000000000
310
00000000000000000000000000000000000000000000000000000000000000000000000000000000000000000000000000000000000000000000000000000000000000000000000000000000000000000000000000000000000000000000000000000000000000000000000000000000000000000000000000000000000000
310
00000000000000000000000000000000000000000000000000000000000000000000000000000000000000000000000000000000000000000000000000000000000000000000000000000000000000000000000000000000000000000000000000000000000000000000000000000000000000000000000000000000000000
310
00000000000000000000000000000000000000000000000000000000000000000000000000000000000000000000000000000000000000000000000000000000000000000000000000000000000000000000000000000000000000000000000000000000000000000000000000000000000000000000000000000000000000
310
00000000000000000000000000000000000000000000000000000000000000000000000000000000000000000000000000000000000000000000000000000000000000000000000000000000000000000000000000000000000000000000000000000000000000000000000000000000000000000000000000000000000000
310
00000000000000000000000000000000000000000000000000000000000000000000000000000000000000000000000000000000000000000000000000000000000000000000000000000000000000000000000000000000000000000000000000000000000000000000000000000000000000000000000000000000000000
310
00000000000000000000000000000000000000000000000000000000000000000000000000000000000000000000000000000000000000000000000000000000000000000000000000000000000000000000000000000000000000000000000000000000000000000000000000000000000000000000000000000000000000
310
00000000000000000000000000000000000000000000000000000000000000000000000000000000000000000000000000000000000000000000000000000000000000000000000000000000000000000000000000000000000000000000000000000000000000000000000000000000000000000000000000000000000000
310
00000000000000000000000000000000000000000000000000000000000000000000000000000000000000000000000000000000000000000000000000000000000000000000000000000000000000000000000000000000000000000000000000000000000000000000000000000000000000000000000000000000000000
310
00000000000000000000000000000000000000000000000000000000000000000000000000000000000000000000000000000000000000000000000000000000000000000000000000000000000000000000000000000000000000000000000000000000000000000000000000000000000000000000000000000000000000
310
00000000000000000000000000000000000000000000000000000000000000000000000000000000000000000000000000000000000000000000000000000000000000000000000000000000000000000000000000000000000000000000000000000000000000000000000000000000000000000000000000000000000000
310
00000000000000000000000000000000000000000000000000000000000000000000000000000000000000000000000000000000000000000000000000000000000000000000000000000000000000000000000000000000000000000000000000000000000000000000000000000000000000000000000000000000000000
310
00000000000000000000000000000000000000000000000000000000000000000000000000000000000000000000000000000000000000000000000000000000000000000000000000000000000000000000000000000000000000000000000000000000000000000000000000000000000000000000000000000000000000
310
00000000000000000000000000000000000000000000000000000000000000000000000000000000000000000000000000000000000000000000000000000000000000000000000000000000000000000000000000000000000000000000000000000000000000000000000000000000000000000000000000000000000000
310
00000000000000000000000000000000000000000000000000000000000000000000000000000000000000000000000000000000000000000000000000000000000000000000000000000000000000000000000000000000000000000000000000000000000000000000000000000000000000000000000000000000000000
310
00000000000000000000000000000000000000000000000000000000000000000000000000000000000000000000000000000000000000000000000000000000000000000000000000000000000000000000000000000000000000000000000000000000000000000000000000000000000000000000000000000000000000
310
00000000000000000000000000000000000000000000000000000000000000000000000000000000000000000000000000000000000000000000000000000000000000000000000000000000000000000000000000000000000000000000000000000000000000000000000000000000000000000000000000000000000000
310
00000000000000000000000000000000000000000000000000000000000000000000000000000000000000000000000000000000000000000000000000000000000000000000000000000000000000000000000000000000000000000000000000000000000000000000000000000000000000000000000000000000000000
310
00000000000000000000000000000000000000000000000000000000000000000000000000000000000000000000000000000000000000000000000000000000000000000000000000000000000000000000000000000000000000000000000000000000000000000000000000000000000000000000000000000000000000
310
00000000000000000000000000000000000000000000000000000000000000000000000000000000000000000000000000000000000000000000000000000000000000000000000000000000000000000000000000000000000000000000000000000000000000000000000000000000000000000000000000000000000000
310
00000000000000000000000000000000000000000000000000000000000000000000000000000000000000000000000000000000000000000000000000000000000000000000000000000000000000000000000000000000000000000000000000000000000000000000000000000000000000000000000000000000000000
310
00000000000000000000000000000000000000000000000000000000000000000000000000000000000000000000000000000000000000000000000000000000000000000000000000000000000000000000000000000000000000000000000000000000000000000000000000000000000000000000000000000000000000
310
00000000000000000000000000000000000000000000000000000000000000000000000000000000000000000000000000000000000000000000000000000000000000000000000000000000000000000000000000000000000000000000000000000000000000000000000000000000000000000000000000000000000000
310
00000000000000000000000000000000000000000000000000000000000000000000000000000000000000000000000000000000000000000000000000000000000000000000000000000000000000000000000000000000000000000000000000000000000000000000000000000000000000000000000000000000000000
310
00000000000000000000000000000000000000000000000000000000000000000000000000000000000000000000000000000000000000000000000000000000000000000000000000000000000000000000000000000000000000000000000000000000000000000000000000000000000000000000000000000000000000
310
00000000000000000000000000000000000000000000000000000000000000000000000000000000000000000000000000000000000000000000000000000000000000000000000000000000000000000000000000000000000000000000000000000000000000000000000000000000000000000000000000000000000000
310
00000000000000000000000000000000000000000000000000000000000000000000000000000000000000000000000000000000000000000000000000000000000000000000000000000000000000000000000000000000000000000000000000000000000000000000000000000000000000000000000000000000000000
310
00000000000000000000000000000000000000000000000000000000000000000000000000000000000000000000000000000000000000000000000000000000000000000000000000000000000000000000000000000000000000000000000000000000000000000000000000000000000000000000000000000000000000
310
00000000000000000000000000000000000000000000000000000000000000000000000000000000000000000000000000000000000000000000000000000000000000000000000000000000000000000000000000000000000000000000000000000000000000000000000000000000000000000000000000000000000000
310
00000000000000000000000000000000000000000000000000000000000000000000000000000000000000000000000000000000000000000000000000000000000000000000000000000000000000000000000000000000000000000000000000000000000000000000000000000000000000000000000000000000000000
310
00000000000000000000000000000000000000000000000000000000000000000000000000000000000000000000000000000000000000000000000000000000000000000000000000000000000000000000000000000000000000000000000000000000000000000000000000000000000000000000000000000000000000
310
00000000000000000000000000000000000000000000000000000000000000000000000000000000000000000000000000000000000000000000000000000000000000000000000000000000000000000000000000000000000000000000000000000000000000000000000000000000000000000000000000000000000000
310
00000000000000000000000000000000000000000000000000000000000000000000000000000000000000000000000000000000000000000000000000000000000000000000000000000000000000000000000000000000000000000000000000000000000000000000000000000000000000000000000000000000000000
310
00000000000000000000000000000000000000000000000000000000000000000000000000000000000000000000000000000000000000000000000000000000000000000000000000000000000000000000000000000000000000000000000000000000000000000000000000000000000000000000000000000000000000
310
00000000000000000000000000000000000000000000000000000000000000000000000000000000000000000000000000000000000000000000000000000000000000000000000000000000000000000000000000000000000000000000000000000000000000000000000000000000000000000000000000000000000000
310
00000000000000000000000000000000000000000000000000000000000000000000000000000000000000000000000000000000000000000000000000000000000000000000000000000000000000000000000000000000000000000000000000000000000000000000000000000000000000000000000000000000000000
310
00000000000000000000000000000000000000000000000000000000000000000000000000000000000000000000000000000000000000000000000000000000000000000000000000000000000000000000000000000000000000000000000000000000000000000000000000000000000000000000000000000000000000
310
00000000000000000000000000000000000000000000000000000000000000000000000000000000000000000000000000000000000000000000000000000000000000000000000000000000000000000000000000000000000000000000000000000000000000000000000000000000000000000000000000000000000000
310
00000000000000000000000000000000000000000000000000000000000000000000000000000000000000000000000000000000000000000000000000000000000000000000000000000000000000000000000000000000000000000000000000000000000000000000000000000000000000000000000000000000000000
310
00000000000000000000000000000000000000000000000000000000000000000000000000000000000000000000000000000000000000000000000000000000000000000000000000000000000000000000000000000000000000000000000000000000000000000000000000000000000000000000000000000000000000
310
00000000000000000000000000000000000000000000000000000000000000000000000000000000000000000000000000000000000000000000000000000000000000000000000000000000000000000000000000000000000000000000000000000000000000000000000000000000000000000000000000000000000000
310
00000000000000000000000000000000000000000000000000000000000000000000000000000000000000000000000000000000000000000000000000000000000000000000000000000000000000000000000000000000000000000000000000000000000000000000000000000000000000000000000000000000000000
310
00000000000000000000000000000000000000000000000000000000000000000000000000000000000000000000000000000000000000000000000000000000000000000000000000000000000000000000000000000000000000000000000000000000000000000000000000000000000000000000000000000000000000
310
00000000000000000000000000000000000000000000000000000000000000000000000000000000000000000000000000000000000000000000000000000000000000000000000000000000000000000000000000000000000000000000000000000000000000000000000000000000000000000000000000000000000000
310
00000000000000000000000000000000000000000000000000000000000000000000000000000000000000000000000000000000000000000000000000000000000000000000000000000000000000000000000000000000000000000000000000000000000000000000000000000000000000000000000000000000000000
310
00000000000000000000000000000000000000000000000000000000000000000000000000000000000000000000000000000000000000000000000000000000000000000000000000000000000000000000000000000000000000000000000000000000000000000000000000000000000000000000000000000000000000
310
00000000000000000000000000000000000000000000000000000000000000000000000000000000000000000000000000000000000000000000000000000000000000000000000000000000000000000000000000000000000000000000000000000000000000000000000000000000000000000000000000000000000000
310
00000000000000000000000000000000000000000000000000000000000000000000000000000000000000000000000000000000000000000000000000000000000000000000000000000000000000000000000000000000000000000000000000000000000000000000000000000000000000000000000000000000000000
310
00000000000000000000000000000000000000000000000000000000000000000000000000000000000000000000000000000000000000000000000000000000000000000000000000000000000000000000000000000000000000000000000000000000000000000000000000000000000000000000000000000000000000
310
00000000000000000000000000000000000000000000000000000000000000000000000000000000000000000000000000000000000000000000000000000000000000000000000000000000000000000000000000000000000000000000000000000000000000000000000000000000000000000000000000000000000000
310
00000000000000000000000000000000000000000000000000000000000000000000000000000000000000000000000000000000000000000000000000000000000000000000000000000000000000000000000000000000000000000000000000000000000000000000000000000000000000000000000000000000000000
310
00000000000000000000000000000000000000000000000000000000000000000000000000000000000000000000000000000000000000000000000000000000000000000000000000000000000000000000000000000000000000000000000000000000000000000000000000000000000000000000000000000000000000
310
00000000000000000000000000000000000000000000000000000000000000000000000000000000000000000000000000000000000000000000000000000000000000000000000000000000000000000000000000000000000000000000000000000000000000000000000000000000000000000000000000000000000000
310
00000000000000000000000000000000000000000000000000000000000000000000000000000000000000000000000000000000000000000000000000000000000000000000000000000000000000000000000000000000000000000000000000000000000000000000000000000000000000000000000000000000000000
310
00000000000000000000000000000000000000000000000000000000000000000000000000000000000000000000000000000000000000000000000000000000000000000000000000000000000000000000000000000000000000000000000000000000000000000000000000000000000000000000000000000000000000
310
00000000000000000000000000000000000000000000000000000000000000000000000000000000000000000000000000000000000000000000000000000000000000000000000000000000000000000000000000000000000000000000000000000000000000000000000000000000000000000000000000000000000000
310
00000000000000000000000000000000000000000000000000000000000000000000000000000000000000000000000000000000000000000000000000000000000000000000000000000000000000000000000000000000000000000000000000000000000000000000000000000000000000000000000000000000000000
310
00000000000000000000000000000000000000000000000000000000000000000000000000000000000000000000000000000000000000000000000000000000000000000000000000000000000000000000000000000000000000000000000000000000000000000000000000000000000000000000000000000000000000
310
00000000000000000000000000000000000000000000000000000000000000000000000000000000000000000000000000000000000000000000000000000000000000000000000000000000000000000000000000000000000000000000000000000000000000000000000000000000000000000000000000000000000000
310
00000000000000000000000000000000000000000000000000000000000000000000000000000000000000000000000000000000000000000000000000000000000000000000000000000000000000000000000000000000000000000000000000000000000000000000000000000000000000000000000000000000000000
310
00000000000000000000000000000000000000000000000000000000000000000000000000000000000000000000000000000000000000000000000000000000000000000000000000000000000000000000000000000000000000000000000000000000000000000000000000000000000000000000000000000000000000
310
00000000000000000000000000000000000000000000000000000000000000000000000000000000000000000000000000000000000000000000000000000000000000000000000000000000000000000000000000000000000000000000000000000000000000000000000000000000000000000000000000000000000000
310
00000000000000000000000000000000000000000000000000000000000000000000000000000000000000000000000000000000000000000000000000000000000000000000000000000000000000000000000000000000000000000000000000000000000000000000000000000000000000000000000000000000000000
310
00000000000000000000000000000000000000000000000000000000000000000000000000000000000000000000000000000000000000000000000000000000000000000000000000000000000000000000000000000000000000000000000000000000000000000000000000000000000000000000000000000000000000
310
00000000000000000000000000000000000000000000000000000000000000000000000000000000000000000000000000000000000000000000000000000000000000000000000000000000000000000000000000000000000000000000000000000000000000000000000000000000000000000000000000000000000000
310
00000000000000000000000000000000000000000000000000000000000000000000000000000000000000000000000000000000000000000000000000000000000000000000000000000000000000000000000000000000000000000000000000000000000000000000000000000000000000000000000000000000000000
310
00000000000000000000000000000000000000000000000000000000000000000000000000000000000000000000000000000000000000000000000000000000000000000000000000000000000000000000000000000000000000000000000000000000000000000000000000000000000000000000000000000000000000
310
00000000000000000000000000000000000000000000000000000000000000000000000000000000000000000000000000000000000000000000000000000000000000000000000000000000000000000000000000000000000000000000000000000000000000000000000000000000000000000000000000000000000000
310
00000000000000000000000000000000000000000000000000000000000000000000000000000000000000000000000000000000000000000000000000000000000000000000000000000000000000000000000000000000000000000000000000000000000000000000000000000000000000000000000000000000000000
310
00000000000000000000000000000000000000000000000000000000000000000000000000000000000000000000000000000000000000000000000000000000000000000000000000000000000000000000000000000000000000000000000000000000000000000000000000000000000000000000000000000000000000
310
00000000000000000000000000000000000000000000000000000000000000000000000000000000000000000000000000000000000000000000000000000000000000000000000000000000000000000000000000000000000000000000000000000000000000000000000000000000000000000000000000000000000000
310
00000000000000000000000000000000000000000000000000000000000000000000000000000000000000000000000000000000000000000000000000000000000000000000000000000000000000000000000000000000000000000000000000000000000000000000000000000000000000000000000000000000000000
310
00000000000000000000000000000000000000000000000000000000000000000000000000000000000000000000000000000000000000000000000000000000000000000000000000000000000000000000000000000000000000000000000000000000000000000000000000000000000000000000000000000000000000
310
00000000000000000000000000000000000000000000000000000000000000000000000000000000000000000000000000000000000000000000000000000000000000000000000000000000000000000000000000000000000000000000000000000000000000000000000000000000000000000000000000000000000000
310
00000000000000000000000000000000000000000000000000000000000000000000000000000000000000000000000000000000000000000000000000000000000000000000000000000000000000000000000000000000000000000000000000000000000000000000000000000000000000000000000000000000000000
310
00000000000000000000000000000000000000000000000000000000000000000000000000000000000000000000000000000000000000000000000000000000000000000000000000000000000000000000000000000000000000000000000000000000000000000000000000000000000000000000000000000000000000
310
00000000000000000000000000000000000000000000000000000000000000000000000000000000000000000000000000000000000000000000000000000000000000000000000000000000000000000000000000000000000000000000000000000000000000000000000000000000000000000000000000000000000000
310
00000000000000000000000000000000000000000000000000000000000000000000000000000000000000000000000000000000000000000000000000000000000000000000000000000000000000000000000000000000000000000000000000000000000000000000000000000000000000000000000000000000000000
310
00000000000000000000000000000000000000000000000000000000000000000000000000000000000000000000000000000000000000000000000000000000000000000000000000000000000000000000000000000000000000000000000000000000000000000000000000000000000000000000000000000000000000
310
00000000000000000000000000000000000000000000000000000000000000000000000000000000000000000000000000000000000000000000000000000000000000000000000000000000000000000000000000000000000000000000000000000000000000000000000000000000000000000000000000000000000000
310
00000000000000000000000000000000000000000000000000000000000000000000000000000000000000000000000000000000000000000000000000000000000000000000000000000000000000000000000000000000000000000000000000000000000000000000000000000000000000000000000000000000000000
310
00000000000000000000000000000000000000000000000000000000000000000000000000000000000000000000000000000000000000000000000000000000000000000000000000000000000000000000000000000000000000000000000000000000000000000000000000000000000000000000000000000000000000
310
00000000000000000000000000000000000000000000000000000000000000000000000000000000000000000000000000000000000000000000000000000000000000000000000000000000000000000000000000000000000000000000000000000000000000000000000000000000000000000000000000000000000000
310
00000000000000000000000000000000000000000000000000000000000000000000000000000000000000000000000000000000000000000000000000000000000000000000000000000000000000000000000000000000000000000000000000000000000000000000000000000000000000000000000000000000000000
310
00000000000000000000000000000000000000000000000000000000000000000000000000000000000000000000000000000000000000000000000000000000000000000000000000000000000000000000000000000000000000000000000000000000000000000000000000000000000000000000000000000000000000
310
00000000000000000000000000000000000000000000000000000000000000000000000000000000000000000000000000000000000000000000000000000000000000000000000000000000000000000000000000000000000000000000000000000000000000000000000000000000000000000000000000000000000000
310
00000000000000000000000000000000000000000000000000000000000000000000000000000000000000000000000000000000000000000000000000000000000000000000000000000000000000000000000000000000000000000000000000000000000000000000000000000000000000000000000000000000000000
310
00000000000000000000000000000000000000000000000000000000000000000000000000000000000000000000000000000000000000000000000000000000000000000000000000000000000000000000000000000000000000000000000000000000000000000000000000000000000000000000000000000000000000
310
00000000000000000000000000000000000000000000000000000000000000000000000000000000000000000000000000000000000000000000000000000000000000000000000000000000000000000000000000000000000000000000000000000000000000000000000000000000000000000000000000000000000000
310
00000000000000000000000000000000000000000000000000000000000000000000000000000000000000000000000000000000000000000000000000000000000000000000000000000000000000000000000000000000000000000000000000000000000000000000000000000000000000000000000000000000000000
310
00000000000000000000000000000000000000000000000000000000000000000000000000000000000000000000000000000000000000000000000000000000000000000000000000000000000000000000000000000000000000000000000000000000000000000000000000000000000000000000000000000000000000
310
00000000000000000000000000000000000000000000000000000000000000000000000000000000000000000000000000000000000000000000000000000000000000000000000000000000000000000000000000000000000000000000000000000000000000000000000000000000000000000000000000000000000000
310
00000000000000000000000000000000000000000000000000000000000000000000000000000000000000000000000000000000000000000000000000000000000000000000000000000000000000000000000000000000000000000000000000000000000000000000000000000000000000000000000000000000000000
310
00000000000000000000000000000000000000000000000000000000000000000000000000000000000000000000000000000000000000000000000000000000000000000000000000000000000000000000000000000000000000000000000000000000000000000000000000000000000000000000000000000000000000
310
00000000000000000000000000000000000000000000000000000000000000000000000000000000000000000000000000000000000000000000000000000000000000000000000000000000000000000000000000000000000000000000000000000000000000000000000000000000000000000000000000000000000000
310
00000000000000000000000000000000000000000000000000000000000000000000000000000000000000000000000000000000000000000000000000000000000000000000000000000000000000000000000000000000000000000000000000000000000000000000000000000000000000000000000000000000000000
310
00000000000000000000000000000000000000000000000000000000000000000000000000000000000000000000000000000000000000000000000000000000000000000000000000000000000000000000000000000000000000000000000000000000000000000000000000000000000000000000000000000000000000
310
00000000000000000000000000000000000000000000000000000000000000000000000000000000000000000000000000000000000000000000000000000000000000000000000000000000000000000000000000000000000000000000000000000000000000000000000000000000000000000000000000000000000000
310
00000000000000000000000000000000000000000000000000000000000000000000000000000000000000000000000000000000000000000000000000000000000000000000000000000000000000000000000000000000000000000000000000000000000000000000000000000000000000000000000000000000000000
310
00000000000000000000000000000000000000000000000000000000000000000000000000000000000000000000000000000000000000000000000000000000000000000000000000000000000000000000000000000000000000000000000000000000000000000000000000000000000000000000000000000000000000
310
00000000000000000000000000000000000000000000000000000000000000000000000000000000000000000000000000000000000000000000000000000000000000000000000000000000000000000000000000000000000000000000000000000000000000000000000000000000000000000000000000000000000000
310
00000000000000000000000000000000000000000000000000000000000000000000000000000000000000000000000000000000000000000000000000000000000000000000000000000000000000000000000000000000000000000000000000000000000000000000000000000000000000000000000000000000000000
310
00000000000000000000000000000000000000000000000000000000000000000000000000000000000000000000000000000000000000000000000000000000000000000000000000000000000000000000000000000000000000000000000000000000000000000000000000000000000000000000000000000000000000
310
00000000000000000000000000000000000000000000000000000000000000000000000000000000000000000000000000000000000000000000000000000000000000000000000000000000000000000000000000000000000000000000000000000000000000000000000000000000000000000000000000000000000000
310
00000000000000000000000000000000000000000000000000000000000000000000000000000000000000000000000000000000000000000000000000000000000000000000000000000000000000000000000000000000000000000000000000000000000000000000000000000000000000000000000000000000000000
310
00000000000000000000000000000000000000000000000000000000000000000000000000000000000000000000000000000000000000000000000000000000000000000000000000000000000000000000000000000000000000000000000000000000000000000000000000000000000000000000000000000000000000
310
00000000000000000000000000000000000000000000000000000000000000000000000000000000000000000000000000000000000000000000000000000000000000000000000000000000000000000000000000000000000000000000000000000000000000000000000000000000000000000000000000000000000000
310
00000000000000000000000000000000000000000000000000000000000000000000000000000000000000000000000000000000000000000000000000000000000000000000000000000000000000000000000000000000000000000000000000000000000000000000000000000000000000000000000000000000000000
310
00000000000000000000000000000000000000000000000000000000000000000000000000000000000000000000000000000000000000000000000000000000000000000000000000000000000000000000000000000000000000000000000000000000000000000000000000000000000000000000000000000000000000
310
00000000000000000000000000000000000000000000000000000000000000000000000000000000000000000000000000000000000000000000000000000000000000000000000000000000000000000000000000000000000000000000000000000000000000000000000000000000000000000000000000000000000000
310
00000000000000000000000000000000000000000000000000000000000000000000000000000000000000000000000000000000000000000000000000000000000000000000000000000000000000000000000000000000000000000000000000000000000000000000000000000000000000000000000000000000000000
310
00000000000000000000000000000000000000000000000000000000000000000000000000000000000000000000000000000000000000000000000000000000000000000000000000000000000000000000000000000000000000000000000000000000000000000000000000000000000000000000000000000000000000
310
00000000000000000000000000000000000000000000000000000000000000000000000000000000000000000000000000000000000000000000000000000000000000000000000000000000000000000000000000000000000000000000000000000000000000000000000000000000000000000000000000000000000000
310
00000000000000000000000000000000000000000000000000000000000000000000000000000000000000000000000000000000000000000000000000000000000000000000000000000000000000000000000000000000000000000000000000000000000000000000000000000000000000000000000000000000000000
310
00000000000000000000000000000000000000000000000000000000000000000000000000000000000000000000000000000000000000000000000000000000000000000000000000000000000000000000000000000000000000000000000000000000000000000000000000000000000000000000000000000000000000
310
00000000000000000000000000000000000000000000000000000000000000000000000000000000000000000000000000000000000000000000000000000000000000000000000000000000000000000000000000000000000000000000000000000000000000000000000000000000000000000000000000000000000000
310
00000000000000000000000000000000000000000000000000000000000000000000000000000000000000000000000000000000000000000000000000000000000000000000000000000000000000000000000000000000000000000000000000000000000000000000000000000000000000000000000000000000000000
310
00000000000000000000000000000000000000000000000000000000000000000000000000000000000000000000000000000000000000000000000000000000000000000000000000000000000000000000000000000000000000000000000000000000000000000000000000000000000000000000000000000000000000
310
00000000000000000000000000000000000000000000000000000000000000000000000000000000000000000000000000000000000000000000000000000000000000000000000000000000000000000000000000000000000000000000000000000000000000000000000000000000000000000000000000000000000000
310
00000000000000000000000000000000000000000000000000000000000000000000000000000000000000000000000000000000000000000000000000000000000000000000000000000000000000000000000000000000000000000000000000000000000000000000000000000000000000000000000000000000000000
310
00000000000000000000000000000000000000000000000000000000000000000000000000000000000000000000000000000000000000000000000000000000000000000000000000000000000000000000000000000000000000000000000000000000000000000000000000000000000000000000000000000000000000
310
00000000000000000000000000000000000000000000000000000000000000000000000000000000000000000000000000000000000000000000000000000000000000000000000000000000000000000000000000000000000000000000000000000000000000000000000000000000000000000000000000000000000000
310
00000000000000000000000000000000000000000000000000000000000000000000000000000000000000000000000000000000000000000000000000000000000000000000000000000000000000000000000000000000000000000000000000000000000000000000000000000000000000000000000000000000000000
310
00000000000000000000000000000000000000000000000000000000000000000000000000000000000000000000000000000000000000000000000000000000000000000000000000000000000000000000000000000000000000000000000000000000000000000000000000000000000000000000000000000000000000
310
00000000000000000000000000000000000000000000000000000000000000000000000000000000000000000000000000000000000000000000000000000000000000000000000000000000000000000000000000000000000000000000000000000000000000000000000000000000000000000000000000000000000000
310
00000000000000000000000000000000000000000000000000000000000000000000000000000000000000000000000000000000000000000000000000000000000000000000000000000000000000000000000000000000000000000000000000000000000000000000000000000000000000000000000000000000000000
310
00000000000000000000000000000000000000000000000000000000000000000000000000000000000000000000000000000000000000000000000000000000000000000000000000000000000000000000000000000000000000000000000000000000000000000000000000000000000000000000000000000000000000
310
00000000000000000000000000000000000000000000000000000000000000000000000000000000000000000000000000000000000000000000000000000000000000000000000000000000000000000000000000000000000000000000000000000000000000000000000000000000000000000000000000000000000000
310
00000000000000000000000000000000000000000000000000000000000000000000000000000000000000000000000000000000000000000000000000000000000000000000000000000000000000000000000000000000000000000000000000000000000000000000000000000000000000000000000000000000000000
310
00000000000000000000000000000000000000000000000000000000000000000000000000000000000000000000000000000000000000000000000000000000000000000000000000000000000000000000000000000000000000000000000000000000000000000000000000000000000000000000000000000000000000
310
00000000000000000000000000000000000000000000000000000000000000000000000000000000000000000000000000000000000000000000000000000000000000000000000000000000000000000000000000000000000000000000000000000000000000000000000000000000000000000000000000000000000000
310
00000000000000000000000000000000000000000000000000000000000000000000000000000000000000000000000000000000000000000000000000000000000000000000000000000000000000000000000000000000000000000000000000000000000000000000000000000000000000000000000000000000000000
310
00000000000000000000000000000000000000000000000000000000000000000000000000000000000000000000000000000000000000000000000000000000000000000000000000000000000000000000000000000000000000000000000000000000000000000000000000000000000000000000000000000000000000
310
00000000000000000000000000000000000000000000000000000000000000000000000000000000000000000000000000000000000000000000000000000000000000000000000000000000000000000000000000000000000000000000000000000000000000000000000000000000000000000000000000000000000000
310
00000000000000000000000000000000000000000000000000000000000000000000000000000000000000000000000000000000000000000000000000000000000000000000000000000000000000000000000000000000000000000000000000000000000000000000000000000000000000000000000000000000000000
310
00000000000000000000000000000000000000000000000000000000000000000000000000000000000000000000000000000000000000000000000000000000000000000000000000000000000000000000000000000000000000000000000000000000000000000000000000000000000000000000000000000000000000
310
00000000000000000000000000000000000000000000000000000000000000000000000000000000000000000000000000000000000000000000000000000000000000000000000000000000000000000000000000000000000000000000000000000000000000000000000000000000000000000000000000000000000000
310
00000000000000000000000000000000000000000000000000000000000000000000000000000000000000000000000000000000000000000000000000000000000000000000000000000000000000000000000000000000000000000000000000000000000000000000000000000000000000000000000000000000000000
310
00000000000000000000000000000000000000000000000000000000000000000000000000000000000000000000000000000000000000000000000000000000000000000000000000000000000000000000000000000000000000000000000000000000000000000000000000000000000000000000000000000000000000
310
00000000000000000000000000000000000000000000000000000000000000000000000000000000000000000000000000000000000000000000000000000000000000000000000000000000000000000000000000000000000000000000000000000000000000000000000000000000000000000000000000000000000000
310
00000000000000000000000000000000000000000000000000000000000000000000000000000000000000000000000000000000000000000000000000000000000000000000000000000000000000000000000000000000000000000000000000000000000000000000000000000000000000000000000000000000000000
310
00000000000000000000000000000000000000000000000000000000000000000000000000000000000000000000000000000000000000000000000000000000000000000000000000000000000000000000000000000000000000000000000000000000000000000000000000000000000000000000000000000000000000
310
00000000000000000000000000000000000000000000000000000000000000000000000000000000000000000000000000000000000000000000000000000000000000000000000000000000000000000000000000000000000000000000000000000000000000000000000000000000000000000000000000000000000000
310
00000000000000000000000000000000000000000000000000000000000000000000000000000000000000000000000000000000000000000000000000000000000000000000000000000000000000000000000000000000000000000000000000000000000000000000000000000000000000000000000000000000000000
310
00000000000000000000000000000000000000000000000000000000000000000000000000000000000000000000000000000000000000000000000000000000000000000000000000000000000000000000000000000000000000000000000000000000000000000000000000000000000000000000000000000000000000
310
00000000000000000000000000000000000000000000000000000000000000000000000000000000000000000000000000000000000000000000000000000000000000000000000000000000000000000000000000000000000000000000000000000000000000000000000000000000000000000000000000000000000000
310
00000000000000000000000000000000000000000000000000000000000000000000000000000000000000000000000000000000000000000000000000000000000000000000000000000000000000000000000000000000000000000000000000000000000000000000000000000000000000000000000000000000000000
310
00000000000000000000000000000000000000000000000000000000000000000000000000000000000000000000000000000000000000000000000000000000000000000000000000000000000000000000000000000000000000000000000000000000000000000000000000000000000000000000000000000000000000
310
00000000000000000000000000000000000000000000000000000000000000000000000000000000000000000000000000000000000000000000000000000000000000000000000000000000000000000000000000000000000000000000000000000000000000000000000000000000000000000000000000000000000000
310
00000000000000000000000000000000000000000000000000000000000000000000000000000000000000000000000000000000000000000000000000000000000000000000000000000000000000000000000000000000000000000000000000000000000000000000000000000000000000000000000000000000000000
310
00000000000000000000000000000000000000000000000000000000000000000000000000000000000000000000000000000000000000000000000000000000000000000000000000000000000000000000000000000000000000000000000000000000000000000000000000000000000000000000000000000000000000
310
00000000000000000000000000000000000000000000000000000000000000000000000000000000000000000000000000000000000000000000000000000000000000000000000000000000000000000000000000000000000000000000000000000000000000000000000000000000000000000000000000000000000000
310
00000000000000000000000000000000000000000000000000000000000000000000000000000000000000000000000000000000000000000000000000000000000000000000000000000000000000000000000000000000000000000000000000000000000000000000000000000000000000000000000000000000000000
310
00000000000000000000000000000000000000000000000000000000000000000000000000000000000000000000000000000000000000000000000000000000000000000000000000000000000000000000000000000000000000000000000000000000000000000000000000000000000000000000000000000000000000
310
00000000000000000000000000000000000000000000000000000000000000000000000000000000000000000000000000000000000000000000000000000000000000000000000000000000000000000000000000000000000000000000000000000000000000000000000000000000000000000000000000000000000000
310
00000000000000000000000000000000000000000000000000000000000000000000000000000000000000000000000000000000000000000000000000000000000000000000000000000000000000000000000000000000000000000000000000000000000000000000000000000000000000000000000000000000000000
310
00000000000000000000000000000000000000000000000000000000000000000000000000000000000000000000000000000000000000000000000000000000000000000000000000000000000000000000000000000000000000000000000000000000000000000000000000000000000000000000000000000000000000
310
00000000000000000000000000000000000000000000000000000000000000000000000000000000000000000000000000000000000000000000000000000000000000000000000000000000000000000000000000000000000000000000000000000000000000000000000000000000000000000000000000000000000000
310
00000000000000000000000000000000000000000000000000000000000000000000000000000000000000000000000000000000000000000000000000000000000000000000000000000000000000000000000000000000000000000000000000000000000000000000000000000000000000000000000000000000000000
310
00000000000000000000000000000000000000000000000000000000000000000000000000000000000000000000000000000000000000000000000000000000000000000000000000000000000000000000000000000000000000000000000000000000000000000000000000000000000000000000000000000000000000
310
00000000000000000000000000000000000000000000000000000000000000000000000000000000000000000000000000000000000000000000000000000000000000000000000000000000000000000000000000000000000000000000000000000000000000000000000000000000000000000000000000000000000000
310
00000000000000000000000000000000000000000000000000000000000000000000000000000000000000000000000000000000000000000000000000000000000000000000000000000000000000000000000000000000000000000000000000000000000000000000000000000000000000000000000000000000000000
310
00000000000000000000000000000000000000000000000000000000000000000000000000000000000000000000000000000000000000000000000000000000000000000000000000000000000000000000000000000000000000000000000000000000000000000000000000000000000000000000000000000000000000
310
00000000000000000000000000000000000000000000000000000000000000000000000000000000000000000000000000000000000000000000000000000000000000000000000000000000000000000000000000000000000000000000000000000000000000000000000000000000000000000000000000000000000000
310
00000000000000000000000000000000000000000000000000000000000000000000000000000000000000000000000000000000000000000000000000000000000000000000000000000000000000000000000000000000000000000000000000000000000000000000000000000000000000000000000000000000000000
310
00000000000000000000000000000000000000000000000000000000000000000000000000000000000000000000000000000000000000000000000000000000000000000000000000000000000000000000000000000000000000000000000000000000000000000000000000000000000000000000000000000000000000
310
00000000000000000000000000000000000000000000000000000000000000000000000000000000000000000000000000000000000000000000000000000000000000000000000000000000000000000000000000000000000000000000000000000000000000000000000000000000000000000000000000000000000000
310
00000000000000000000000000000000000000000000000000000000000000000000000000000000000000000000000000000000000000000000000000000000000000000000000000000000000000000000000000000000000000000000000000000000000000000000000000000000000000000000000000000000000000
310
00000000000000000000000000000000000000000000000000000000000000000000000000000000000000000000000000000000000000000000000000000000000000000000000000000000000000000000000000000000000000000000000000000000000000000000000000000000000000000000000000000000000000
310
00000000000000000000000000000000000000000000000000000000000000000000000000000000000000000000000000000000000000000000000000000000
  0
ENDSEC
  0
EOF
