  0
SECTION
  2
HEADER
  9
$ACADVER
  1
AC1021
  9
$ACADMAINTVER
 70
    50
  9
$DWGCODEPAGE
  3
ANSI_936
  9
$LASTSAVEDBY
  1
26931
  9
$INSBASE
 10
0.0
 20
0.0
 30
0.0
  9
$EXTMIN
 10
-0.0009999999999993
 20
-0.0009999999999993
 30
0.0
  9
$EXTMAX
 10
420.0009999999999
 20
297.001
 30
0.0
  9
$LIMMIN
 10
0.0
 20
0.0
  9
$LIMMAX
 10
420.0
 20
297.0
  9
$ORTHOMODE
 70
     0
  9
$REGENMODE
 70
     1
  9
$FILLMODE
 70
     1
  9
$QTEXTMODE
 70
     0
  9
$MIRRTEXT
 70
     1
  9
$LTSCALE
 40
1.0
  9
$ATTMODE
 70
     1
  9
$TEXTSIZE
 40
3.5
  9
$TRACEWID
 40
1.0
  9
$TEXTSTYLE
  7
Standard
  9
$CLAYER
  8
0
  9
$CELTYPE
  6
ByLayer
  9
$CECOLOR
 62
   256
  9
$CELTSCALE
 40
1.0
  9
$DISPSILH
 70
     0
  9
$DIMSCALE
 40
1.0
  9
$DIMASZ
 40
4.08
  9
$DIMEXO
 40
0.0
  9
$DIMDLI
 40
3.75
  9
$DIMRND
 40
0.0
  9
$DIMDLE
 40
0.0
  9
$DIMEXE
 40
2.0
  9
$DIMTP
 40
0.0
  9
$DIMTM
 40
0.0
  9
$DIMTXT
 40
3.5
  9
$DIMCEN
 40
2.5
  9
$DIMTSZ
 40
0.0
  9
$DIMTOL
 70
     0
  9
$DIMLIM
 70
     0
  9
$DIMTIH
 70
     1
  9
$DIMTOH
 70
     1
  9
$DIMSE1
 70
     0
  9
$DIMSE2
 70
     0
  9
$DIMTAD
 70
     1
  9
$DIMZIN
 70
     0
  9
$DIMBLK
  1

  9
$DIMASO
 70
     1
  9
$DIMSHO
 70
     1
  9
$DIMPOST
  1

  9
$DIMAPOST
  1

  9
$DIMALT
 70
     0
  9
$DIMALTD
 70
     3
  9
$DIMALTF
 40
0.0393700787401575
  9
$DIMLFAC
 40
1.0
  9
$DIMTOFL
 70
     1
  9
$DIMTVP
 40
0.0
  9
$DIMTIX
 70
     0
  9
$DIMSOXD
 70
     0
  9
$DIMSAH
 70
     0
  9
$DIMBLK1
  1

  9
$DIMBLK2
  1

  9
$DIMSTYLE
  2
ISO-25
  9
$DIMCLRD
 70
     0
  9
$DIMCLRE
 70
     0
  9
$DIMCLRT
 70
     0
  9
$DIMTFAC
 40
1.0
  9
$DIMGAP
 40
1.524
  9
$DIMJUST
 70
     0
  9
$DIMSD1
 70
     0
  9
$DIMSD2
 70
     0
  9
$DIMTOLJ
 70
     0
  9
$DIMTZIN
 70
     0
  9
$DIMALTZ
 70
     0
  9
$DIMALTTZ
 70
     0
  9
$DIMUPT
 70
     0
  9
$DIMDEC
 70
     2
  9
$DIMTDEC
 70
     2
  9
$DIMALTU
 70
     2
  9
$DIMALTTD
 70
     3
  9
$DIMTXSTY
  7
Standard
  9
$DIMAUNIT
 70
     0
  9
$DIMADEC
 70
     2
  9
$DIMALTRND
 40
0.0
  9
$DIMAZIN
 70
     0
  9
$DIMDSEP
 70
    44
  9
$DIMATFIT
 70
     3
  9
$DIMFRAC
 70
     0
  9
$DIMLDRBLK
  1

  9
$DIMLUNIT
 70
     2
  9
$DIMLWD
 70
    -2
  9
$DIMLWE
 70
    -2
  9
$DIMTMOVE
 70
     0
  9
$DIMFXL
 40
1.0
  9
$DIMFXLON
 70
     0
  9
$DIMJOGANG
 40
0.7853981633974483
  9
$DIMTFILL
 70
     0
  9
$DIMTFILLCLR
 70
     0
  9
$DIMARCSYM
 70
     0
  9
$DIMLTYPE
  6

  9
$DIMLTEX1
  6

  9
$DIMLTEX2
  6

  9
$LUNITS
 70
     2
  9
$LUPREC
 70
     4
  9
$SKETCHINC
 40
1.0
  9
$FILLETRAD
 40
0.0
  9
$AUNITS
 70
     0
  9
$AUPREC
 70
     2
  9
$MENU
  1
.
  9
$ELEVATION
 40
0.0
  9
$PELEVATION
 40
0.0
  9
$THICKNESS
 40
0.0
  9
$LIMCHECK
 70
     0
  9
$CHAMFERA
 40
0.0
  9
$CHAMFERB
 40
0.0
  9
$CHAMFERC
 40
0.0
  9
$CHAMFERD
 40
0.0
  9
$SKPOLY
 70
     0
  9
$TDCREATE
 40
2460881.706180556
  9
$TDUCREATE
 40
2460881.372851678
  9
$TDUPDATE
 40
2460886.477060185
  9
$TDUUPDATE
 40
2460886.143726852
  9
$TDINDWG
 40
0.0003009375
  9
$TDUSRTIMER
 40
0.0003009375
  9
$USRTIMER
 70
     1
  9
$ANGBASE
 50
0.0
  9
$ANGDIR
 70
     0
  9
$PDMODE
 70
     0
  9
$PDSIZE
 40
-1.0
  9
$PLINEWID
 40
0.0
  9
$SPLFRAME
 70
     0
  9
$SPLINETYPE
 70
     6
  9
$SPLINESEGS
 70
     8
  9
$HANDSEED
  5
2F1
  9
$SURFTAB1
 70
     6
  9
$SURFTAB2
 70
     6
  9
$SURFTYPE
 70
     6
  9
$SURFU
 70
     6
  9
$SURFV
 70
     6
  9
$UCSBASE
  2

  9
$UCSNAME
  2

  9
$UCSORG
 10
0.0
 20
0.0
 30
0.0
  9
$UCSXDIR
 10
1.0
 20
0.0
 30
0.0
  9
$UCSYDIR
 10
0.0
 20
1.0
 30
0.0
  9
$UCSORTHOREF
  2

  9
$UCSORTHOVIEW
 70
     0
  9
$UCSORGTOP
 10
0.0
 20
0.0
 30
0.0
  9
$UCSORGBOTTOM
 10
0.0
 20
0.0
 30
0.0
  9
$UCSORGLEFT
 10
0.0
 20
0.0
 30
0.0
  9
$UCSORGRIGHT
 10
0.0
 20
0.0
 30
0.0
  9
$UCSORGFRONT
 10
0.0
 20
0.0
 30
0.0
  9
$UCSORGBACK
 10
0.0
 20
0.0
 30
0.0
  9
$PUCSBASE
  2

  9
$PUCSNAME
  2

  9
$PUCSORG
 10
0.0
 20
0.0
 30
0.0
  9
$PUCSXDIR
 10
1.0
 20
0.0
 30
0.0
  9
$PUCSYDIR
 10
0.0
 20
1.0
 30
0.0
  9
$PUCSORTHOREF
  2

  9
$PUCSORTHOVIEW
 70
     0
  9
$PUCSORGTOP
 10
0.0
 20
0.0
 30
0.0
  9
$PUCSORGBOTTOM
 10
0.0
 20
0.0
 30
0.0
  9
$PUCSORGLEFT
 10
0.0
 20
0.0
 30
0.0
  9
$PUCSORGRIGHT
 10
0.0
 20
0.0
 30
0.0
  9
$PUCSORGFRONT
 10
0.0
 20
0.0
 30
0.0
  9
$PUCSORGBACK
 10
0.0
 20
0.0
 30
0.0
  9
$USERI1
 70
     0
  9
$USERI2
 70
     0
  9
$USERI3
 70
     0
  9
$USERI4
 70
     0
  9
$USERI5
 70
     0
  9
$USERR1
 40
0.0
  9
$USERR2
 40
0.0
  9
$USERR3
 40
0.0
  9
$USERR4
 40
0.0
  9
$USERR5
 40
0.0
  9
$WORLDVIEW
 70
     1
  9
$SHADEDGE
 70
     3
  9
$SHADEDIF
 70
    70
  9
$TILEMODE
 70
     1
  9
$MAXACTVP
 70
    64
  9
$PINSBASE
 10
0.0
 20
0.0
 30
0.0
  9
$PLIMCHECK
 70
     0
  9
$PEXTMIN
 10
1.000000000000000E+20
 20
1.000000000000000E+20
 30
1.000000000000000E+20
  9
$PEXTMAX
 10
-1.000000000000000E+20
 20
-1.000000000000000E+20
 30
-1.000000000000000E+20
  9
$PLIMMIN
 10
0.0
 20
0.0
  9
$PLIMMAX
 10
420.0
 20
297.0
  9
$UNITMODE
 70
     0
  9
$VISRETAIN
 70
     1
  9
$PLINEGEN
 70
     0
  9
$PSLTSCALE
 70
     1
  9
$TREEDEPTH
 70
  3020
  9
$CMLSTYLE
  2
Standard
  9
$CMLJUST
 70
     0
  9
$CMLSCALE
 40
20.0
  9
$PROXYGRAPHICS
 70
     1
  9
$MEASUREMENT
 70
     1
  9
$CELWEIGHT
370
    -1
  9
$ENDCAPS
280
     0
  9
$JOINSTYLE
280
     0
  9
$LWDISPLAY
290
     1
  9
$INSUNITS
 70
     4
  9
$HYPERLINKBASE
  1

  9
$STYLESHEET
  1

  9
$XEDIT
290
     1
  9
$CEPSNTYPE
380
     0
  9
$PSTYLEMODE
290
     1
  9
$FINGERPRINTGUID
  2
{bf9ae361-55e1-4933-84c6-fdd74cd94dad}
  9
$VERSIONGUID
  2
{FAEB1C32-E019-11D5-929B-00C0DF256EC4}
  9
$EXTNAMES
290
     1
  9
$PSVPSCALE
 40
0.0
  9
$OLESTARTUP
290
     0
  9
$SORTENTS
280
   127
  9
$INDEXCTL
280
     0
  9
$HIDETEXT
280
     1
  9
$XCLIPFRAME
290
     0
  9
$HALOGAP
280
     0
  9
$OBSCOLOR
 70
   257
  9
$OBSLTYPE
280
     0
  9
$INTERSECTIONDISPLAY
280
     0
  9
$INTERSECTIONCOLOR
 70
   257
  9
$DIMASSOC
280
     2
  9
$PROJECTNAME
  1

  9
$CAMERADISPLAY
290
     0
  9
$LENSLENGTH
 40
50.0
  9
$CAMERAHEIGHT
 40
0.0
  9
$STEPSPERSEC
 40
2.0
  9
$STEPSIZE
 40
6.0
  9
$3DDWFPREC
 40
2.0
  9
$PSOLWIDTH
 40
5.0
  9
$PSOLHEIGHT
 40
80.0
  9
$LOFTANG1
 40
1.570796326794896
  9
$LOFTANG2
 40
1.570796326794896
  9
$LOFTMAG1
 40
0.0
  9
$LOFTMAG2
 40
0.0
  9
$LOFTPARAM
 70
     7
  9
$LOFTNORMALS
280
     1
  9
$LATITUDE
 40
37.795
  9
$LONGITUDE
 40
-122.394
  9
$NORTHDIRECTION
 40
0.0
  9
$TIMEZONE
 70
 -8000
  9
$LIGHTGLYPHDISPLAY
280
     1
  9
$TILEMODELIGHTSYNCH
280
     1
  9
$CMATERIAL
347
44
  9
$SOLIDHIST
280
     0
  9
$SHOWHIST
280
     1
  9
$DWFFRAME
280
     2
  9
$DGNFRAME
280
     2
  9
$REALWORLDSCALE
290
     1
  9
$INTERFERECOLOR
 62
   256
  9
$INTERFEREOBJVS
345
33
  9
$INTERFEREVPVS
346
30
  9
$CSHADOW
280
     0
  9
$SHADOWPLANELOCATION
 40
0.0
  0
ENDSEC
  0
SECTION
  2
CLASSES
  0
CLASS
  1
ACDBDICTIONARYWDFLT
  2
AcDbDictionaryWithDefault
  3
ObjectDBX Classes
 90
        0
 91
        1
280
     0
281
     0
  0
CLASS
  1
VISUALSTYLE
  2
AcDbVisualStyle
  3
ObjectDBX Classes
 90
     4095
 91
       24
280
     0
281
     0
  0
CLASS
  1
MATERIAL
  2
AcDbMaterial
  3
ObjectDBX Classes
 90
     1153
 91
        3
280
     0
281
     0
  0
CLASS
  1
SCALE
  2
AcDbScale
  3
ObjectDBX Classes
 90
     1153
 91
       17
280
     0
281
     0
  0
CLASS
  1
TABLESTYLE
  2
AcDbTableStyle
  3
ObjectDBX Classes
 90
     4095
 91
        1
280
     0
281
     0
  0
CLASS
  1
MLEADERSTYLE
  2
AcDbMLeaderStyle
  3
ACDB_MLEADERSTYLE_CLASS
 90
     4095
 91
        1
280
     0
281
     0
  0
CLASS
  1
SUN
  2
AcDbSun
  3
SCENEOE
 90
     1153
 91
        1
280
     0
281
     0
  0
CLASS
  1
DICTIONARYVAR
  2
AcDbDictionaryVar
  3
ObjectDBX Classes
 90
        0
 91
        9
280
     0
281
     0
  0
CLASS
  1
CELLSTYLEMAP
  2
AcDbCellStyleMap
  3
ObjectDBX Classes
 90
     1152
 91
        2
280
     0
281
     0
  0
CLASS
  1
ACDBSECTIONVIEWSTYLE
  2
AcDbSectionViewStyle
  3
ObjectDBX Classes
 90
     1025
 91
        1
280
     0
281
     0
  0
CLASS
  1
ACDBDETAILVIEWSTYLE
  2
AcDbDetailViewStyle
  3
ObjectDBX Classes
 90
     1025
 91
        1
280
     0
281
     0
  0
CLASS
  1
EXACXREFPANELOBJECT
  2
ExAcXREFPanelObject
  3
EXAC_ESW
 90
     1025
 91
        1
280
     0
281
     0
  0
CLASS
  1
NPOCOLLECTION
  2
AcDbImpNonPersistentObjectsCollection
  3
ObjectDBX Classes
 90
     1153
 91
        1
280
     0
281
     0
  0
ENDSEC
  0
SECTION
  2
TABLES
  0
TABLE
  2
VPORT
  5
8
330
0
100
AcDbSymbolTable
 70
     1
  0
VPORT
  5
29
330
8
100
AcDbSymbolTableRecord
100
AcDbViewportTableRecord
  2
*Active
 70
     0
 10
0.0
 20
0.0
 11
1.0
 21
1.0
 12
281.8108242303873
 22
148.5
 13
0.0
 23
0.0
 14
10.0
 24
10.0
 15
10.0
 25
10.0
 16
0.0
 26
0.0
 36
1.0
 17
0.0
 27
0.0
 37
0.0
 40
241.9017857142856
 41
2.330487804878048
 42
50.0
 43
0.0
 44
0.0
 50
0.0
 51
0.0
 71
     0
 72
  2000
 73
     1
 74
     3
 75
     0
 76
     0
 77
     0
 78
     0
281
     0
 65
     1
110
0.0
120
0.0
130
0.0
111
1.0
121
0.0
131
0.0
112
0.0
122
1.0
132
0.0
 79
     0
146
0.0
348
2F
 60
     3
 61
     5
292
     1
282
     1
141
0.0
142
0.0
361
5D
1001
ACAD_NAV_VCDISPLAY
1070
     3
  0
ENDTAB
  0
TABLE
  2
LTYPE
  5
5
330
0
100
AcDbSymbolTable
 70
     8
  0
LTYPE
  5
14
330
5
100
AcDbSymbolTableRecord
100
AcDbLinetypeTableRecord
  2
ByBlock
 70
     0
  3

 72
    65
 73
     0
 40
0.0
  0
LTYPE
  5
15
330
5
100
AcDbSymbolTableRecord
100
AcDbLinetypeTableRecord
  2
ByLayer
 70
     0
  3

 72
    65
 73
     0
 40
0.0
  0
LTYPE
  5
16
330
5
100
AcDbSymbolTableRecord
100
AcDbLinetypeTableRecord
  2
Continuous
 70
     0
  3
Solid line
 72
    65
 73
     0
 40
0.0
  0
LTYPE
  5
5E
330
5
100
AcDbSymbolTableRecord
100
AcDbLinetypeTableRecord
  2
SLD-实线
 70
     0
  3
SolidWorks Line Style
 72
    65
 73
     0
 40
0.0
  0
LTYPE
  5
5F
330
5
100
AcDbSymbolTableRecord
100
AcDbLinetypeTableRecord
  2
SLD-虚线
 70
     0
  3
SolidWorks Line Style
 72
    65
 73
     2
 40
1.905
 49
1.27
 74
     0
 49
-0.635
 74
     0
  0
LTYPE
  5
60
330
5
100
AcDbSymbolTableRecord
100
AcDbLinetypeTableRecord
  2
SLD-双点画线
 70
     0
  3
SolidWorks Line Style
 72
    65
 73
     6
 40
12.7
 49
6.349999999999999
 74
     0
 49
-1.27
 74
     0
 49
1.27
 74
     0
 49
-1.27
 74
     0
 49
1.27
 74
     0
 49
-1.27
 74
     0
  0
LTYPE
  5
61
330
5
100
AcDbSymbolTableRecord
100
AcDbLinetypeTableRecord
  2
SLD-点画线
 70
     0
  3
SolidWorks Line Style
 72
    65
 73
     4
 40
10.16
 49
6.349999999999999
 74
     0
 49
-1.27
 74
     0
 49
1.27
 74
     0
 49
-1.27
 74
     0
  0
LTYPE
  5
62
330
5
100
AcDbSymbolTableRecord
100
AcDbLinetypeTableRecord
  2
SLD-中心线
 70
     0
  3
SolidWorks Line Style
 72
    65
 73
     4
 40
34.29000000000001
 49
30.48
 74
     0
 49
-1.27
 74
     0
 49
1.27
 74
     0
 49
-1.27
 74
     0
  0
LTYPE
  5
63
330
5
100
AcDbSymbolTableRecord
100
AcDbLinetypeTableRecord
  2
SLD-裁剪线
 70
     0
  3
SolidWorks Line Style
 72
    65
 73
     2
 40
0.635
 49
0.0
 74
     0
 49
-0.635
 74
     0
  0
LTYPE
  5
64
330
5
100
AcDbSymbolTableRecord
100
AcDbLinetypeTableRecord
  2
SLD-细-粗_点画线
 70
     0
  3
SolidWorks Line Style
 72
    65
 73
     5
 40
15.24
 49
6.349999999999999
 74
     0
 49
-1.27
 74
     0
 49
1.27
 74
     0
 49
-1.27
 74
     0
 49
5.08
 74
     0
  0
ENDTAB
  0
TABLE
  2
LAYER
  5
2
330
0
100
AcDbSymbolTable
 70
     9
  0
LAYER
  5
10
102
{ACAD_XDICTIONARY
360
2A4
102
}
330
2
100
AcDbSymbolTableRecord
100
AcDbLayerTableRecord
  2
0
 70
     0
 62
     7
  6
Continuous
370
    -3
390
F
347
46
  0
LAYER
  5
65
102
{ACAD_XDICTIONARY
360
2A6
102
}
330
2
100
AcDbSymbolTableRecord
100
AcDbLayerTableRecord
  2
轮廓粗实线
 70
     0
 62
     7
  6
Continuous
370
    -1
390
F
347
46
  0
LAYER
  5
66
102
{ACAD_XDICTIONARY
360
2A8
102
}
330
2
100
AcDbSymbolTableRecord
100
AcDbLayerTableRecord
  2
切边
 70
     0
 62
     5
  6
SLD-双点画线
370
    -3
390
F
347
46
  0
LAYER
  5
67
102
{ACAD_XDICTIONARY
360
2AA
102
}
330
2
100
AcDbSymbolTableRecord
100
AcDbLayerTableRecord
  2
虚线
 70
     0
 62
     1
  6
SLD-虚线
370
    -3
390
F
347
46
  0
LAYER
  5
68
102
{ACAD_XDICTIONARY
360
2AC
102
}
330
2
100
AcDbSymbolTableRecord
100
AcDbLayerTableRecord
  2
局部视图边界
 70
     0
 62
     1
  6
SLD-虚线
370
    -3
390
F
347
46
  0
LAYER
  5
69
102
{ACAD_XDICTIONARY
360
2AE
102
}
330
2
100
AcDbSymbolTableRecord
100
AcDbLayerTableRecord
  2
细实线
 70
     0
 62
     2
  6
SLD-实线
370
    -3
390
F
347
46
  0
LAYER
  5
6A
102
{ACAD_XDICTIONARY
360
2B0
102
}
330
2
100
AcDbSymbolTableRecord
100
AcDbLayerTableRecord
  2
剖面线
 70
     0
 62
     6
  6
Continuous
370
    -1
390
F
347
46
  0
LAYER
  5
6B
102
{ACAD_XDICTIONARY
360
2B2
102
}
330
2
100
AcDbSymbolTableRecord
100
AcDbLayerTableRecord
  2
折断线
 70
     0
 62
     9
  6
SLD-虚线
370
    -3
390
F
347
46
  0
LAYER
  5
6C
102
{ACAD_XDICTIONARY
360
2B4
102
}
330
2
100
AcDbSymbolTableRecord
100
AcDbLayerTableRecord
  2
文字
 70
     0
 62
     7
  6
Continuous
370
    -1
390
F
347
46
  0
ENDTAB
  0
TABLE
  2
STYLE
  5
3
330
0
100
AcDbSymbolTable
 70
     9
  0
STYLE
  5
11
330
3
100
AcDbSymbolTableRecord
100
AcDbTextStyleTableRecord
  2
Standard
 70
     0
 40
0.0
 41
1.0
 50
0.0
 71
     0
 42
3.5
  3
txt
  4

  0
STYLE
  5
AC
330
3
100
AcDbSymbolTableRecord
100
AcDbTextStyleTableRecord
  2
SLDTEXTSTYLE0
 70
     0
 40
0.0
 41
0.7
 50
0.0
 71
     0
 42
3.5
  3
TXT
  4
bigfont
  0
STYLE
  5
AE
330
3
100
AcDbSymbolTableRecord
100
AcDbTextStyleTableRecord
  2
SLDTEXTSTYLE1
 70
     0
 40
0.0
 41
0.56
 50
0.0
 71
     0
 42
3.5
  3
TXT
  4

  0
STYLE
  5
B0
330
3
100
AcDbSymbolTableRecord
100
AcDbTextStyleTableRecord
  2
SLDTEXTSTYLE2
 70
     0
 40
0.0
 41
0.56
 50
0.0
 71
     0
 42
3.5
  3
TXT
  4
bigfont
  0
STYLE
  5
B4
330
3
100
AcDbSymbolTableRecord
100
AcDbTextStyleTableRecord
  2
SLDTEXTSTYLE3
 70
     0
 40
0.0
 41
0.5240000000000001
 50
0.0
 71
     0
 42
3.5
  3
TXT
  4
bigfont
  0
STYLE
  5
BA
330
3
100
AcDbSymbolTableRecord
100
AcDbTextStyleTableRecord
  2
SLDTEXTSTYLE4
 70
     0
 40
0.0
 41
0.6
 50
0.0
 71
     0
 42
3.5
  3
TXT
  4
bigfont
  0
STYLE
  5
BD
330
3
100
AcDbSymbolTableRecord
100
AcDbTextStyleTableRecord
  2
SLDTEXTSTYLE5
 70
     0
 40
0.0
 41
0.7
 50
0.0
 71
     0
 42
3.5
  3
TXT
  4

  0
STYLE
  5
C1
330
3
100
AcDbSymbolTableRecord
100
AcDbTextStyleTableRecord
  2
SLDTEXTSTYLE6
 70
     0
 40
0.0
 41
0.5857142857142858
 50
0.0
 71
     0
 42
3.5
  3
TXT
  4
bigfont
  0
STYLE
  5
C9
330
3
100
AcDbSymbolTableRecord
100
AcDbTextStyleTableRecord
  2
SLDTEXTSTYLE7
 70
     0
 40
0.0
 41
0.75
 50
0.0
 71
     0
 42
3.5
  3
TXT
  4

  0
ENDTAB
  0
TABLE
  2
VIEW
  5
6
330
0
100
AcDbSymbolTable
 70
     0
  0
ENDTAB
  0
TABLE
  2
UCS
  5
7
330
0
100
AcDbSymbolTable
 70
     0
  0
ENDTAB
  0
TABLE
  2
APPID
  5
9
330
0
100
AcDbSymbolTable
 70
     3
  0
APPID
  5
12
330
9
100
AcDbSymbolTableRecord
100
AcDbRegAppTableRecord
  2
ACAD
 70
     0
  0
APPID
  5
28F
330
9
100
AcDbSymbolTableRecord
100
AcDbRegAppTableRecord
  2
ACAD_MLEADERVER
 70
     0
  0
APPID
  5
2BA
330
9
100
AcDbSymbolTableRecord
100
AcDbRegAppTableRecord
  2
ACAD_NAV_VCDISPLAY
 70
     0
  0
ENDTAB
  0
TABLE
  2
DIMSTYLE
  5
A
330
0
100
AcDbSymbolTable
 70
     5
100
AcDbDimStyleTable
 71
     0
  0
DIMSTYLE
105
27
330
A
100
AcDbSymbolTableRecord
100
AcDbDimStyleTableRecord
  2
ISO-25
 70
     0
 41
2.5
 42
0.625
 43
3.75
 44
1.25
 73
     0
 74
     0
 77
     1
 78
     8
140
2.5
141
2.5
143
0.03937007874016
147
0.625
171
     3
172
     1
271
     2
272
     2
274
     3
278
    44
283
     0
284
     8
340
11
  0
DIMSTYLE
105
160
102
{ACAD_REACTORS
330
15F
330
16A
330
181
330
18B
102
}
330
A
100
AcDbSymbolTableRecord
100
AcDbDimStyleTableRecord
  2
SLDDIMSTYLE0
 70
     0
 41
4.08
 44
0.0
 45
0.000000001
 73
     0
 74
     0
 77
     2
 78
    12
 79
     3
140
3.5
147
0.875
173
     1
271
     2
272
     2
276
     2
284
    12
340
BD
  0
DIMSTYLE
105
175
102
{ACAD_REACTORS
330
174
102
}
330
A
100
AcDbSymbolTableRecord
100
AcDbDimStyleTableRecord
  2
SLDDIMSTYLE1
 70
     0
 41
4.08
 44
0.0
 45
0.000000001
 73
     0
 74
     0
 77
     2
 78
     4
 79
     1
140
3.5
147
0.875
172
     1
173
     1
271
     2
272
     2
276
     2
284
    12
289
     0
340
BD
  0
DIMSTYLE
105
196
102
{ACAD_REACTORS
330
195
102
}
330
A
100
AcDbSymbolTableRecord
100
AcDbDimStyleTableRecord
  2
SLDDIMSTYLE2
 70
     0
 41
4.08
 44
0.0
 45
0.000000001
 78
     4
 79
     1
140
3.5
141
0.0
147
0.875
172
     1
173
     1
271
     2
272
     2
276
     2
284
    12
340
BD
341
197
343
197
  0
DIMSTYLE
105
1A5
102
{ACAD_REACTORS
330
1A4
102
}
330
A
100
AcDbSymbolTableRecord
100
AcDbDimStyleTableRecord
  2
SLDDIMSTYLE3
 70
     0
 41
4.08
 44
0.0
 45
0.000000001
 73
     0
 74
     0
 77
     2
 78
    12
 79
     3
140
3.5
141
0.0
147
0.875
173
     1
271
     2
272
     2
276
     2
284
    12
340
BD
  0
ENDTAB
  0
TABLE
  2
BLOCK_RECORD
  5
1
330
0
100
AcDbSymbolTable
 70
     9
  0
BLOCK_RECORD
  5
1F
330
1
100
AcDbSymbolTableRecord
100
AcDbBlockTableRecord
  2
*Model_Space
340
22
 70
     0
280
     1
281
     0
  0
BLOCK_RECORD
  5
1B
330
1
100
AcDbSymbolTableRecord
100
AcDbBlockTableRecord
  2
*Paper_Space
340
1E
 70
     0
280
     1
281
     0
  0
BLOCK_RECORD
  5
23
330
1
100
AcDbSymbolTableRecord
100
AcDbBlockTableRecord
  2
*Paper_Space0
340
26
 70
     0
280
     1
281
     0
  0
BLOCK_RECORD
  5
161
330
1
100
AcDbSymbolTableRecord
100
AcDbBlockTableRecord
  2
_D
340
0
 70
     0
280
     1
281
     0
  0
BLOCK_RECORD
  5
16B
330
1
100
AcDbSymbolTableRecord
100
AcDbBlockTableRecord
  2
_D_1
340
0
 70
     0
280
     1
281
     0
  0
BLOCK_RECORD
  5
176
330
1
100
AcDbSymbolTableRecord
100
AcDbBlockTableRecord
  2
_D_2
340
0
 70
     0
280
     1
281
     0
  0
BLOCK_RECORD
  5
182
330
1
100
AcDbSymbolTableRecord
100
AcDbBlockTableRecord
  2
_D_3
340
0
 70
     0
280
     1
281
     0
  0
BLOCK_RECORD
  5
18C
330
1
100
AcDbSymbolTableRecord
100
AcDbBlockTableRecord
  2
_D_4
340
0
 70
     0
280
     1
281
     0
  0
BLOCK_RECORD
  5
197
330
1
100
AcDbSymbolTableRecord
100
AcDbBlockTableRecord
  2
_None
340
0
 70
     0
280
     1
281
     0
  0
BLOCK_RECORD
  5
19A
330
1
100
AcDbSymbolTableRecord
100
AcDbBlockTableRecord
  2
_D_5
340
0
 70
     0
280
     1
281
     0
  0
BLOCK_RECORD
  5
1A6
330
1
100
AcDbSymbolTableRecord
100
AcDbBlockTableRecord
  2
_D_6
340
0
 70
     0
280
     1
281
     0
  0
ENDTAB
  0
ENDSEC
  0
SECTION
  2
BLOCKS
  0
BLOCK
  5
20
330
1F
100
AcDbEntity
  8
0
100
AcDbBlockBegin
  2
*Model_Space
 70
     0
 10
0.0
 20
0.0
 30
0.0
  3
*Model_Space
  1

  0
ENDBLK
  5
21
330
1F
100
AcDbEntity
  8
0
100
AcDbBlockEnd
  0
BLOCK
  5
1C
330
1B
100
AcDbEntity
 67
     1
  8
0
100
AcDbBlockBegin
  2
*Paper_Space
 70
     0
 10
0.0
 20
0.0
 30
0.0
  3
*Paper_Space
  1

  0
ENDBLK
  5
1D
330
1B
100
AcDbEntity
 67
     1
  8
0
100
AcDbBlockEnd
  0
BLOCK
  5
24
330
23
100
AcDbEntity
 67
     1
  8
0
100
AcDbBlockBegin
  2
*Paper_Space0
 70
     0
 10
0.0
 20
0.0
 30
0.0
  3
*Paper_Space0
  1

  0
ENDBLK
  5
25
330
23
100
AcDbEntity
 67
     1
  8
0
100
AcDbBlockEnd
  0
BLOCK
  5
162
330
161
100
AcDbEntity
  8
0
100
AcDbBlockBegin
  2
_D
 70
     0
 10
0.0
 20
0.0
 30
0.0
  3
_D
  1

  0
SOLID
  5
164
330
161
100
AcDbEntity
  8
0
  6
SLD-实线
 62
     5
420
      255
440
 16777216
370
    25
100
AcDbTrace
 10
239.8510587189915
 20
171.9847844236243
 30
0.0
 11
235.7710587189915
 21
172.4927844236243
 31
0.0
 12
235.7710587189915
 22
171.4767844236243
 32
0.0
 13
235.7710587189915
 23
171.4767844236243
 33
0.0
  0
SOLID
  5
165
330
161
100
AcDbEntity
  8
0
  6
SLD-实线
 62
     5
420
      255
440
 16777216
370
    25
100
AcDbTrace
 10
129.8510587189915
 20
171.9847844236243
 30
0.0
 11
133.9310587189915
 21
171.4767844236243
 31
0.0
 12
133.9310587189915
 22
172.4927844236243
 32
0.0
 13
133.9310587189915
 23
172.4927844236243
 33
0.0
  0
LINE
  5
166
330
161
100
AcDbEntity
  8
0
  6
SLD-实线
 62
     5
420
      255
440
 16777216
370
    25
100
AcDbLine
 10
239.8510587189915
 20
158.9847844236242
 30
0.0
 11
239.8510587189915
 21
173.9847844236243
 31
0.0
  0
LINE
  5
167
330
161
100
AcDbEntity
  8
0
  6
SLD-实线
 62
     5
420
      255
440
 16777216
370
    25
100
AcDbLine
 10
129.8510587189915
 20
158.9847844236242
 30
0.0
 11
129.8510587189915
 21
173.9847844236243
 31
0.0
  0
LINE
  5
168
330
161
100
AcDbEntity
  8
0
  6
SLD-实线
 62
     5
420
      255
440
 16777216
370
    25
100
AcDbLine
 10
239.8510587189915
 20
171.9847844236243
 30
0.0
 11
129.8510587189915
 21
171.9847844236243
 31
0.0
  0
MTEXT
  5
169
330
161
100
AcDbEntity
  8
0
  6
SLD-实线
 62
     5
420
      255
440
 16777216
370
    25
100
AcDbMText
 10
179.9319547834812
 20
176.4965212799955
 30
0.0
 40
3.5
 41
0.0
 46
0.0
 71
     1
 72
     1
  1
110
  7
SLDTEXTSTYLE5
 73
     1
 44
1.0
  0
ENDBLK
  5
163
330
161
100
AcDbEntity
  8
0
100
AcDbBlockEnd
  0
BLOCK
  5
16C
330
16B
100
AcDbEntity
  8
0
100
AcDbBlockBegin
  2
_D_1
 70
     0
 10
0.0
 20
0.0
 30
0.0
  3
_D_1
  1

  0
SOLID
  5
16E
330
16B
100
AcDbEntity
  8
0
  6
SLD-实线
 62
     5
420
      255
440
 16777216
370
    25
100
AcDbTrace
 10
113.8510587189915
 20
161.9847844236242
 30
0.0
 11
113.3430587189915
 21
157.9047844236242
 31
0.0
 12
114.3590587189915
 22
157.9047844236242
 32
0.0
 13
114.3590587189915
 23
157.9047844236242
 33
0.0
  0
SOLID
  5
16F
330
16B
100
AcDbEntity
  8
0
  6
SLD-实线
 62
     5
420
      255
440
 16777216
370
    25
100
AcDbTrace
 10
113.8510587189915
 20
126.9847844236242
 30
0.0
 11
114.3590587189915
 21
131.0647844236243
 31
0.0
 12
113.3430587189915
 22
131.0647844236243
 32
0.0
 13
113.3430587189915
 23
131.0647844236243
 33
0.0
  0
LINE
  5
170
330
16B
100
AcDbEntity
  8
0
  6
SLD-实线
 62
     5
420
      255
440
 16777216
370
    25
100
AcDbLine
 10
132.8510587189915
 20
161.9847844236242
 30
0.0
 11
111.8510587189915
 21
161.9847844236242
 31
0.0
  0
LINE
  5
171
330
16B
100
AcDbEntity
  8
0
  6
SLD-实线
 62
     5
420
      255
440
 16777216
370
    25
100
AcDbLine
 10
132.8510587189915
 20
126.9847844236242
 30
0.0
 11
111.8510587189915
 21
126.9847844236242
 31
0.0
  0
LINE
  5
172
330
16B
100
AcDbEntity
  8
0
  6
SLD-实线
 62
     5
420
      255
440
 16777216
370
    25
100
AcDbLine
 10
113.8510587189915
 20
161.9847844236242
 30
0.0
 11
113.8510587189915
 21
126.9847844236242
 31
0.0
  0
MTEXT
  5
173
330
16B
100
AcDbEntity
  8
0
  6
SLD-实线
 62
     5
420
      255
440
 16777216
370
    25
100
AcDbMText
 10
109.3393218626204
 20
142.4479789261418
 30
0.0
 40
3.5
 41
0.0
 46
0.0
 71
     1
 72
     1
  1
35
  7
SLDTEXTSTYLE5
 11
-0.000000000000007
 21
1.0
 31
0.0
 73
     1
 44
1.0
  0
ENDBLK
  5
16D
330
16B
100
AcDbEntity
  8
0
100
AcDbBlockEnd
  0
BLOCK
  5
177
330
176
100
AcDbEntity
  8
0
100
AcDbBlockBegin
  2
_D_2
 70
     0
 10
0.0
 20
0.0
 30
0.0
  3
_D_2
  1

  0
SOLID
  5
179
330
176
100
AcDbEntity
  8
0
  6
SLD-实线
 62
     5
420
      255
440
 16777216
370
    25
100
AcDbTrace
 10
107.8510587189916
 20
126.9847844236242
 30
0.0
 11
108.3590587189916
 21
131.0647844236243
 31
0.0
 12
107.3430587189916
 22
131.0647844236243
 32
0.0
 13
107.3430587189916
 23
131.0647844236243
 33
0.0
  0
SOLID
  5
17A
330
176
100
AcDbEntity
  8
0
  6
SLD-实线
 62
     5
420
      255
440
 16777216
370
    25
100
AcDbTrace
 10
107.8510587189916
 20
125.4847844236242
 30
0.0
 11
107.3430587189916
 21
121.4047844236242
 31
0.0
 12
108.3590587189916
 22
121.4047844236242
 32
0.0
 13
108.3590587189916
 23
121.4047844236242
 33
0.0
  0
LINE
  5
17B
330
176
100
AcDbEntity
  8
0
  6
SLD-实线
 62
     5
420
      255
440
 16777216
370
    25
100
AcDbLine
 10
132.8510587189915
 20
126.9847844236242
 30
0.0
 11
105.8510587189916
 21
126.9847844236242
 31
0.0
  0
LINE
  5
17C
330
176
100
AcDbEntity
  8
0
  6
SLD-实线
 62
     5
420
      255
440
 16777216
370
    25
100
AcDbLine
 10
142.4210587189915
 20
125.4847844236242
 30
0.0
 11
105.8510587189916
 21
125.4847844236242
 31
0.0
  0
LINE
  5
17D
330
176
100
AcDbEntity
  8
0
  6
SLD-实线
 62
     5
420
      255
440
 16777216
370
    25
100
AcDbLine
 10
107.8510587189916
 20
126.9847844236242
 30
0.0
 11
107.8510587189916
 21
133.3347844236242
 31
0.0
  0
LINE
  5
17E
330
176
100
AcDbEntity
  8
0
  6
SLD-实线
 62
     5
420
      255
440
 16777216
370
    25
100
AcDbLine
 10
107.8510587189916
 20
126.9847844236242
 30
0.0
 11
107.8510587189916
 21
125.4847844236242
 31
0.0
  0
LINE
  5
17F
330
176
100
AcDbEntity
  8
0
  6
SLD-实线
 62
     5
420
      255
440
 16777216
370
    25
100
AcDbLine
 10
107.8510587189916
 20
125.4847844236242
 30
0.0
 11
107.8510587189916
 21
107.9111734286593
 31
0.0
  0
MTEXT
  5
180
330
176
100
AcDbEntity
  8
0
  6
SLD-实线
 62
     5
420
      255
440
 16777216
370
    25
100
AcDbMText
 10
103.3393218626204
 20
107.9111734286593
 30
0.0
 40
3.5
 41
0.0
 46
0.0
 71
     1
 72
     1
  1
1.50
  7
SLDTEXTSTYLE5
 11
-0.000000000000007
 21
1.0
 31
0.0
 73
     1
 44
1.0
  0
ENDBLK
  5
178
330
176
100
AcDbEntity
  8
0
100
AcDbBlockEnd
  0
BLOCK
  5
183
330
182
100
AcDbEntity
  8
0
100
AcDbBlockBegin
  2
_D_3
 70
     0
 10
0.0
 20
0.0
 30
0.0
  3
_D_3
  1

  0
SOLID
  5
185
330
182
100
AcDbEntity
  8
0
  6
SLD-实线
 62
     5
420
      255
440
 16777216
370
    25
100
AcDbTrace
 10
134.8510587189915
 20
111.9847844236192
 30
0.0
 11
138.9310587189915
 21
111.4767844236193
 31
0.0
 12
138.9310587189915
 22
112.4927844236192
 32
0.0
 13
138.9310587189915
 23
112.4927844236192
 33
0.0
  0
SOLID
  5
186
330
182
100
AcDbEntity
  8
0
  6
SLD-实线
 62
     5
420
      255
440
 16777216
370
    25
100
AcDbTrace
 10
234.8510587189915
 20
111.9847844236192
 30
0.0
 11
230.7710587189915
 21
112.4927844236192
 31
0.0
 12
230.7710587189915
 22
111.4767844236193
 32
0.0
 13
230.7710587189915
 23
111.4767844236193
 33
0.0
  0
LINE
  5
187
330
182
100
AcDbEntity
  8
0
  6
SLD-实线
 62
     5
420
      255
440
 16777216
370
    25
100
AcDbLine
 10
134.8510587189915
 20
131.9847844236242
 30
0.0
 11
134.8510587189915
 21
109.9847844236192
 31
0.0
  0
LINE
  5
188
330
182
100
AcDbEntity
  8
0
  6
SLD-实线
 62
     5
420
      255
440
 16777216
370
    25
100
AcDbLine
 10
234.8510587189915
 20
131.9847844236242
 30
0.0
 11
234.8510587189915
 21
109.9847844236192
 31
0.0
  0
LINE
  5
189
330
182
100
AcDbEntity
  8
0
  6
SLD-实线
 62
     5
420
      255
440
 16777216
370
    25
100
AcDbLine
 10
134.8510587189915
 20
111.9847844236192
 30
0.0
 11
234.8510587189915
 21
111.9847844236192
 31
0.0
  0
MTEXT
  5
18A
330
182
100
AcDbEntity
  8
0
  6
SLD-实线
 62
     5
420
      255
440
 16777216
370
    25
100
AcDbMText
 10
181.7958503563551
 20
116.4965212799905
 30
0.0
 40
3.5
 41
0.0
 46
0.0
 71
     1
 72
     1
  1
100
  7
SLDTEXTSTYLE5
 73
     1
 44
1.0
  0
ENDBLK
  5
184
330
182
100
AcDbEntity
  8
0
100
AcDbBlockEnd
  0
BLOCK
  5
18D
330
18C
100
AcDbEntity
  8
0
100
AcDbBlockBegin
  2
_D_4
 70
     0
 10
0.0
 20
0.0
 30
0.0
  3
_D_4
  1

  0
SOLID
  5
18F
330
18C
100
AcDbEntity
  8
0
  6
SLD-实线
 62
     5
420
      255
440
 16777216
370
    25
100
AcDbTrace
 10
119.8510587189916
 20
156.9847844236242
 30
0.0
 11
119.3430587189916
 21
152.9047844236242
 31
0.0
 12
120.3590587189916
 22
152.9047844236242
 32
0.0
 13
120.3590587189916
 23
152.9047844236242
 33
0.0
  0
SOLID
  5
190
330
18C
100
AcDbEntity
  8
0
  6
SLD-实线
 62
     5
420
      255
440
 16777216
370
    25
100
AcDbTrace
 10
119.8510587189916
 20
131.9847844236242
 30
0.0
 11
120.3590587189916
 21
136.0647844236243
 31
0.0
 12
119.3430587189916
 22
136.0647844236243
 32
0.0
 13
119.3430587189916
 23
136.0647844236243
 33
0.0
  0
LINE
  5
191
330
18C
100
AcDbEntity
  8
0
  6
SLD-实线
 62
     5
420
      255
440
 16777216
370
    25
100
AcDbLine
 10
134.8510587189915
 20
156.9847844236242
 30
0.0
 11
117.8510587189916
 21
156.9847844236242
 31
0.0
  0
LINE
  5
192
330
18C
100
AcDbEntity
  8
0
  6
SLD-实线
 62
     5
420
      255
440
 16777216
370
    25
100
AcDbLine
 10
134.8510587189915
 20
131.9847844236242
 30
0.0
 11
117.8510587189916
 21
131.9847844236242
 31
0.0
  0
LINE
  5
193
330
18C
100
AcDbEntity
  8
0
  6
SLD-实线
 62
     5
420
      255
440
 16777216
370
    25
100
AcDbLine
 10
119.8510587189916
 20
156.9847844236242
 30
0.0
 11
119.8510587189916
 21
131.9847844236242
 31
0.0
  0
MTEXT
  5
194
330
18C
100
AcDbEntity
  8
0
  6
SLD-实线
 62
     5
420
      255
440
 16777216
370
    25
100
AcDbMText
 10
115.3393218626204
 20
142.4479789261418
 30
0.0
 40
3.5
 41
0.0
 46
0.0
 71
     1
 72
     1
  1
25
  7
SLDTEXTSTYLE5
 11
-0.000000000000007
 21
1.0
 31
0.0
 73
     1
 44
1.0
  0
ENDBLK
  5
18E
330
18C
100
AcDbEntity
  8
0
100
AcDbBlockEnd
  0
BLOCK
  5
198
330
197
100
AcDbEntity
  8
0
100
AcDbBlockBegin
  2
_None
 70
     0
 10
0.0
 20
0.0
 30
0.0
  3
_None
  1

  0
ENDBLK
  5
199
330
197
100
AcDbEntity
  8
0
100
AcDbBlockEnd
  0
BLOCK
  5
19B
330
19A
100
AcDbEntity
  8
0
100
AcDbBlockBegin
  2
_D_5
 70
     0
 10
0.0
 20
0.0
 30
0.0
  3
_D_5
  1

  0
SOLID
  5
19D
330
19A
100
AcDbEntity
  8
0
  6
SLD-实线
 62
     5
420
      255
440
 16777216
370
    25
100
AcDbTrace
 10
236.3960868284309
 20
156.5689862261264
 30
0.0
 11
240.2038925797956
 21
155.0181543977601
 31
0.0
 12
240.4679244352067
 22
155.999247247254
 32
0.0
 13
240.4679244352067
 23
155.999247247254
 33
0.0
  0
LINE
  5
19E
330
19A
100
AcDbEntity
  8
0
  6
SLD-实线
 62
     5
420
      255
440
 16777216
370
    25
100
AcDbLine
 10
236.3960868284309
 20
156.5689862261264
 30
0.0
 11
250.1250418064865
 21
152.8742477948138
 31
0.0
  0
LINE
  5
19F
330
19A
100
AcDbEntity
  8
0
  6
SLD-实线
 62
     5
420
      255
440
 16777216
370
    25
100
AcDbLine
 10
233.3060306095522
 20
157.400582621122
 30
0.0
 11
236.3960868284309
 21
156.5689862261264
 31
0.0
  0
LINE
  5
1A0
330
19A
100
AcDbEntity
  8
0
  6
SLD-实线
 62
     5
420
      255
440
 16777216
370
    25
100
AcDbLine
 10
250.1250418064865
 20
152.8742477948138
 30
0.0
 11
273.9137204019102
 21
152.8742477948138
 31
0.0
  0
MTEXT
  5
1A1
330
19A
100
AcDbEntity
  8
0
  6
SLD-实线
 62
     5
420
      255
440
 16777216
370
    25
100
AcDbMText
 10
251.7125418064865
 20
157.384984639161
 30
0.0
 40
3.5
 41
0.0
 46
0.0
 71
     1
 72
     1
  1
%%c
  7
SLDTEXTSTYLE5
 73
     1
 44
1.0
  0
MTEXT
  5
1A2
330
19A
100
AcDbEntity
  8
0
  6
SLD-实线
 62
     5
420
      255
440
 16777216
370
    25
100
AcDbMText
 10
255.5824723215523
 20
157.384984639161
 30
0.0
 40
3.5
 41
0.0
 46
0.0
 71
     1
 72
     1
  1
3.20
  7
SLDTEXTSTYLE5
 73
     1
 44
1.0
  0
MTEXT
  5
1A3
330
19A
100
AcDbEntity
  8
0
  6
SLD-实线
 62
     5
420
      255
440
 16777216
370
    25
100
AcDbMText
 10
265.6984440786513
 20
157.384984639161
 30
0.0
 40
3.5
 41
0.0
 46
0.0
 71
     1
 72
     1
  1
贯穿
  7
SLDTEXTSTYLE0
 73
     1
 44
1.0
  0
ENDBLK
  5
19C
330
19A
100
AcDbEntity
  8
0
100
AcDbBlockEnd
  0
BLOCK
  5
1A7
330
1A6
100
AcDbEntity
  8
0
100
AcDbBlockBegin
  2
_D_6
 70
     0
 10
0.0
 20
0.0
 30
0.0
  3
_D_6
  1

  0
SOLID
  5
1A9
330
1A6
100
AcDbEntity
  8
0
  6
SLD-实线
 62
     5
420
      255
440
 16777216
370
    25
100
AcDbTrace
 10
239.1794191333141
 20
128.0930292119185
 30
0.0
 11
242.0256520809438
 21
125.12597309384
 31
0.0
 12
242.6663265126415
 22
125.9145111541573
 32
0.0
 13
242.6663265126415
 23
125.9145111541573
 33
0.0
  0
LINE
  5
1AA
330
1A6
100
AcDbEntity
  8
0
  6
SLD-实线
 62
     5
420
      255
440
 16777216
370
    25
100
AcDbLine
 10
239.1794191333141
 20
128.0930292119185
 30
0.0
 11
251.9079548187134
 21
117.7512996531623
 31
0.0
  0
LINE
  5
1AB
330
1A6
100
AcDbEntity
  8
0
  6
SLD-实线
 62
     5
420
      255
440
 16777216
370
    25
100
AcDbLine
 10
239.1794191333141
 20
128.0930292119185
 30
0.0
 11
236.8510587189915
 21
129.9847844236242
 31
0.0
  0
MTEXT
  5
1AC
330
1A6
100
AcDbEntity
  8
0
  6
SLD-实线
 62
     5
420
      255
440
 16777216
370
    25
100
AcDbMText
 10
251.5827465866538
 20
123.8110852639119
 30
0.0
 40
3.5
 41
0.0
 46
0.0
 71
     1
 72
     1
  1
R3
  7
SLDTEXTSTYLE5
 11
0.776120138107512
 21
-0.6305850705685767
 31
0.0
 73
     1
 44
1.0
  0
ENDBLK
  5
1A8
330
1A6
100
AcDbEntity
  8
0
100
AcDbBlockEnd
  0
ENDSEC
  0
SECTION
  2
ENTITIES
  0
LINE
  5
6D
330
1F
100
AcDbEntity
  8
0
  6
SLD-实线
 62
     7
370
    35
100
AcDbLine
 10
223.0900238599868
 20
20.60001252664747
 30
0.0
 11
257.1171704380556
 21
20.60001252664747
 31
0.0
  0
LINE
  5
6E
330
1F
100
AcDbEntity
  8
0
  6
SLD-实线
 62
     7
420
 16777215
370
    18
100
AcDbLine
 10
360.3555183101715
 20
22.49382680722902
 30
0.0
 11
360.3555183101715
 21
16.43696207508706
 31
0.0
  0
LINE
  5
6F
330
1F
100
AcDbEntity
  8
0
  6
SLD-实线
 62
     7
370
    18
100
AcDbLine
 10
229.2975923029004
 20
20.60001252664747
 30
0.0
 11
229.2975923029004
 21
9.995577103831255
 31
0.0
  0
LINE
  5
70
330
1F
100
AcDbEntity
  8
0
  6
SLD-实线
 62
     7
370
    18
100
AcDbLine
 10
243.0575941022229
 20
20.60001252664747
 30
0.0
 11
243.0575941022229
 21
9.995577103829548
 31
0.0
  0
LINE
  5
71
330
1F
100
AcDbEntity
  8
0
  6
SLD-实线
 62
     7
420
 16777215
370
    18
100
AcDbLine
 10
277.0847406802916
 20
25.90001252664747
 30
0.0
 11
277.0847406802916
 21
10.00001252664877
 31
0.0
  0
LINE
  5
72
330
1F
100
AcDbEntity
  8
0
  6
SLD-实线
 62
     7
370
    35
100
AcDbLine
 10
257.1171704380556
 20
25.90001252664747
 30
0.0
 11
257.1171704380556
 21
10.00001252665047
 31
0.0
  0
LINE
  5
73
330
1F
100
AcDbEntity
  8
0
  6
SLD-实线
 62
     7
370
    18
100
AcDbLine
 10
291.1443170161244
 20
20.60001252664747
 30
0.0
 11
257.1171704380556
 21
20.60001252664747
 31
0.0
  0
LINE
  5
74
330
1F
100
AcDbEntity
  8
0
  6
SLD-实线
 62
     7
420
 16777215
370
    18
100
AcDbLine
 10
263.3247388809691
 20
25.90001252664747
 30
0.0
 11
263.3247388809691
 21
10.00001252665047
 31
0.0
  0
LINE
  5
75
330
1F
100
AcDbEntity
  8
0
  6
SLD-实线
 62
     7
370
    35
100
AcDbLine
 10
223.0900238599868
 20
20.60001252664747
 30
0.0
 11
223.0900238599868
 21
10.00001252665046
 31
0.0
  0
LINE
  5
76
330
1F
100
AcDbEntity
  8
0
  6
SLD-实线
 62
     7
370
    18
100
AcDbLine
 10
291.1443170161243
 20
15.30001252664746
 30
0.0
 11
222.999962166978
 21
15.30001252664746
 31
0.0
  0
LINE
  5
77
330
1F
100
AcDbEntity
  8
0
  6
SLD-实线
 62
     7
370
    35
100
AcDbLine
 10
257.1171704380556
 20
25.90001252664747
 30
0.0
 11
291.1443170161244
 21
25.90001252664747
 31
0.0
  0
LINE
  5
78
330
1F
100
AcDbEntity
  8
0
  6
SLD-实线
 62
     7
370
    35
100
AcDbLine
 10
291.1443170161243
 20
41.09527014439488
 30
0.0
 11
291.1443170161243
 21
10.00444794946971
 31
0.0
  0
LINE
  5
79
330
1F
100
AcDbEntity
  8
0
  6
SLD-实线
 62
     7
370
    18
100
AcDbLine
 10
393.1355938474945
 20
34.59878024713281
 30
0.0
 11
393.1355938474945
 21
16.43696207508706
 31
0.0
  0
LINE
  5
7A
330
1F
100
AcDbEntity
  8
0
  6
SLD-实线
 62
     7
370
    35
100
AcDbLine
 10
291.1443170161243
 20
41.09527014439488
 30
0.0
 11
409.9999621669778
 21
41.09527014439488
 31
0.0
  0
LINE
  5
7B
330
1F
100
AcDbEntity
  8
0
  6
SLD-实线
 62
     7
370
    18
100
AcDbLine
 10
344.9999621669777
 20
22.49382680722902
 30
0.0
 11
409.9999621669778
 21
22.49382680722902
 31
0.0
  0
LINE
  5
7C
330
1F
100
AcDbEntity
  8
0
  6
SLD-实线
 62
     7
420
 16777215
370
    18
100
AcDbLine
 10
364.6011679188911
 20
26.06002446232782
 30
0.0
 11
346.1123237279062
 21
26.06002446232782
 31
0.0
  0
LINE
  5
7D
330
1F
100
AcDbEntity
  8
0
  6
SLD-实线
 62
     7
420
 16777215
370
    35
100
AcDbLine
 10
357.8153027376635
 20
23.27831184625608
 30
0.0
 11
362.9461562905422
 21
24.3276609228413
 31
0.0
  0
LINE
  5
7E
330
1F
100
AcDbEntity
  8
0
  6
SLD-实线
 62
     7
420
 16777215
370
    35
100
AcDbLine
 10
362.9461562905422
 20
27.79238800181429
 30
0.0
 11
357.8153027376635
 21
28.84173707839956
 31
0.0
  0
LINE
  5
7F
330
1F
100
AcDbEntity
  8
0
  6
SLD-实线
 62
     7
370
    18
100
AcDbLine
 10
375.8805715808805
 20
34.59878024713281
 30
0.0
 11
375.8805715808805
 21
16.43696207508706
 31
0.0
  0
LINE
  5
80
330
1F
100
AcDbEntity
  8
0
  6
SLD-实线
 62
     7
370
    18
100
AcDbLine
 10
365.4706875824333
 20
34.59878024713281
 30
0.0
 11
365.4706875824333
 21
22.49382680722902
 31
0.0
  0
LINE
  5
81
330
1F
100
AcDbEntity
  8
0
  6
SLD-实线
 62
     7
370
    18
100
AcDbLine
 10
291.1443170161243
 20
41.09527014439488
 30
0.0
 11
409.9999621669778
 21
41.09527014439488
 31
0.0
  0
LINE
  5
82
330
1F
100
AcDbEntity
  8
0
  6
SLD-实线
 62
     7
370
    35
100
AcDbLine
 10
291.1443170161243
 20
16.43696207508706
 30
0.0
 11
410.0
 21
16.43696207508706
 31
0.0
  0
LINE
  5
83
330
1F
100
AcDbEntity
  8
0
  6
SLD-实线
 62
     7
420
 16777215
370
    35
100
AcDbLine
 10
357.8153027376635
 20
28.84173707839956
 30
0.0
 11
357.8153027376635
 21
23.27831184625608
 31
0.0
  0
LINE
  5
84
330
1F
100
AcDbEntity
  8
0
  6
SLD-实线
 62
     7
420
 16777215
370
    35
100
AcDbLine
 10
362.9461562905422
 20
24.3276609228413
 30
0.0
 11
362.9461562905422
 21
27.79238800181429
 31
0.0
  0
LINE
  5
85
330
1F
100
AcDbEntity
  8
0
  6
SLD-实线
 62
     7
420
 16777215
370
    18
100
AcDbLine
 10
409.9999621669779
 20
46.09816237289318
 30
0.0
 11
410.1794914685494
 21
46.09816237289318
 31
0.0
  0
LINE
  5
86
330
1F
100
AcDbEntity
  8
0
  6
SLD-实线
 62
     7
370
    18
100
AcDbLine
 10
344.9999621669777
 20
29.59878024713283
 30
0.0
 11
409.9999621669778
 21
29.59878024713283
 31
0.0
  0
LINE
  5
87
330
1F
100
AcDbEntity
  8
0
  6
SLD-实线
 62
     7
370
    35
100
AcDbLine
 10
345.1443170161244
 20
41.09527014439488
 30
0.0
 11
345.1443170161244
 21
9.999999999999998
 31
0.0
  0
LINE
  5
88
330
1F
100
AcDbEntity
  8
0
  6
SLD-实线
 62
     7
370
    18
100
AcDbLine
 10
355.3973915902437
 20
29.59878024713283
 30
0.0
 11
355.3973915902437
 21
22.49382680722902
 31
0.0
  0
LINE
  5
89
330
1F
100
AcDbEntity
  8
0
  6
SLD-实线
 62
     7
370
    18
100
AcDbLine
 10
344.9999621669777
 20
34.59878024713281
 30
0.0
 11
409.9999621669778
 21
34.59878024713281
 31
0.0
  0
LINE
  5
8A
330
1F
100
AcDbEntity
  8
0
  6
SLD-实线
 62
     7
370
    35
100
AcDbLine
 10
10.0
 20
48.49999999999998
 30
0.0
 11
0.0
 21
48.49999999999998
 31
0.0
  0
LINE
  5
8B
330
1F
100
AcDbEntity
  8
0
  6
SLD-实线
 62
     7
370
    35
100
AcDbLine
 10
410.0
 20
48.49999999999998
 30
0.0
 11
420.0
 21
48.49999999999998
 31
0.0
  0
LINE
  5
8C
330
1F
100
AcDbEntity
  8
0
  6
SLD-实线
 62
     7
370
    35
100
AcDbLine
 10
10.0
 20
98.49999999999999
 30
0.0
 11
0.0
 21
98.49999999999999
 31
0.0
  0
LINE
  5
8D
330
1F
100
AcDbEntity
  8
0
  6
SLD-实线
 62
     7
370
    35
100
AcDbLine
 10
410.0
 20
98.49999999999999
 30
0.0
 11
420.0
 21
98.49999999999999
 31
0.0
  0
LINE
  5
8E
330
1F
100
AcDbEntity
  8
0
  6
SLD-实线
 62
     7
370
    35
100
AcDbLine
 10
10.0
 20
148.5
 30
0.0
 11
0.0
 21
148.5
 31
0.0
  0
LINE
  5
8F
330
1F
100
AcDbEntity
  8
0
  6
SLD-实线
 62
     7
370
    35
100
AcDbLine
 10
410.0
 20
148.5
 30
0.0
 11
420.0
 21
148.5
 31
0.0
  0
LINE
  5
90
330
1F
100
AcDbEntity
  8
0
  6
SLD-实线
 62
     7
370
    35
100
AcDbLine
 10
10.0
 20
198.5
 30
0.0
 11
0.0
 21
198.5
 31
0.0
  0
LINE
  5
91
330
1F
100
AcDbEntity
  8
0
  6
SLD-实线
 62
     7
370
    35
100
AcDbLine
 10
410.0
 20
198.5
 30
0.0
 11
420.0
 21
198.5
 31
0.0
  0
LINE
  5
92
330
1F
100
AcDbEntity
  8
0
  6
SLD-实线
 62
     7
370
    35
100
AcDbLine
 10
10.0
 20
248.5
 30
0.0
 11
0.0
 21
248.5
 31
0.0
  0
LINE
  5
93
330
1F
100
AcDbEntity
  8
0
  6
SLD-实线
 62
     7
370
    35
100
AcDbLine
 10
410.0
 20
248.5
 30
0.0
 11
420.0
 21
248.5
 31
0.0
  0
LINE
  5
94
330
1F
100
AcDbEntity
  8
0
  6
SLD-实线
 62
     7
370
    35
100
AcDbLine
 10
59.99999999999997
 20
287.0
 30
0.0
 11
59.99999999999997
 21
297.0
 31
0.0
  0
LINE
  5
95
330
1F
100
AcDbEntity
  8
0
  6
SLD-实线
 62
     7
370
    35
100
AcDbLine
 10
59.99999999999997
 20
10.0
 30
0.0
 11
59.99999999999997
 21
0.0
 31
0.0
  0
LINE
  5
96
330
1F
100
AcDbEntity
  8
0
  6
SLD-实线
 62
     7
370
    35
100
AcDbLine
 10
110.0
 20
287.0
 30
0.0
 11
110.0
 21
297.0
 31
0.0
  0
LINE
  5
97
330
1F
100
AcDbEntity
  8
0
  6
SLD-实线
 62
     7
370
    35
100
AcDbLine
 10
110.0
 20
10.0
 30
0.0
 11
110.0
 21
0.0
 31
0.0
  0
LINE
  5
98
330
1F
100
AcDbEntity
  8
0
  6
SLD-实线
 62
     7
370
    35
100
AcDbLine
 10
159.9999999999999
 20
287.0
 30
0.0
 11
159.9999999999999
 21
297.0
 31
0.0
  0
LINE
  5
99
330
1F
100
AcDbEntity
  8
0
  6
SLD-实线
 62
     7
370
    35
100
AcDbLine
 10
159.9999999999999
 20
10.0
 30
0.0
 11
159.9999999999999
 21
0.0
 31
0.0
  0
LINE
  5
9A
330
1F
100
AcDbEntity
  8
0
  6
SLD-实线
 62
     7
370
    35
100
AcDbLine
 10
210.0
 20
287.0
 30
0.0
 11
210.0
 21
297.0
 31
0.0
  0
LINE
  5
9B
330
1F
100
AcDbEntity
  8
0
  6
SLD-实线
 62
     7
370
    35
100
AcDbLine
 10
210.0
 20
10.0
 30
0.0
 11
210.0
 21
0.0
 31
0.0
  0
LINE
  5
9C
330
1F
100
AcDbEntity
  8
0
  6
SLD-实线
 62
     7
370
    35
100
AcDbLine
 10
260.0
 20
287.0
 30
0.0
 11
260.0
 21
297.0
 31
0.0
  0
LINE
  5
9D
330
1F
100
AcDbEntity
  8
0
  6
SLD-实线
 62
     7
370
    35
100
AcDbLine
 10
260.0
 20
10.0
 30
0.0
 11
260.0
 21
0.0
 31
0.0
  0
LINE
  5
9E
330
1F
100
AcDbEntity
  8
0
  6
SLD-实线
 62
     7
370
    35
100
AcDbLine
 10
310.0
 20
287.0
 30
0.0
 11
310.0
 21
297.0
 31
0.0
  0
LINE
  5
9F
330
1F
100
AcDbEntity
  8
0
  6
SLD-实线
 62
     7
370
    35
100
AcDbLine
 10
310.0
 20
10.0
 30
0.0
 11
310.0
 21
0.0
 31
0.0
  0
LINE
  5
A0
330
1F
100
AcDbEntity
  8
0
  6
SLD-实线
 62
     7
370
    35
100
AcDbLine
 10
360.0
 20
287.0
 30
0.0
 11
360.0
 21
297.0
 31
0.0
  0
LINE
  5
A1
330
1F
100
AcDbEntity
  8
0
  6
SLD-实线
 62
     7
370
    35
100
AcDbLine
 10
360.0
 20
10.0
 30
0.0
 11
360.0
 21
0.0
 31
0.0
  0
LINE
  5
A2
330
1F
100
AcDbEntity
  8
0
  6
SLD-实线
 62
     7
370
    70
100
AcDbLine
 10
10.0
 20
10.0
 30
0.0
 11
10.0
 21
287.0
 31
0.0
  0
LINE
  5
A3
330
1F
100
AcDbEntity
  8
0
  6
SLD-实线
 62
     7
370
    70
100
AcDbLine
 10
10.0
 20
287.0
 30
0.0
 11
410.0
 21
287.0
 31
0.0
  0
LINE
  5
A4
330
1F
100
AcDbEntity
  8
0
  6
SLD-实线
 62
     7
370
    70
100
AcDbLine
 10
410.0
 20
287.0
 30
0.0
 11
410.0
 21
10.0
 31
0.0
  0
LINE
  5
A5
330
1F
100
AcDbEntity
  8
0
  6
SLD-实线
 62
     7
370
    70
100
AcDbLine
 10
410.0
 20
10.0
 30
0.0
 11
10.0
 21
10.0
 31
0.0
  0
LINE
  5
A6
330
1F
100
AcDbEntity
  8
0
  6
SLD-实线
 62
     7
370
    35
100
AcDbLine
 10
-0.0009999999999993
 20
148.5
 30
0.0
 11
15.001
 21
148.5
 31
0.0
  0
LINE
  5
A7
330
1F
100
AcDbEntity
  8
0
  6
SLD-实线
 62
     7
370
    35
100
AcDbLine
 10
210.0
 20
297.001
 30
0.0
 11
210.0
 21
281.999
 31
0.0
  0
LINE
  5
A8
330
1F
100
AcDbEntity
  8
0
  6
SLD-实线
 62
     7
370
    35
100
AcDbLine
 10
420.0009999999999
 20
148.5
 30
0.0
 11
404.999
 21
148.5
 31
0.0
  0
LINE
  5
A9
330
1F
100
AcDbEntity
  8
0
  6
SLD-实线
 62
     7
370
    35
100
AcDbLine
 10
210.0
 20
-0.0009999999999993
 30
0.0
 11
210.0
 21
15.001
 31
0.0
  0
CIRCLE
  5
AA
330
1F
100
AcDbEntity
  8
0
  6
SLD-实线
 62
     7
420
 16777215
370
    35
100
AcDbCircle
 10
350.4278036589154
 20
26.06002446232782
 30
0.0
 40
2.781712616071664
  0
CIRCLE
  5
AB
330
1F
100
AcDbEntity
  8
0
  6
SLD-实线
 62
     7
420
 16777215
370
    35
100
AcDbCircle
 10
350.4278036589154
 20
26.06002446232782
 30
0.0
 40
1.732363539486437
  0
MTEXT
  5
AD
330
1F
100
AcDbEntity
  8
0
  6
SLD-实线
 62
     7
420
 16777215
370
    18
100
AcDbMText
 10
14.19225535947967
 20
47.48644703022219
 30
0.0
 40
3.174999999999999
 41
0.0
 46
0.0
 71
     1
 72
     1
  1
技术要求：^J1、去锐角，去毛刺。^J2、未注倒角C0.5，未注圆角R0.5。^J3、未注尺寸公差按照GB/T1804-92m级。^J4、表面阳极氧化。
  7
SLDTEXTSTYLE0
 73
     1
 44
1.0
  0
MTEXT
  5
AF
330
1F
100
AcDbEntity
  8
0
  6
SLD-实线
 62
     7
420
 16777215
370
    18
100
AcDbMText
 10
225.8066004541608
 20
19.33878819235971
 30
0.0
 40
2.381249999999999
 41
0.0
 46
0.0
 71
     2
 72
     1
  1
A1
  7
SLDTEXTSTYLE1
 73
     1
 44
1.0
  0
MTEXT
  5
B1
330
1F
100
AcDbEntity
  8
0
  6
SLD-实线
 62
     7
420
 16777215
370
    18
100
AcDbMText
 10
260.0052596322123
 20
19.61925389546898
 30
0.0
 40
2.381249999999999
 41
0.0
 46
0.0
 71
     2
 72
     1
  1
审核
  7
SLDTEXTSTYLE2
 73
     1
 44
1.0
  0
MTEXT
  5
B2
330
1F
100
AcDbEntity
  8
0
  6
SLD-实线
 62
     7
420
 16777215
370
    18
100
AcDbMText
 10
235.3430403143786
 20
14.19783578829427
 30
0.0
 40
2.381249999999999
 41
0.0
 46
0.0
 71
     2
 72
     1
  1
变更内容
  7
SLDTEXTSTYLE2
 73
     1
 44
1.0
  0
MTEXT
  5
B3
330
1F
100
AcDbEntity
  8
0
  6
SLD-实线
 62
     7
420
 16777215
370
    18
100
AcDbMText
 10
260.0052596322123
 20
24.92739868276466
 30
0.0
 40
2.381249999999999
 41
0.0
 46
0.0
 71
     2
 72
     1
  1
设计
  7
SLDTEXTSTYLE2
 73
     1
 44
1.0
  0
MTEXT
  5
B5
330
1F
100
AcDbEntity
  8
0
  6
SLD-实线
 62
     7
420
 16777215
370
    18
100
AcDbMText
 10
249.2905969186002
 20
14.1944816300418
 30
0.0
 40
2.381249999999999
 41
0.0
 46
0.0
 71
     2
 72
     1
  1
日   期
  7
SLDTEXTSTYLE3
 73
     1
 44
1.0
  0
MTEXT
  5
B6
330
1F
100
AcDbEntity
  8
0
  6
SLD-实线
 62
     7
420
 16777215
370
    18
100
AcDbMText
 10
235.3430403143786
 20
19.33878819235971
 30
0.0
 40
2.381249999999999
 41
0.0
 46
0.0
 71
     2
 72
     1
  1
加工发行
  7
SLDTEXTSTYLE2
 73
     1
 44
1.0
  0
MTEXT
  5
B7
330
1F
100
AcDbEntity
  8
0
  6
SLD-实线
 62
     7
420
 16777215
370
    18
100
AcDbMText
 10
260.0052596322127
 20
14.47494733315107
 30
0.0
 40
2.381249999999999
 41
0.0
 46
0.0
 71
     2
 72
     1
  1
批准
  7
SLDTEXTSTYLE2
 73
     1
 44
1.0
  0
MTEXT
  5
B8
330
1F
100
AcDbEntity
  8
0
  6
SLD-实线
 62
     7
420
 16777215
370
    18
100
AcDbMText
 10
225.8606299338063
 20
14.19448163004179
 30
0.0
 40
2.381249999999999
 41
0.0
 46
0.0
 71
     2
 72
     1
  1
版本
  7
SLDTEXTSTYLE2
 73
     1
 44
1.0
  0
MTEXT
  5
B9
330
1F
100
AcDbEntity
  8
0
  6
SLD-实线
 62
     7
420
 16777215
370
    18
100
AcDbMText
 10
249.2449348626239
 20
19.33878816325588
 30
0.0
 40
2.381249999999999
 41
0.0
 46
0.0
 71
     2
 72
     1
  1
2025/7/24
  7
SLDTEXTSTYLE1
 73
     1
 44
1.0
  0
MTEXT
  5
BB
330
1F
100
AcDbEntity
  8
0
  6
SLD-实线
 62
     7
420
 16777215
370
    18
100
AcDbMText
 10
368.7920536012639
 20
22.09323663906173
 30
0.0
 40
3.5
 41
0.0
 46
0.0
 71
     2
 72
     1
  1
第  张
  7
SLDTEXTSTYLE4
 73
     1
 44
1.0
  0
MTEXT
  5
BC
330
1F
100
AcDbEntity
  8
0
  6
SLD-实线
 62
     7
420
 16777215
370
    18
100
AcDbMText
 10
352.8549608749587
 20
22.0932366390617
 30
0.0
 40
3.5
 41
0.0
 46
0.0
 71
     2
 72
     1
  1
共  张
  7
SLDTEXTSTYLE4
 73
     1
 44
1.0
  0
MTEXT
  5
BE
330
1F
100
AcDbEntity
  8
0
  6
SLD-实线
 62
     7
420
 16777215
370
    18
100
AcDbMText
 10
401.9372911022328
 20
28.15493542306683
 30
0.0
 40
3.5
 41
0.0
 46
0.0
 71
     2
 72
     1
  1
1:1
  7
SLDTEXTSTYLE5
 73
     1
 44
1.0
  0
MTEXT
  5
BF
330
1F
100
AcDbEntity
  8
0
  6
SLD-实线
 62
     7
420
 16777215
370
    18
100
AcDbMText
 10
402.7102077377311
 20
33.98595020832639
 30
0.0
 40
3.5
 41
0.0
 46
0.0
 71
     2
 72
     1
  1
比例
  7
SLDTEXTSTYLE0
 73
     1
 44
1.0
  0
MTEXT
  5
C0
330
1F
100
AcDbEntity
  8
0
  6
SLD-实线
 62
     7
420
 16777215
370
    18
100
AcDbMText
 10
292.7287451164206
 20
38.38711817015789
 30
0.0
 40
3.5
 41
0.0
 46
0.0
 71
     1
 72
     1
  1
零件名称：
  7
SLDTEXTSTYLE0
 73
     1
 44
1.0
  0
MTEXT
  5
C2
330
1F
100
AcDbEntity
  8
0
  6
SLD-实线
 62
     7
420
 16777215
370
    18
100
AcDbMText
 10
292.8285470259561
 20
30.81600171491621
 30
0.0
 40
3.5
 41
0.0
 46
0.0
 71
     1
 72
     1
  1
材    质：
  7
SLDTEXTSTYLE6
 73
     1
 44
1.0
  0
MTEXT
  5
C3
330
1F
100
AcDbEntity
  8
0
  6
SLD-实线
 62
     7
420
 16777215
370
    18
100
AcDbMText
 10
384.4977831745154
 20
34.2678946718216
 30
0.0
 40
3.5
 41
0.0
 46
0.0
 71
     2
 72
     1
  1
重量(Kg)
  7
SLDTEXTSTYLE0
 73
     1
 44
1.0
  0
MTEXT
  5
C4
330
1F
100
AcDbEntity
  8
0
  6
SLD-实线
 62
     7
420
 16777215
370
    18
100
AcDbMText
 10
355.4179134784561
 20
34.2678946718216
 30
0.0
 40
3.5
 41
0.0
 46
0.0
 71
     2
 72
     1
  1
图样标记
  7
SLDTEXTSTYLE0
 73
     1
 44
1.0
  0
MTEXT
  5
C5
330
1F
100
AcDbEntity
  8
0
  6
SLD-实线
 62
     7
420
 16777215
370
    18
100
AcDbMText
 10
384.537880025117
 20
22.09323663906176
 30
0.0
 40
3.5
 41
0.0
 46
0.0
 71
     2
 72
     1
  1
表面积
  7
SLDTEXTSTYLE0
 73
     1
 44
1.0
  0
MTEXT
  5
C6
330
1F
100
AcDbEntity
  8
0
  6
SLD-实线
 62
     7
420
 16777215
370
    18
100
AcDbMText
 10
292.680135665961
 20
23.46325593178711
 30
0.0
 40
3.5
 41
0.0
 46
0.0
 71
     1
 72
     1
  1
表面处理：
  7
SLDTEXTSTYLE0
 73
     1
 44
1.0
  0
MTEXT
  5
C7
330
1F
100
AcDbEntity
  8
0
  6
SLD-实线
 62
     7
420
 16777215
370
    18
100
AcDbMText
 10
370.89691506189
 20
34.2678946718216
 30
0.0
 40
3.5
 41
0.0
 46
0.0
 71
     2
 72
     1
  1
数量
  7
SLDTEXTSTYLE0
 73
     1
 44
1.0
  0
MTEXT
  5
C8
330
1F
100
AcDbEntity
  8
0
  6
SLD-实线
 62
     7
420
 16777215
370
    18
100
AcDbMText
 10
292.7054387279208
 20
15.52938617046578
 30
0.0
 40
3.5
 41
0.0
 46
0.0
 71
     1
 72
     1
  1
电控箱转接板1
  7
SLDTEXTSTYLE0
 73
     1
 44
1.0
  0
MTEXT
  5
CA
330
1F
100
AcDbEntity
  8
0
  6
Continuous
 62
     7
370
     0
100
AcDbMText
 10
4.957740209065377
 20
31.81015409000683
 30
0.0
 40
3.968749999999999
 41
0.0
 46
0.0
 71
     2
 72
     1
  1
F
  7
SLDTEXTSTYLE7
 73
     1
 44
1.0
  0
MTEXT
  5
CB
330
1F
100
AcDbEntity
  8
0
  6
Continuous
 62
     7
370
     0
100
AcDbMText
 10
414.9577402090653
 20
31.81015409000682
 30
0.0
 40
3.968749999999999
 41
0.0
 46
0.0
 71
     2
 72
     1
  1
F
  7
SLDTEXTSTYLE7
 73
     1
 44
1.0
  0
MTEXT
  5
CC
330
1F
100
AcDbEntity
  8
0
  6
Continuous
 62
     7
370
     0
100
AcDbMText
 10
5.007808905094861
 20
76.06015409000682
 30
0.0
 40
3.968749999999999
 41
0.0
 46
0.0
 71
     2
 72
     1
  1
E
  7
SLDTEXTSTYLE7
 73
     1
 44
1.0
  0
MTEXT
  5
CD
330
1F
100
AcDbEntity
  8
0
  6
Continuous
 62
     7
370
     0
100
AcDbMText
 10
415.0078089050948
 20
76.06015409000683
 30
0.0
 40
3.968749999999999
 41
0.0
 46
0.0
 71
     2
 72
     1
  1
E
  7
SLDTEXTSTYLE7
 73
     1
 44
1.0
  0
MTEXT
  5
CE
330
1F
100
AcDbEntity
  8
0
  6
Continuous
 62
     7
370
     0
100
AcDbMText
 10
4.952687282115221
 20
126.0601540900068
 30
0.0
 40
3.968749999999999
 41
0.0
 46
0.0
 71
     2
 72
     1
  1
D
  7
SLDTEXTSTYLE7
 73
     1
 44
1.0
  0
MTEXT
  5
CF
330
1F
100
AcDbEntity
  8
0
  6
Continuous
 62
     7
370
     0
100
AcDbMText
 10
414.9526872821152
 20
126.0601540900068
 30
0.0
 40
3.968749999999999
 41
0.0
 46
0.0
 71
     2
 72
     1
  1
D
  7
SLDTEXTSTYLE7
 73
     1
 44
1.0
  0
MTEXT
  5
D0
330
1F
100
AcDbEntity
  8
0
  6
Continuous
 62
     7
370
     0
100
AcDbMText
 10
4.958658901974558
 20
176.0601540900068
 30
0.0
 40
3.968749999999999
 41
0.0
 46
0.0
 71
     2
 72
     1
  1
C
  7
SLDTEXTSTYLE7
 73
     1
 44
1.0
  0
MTEXT
  5
D1
330
1F
100
AcDbEntity
  8
0
  6
Continuous
 62
     7
370
     0
100
AcDbMText
 10
414.9586589019746
 20
176.0601540900068
 30
0.0
 40
3.968749999999999
 41
0.0
 46
0.0
 71
     2
 72
     1
  1
C
  7
SLDTEXTSTYLE7
 73
     1
 44
1.0
  0
MTEXT
  5
D2
330
1F
100
AcDbEntity
  8
0
  6
Continuous
 62
     7
370
     0
100
AcDbMText
 10
4.970601824112236
 20
226.0601540900069
 30
0.0
 40
3.968749999999999
 41
0.0
 46
0.0
 71
     2
 72
     1
  1
B
  7
SLDTEXTSTYLE7
 73
     1
 44
1.0
  0
MTEXT
  5
D3
330
1F
100
AcDbEntity
  8
0
  6
Continuous
 62
     7
370
     0
100
AcDbMText
 10
414.9706018241122
 20
226.0601540900068
 30
0.0
 40
3.968749999999999
 41
0.0
 46
0.0
 71
     2
 72
     1
  1
B
  7
SLDTEXTSTYLE7
 73
     1
 44
1.0
  0
MTEXT
  5
D4
330
1F
100
AcDbEntity
  8
0
  6
Continuous
 62
     7
370
     0
100
AcDbMText
 10
4.839688142761587
 20
270.3101540900068
 30
0.0
 40
3.968749999999999
 41
0.0
 46
0.0
 71
     2
 72
     1
  1
A
  7
SLDTEXTSTYLE7
 73
     1
 44
1.0
  0
MTEXT
  5
D5
330
1F
100
AcDbEntity
  8
0
  6
Continuous
 62
     7
370
     0
100
AcDbMText
 10
414.8396881427616
 20
270.3101540900068
 30
0.0
 40
3.968749999999999
 41
0.0
 46
0.0
 71
     2
 72
     1
  1
A
  7
SLDTEXTSTYLE7
 73
     1
 44
1.0
  0
MTEXT
  5
D6
330
1F
100
AcDbEntity
  8
0
  6
Continuous
 62
     7
370
     0
100
AcDbMText
 10
34.96003694646059
 20
7.560154090006825
 30
0.0
 40
3.968749999999999
 41
0.0
 46
0.0
 71
     2
 72
     1
  1
1
  7
SLDTEXTSTYLE7
 73
     1
 44
1.0
  0
MTEXT
  5
D7
330
1F
100
AcDbEntity
  8
0
  6
Continuous
 62
     7
370
     0
100
AcDbMText
 10
34.96003694646059
 20
294.5601540900068
 30
0.0
 40
3.968749999999999
 41
0.0
 46
0.0
 71
     2
 72
     1
  1
1
  7
SLDTEXTSTYLE7
 73
     1
 44
1.0
  0
MTEXT
  5
D8
330
1F
100
AcDbEntity
  8
0
  6
Continuous
 62
     7
370
     0
100
AcDbMText
 10
84.96003694646057
 20
7.560154090006824
 30
0.0
 40
3.968749999999999
 41
0.0
 46
0.0
 71
     2
 72
     1
  1
2
  7
SLDTEXTSTYLE7
 73
     1
 44
1.0
  0
MTEXT
  5
D9
330
1F
100
AcDbEntity
  8
0
  6
Continuous
 62
     7
370
     0
100
AcDbMText
 10
84.96003694646059
 20
294.5601540900068
 30
0.0
 40
3.968749999999999
 41
0.0
 46
0.0
 71
     2
 72
     1
  1
2
  7
SLDTEXTSTYLE7
 73
     1
 44
1.0
  0
MTEXT
  5
DA
330
1F
100
AcDbEntity
  8
0
  6
Continuous
 62
     7
370
     0
100
AcDbMText
 10
134.9600369464605
 20
7.560154090006824
 30
0.0
 40
3.968749999999999
 41
0.0
 46
0.0
 71
     2
 72
     1
  1
3
  7
SLDTEXTSTYLE7
 73
     1
 44
1.0
  0
MTEXT
  5
DB
330
1F
100
AcDbEntity
  8
0
  6
Continuous
 62
     7
370
     0
100
AcDbMText
 10
134.9600369464605
 20
294.5601540900069
 30
0.0
 40
3.968749999999999
 41
0.0
 46
0.0
 71
     2
 72
     1
  1
3
  7
SLDTEXTSTYLE7
 73
     1
 44
1.0
  0
MTEXT
  5
DC
330
1F
100
AcDbEntity
  8
0
  6
Continuous
 62
     7
370
     0
100
AcDbMText
 10
184.9600369464606
 20
7.560154090006824
 30
0.0
 40
3.968749999999999
 41
0.0
 46
0.0
 71
     2
 72
     1
  1
4
  7
SLDTEXTSTYLE7
 73
     1
 44
1.0
  0
MTEXT
  5
DD
330
1F
100
AcDbEntity
  8
0
  6
Continuous
 62
     7
370
     0
100
AcDbMText
 10
184.9600369464606
 20
294.5601540900068
 30
0.0
 40
3.968749999999999
 41
0.0
 46
0.0
 71
     2
 72
     1
  1
4
  7
SLDTEXTSTYLE7
 73
     1
 44
1.0
  0
MTEXT
  5
DE
330
1F
100
AcDbEntity
  8
0
  6
Continuous
 62
     7
370
     0
100
AcDbMText
 10
234.9600369464606
 20
7.560154090006824
 30
0.0
 40
3.968749999999999
 41
0.0
 46
0.0
 71
     2
 72
     1
  1
5
  7
SLDTEXTSTYLE7
 73
     1
 44
1.0
  0
MTEXT
  5
DF
330
1F
100
AcDbEntity
  8
0
  6
Continuous
 62
     7
370
     0
100
AcDbMText
 10
234.9600369464606
 20
294.5601540900068
 30
0.0
 40
3.968749999999999
 41
0.0
 46
0.0
 71
     2
 72
     1
  1
5
  7
SLDTEXTSTYLE7
 73
     1
 44
1.0
  0
MTEXT
  5
E0
330
1F
100
AcDbEntity
  8
0
  6
Continuous
 62
     7
370
     0
100
AcDbMText
 10
284.9600369464607
 20
7.560154090006824
 30
0.0
 40
3.968749999999999
 41
0.0
 46
0.0
 71
     2
 72
     1
  1
6
  7
SLDTEXTSTYLE7
 73
     1
 44
1.0
  0
MTEXT
  5
E1
330
1F
100
AcDbEntity
  8
0
  6
Continuous
 62
     7
370
     0
100
AcDbMText
 10
284.9600369464607
 20
294.5601540900068
 30
0.0
 40
3.968749999999999
 41
0.0
 46
0.0
 71
     2
 72
     1
  1
6
  7
SLDTEXTSTYLE7
 73
     1
 44
1.0
  0
MTEXT
  5
E2
330
1F
100
AcDbEntity
  8
0
  6
Continuous
 62
     7
370
     0
100
AcDbMText
 10
334.9600369464606
 20
7.560154090006824
 30
0.0
 40
3.968749999999999
 41
0.0
 46
0.0
 71
     2
 72
     1
  1
7
  7
SLDTEXTSTYLE7
 73
     1
 44
1.0
  0
MTEXT
  5
E3
330
1F
100
AcDbEntity
  8
0
  6
Continuous
 62
     7
370
     0
100
AcDbMText
 10
334.9600369464606
 20
294.5601540900068
 30
0.0
 40
3.968749999999999
 41
0.0
 46
0.0
 71
     2
 72
     1
  1
7
  7
SLDTEXTSTYLE7
 73
     1
 44
1.0
  0
MTEXT
  5
E4
330
1F
100
AcDbEntity
  8
0
  6
Continuous
 62
     7
370
     0
100
AcDbMText
 10
384.9600369464607
 20
7.560154090006824
 30
0.0
 40
3.968749999999999
 41
0.0
 46
0.0
 71
     2
 72
     1
  1
8
  7
SLDTEXTSTYLE7
 73
     1
 44
1.0
  0
MTEXT
  5
E5
330
1F
100
AcDbEntity
  8
0
  6
Continuous
 62
     7
370
     0
100
AcDbMText
 10
384.9600369464607
 20
294.5601540900067
 30
0.0
 40
3.968749999999999
 41
0.0
 46
0.0
 71
     2
 72
     1
  1
8
  7
SLDTEXTSTYLE7
 73
     1
 44
1.0
  0
LINE
  5
E6
330
1F
100
AcDbEntity
  8
轮廓粗实线
100
AcDbLine
 10
176.0110587189915
 20
137.2747844236242
 30
0.0
 11
176.0110587189915
 21
137.7747844236242
 31
0.0
  0
LINE
  5
E7
330
1F
100
AcDbEntity
  8
轮廓粗实线
100
AcDbLine
 10
175.0110587189915
 20
137.7747844236242
 30
0.0
 11
175.0110587189915
 21
137.2747844236242
 31
0.0
  0
LINE
  5
E8
330
1F
100
AcDbEntity
  8
轮廓粗实线
100
AcDbLine
 10
175.0110587189915
 20
137.2747844236242
 30
0.0
 11
175.0110587189915
 21
134.1847844236242
 31
0.0
  0
LINE
  5
E9
330
1F
100
AcDbEntity
  8
轮廓粗实线
100
AcDbLine
 10
176.0110587189915
 20
134.1847844236242
 30
0.0
 11
176.0110587189915
 21
137.2747844236242
 31
0.0
  0
LINE
  5
EA
330
1F
100
AcDbEntity
  8
轮廓粗实线
100
AcDbLine
 10
172.4710587189915
 20
137.2747844236242
 30
0.0
 11
172.4710587189915
 21
134.1847844236242
 31
0.0
  0
LINE
  5
EB
330
1F
100
AcDbEntity
  8
轮廓粗实线
100
AcDbLine
 10
173.4710587189915
 20
134.1847844236242
 30
0.0
 11
173.4710587189915
 21
137.2747844236242
 31
0.0
  0
LINE
  5
EC
330
1F
100
AcDbEntity
  8
轮廓粗实线
100
AcDbLine
 10
173.4710587189915
 20
137.2747844236242
 30
0.0
 11
173.4710587189915
 21
137.7747844236242
 31
0.0
  0
LINE
  5
ED
330
1F
100
AcDbEntity
  8
轮廓粗实线
100
AcDbLine
 10
172.4710587189915
 20
137.7747844236242
 30
0.0
 11
172.4710587189915
 21
137.2747844236242
 31
0.0
  0
LINE
  5
EE
330
1F
100
AcDbEntity
  8
轮廓粗实线
100
AcDbLine
 10
169.9310587189915
 20
137.2747844236242
 30
0.0
 11
169.9310587189915
 21
134.1847844236242
 31
0.0
  0
LINE
  5
EF
330
1F
100
AcDbEntity
  8
轮廓粗实线
100
AcDbLine
 10
170.9310587189915
 20
134.1847844236242
 30
0.0
 11
170.9310587189915
 21
137.2747844236242
 31
0.0
  0
LINE
  5
F0
330
1F
100
AcDbEntity
  8
轮廓粗实线
100
AcDbLine
 10
170.9310587189915
 20
137.2747844236242
 30
0.0
 11
170.9310587189915
 21
137.7747844236242
 31
0.0
  0
LINE
  5
F1
330
1F
100
AcDbEntity
  8
轮廓粗实线
100
AcDbLine
 10
169.9310587189915
 20
137.7747844236242
 30
0.0
 11
169.9310587189915
 21
137.2747844236242
 31
0.0
  0
LINE
  5
F2
330
1F
100
AcDbEntity
  8
轮廓粗实线
100
AcDbLine
 10
168.3910587189915
 20
137.2747844236242
 30
0.0
 11
168.3910587189915
 21
137.7747844236242
 31
0.0
  0
LINE
  5
F3
330
1F
100
AcDbEntity
  8
轮廓粗实线
100
AcDbLine
 10
167.3910587189915
 20
137.7747844236242
 30
0.0
 11
167.3910587189915
 21
137.2747844236242
 31
0.0
  0
LINE
  5
F4
330
1F
100
AcDbEntity
  8
轮廓粗实线
100
AcDbLine
 10
167.3910587189915
 20
137.2747844236242
 30
0.0
 11
167.3910587189915
 21
134.1847844236242
 31
0.0
  0
LINE
  5
F5
330
1F
100
AcDbEntity
  8
轮廓粗实线
100
AcDbLine
 10
168.3910587189915
 20
134.1847844236242
 30
0.0
 11
168.3910587189915
 21
137.2747844236242
 31
0.0
  0
CIRCLE
  5
F6
330
1F
100
AcDbEntity
  8
轮廓粗实线
100
AcDbCircle
 10
191.0410587189915
 20
159.0847844236242
 30
0.0
 40
0.2499999999999716
  0
CIRCLE
  5
F7
330
1F
100
AcDbEntity
  8
轮廓粗实线
100
AcDbCircle
 10
193.5810587189915
 20
159.0847844236242
 30
0.0
 40
0.25
  0
LINE
  5
F8
330
1F
100
AcDbEntity
  8
轮廓粗实线
100
AcDbLine
 10
198.5810587189915
 20
161.9847844236242
 30
0.0
 11
188.5810587189915
 21
161.9847844236242
 31
0.0
  0
LINE
  5
F9
330
1F
100
AcDbEntity
  8
轮廓粗实线
100
AcDbLine
 10
198.5810587189915
 20
156.1847844236243
 30
0.0
 11
198.5810587189915
 21
161.9847844236242
 31
0.0
  0
LINE
  5
FA
330
1F
100
AcDbEntity
  8
轮廓粗实线
100
AcDbLine
 10
188.5810587189915
 20
156.1847844236243
 30
0.0
 11
198.5810587189915
 21
156.1847844236243
 31
0.0
  0
LINE
  5
FB
330
1F
100
AcDbEntity
  8
轮廓粗实线
100
AcDbLine
 10
188.5810587189915
 20
161.9847844236242
 30
0.0
 11
188.5810587189915
 21
156.1847844236243
 31
0.0
  0
LINE
  5
FC
330
1F
100
AcDbEntity
  8
轮廓粗实线
100
AcDbLine
 10
189.0810587189915
 20
156.6847844236242
 30
0.0
 11
198.0810587189915
 21
156.6847844236242
 31
0.0
  0
LINE
  5
FD
330
1F
100
AcDbEntity
  8
轮廓粗实线
100
AcDbLine
 10
198.0810587189915
 20
156.6847844236242
 30
0.0
 11
198.0810587189915
 21
161.4847844236242
 31
0.0
  0
LINE
  5
FE
330
1F
100
AcDbEntity
  8
轮廓粗实线
100
AcDbLine
 10
198.0810587189915
 20
161.4847844236242
 30
0.0
 11
189.0810587189915
 21
161.4847844236242
 31
0.0
  0
LINE
  5
FF
330
1F
100
AcDbEntity
  8
轮廓粗实线
100
AcDbLine
 10
189.0810587189915
 20
161.4847844236242
 30
0.0
 11
189.0810587189915
 21
156.6847844236242
 31
0.0
  0
CIRCLE
  5
100
330
1F
100
AcDbEntity
  8
轮廓粗实线
100
AcDbCircle
 10
196.1210587189915
 20
159.0847844236242
 30
0.0
 40
0.2500000000000284
  0
LINE
  5
101
330
1F
100
AcDbEntity
  8
轮廓粗实线
100
AcDbLine
 10
227.9310587189915
 20
161.9847844236242
 30
0.0
 11
217.9310587189915
 21
161.9847844236242
 31
0.0
  0
LINE
  5
102
330
1F
100
AcDbEntity
  8
轮廓粗实线
100
AcDbLine
 10
227.9310587189915
 20
156.1847844236243
 30
0.0
 11
227.9310587189915
 21
161.9847844236242
 31
0.0
  0
LINE
  5
103
330
1F
100
AcDbEntity
  8
轮廓粗实线
100
AcDbLine
 10
217.9310587189915
 20
156.1847844236243
 30
0.0
 11
227.9310587189915
 21
156.1847844236243
 31
0.0
  0
LINE
  5
104
330
1F
100
AcDbEntity
  8
轮廓粗实线
100
AcDbLine
 10
217.9310587189915
 20
161.9847844236242
 30
0.0
 11
217.9310587189915
 21
156.1847844236243
 31
0.0
  0
LINE
  5
105
330
1F
100
AcDbEntity
  8
轮廓粗实线
100
AcDbLine
 10
218.4310587189915
 20
161.4847844236242
 30
0.0
 11
218.4310587189915
 21
156.6847844236242
 31
0.0
  0
LINE
  5
106
330
1F
100
AcDbEntity
  8
轮廓粗实线
100
AcDbLine
 10
227.4310587189915
 20
156.6847844236242
 30
0.0
 11
227.4310587189915
 21
161.4847844236242
 31
0.0
  0
LINE
  5
107
330
1F
100
AcDbEntity
  8
轮廓粗实线
100
AcDbLine
 10
227.4310587189915
 20
161.4847844236242
 30
0.0
 11
218.4310587189915
 21
161.4847844236242
 31
0.0
  0
LINE
  5
108
330
1F
100
AcDbEntity
  8
轮廓粗实线
100
AcDbLine
 10
218.4310587189915
 20
156.6847844236242
 30
0.0
 11
227.4310587189915
 21
156.6847844236242
 31
0.0
  0
CIRCLE
  5
109
330
1F
100
AcDbEntity
  8
轮廓粗实线
100
AcDbCircle
 10
220.3910587189915
 20
159.0847844236242
 30
0.0
 40
0.25
  0
CIRCLE
  5
10A
330
1F
100
AcDbEntity
  8
轮廓粗实线
100
AcDbCircle
 10
225.4710587189915
 20
159.0847844236242
 30
0.0
 40
0.25
  0
CIRCLE
  5
10B
330
1F
100
AcDbEntity
  8
轮廓粗实线
100
AcDbCircle
 10
222.9310587189915
 20
159.0847844236242
 30
0.0
 40
0.25
  0
LINE
  5
10C
330
1F
100
AcDbEntity
  8
轮廓粗实线
100
AcDbLine
 10
151.1210587189915
 20
158.0847844236242
 30
0.0
 11
146.1210587189915
 21
158.0847844236242
 31
0.0
  0
LINE
  5
10D
330
1F
100
AcDbEntity
  8
轮廓粗实线
100
AcDbLine
 10
151.1210587189915
 20
155.0847844236242
 30
0.0
 11
151.1210587189915
 21
158.0847844236242
 31
0.0
  0
LINE
  5
10E
330
1F
100
AcDbEntity
  8
轮廓粗实线
100
AcDbLine
 10
151.1210587189915
 20
155.0847844236242
 30
0.0
 11
146.1210587189915
 21
155.0847844236242
 31
0.0
  0
LINE
  5
10F
330
1F
100
AcDbEntity
  8
轮廓粗实线
100
AcDbLine
 10
146.1210587189915
 20
155.0847844236242
 30
0.0
 11
146.1210587189915
 21
158.0847844236242
 31
0.0
  0
LINE
  5
110
330
1F
100
AcDbEntity
  8
轮廓粗实线
100
AcDbLine
 10
154.8210587189915
 20
151.1847844236242
 30
0.0
 11
142.4210587189915
 21
151.1847844236242
 31
0.0
  0
LINE
  5
111
330
1F
100
AcDbEntity
  8
轮廓粗实线
100
AcDbLine
 10
154.8210587189915
 20
151.1847844236242
 30
0.0
 11
154.8210587189915
 21
161.9847844236242
 31
0.0
  0
LINE
  5
112
330
1F
100
AcDbEntity
  8
轮廓粗实线
100
AcDbLine
 10
154.8210587189915
 20
161.9847844236242
 30
0.0
 11
142.4210587189915
 21
161.9847844236242
 31
0.0
  0
LINE
  5
113
330
1F
100
AcDbEntity
  8
轮廓粗实线
100
AcDbLine
 10
142.4210587189915
 20
151.1847844236242
 30
0.0
 11
142.4210587189915
 21
161.9847844236242
 31
0.0
  0
LINE
  5
114
330
1F
100
AcDbEntity
  8
轮廓粗实线
100
AcDbLine
 10
151.3210587189915
 20
152.6847844236242
 30
0.0
 11
153.3210587189915
 21
154.6847844236242
 31
0.0
  0
LINE
  5
115
330
1F
100
AcDbEntity
  8
轮廓粗实线
100
AcDbLine
 10
145.9210587189915
 20
152.6847844236242
 30
0.0
 11
151.3210587189915
 21
152.6847844236242
 31
0.0
  0
LINE
  5
116
330
1F
100
AcDbEntity
  8
轮廓粗实线
100
AcDbLine
 10
143.9210587189915
 20
154.6847844236242
 30
0.0
 11
145.9210587189915
 21
152.6847844236242
 31
0.0
  0
LINE
  5
117
330
1F
100
AcDbEntity
  8
轮廓粗实线
100
AcDbLine
 10
143.9210587189915
 20
160.4847844236242
 30
0.0
 11
143.9210587189915
 21
154.6847844236242
 31
0.0
  0
LINE
  5
118
330
1F
100
AcDbEntity
  8
轮廓粗实线
100
AcDbLine
 10
153.3210587189915
 20
160.4847844236242
 30
0.0
 11
143.9210587189915
 21
160.4847844236242
 31
0.0
  0
LINE
  5
119
330
1F
100
AcDbEntity
  8
轮廓粗实线
100
AcDbLine
 10
153.3210587189915
 20
154.6847844236242
 30
0.0
 11
153.3210587189915
 21
160.4847844236242
 31
0.0
  0
LINE
  5
11A
330
1F
100
AcDbEntity
  8
轮廓粗实线
100
AcDbLine
 10
162.8210587189913
 20
153.184784423624
 30
0.0
 11
180.5810587189913
 21
153.184784423624
 31
0.0
  0
LINE
  5
11B
330
1F
100
AcDbEntity
  8
轮廓粗实线
100
AcDbLine
 10
162.8210587189913
 20
161.984784423624
 30
0.0
 11
162.8210587189913
 21
153.184784423624
 31
0.0
  0
LINE
  5
11C
330
1F
100
AcDbEntity
  8
轮廓粗实线
100
AcDbLine
 10
180.5810587189913
 20
153.184784423624
 30
0.0
 11
180.5810587189914
 21
161.984784423624
 31
0.0
  0
LINE
  5
11D
330
1F
100
AcDbEntity
  8
轮廓粗实线
100
AcDbLine
 10
180.0810587189913
 20
153.684784423624
 30
0.0
 11
180.0810587189914
 21
161.484784423624
 31
0.0
  0
LINE
  5
11E
330
1F
100
AcDbEntity
  8
轮廓粗实线
100
AcDbLine
 10
180.0810587189914
 20
161.484784423624
 30
0.0
 11
163.3210587189913
 21
161.484784423624
 31
0.0
  0
LINE
  5
11F
330
1F
100
AcDbEntity
  8
轮廓粗实线
100
AcDbLine
 10
163.3210587189913
 20
153.684784423624
 30
0.0
 11
180.0810587189913
 21
153.684784423624
 31
0.0
  0
LINE
  5
120
330
1F
100
AcDbEntity
  8
轮廓粗实线
100
AcDbLine
 10
180.5810587189914
 20
161.984784423624
 30
0.0
 11
162.8210587189913
 21
161.984784423624
 31
0.0
  0
LINE
  5
121
330
1F
100
AcDbEntity
  8
轮廓粗实线
100
AcDbLine
 10
163.3210587189913
 20
161.484784423624
 30
0.0
 11
163.3210587189913
 21
153.684784423624
 31
0.0
  0
CIRCLE
  5
122
330
1F
100
AcDbEntity
  8
轮廓粗实线
100
AcDbCircle
 10
175.5110587189913
 20
158.854784423624
 30
0.0
 40
0.5
  0
CIRCLE
  5
123
330
1F
100
AcDbEntity
  8
轮廓粗实线
100
AcDbCircle
 10
172.9710587189913
 20
158.854784423624
 30
0.0
 40
0.5
  0
CIRCLE
  5
124
330
1F
100
AcDbEntity
  8
轮廓粗实线
100
AcDbCircle
 10
170.4310587189913
 20
158.854784423624
 30
0.0
 40
0.5
  0
CIRCLE
  5
125
330
1F
100
AcDbEntity
  8
轮廓粗实线
100
AcDbCircle
 10
167.8910587189913
 20
158.854784423624
 30
0.0
 40
0.5
  0
CIRCLE
  5
126
330
1F
100
AcDbEntity
  8
轮廓粗实线
100
AcDbCircle
 10
175.5110587189913
 20
156.314784423624
 30
0.0
 40
0.5
  0
CIRCLE
  5
127
330
1F
100
AcDbEntity
  8
轮廓粗实线
100
AcDbCircle
 10
172.9710587189913
 20
156.314784423624
 30
0.0
 40
0.5
  0
CIRCLE
  5
128
330
1F
100
AcDbEntity
  8
轮廓粗实线
100
AcDbCircle
 10
170.4310587189913
 20
156.314784423624
 30
0.0
 40
0.5
  0
CIRCLE
  5
129
330
1F
100
AcDbEntity
  8
轮廓粗实线
100
AcDbCircle
 10
167.8910587189913
 20
156.314784423624
 30
0.0
 40
0.5
  0
LINE
  5
12A
330
1F
100
AcDbEntity
  8
轮廓粗实线
100
AcDbLine
 10
154.8210587189915
 20
142.2847844236242
 30
0.0
 11
154.8210587189915
 21
125.4847844236242
 31
0.0
  0
LINE
  5
12B
330
1F
100
AcDbEntity
  8
轮廓粗实线
100
AcDbLine
 10
142.4210587189915
 20
125.4847844236242
 30
0.0
 11
154.8210587189915
 21
125.4847844236242
 31
0.0
  0
LINE
  5
12C
330
1F
100
AcDbEntity
  8
轮廓粗实线
100
AcDbLine
 10
142.4210587189915
 20
142.2847844236242
 30
0.0
 11
142.4210587189915
 21
125.4847844236242
 31
0.0
  0
LINE
  5
12D
330
1F
100
AcDbEntity
  8
轮廓粗实线
100
AcDbLine
 10
142.4210587189915
 20
142.2847844236242
 30
0.0
 11
154.8210587189915
 21
142.2847844236242
 31
0.0
  0
LINE
  5
12E
330
1F
100
AcDbEntity
  8
轮廓粗实线
100
AcDbLine
 10
180.5810587189915
 20
125.4847844236242
 30
0.0
 11
180.5810587189915
 21
134.1847844236242
 31
0.0
  0
LINE
  5
12F
330
1F
100
AcDbEntity
  8
轮廓粗实线
100
AcDbLine
 10
180.5810587189915
 20
125.4847844236242
 30
0.0
 11
162.8210587189915
 21
125.4847844236242
 31
0.0
  0
LINE
  5
130
330
1F
100
AcDbEntity
  8
轮廓粗实线
100
AcDbLine
 10
162.8210587189915
 20
125.4847844236242
 30
0.0
 11
162.8210587189915
 21
134.1847844236242
 31
0.0
  0
LINE
  5
131
330
1F
100
AcDbEntity
  8
轮廓粗实线
100
AcDbLine
 10
180.5810587189915
 20
134.1847844236242
 30
0.0
 11
162.8210587189915
 21
134.1847844236242
 31
0.0
  0
LWPOLYLINE
  5
132
330
1F
100
AcDbEntity
  8
轮廓粗实线
100
AcDbPolyline
 90
       10
 70
   128
 43
0.0
 10
176.0110587189915
 20
137.7747844236242
 10
175.9729984852471
 20
137.9661261398067
 10
175.8646121095848
 20
138.1283378142175
 10
175.702400435174
 20
138.2367241898798
 10
175.5110587189915
 20
138.2747844236242
 10
175.3197170028089
 20
138.2367241898798
 10
175.1575053283982
 20
138.1283378142174
 10
175.0491189527359
 20
137.9661261398067
 10
175.0110587189915
 20
137.7747844236242
 10
175.0110587189915
 20
137.7747844236242
  0
LWPOLYLINE
  5
133
330
1F
100
AcDbEntity
  8
轮廓粗实线
100
AcDbPolyline
 90
       10
 70
   128
 43
0.0
 10
173.4710587189915
 20
137.7747844236242
 10
173.4329984852471
 20
137.9661261398067
 10
173.3246121095847
 20
138.1283378142175
 10
173.162400435174
 20
138.2367241898798
 10
172.9710587189915
 20
138.2747844236242
 10
172.779717002809
 20
138.2367241898798
 10
172.6175053283983
 20
138.1283378142174
 10
172.5091189527359
 20
137.9661261398067
 10
172.4710587189915
 20
137.7747844236242
 10
172.4710587189915
 20
137.7747844236242
  0
LWPOLYLINE
  5
134
330
1F
100
AcDbEntity
  8
轮廓粗实线
100
AcDbPolyline
 90
       10
 70
   128
 43
0.0
 10
170.9310587189915
 20
137.7747844236242
 10
170.8929984852471
 20
137.9661261398067
 10
170.7846121095848
 20
138.1283378142175
 10
170.622400435174
 20
138.2367241898798
 10
170.4310587189915
 20
138.2747844236242
 10
170.239717002809
 20
138.2367241898798
 10
170.0775053283982
 20
138.1283378142174
 10
169.9691189527358
 20
137.9661261398067
 10
169.9310587189915
 20
137.7747844236242
 10
169.9310587189915
 20
137.7747844236242
  0
ARC
  5
135
330
1F
100
AcDbEntity
  8
轮廓粗实线
100
AcDbCircle
 10
167.8910587189915
 20
137.7747844236242
 30
0.0
 40
0.5
100
AcDbArc
 50
0.0
 51
180.0
  0
LINE
  5
136
330
1F
100
AcDbEntity
  8
轮廓粗实线
100
AcDbLine
 10
198.5810587189915
 20
125.4847844236242
 30
0.0
 11
188.5810587189915
 21
125.4847844236242
 31
0.0
  0
LINE
  5
137
330
1F
100
AcDbEntity
  8
轮廓粗实线
100
AcDbLine
 10
188.5810587189915
 20
125.4847844236242
 30
0.0
 11
188.5810587189915
 21
132.4847844236242
 31
0.0
  0
LINE
  5
138
330
1F
100
AcDbEntity
  8
轮廓粗实线
100
AcDbLine
 10
198.5810587189915
 20
132.4847844236242
 30
0.0
 11
188.5810587189915
 21
132.4847844236242
 31
0.0
  0
LINE
  5
139
330
1F
100
AcDbEntity
  8
轮廓粗实线
100
AcDbLine
 10
198.5810587189915
 20
125.4847844236242
 30
0.0
 11
198.5810587189915
 21
132.4847844236242
 31
0.0
  0
CIRCLE
  5
13A
330
1F
100
AcDbEntity
  8
轮廓粗实线
100
AcDbCircle
 10
191.0410587189915
 20
132.7347844236242
 30
0.0
 40
0.25
  0
CIRCLE
  5
13B
330
1F
100
AcDbEntity
  8
轮廓粗实线
100
AcDbCircle
 10
193.5810587189915
 20
132.7347844236242
 30
0.0
 40
0.25
  0
CIRCLE
  5
13C
330
1F
100
AcDbEntity
  8
轮廓粗实线
100
AcDbCircle
 10
196.1210587189915
 20
132.7347844236242
 30
0.0
 40
0.25
  0
LINE
  5
13D
330
1F
100
AcDbEntity
  8
轮廓粗实线
100
AcDbLine
 10
218.5810587189915
 20
131.3847844236242
 30
0.0
 11
227.2810587189915
 21
131.3847844236242
 31
0.0
  0
LINE
  5
13E
330
1F
100
AcDbEntity
  8
轮廓粗实线
100
AcDbLine
 10
227.2810587189915
 20
131.3847844236242
 30
0.0
 11
227.2810587189915
 21
126.9847844236242
 31
0.0
  0
LINE
  5
13F
330
1F
100
AcDbEntity
  8
轮廓粗实线
100
AcDbLine
 10
218.5810587189915
 20
126.9847844236242
 30
0.0
 11
218.5810587189915
 21
131.3847844236242
 31
0.0
  0
LINE
  5
140
330
1F
100
AcDbEntity
  8
轮廓粗实线
100
AcDbLine
 10
227.2810587189915
 20
126.9847844236242
 30
0.0
 11
218.5810587189915
 21
126.9847844236242
 31
0.0
  0
LINE
  5
141
330
1F
100
AcDbEntity
  8
轮廓粗实线
100
AcDbLine
 10
222.9310587189915
 20
121.9847844236242
 30
0.0
 11
222.9310587189915
 21
126.9847844236242
 31
0.0
  0
LINE
  5
142
330
1F
100
AcDbEntity
  8
轮廓粗实线
100
AcDbLine
 10
222.4967441439407
 20
121.9847844236242
 30
0.0
 11
222.9310587189915
 21
121.9847844236242
 31
0.0
  0
LINE
  5
143
330
1F
100
AcDbEntity
  8
轮廓粗实线
100
AcDbLine
 10
221.9310587189915
 20
122.5504698485735
 30
0.0
 11
222.4967441439407
 21
121.9847844236242
 31
0.0
  0
LINE
  5
144
330
1F
100
AcDbEntity
  8
轮廓粗实线
100
AcDbLine
 10
221.3653732940422
 20
121.9847844236242
 30
0.0
 11
221.9310587189915
 21
122.5504698485735
 31
0.0
  0
LINE
  5
145
330
1F
100
AcDbEntity
  8
轮廓粗实线
100
AcDbLine
 10
220.9310587189915
 20
121.9847844236242
 30
0.0
 11
221.3653732940422
 21
121.9847844236242
 31
0.0
  0
LINE
  5
146
330
1F
100
AcDbEntity
  8
轮廓粗实线
100
AcDbLine
 10
220.9310587189915
 20
126.9847844236242
 30
0.0
 11
220.9310587189915
 21
121.9847844236242
 31
0.0
  0
ARC
  5
147
330
1F
100
AcDbEntity
  8
轮廓粗实线
100
AcDbCircle
 10
132.8510587189915
 20
129.9847844236242
 30
0.0
 40
3.000000000000028
100
AcDbArc
 50
180.0
 51
270.0000000000008
  0
ARC
  5
148
330
1F
100
AcDbEntity
  8
轮廓粗实线
100
AcDbCircle
 10
132.8510587189915
 20
158.9847844236242
 30
0.0
 40
3.000000000000028
100
AcDbArc
 50
90.0
 51
180.0
  0
LINE
  5
149
330
1F
100
AcDbEntity
  8
轮廓粗实线
100
AcDbLine
 10
239.8510587189915
 20
158.9847844236242
 30
0.0
 11
239.8510587189915
 21
129.9847844236242
 31
0.0
  0
ARC
  5
14A
330
1F
100
AcDbEntity
  8
轮廓粗实线
100
AcDbCircle
 10
236.8510587189915
 20
129.9847844236242
 30
0.0
 40
3.0
100
AcDbArc
 50
270.0000000000008
 51
0.0000000000005428
  0
LINE
  5
14B
330
1F
100
AcDbEntity
  8
轮廓粗实线
100
AcDbLine
 10
236.8510587189915
 20
126.9847844236242
 30
0.0
 11
227.2810587189915
 21
126.9847844236242
 31
0.0
  0
LINE
  5
14C
330
1F
100
AcDbEntity
  8
轮廓粗实线
100
AcDbLine
 10
218.5810587189915
 20
126.9847844236242
 30
0.0
 11
198.5810587189915
 21
126.9847844236242
 31
0.0
  0
LINE
  5
14D
330
1F
100
AcDbEntity
  8
轮廓粗实线
100
AcDbLine
 10
188.5810587189915
 20
126.9847844236242
 30
0.0
 11
180.5810587189915
 21
126.9847844236242
 31
0.0
  0
LINE
  5
14E
330
1F
100
AcDbEntity
  8
轮廓粗实线
100
AcDbLine
 10
162.8210587189915
 20
126.9847844236242
 30
0.0
 11
154.8210587189915
 21
126.9847844236242
 31
0.0
  0
LINE
  5
14F
330
1F
100
AcDbEntity
  8
轮廓粗实线
100
AcDbLine
 10
142.4210587189915
 20
126.9847844236242
 30
0.0
 11
132.8510587189915
 21
126.9847844236242
 31
0.0
  0
CIRCLE
  5
150
330
1F
100
AcDbEntity
  8
轮廓粗实线
100
AcDbCircle
 10
234.8510587189915
 20
131.9847844236242
 30
0.0
 40
1.600000000000022
  0
CIRCLE
  5
151
330
1F
100
AcDbEntity
  8
轮廓粗实线
100
AcDbCircle
 10
134.8510587189915
 20
131.9847844236242
 30
0.0
 40
1.599999999999994
  0
CIRCLE
  5
152
330
1F
100
AcDbEntity
  8
轮廓粗实线
100
AcDbCircle
 10
234.8510587189915
 20
156.9847844236242
 30
0.0
 40
1.600000000000022
  0
CIRCLE
  5
153
330
1F
100
AcDbEntity
  8
轮廓粗实线
100
AcDbCircle
 10
134.8510587189915
 20
156.9847844236242
 30
0.0
 40
1.599999999999994
  0
LINE
  5
154
330
1F
100
AcDbEntity
  8
轮廓粗实线
100
AcDbLine
 10
129.8510587189915
 20
129.9847844236242
 30
0.0
 11
129.8510587189915
 21
158.9847844236242
 31
0.0
  0
LINE
  5
155
330
1F
100
AcDbEntity
  8
轮廓粗实线
100
AcDbLine
 10
132.8510587189915
 20
161.9847844236242
 30
0.0
 11
142.4210587189915
 21
161.9847844236242
 31
0.0
  0
LINE
  5
156
330
1F
100
AcDbEntity
  8
轮廓粗实线
100
AcDbLine
 10
154.8210587189915
 20
161.9847844236242
 30
0.0
 11
162.8210587189913
 21
161.9847844236242
 31
0.0
  0
LINE
  5
157
330
1F
100
AcDbEntity
  8
轮廓粗实线
100
AcDbLine
 10
180.5810587189913
 20
161.9847844236242
 30
0.0
 11
188.5810587189915
 21
161.9847844236242
 31
0.0
  0
LINE
  5
158
330
1F
100
AcDbEntity
  8
轮廓粗实线
100
AcDbLine
 10
198.5810587189915
 20
161.9847844236242
 30
0.0
 11
217.9310587189914
 21
161.9847844236242
 31
0.0
  0
LINE
  5
159
330
1F
100
AcDbEntity
  8
轮廓粗实线
100
AcDbLine
 10
227.9310587189915
 20
161.9847844236242
 30
0.0
 11
236.8510587189915
 21
161.9847844236242
 31
0.0
  0
ARC
  5
15A
330
1F
100
AcDbEntity
  8
轮廓粗实线
100
AcDbCircle
 10
236.8510587189915
 20
158.9847844236242
 30
0.0
 40
3.0
100
AcDbArc
 50
0.0
 51
90.0
  0
LINE
  5
15B
330
1F
100
AcDbEntity
  8
轮廓粗实线
100
AcDbLine
 10
176.0110587189915
 20
137.2747844236242
 30
0.0
 11
175.0110587189915
 21
137.2747844236242
 31
0.0
  0
LINE
  5
15C
330
1F
100
AcDbEntity
  8
轮廓粗实线
100
AcDbLine
 10
173.4710587189915
 20
137.2747844236242
 30
0.0
 11
172.4710587189915
 21
137.2747844236242
 31
0.0
  0
LINE
  5
15D
330
1F
100
AcDbEntity
  8
轮廓粗实线
100
AcDbLine
 10
170.9310587189915
 20
137.2747844236242
 30
0.0
 11
169.9310587189915
 21
137.2747844236242
 31
0.0
  0
LINE
  5
15E
330
1F
100
AcDbEntity
  8
轮廓粗实线
100
AcDbLine
 10
168.3910587189915
 20
137.2747844236242
 30
0.0
 11
167.3910587189915
 21
137.2747844236242
 31
0.0
  0
DIMENSION
  5
15F
330
1F
100
AcDbEntity
  8
0
  6
SLD-实线
 62
     5
420
      255
370
    25
100
AcDbDimension
  2
_D
 10
129.8510587189915
 20
171.9847844236243
 30
0.0
 11
182.9871631461202
 21
171.9847844236243
 31
0.0
 70
   160
  1
<>
 71
     2
 42
-1.0
 73
     0
 74
     0
 75
     0
  3
SLDDIMSTYLE0
100
AcDbAlignedDimension
 13
239.8510587189915
 23
158.9847844236242
 33
0.0
 14
129.8510587189915
 24
158.9847844236242
 34
0.0
100
AcDbRotatedDimension
  0
DIMENSION
  5
16A
330
1F
100
AcDbEntity
  8
0
  6
SLD-实线
 62
     5
420
      255
370
    25
100
AcDbDimension
  2
_D_1
 10
113.8510587189915
 20
126.9847844236242
 30
0.0
 11
113.8510587189915
 21
144.4847844236242
 31
0.0
 70
   160
  1
<>
 71
     2
 42
-1.0
 73
     0
 74
     0
 75
     0
  3
SLDDIMSTYLE0
100
AcDbAlignedDimension
 13
132.8510587189915
 23
161.9847844236242
 33
0.0
 14
132.8510587189915
 24
126.9847844236242
 34
0.0
 50
90.00000000000019
100
AcDbRotatedDimension
  0
DIMENSION
  5
174
330
1F
100
AcDbEntity
  8
0
  6
SLD-实线
 62
     5
420
      255
370
    25
100
AcDbDimension
  2
_D_2
 10
107.8510587189915
 20
125.4847844236242
 30
0.0
 11
107.8510587189915
 21
111.9847844236242
 31
0.0
 70
   160
  1
<>
 71
     2
 42
-1.0
 73
     0
 74
     0
 75
     0
  3
SLDDIMSTYLE1
100
AcDbAlignedDimension
 13
132.8510587189915
 23
126.9847844236242
 33
0.0
 14
142.4210587189915
 24
125.4847844236242
 34
0.0
 50
90.00000000000019
100
AcDbRotatedDimension
  0
DIMENSION
  5
181
330
1F
100
AcDbEntity
  8
0
  6
SLD-实线
 62
     5
420
      255
370
    25
100
AcDbDimension
  2
_D_3
 10
234.8510587189915
 20
111.9847844236242
 30
0.0
 11
184.8510587189915
 21
111.9847844236242
 31
0.0
 70
   160
  1
<>
 71
     2
 42
-1.0
 73
     0
 74
     0
 75
     0
  3
SLDDIMSTYLE0
100
AcDbAlignedDimension
 13
134.8510587189915
 23
131.9847844236242
 33
0.0
 14
234.8510587189915
 24
131.9847844236242
 34
0.0
100
AcDbRotatedDimension
  0
DIMENSION
  5
18B
330
1F
100
AcDbEntity
  8
0
  6
SLD-实线
 62
     5
420
      255
370
    25
100
AcDbDimension
  2
_D_4
 10
119.8510587189915
 20
131.9847844236242
 30
0.0
 11
119.8510587189915
 21
144.4847844236243
 31
0.0
 70
   160
  1
<>
 71
     2
 42
-1.0
 73
     0
 74
     0
 75
     0
  3
SLDDIMSTYLE0
100
AcDbAlignedDimension
 13
134.8510587189915
 23
156.9847844236242
 33
0.0
 14
134.8510587189915
 24
131.9847844236242
 34
0.0
 50
90.00000000000019
100
AcDbRotatedDimension
  0
DIMENSION
  5
195
330
1F
100
AcDbEntity
  8
0
  6
SLD-实线
 62
     5
420
      255
370
    25
100
AcDbDimension
  2
_D_5
 10
233.3060306095523
 20
157.400582621122
 30
0.0
 11
262.8131311041983
 21
154.9100532802721
 31
0.0
 70
   163
  1
<> 贯穿
 42
-1.0
 73
     0
 74
     0
 75
     0
  3
SLDDIMSTYLE2
100
AcDbDiametricDimension
 15
236.3960868284309
 25
156.5689862261264
 35
0.0
 40
0.0
  0
DIMENSION
  5
1A4
330
1F
100
AcDbEntity
  8
0
  6
SLD-实线
 62
     5
420
      255
370
    25
100
AcDbDimension
  2
_D_6
 10
236.8510587189915
 20
129.9847844236242
 30
0.0
 11
250.4183265931938
 21
118.9616166397217
 31
0.0
 70
   164
  1
<>
 42
-1.0
 73
     0
 74
     0
 75
     0
  3
SLDDIMSTYLE3
100
AcDbRadialDimension
 15
239.1794191333141
 25
128.0930292119185
 35
0.0
 40
0.0
  0
LINE
  5
1AD
330
1F
100
AcDbEntity
  8
轮廓粗实线
100
AcDbLine
 10
175.0110587189915
 20
202.359920516739
 30
0.0
 11
175.0110587189915
 21
200.9599205167389
 31
0.0
  0
LINE
  5
1AE
330
1F
100
AcDbEntity
  8
轮廓粗实线
100
AcDbLine
 10
176.0110587189915
 20
200.9599205167389
 30
0.0
 11
176.0110587189915
 21
202.359920516739
 31
0.0
  0
LINE
  5
1AF
330
1F
100
AcDbEntity
  8
轮廓粗实线
100
AcDbLine
 10
172.4710587189915
 20
202.359920516739
 30
0.0
 11
172.4710587189915
 21
200.9599205167389
 31
0.0
  0
LINE
  5
1B0
330
1F
100
AcDbEntity
  8
轮廓粗实线
100
AcDbLine
 10
173.4710587189915
 20
200.9599205167389
 30
0.0
 11
173.4710587189915
 21
202.359920516739
 31
0.0
  0
LINE
  5
1B1
330
1F
100
AcDbEntity
  8
轮廓粗实线
100
AcDbLine
 10
169.9310587189915
 20
202.359920516739
 30
0.0
 11
169.9310587189915
 21
200.9599205167389
 31
0.0
  0
LINE
  5
1B2
330
1F
100
AcDbEntity
  8
轮廓粗实线
100
AcDbLine
 10
170.9310587189915
 20
200.9599205167389
 30
0.0
 11
170.9310587189915
 21
202.359920516739
 31
0.0
  0
LINE
  5
1B3
330
1F
100
AcDbEntity
  8
轮廓粗实线
100
AcDbLine
 10
167.3910587189915
 20
202.359920516739
 30
0.0
 11
167.3910587189915
 21
200.9599205167389
 31
0.0
  0
LINE
  5
1B4
330
1F
100
AcDbEntity
  8
轮廓粗实线
100
AcDbLine
 10
168.3910587189915
 20
200.9599205167389
 30
0.0
 11
168.3910587189915
 21
202.359920516739
 31
0.0
  0
LINE
  5
1B5
330
1F
100
AcDbEntity
  8
轮廓粗实线
100
AcDbLine
 10
191.2910587189915
 20
200.959920516739
 30
0.0
 11
191.2910587189915
 21
202.359920516739
 31
0.0
  0
LINE
  5
1B6
330
1F
100
AcDbEntity
  8
轮廓粗实线
100
AcDbLine
 10
190.7910587189915
 20
202.359920516739
 30
0.0
 11
190.7910587189915
 21
200.959920516739
 31
0.0
  0
LINE
  5
1B7
330
1F
100
AcDbEntity
  8
轮廓粗实线
100
AcDbLine
 10
193.8310587189915
 20
200.959920516739
 30
0.0
 11
193.8310587189915
 21
202.359920516739
 31
0.0
  0
LINE
  5
1B8
330
1F
100
AcDbEntity
  8
轮廓粗实线
100
AcDbLine
 10
193.3310587189915
 20
202.359920516739
 30
0.0
 11
193.3310587189915
 21
200.959920516739
 31
0.0
  0
LINE
  5
1B9
330
1F
100
AcDbEntity
  8
轮廓粗实线
100
AcDbLine
 10
196.3710587189915
 20
200.959920516739
 30
0.0
 11
196.3710587189915
 21
202.359920516739
 31
0.0
  0
LINE
  5
1BA
330
1F
100
AcDbEntity
  8
轮廓粗实线
100
AcDbLine
 10
195.8710587189915
 20
202.359920516739
 30
0.0
 11
195.8710587189915
 21
200.959920516739
 31
0.0
  0
LINE
  5
1BB
330
1F
100
AcDbEntity
  8
轮廓粗实线
100
AcDbLine
 10
224.6810587189915
 20
202.359920516739
 30
0.0
 11
224.6810587189915
 21
201.3599205167389
 31
0.0
  0
LINE
  5
1BC
330
1F
100
AcDbEntity
  8
轮廓粗实线
100
AcDbLine
 10
225.1810587189915
 20
201.3599205167389
 30
0.0
 11
225.1810587189915
 21
202.359920516739
 31
0.0
  0
LINE
  5
1BD
330
1F
100
AcDbEntity
  8
轮廓粗实线
100
AcDbLine
 10
222.6810587189915
 20
202.359920516739
 30
0.0
 11
222.6810587189915
 21
201.3599205167389
 31
0.0
  0
LINE
  5
1BE
330
1F
100
AcDbEntity
  8
轮廓粗实线
100
AcDbLine
 10
223.1810587189915
 20
201.3599205167389
 30
0.0
 11
223.1810587189915
 21
202.359920516739
 31
0.0
  0
LINE
  5
1BF
330
1F
100
AcDbEntity
  8
轮廓粗实线
100
AcDbLine
 10
220.6810587189915
 20
202.359920516739
 30
0.0
 11
220.6810587189915
 21
201.3599205167389
 31
0.0
  0
LINE
  5
1C0
330
1F
100
AcDbEntity
  8
轮廓粗实线
100
AcDbLine
 10
221.1810587189915
 20
201.3599205167389
 30
0.0
 11
221.1810587189915
 21
202.359920516739
 31
0.0
  0
LINE
  5
1C1
330
1F
100
AcDbEntity
  8
轮廓粗实线
100
AcDbLine
 10
188.5810587189915
 20
210.959920516739
 30
0.0
 11
198.5810587189915
 21
210.959920516739
 31
0.0
  0
LINE
  5
1C2
330
1F
100
AcDbEntity
  8
轮廓粗实线
100
AcDbLine
 10
198.5810587189915
 20
210.959920516739
 30
0.0
 11
198.5810587189915
 21
209.759920516739
 31
0.0
  0
LINE
  5
1C3
330
1F
100
AcDbEntity
  8
轮廓粗实线
100
AcDbLine
 10
188.5810587189915
 20
210.959920516739
 30
0.0
 11
188.5810587189915
 21
209.759920516739
 31
0.0
  0
LINE
  5
1C4
330
1F
100
AcDbEntity
  8
轮廓粗实线
100
AcDbLine
 10
217.9310587189915
 20
210.959920516739
 30
0.0
 11
227.9310587189915
 21
210.959920516739
 31
0.0
  0
LINE
  5
1C5
330
1F
100
AcDbEntity
  8
轮廓粗实线
100
AcDbLine
 10
227.9310587189915
 20
210.959920516739
 30
0.0
 11
227.9310587189915
 21
203.959920516739
 31
0.0
  0
LINE
  5
1C6
330
1F
100
AcDbEntity
  8
轮廓粗实线
100
AcDbLine
 10
217.9310587189915
 20
210.959920516739
 30
0.0
 11
217.9310587189915
 21
203.959920516739
 31
0.0
  0
LINE
  5
1C7
330
1F
100
AcDbEntity
  8
轮廓粗实线
100
AcDbLine
 10
142.4210587189915
 20
214.7599205167391
 30
0.0
 11
142.4210587189915
 21
220.759920516739
 31
0.0
  0
LINE
  5
1C8
330
1F
100
AcDbEntity
  8
轮廓粗实线
100
AcDbLine
 10
154.8210587189915
 20
220.759920516739
 30
0.0
 11
142.4210587189915
 21
220.759920516739
 31
0.0
  0
LINE
  5
1C9
330
1F
100
AcDbEntity
  8
轮廓粗实线
100
AcDbLine
 10
154.8210587189915
 20
214.7599205167391
 30
0.0
 11
154.8210587189915
 21
220.759920516739
 31
0.0
  0
LINE
  5
1CA
330
1F
100
AcDbEntity
  8
轮廓粗实线
100
AcDbLine
 10
142.4210587189915
 20
214.7599205167389
 30
0.0
 11
154.8210587189915
 21
214.7599205167389
 31
0.0
  0
LINE
  5
1CB
330
1F
100
AcDbEntity
  8
轮廓粗实线
100
AcDbLine
 10
143.9210587189915
 20
205.4599205167389
 30
0.0
 11
153.3210587189915
 21
205.4599205167389
 31
0.0
  0
LINE
  5
1CC
330
1F
100
AcDbEntity
  8
轮廓粗实线
100
AcDbLine
 10
153.3210587189915
 20
205.4599205167389
 30
0.0
 11
153.3210587189915
 21
211.259920516739
 31
0.0
  0
LINE
  5
1CD
330
1F
100
AcDbEntity
  8
轮廓粗实线
100
AcDbLine
 10
153.3210587189915
 20
211.259920516739
 30
0.0
 11
151.3210587189915
 21
213.259920516739
 31
0.0
  0
LINE
  5
1CE
330
1F
100
AcDbEntity
  8
轮廓粗实线
100
AcDbLine
 10
151.3210587189915
 20
213.259920516739
 30
0.0
 11
145.9210587189915
 21
213.259920516739
 31
0.0
  0
LINE
  5
1CF
330
1F
100
AcDbEntity
  8
轮廓粗实线
100
AcDbLine
 10
145.9210587189915
 20
213.259920516739
 30
0.0
 11
143.9210587189915
 21
211.259920516739
 31
0.0
  0
LINE
  5
1D0
330
1F
100
AcDbEntity
  8
轮廓粗实线
100
AcDbLine
 10
143.9210587189915
 20
211.259920516739
 30
0.0
 11
143.9210587189915
 21
205.4599205167389
 31
0.0
  0
LINE
  5
1D1
330
1F
100
AcDbEntity
  8
轮廓粗实线
100
AcDbLine
 10
154.8210587189915
 20
214.7599205167389
 30
0.0
 11
154.8210587189915
 21
203.9599205167389
 31
0.0
  0
LINE
  5
1D2
330
1F
100
AcDbEntity
  8
轮廓粗实线
100
AcDbLine
 10
142.4210587189915
 20
214.7599205167389
 30
0.0
 11
142.4210587189915
 21
203.959920516739
 31
0.0
  0
LINE
  5
1D3
330
1F
100
AcDbEntity
  8
轮廓粗实线
100
AcDbLine
 10
142.4210587189915
 20
203.959920516739
 30
0.0
 11
154.8210587189915
 21
203.9599205167389
 31
0.0
  0
LINE
  5
1D4
330
1F
100
AcDbEntity
  8
轮廓粗实线
100
AcDbLine
 10
146.1210587189915
 20
207.8599205167389
 30
0.0
 11
151.1210587189915
 21
207.8599205167389
 31
0.0
  0
LINE
  5
1D5
330
1F
100
AcDbEntity
  8
轮廓粗实线
100
AcDbLine
 10
146.1210587189915
 20
210.8599205167389
 30
0.0
 11
146.1210587189915
 21
207.8599205167389
 31
0.0
  0
LINE
  5
1D6
330
1F
100
AcDbEntity
  8
轮廓粗实线
100
AcDbLine
 10
146.1210587189915
 20
210.8599205167389
 30
0.0
 11
151.1210587189915
 21
210.8599205167389
 31
0.0
  0
LINE
  5
1D7
330
1F
100
AcDbEntity
  8
轮廓粗实线
100
AcDbLine
 10
151.1210587189915
 20
210.8599205167389
 30
0.0
 11
151.1210587189915
 21
207.8599205167389
 31
0.0
  0
LINE
  5
1D8
330
1F
100
AcDbEntity
  8
轮廓粗实线
100
AcDbLine
 10
162.8210587189915
 20
203.9599205167389
 30
0.0
 11
180.5810587189915
 21
203.9599205167389
 31
0.0
  0
LINE
  5
1D9
330
1F
100
AcDbEntity
  8
轮廓粗实线
100
AcDbLine
 10
162.8210587189915
 20
212.7599205167389
 30
0.0
 11
162.8210587189915
 21
203.9599205167389
 31
0.0
  0
LINE
  5
1DA
330
1F
100
AcDbEntity
  8
轮廓粗实线
100
AcDbLine
 10
180.5810587189915
 20
212.7599205167389
 30
0.0
 11
162.8210587189915
 21
212.7599205167389
 31
0.0
  0
LINE
  5
1DB
330
1F
100
AcDbEntity
  8
轮廓粗实线
100
AcDbLine
 10
180.5810587189915
 20
203.9599205167389
 30
0.0
 11
180.5810587189915
 21
212.7599205167389
 31
0.0
  0
LINE
  5
1DC
330
1F
100
AcDbEntity
  8
轮廓粗实线
100
AcDbLine
 10
180.0810587189915
 20
204.4599205167389
 30
0.0
 11
180.0810587189915
 21
212.2599205167389
 31
0.0
  0
LINE
  5
1DD
330
1F
100
AcDbEntity
  8
轮廓粗实线
100
AcDbLine
 10
180.0810587189915
 20
212.2599205167389
 30
0.0
 11
163.3210587189915
 21
212.2599205167389
 31
0.0
  0
LINE
  5
1DE
330
1F
100
AcDbEntity
  8
轮廓粗实线
100
AcDbLine
 10
163.3210587189915
 20
212.2599205167389
 30
0.0
 11
163.3210587189915
 21
204.4599205167389
 31
0.0
  0
LINE
  5
1DF
330
1F
100
AcDbEntity
  8
轮廓粗实线
100
AcDbLine
 10
163.3210587189915
 20
204.4599205167389
 30
0.0
 11
180.0810587189915
 21
204.4599205167389
 31
0.0
  0
CIRCLE
  5
1E0
330
1F
100
AcDbEntity
  8
轮廓粗实线
100
AcDbCircle
 10
175.5110587189915
 20
209.6299205167389
 30
0.0
 40
0.5
  0
CIRCLE
  5
1E1
330
1F
100
AcDbEntity
  8
轮廓粗实线
100
AcDbCircle
 10
172.9710587189915
 20
209.6299205167389
 30
0.0
 40
0.5
  0
CIRCLE
  5
1E2
330
1F
100
AcDbEntity
  8
轮廓粗实线
100
AcDbCircle
 10
170.4310587189915
 20
209.6299205167389
 30
0.0
 40
0.5
  0
CIRCLE
  5
1E3
330
1F
100
AcDbEntity
  8
轮廓粗实线
100
AcDbCircle
 10
167.8910587189915
 20
209.6299205167389
 30
0.0
 40
0.5
  0
CIRCLE
  5
1E4
330
1F
100
AcDbEntity
  8
轮廓粗实线
100
AcDbCircle
 10
175.5110587189915
 20
207.0899205167389
 30
0.0
 40
0.5
  0
LINE
  5
1E5
330
1F
100
AcDbEntity
  8
轮廓粗实线
100
AcDbLine
 10
176.0110587189915
 20
200.9599205167389
 30
0.0
 11
175.0110587189915
 21
200.9599205167389
 31
0.0
  0
CIRCLE
  5
1E6
330
1F
100
AcDbEntity
  8
轮廓粗实线
100
AcDbCircle
 10
172.9710587189915
 20
207.0899205167389
 30
0.0
 40
0.5
  0
LINE
  5
1E7
330
1F
100
AcDbEntity
  8
轮廓粗实线
100
AcDbLine
 10
173.4710587189915
 20
200.9599205167389
 30
0.0
 11
172.4710587189915
 21
200.9599205167389
 31
0.0
  0
CIRCLE
  5
1E8
330
1F
100
AcDbEntity
  8
轮廓粗实线
100
AcDbCircle
 10
170.4310587189915
 20
207.0899205167389
 30
0.0
 40
0.5
  0
LINE
  5
1E9
330
1F
100
AcDbEntity
  8
轮廓粗实线
100
AcDbLine
 10
170.9310587189915
 20
200.9599205167389
 30
0.0
 11
169.9310587189915
 21
200.9599205167389
 31
0.0
  0
CIRCLE
  5
1EA
330
1F
100
AcDbEntity
  8
轮廓粗实线
100
AcDbCircle
 10
167.8910587189915
 20
207.0899205167389
 30
0.0
 40
0.5
  0
LINE
  5
1EB
330
1F
100
AcDbEntity
  8
轮廓粗实线
100
AcDbLine
 10
168.3910587189915
 20
200.9599205167389
 30
0.0
 11
167.3910587189915
 21
200.9599205167389
 31
0.0
  0
LINE
  5
1EC
330
1F
100
AcDbEntity
  8
轮廓粗实线
100
AcDbLine
 10
188.5810587189915
 20
203.959920516739
 30
0.0
 11
198.5810587189915
 21
203.959920516739
 31
0.0
  0
LINE
  5
1ED
330
1F
100
AcDbEntity
  8
轮廓粗实线
100
AcDbLine
 10
188.5810587189915
 20
209.7599205167389
 30
0.0
 11
188.5810587189915
 21
203.959920516739
 31
0.0
  0
LINE
  5
1EE
330
1F
100
AcDbEntity
  8
轮廓粗实线
100
AcDbLine
 10
198.5810587189915
 20
209.7599205167389
 30
0.0
 11
188.5810587189915
 21
209.7599205167389
 31
0.0
  0
LINE
  5
1EF
330
1F
100
AcDbEntity
  8
轮廓粗实线
100
AcDbLine
 10
198.5810587189915
 20
203.959920516739
 30
0.0
 11
198.5810587189915
 21
209.7599205167389
 31
0.0
  0
LINE
  5
1F0
330
1F
100
AcDbEntity
  8
轮廓粗实线
100
AcDbLine
 10
198.0810587189915
 20
204.459920516739
 30
0.0
 11
198.0810587189915
 21
209.259920516739
 31
0.0
  0
LINE
  5
1F1
330
1F
100
AcDbEntity
  8
轮廓粗实线
100
AcDbLine
 10
198.0810587189915
 20
209.259920516739
 30
0.0
 11
189.0810587189915
 21
209.259920516739
 31
0.0
  0
LINE
  5
1F2
330
1F
100
AcDbEntity
  8
轮廓粗实线
100
AcDbLine
 10
189.0810587189915
 20
209.259920516739
 30
0.0
 11
189.0810587189915
 21
204.459920516739
 31
0.0
  0
LINE
  5
1F3
330
1F
100
AcDbEntity
  8
轮廓粗实线
100
AcDbLine
 10
189.0810587189915
 20
204.459920516739
 30
0.0
 11
198.0810587189915
 21
204.459920516739
 31
0.0
  0
CIRCLE
  5
1F4
330
1F
100
AcDbEntity
  8
轮廓粗实线
100
AcDbCircle
 10
191.0410587189915
 20
206.859920516739
 30
0.0
 40
0.2500000000000284
  0
CIRCLE
  5
1F5
330
1F
100
AcDbEntity
  8
轮廓粗实线
100
AcDbCircle
 10
193.5810587189915
 20
206.859920516739
 30
0.0
 40
0.25
  0
CIRCLE
  5
1F6
330
1F
100
AcDbEntity
  8
轮廓粗实线
100
AcDbCircle
 10
196.1210587189915
 20
206.859920516739
 30
0.0
 40
0.2499999999999716
  0
LINE
  5
1F7
330
1F
100
AcDbEntity
  8
轮廓粗实线
100
AcDbLine
 10
191.0410587189915
 20
200.959920516739
 30
0.0
 11
191.2910587189915
 21
200.959920516739
 31
0.0
  0
LINE
  5
1F8
330
1F
100
AcDbEntity
  8
轮廓粗实线
100
AcDbLine
 10
190.7910587189915
 20
200.959920516739
 30
0.0
 11
191.0410587189915
 21
200.959920516739
 31
0.0
  0
LINE
  5
1F9
330
1F
100
AcDbEntity
  8
轮廓粗实线
100
AcDbLine
 10
193.5810587189915
 20
200.959920516739
 30
0.0
 11
193.8310587189915
 21
200.959920516739
 31
0.0
  0
LINE
  5
1FA
330
1F
100
AcDbEntity
  8
轮廓粗实线
100
AcDbLine
 10
193.3310587189915
 20
200.959920516739
 30
0.0
 11
193.5810587189915
 21
200.959920516739
 31
0.0
  0
LINE
  5
1FB
330
1F
100
AcDbEntity
  8
轮廓粗实线
100
AcDbLine
 10
196.1210587189915
 20
200.959920516739
 30
0.0
 11
196.3710587189915
 21
200.959920516739
 31
0.0
  0
LINE
  5
1FC
330
1F
100
AcDbEntity
  8
轮廓粗实线
100
AcDbLine
 10
195.8710587189915
 20
200.959920516739
 30
0.0
 11
196.1210587189915
 21
200.959920516739
 31
0.0
  0
LINE
  5
1FD
330
1F
100
AcDbEntity
  8
轮廓粗实线
100
AcDbLine
 10
221.9310587189915
 20
205.5099205167389
 30
0.0
 11
221.9310587189915
 21
207.5099205167389
 31
0.0
  0
LINE
  5
1FE
330
1F
100
AcDbEntity
  8
轮廓粗实线
100
AcDbLine
 10
221.3653732940422
 20
205.5099205167389
 30
0.0
 11
221.9310587189915
 21
205.5099205167389
 31
0.0
  0
LINE
  5
1FF
330
1F
100
AcDbEntity
  8
轮廓粗实线
100
AcDbLine
 10
221.3653732940422
 20
205.5099205167389
 30
0.0
 11
221.3653732940422
 21
207.5099205167389
 31
0.0
  0
LINE
  5
200
330
1F
100
AcDbEntity
  8
轮廓粗实线
100
AcDbLine
 10
221.3653732940422
 20
207.5099205167389
 30
0.0
 11
221.9310587189915
 21
207.5099205167389
 31
0.0
  0
LINE
  5
201
330
1F
100
AcDbEntity
  8
轮廓粗实线
100
AcDbLine
 10
220.9310587189915
 20
205.5099205167389
 30
0.0
 11
221.3653732940422
 21
205.5099205167389
 31
0.0
  0
LINE
  5
202
330
1F
100
AcDbEntity
  8
轮廓粗实线
100
AcDbLine
 10
220.9310587189915
 20
205.5099205167389
 30
0.0
 11
220.9310587189915
 21
207.5099205167389
 31
0.0
  0
LINE
  5
203
330
1F
100
AcDbEntity
  8
轮廓粗实线
100
AcDbLine
 10
220.9310587189915
 20
207.5099205167389
 30
0.0
 11
221.3653732940422
 21
207.5099205167389
 31
0.0
  0
LINE
  5
204
330
1F
100
AcDbEntity
  8
轮廓粗实线
100
AcDbLine
 10
222.9310587189915
 20
205.5099205167389
 30
0.0
 11
222.9310587189915
 21
207.5099205167389
 31
0.0
  0
LINE
  5
205
330
1F
100
AcDbEntity
  8
轮廓粗实线
100
AcDbLine
 10
222.4967441439407
 20
205.5099205167389
 30
0.0
 11
222.4967441439407
 21
207.5099205167389
 31
0.0
  0
LINE
  5
206
330
1F
100
AcDbEntity
  8
轮廓粗实线
100
AcDbLine
 10
222.4967441439407
 20
207.5099205167389
 30
0.0
 11
222.9310587189915
 21
207.5099205167389
 31
0.0
  0
LINE
  5
207
330
1F
100
AcDbEntity
  8
轮廓粗实线
100
AcDbLine
 10
222.4967441439407
 20
205.5099205167389
 30
0.0
 11
222.9310587189915
 21
205.5099205167389
 31
0.0
  0
LINE
  5
208
330
1F
100
AcDbEntity
  8
轮廓粗实线
100
AcDbLine
 10
221.9310587189915
 20
207.5099205167389
 30
0.0
 11
222.4967441439407
 21
207.5099205167389
 31
0.0
  0
LINE
  5
209
330
1F
100
AcDbEntity
  8
轮廓粗实线
100
AcDbLine
 10
221.9310587189915
 20
205.5099205167389
 30
0.0
 11
222.4967441439407
 21
205.5099205167389
 31
0.0
  0
LINE
  5
20A
330
1F
100
AcDbEntity
  8
轮廓粗实线
100
AcDbLine
 10
227.2810587189915
 20
208.6599205167389
 30
0.0
 11
218.5810587189915
 21
208.6599205167389
 31
0.0
  0
LINE
  5
20B
330
1F
100
AcDbEntity
  8
轮廓粗实线
100
AcDbLine
 10
227.2810587189915
 20
203.9599205167389
 30
0.0
 11
218.5810587189915
 21
203.9599205167389
 31
0.0
  0
LINE
  5
20C
330
1F
100
AcDbEntity
  8
轮廓粗实线
100
AcDbLine
 10
227.2810587189915
 20
203.9599205167389
 30
0.0
 11
227.2810587189915
 21
208.6599205167389
 31
0.0
  0
LINE
  5
20D
330
1F
100
AcDbEntity
  8
轮廓粗实线
100
AcDbLine
 10
218.5810587189915
 20
203.9599205167389
 30
0.0
 11
218.5810587189915
 21
208.6599205167389
 31
0.0
  0
LINE
  5
20E
330
1F
100
AcDbEntity
  8
轮廓粗实线
100
AcDbLine
 10
218.9810587189915
 20
202.359920516739
 30
0.0
 11
218.9810587189915
 21
201.3599205167389
 31
0.0
  0
LINE
  5
20F
330
1F
100
AcDbEntity
  8
轮廓粗实线
100
AcDbLine
 10
218.9810587189915
 20
201.3599205167389
 30
0.0
 11
218.5810587189915
 21
201.3599205167389
 31
0.0
  0
LINE
  5
210
330
1F
100
AcDbEntity
  8
轮廓粗实线
100
AcDbLine
 10
218.5810587189915
 20
202.359920516739
 30
0.0
 11
218.5810587189915
 21
201.3599205167389
 31
0.0
  0
LINE
  5
211
330
1F
100
AcDbEntity
  8
轮廓粗实线
100
AcDbLine
 10
226.8810587189915
 20
202.359920516739
 30
0.0
 11
226.8810587189915
 21
201.3599205167389
 31
0.0
  0
LINE
  5
212
330
1F
100
AcDbEntity
  8
轮廓粗实线
100
AcDbLine
 10
226.8810587189915
 20
201.3599205167389
 30
0.0
 11
227.2810587189915
 21
201.3599205167389
 31
0.0
  0
LINE
  5
213
330
1F
100
AcDbEntity
  8
轮廓粗实线
100
AcDbLine
 10
227.2810587189915
 20
202.359920516739
 30
0.0
 11
227.2810587189915
 21
201.3599205167389
 31
0.0
  0
LINE
  5
214
330
1F
100
AcDbEntity
  8
轮廓粗实线
100
AcDbLine
 10
225.1810587189915
 20
201.3599205167389
 30
0.0
 11
224.6810587189915
 21
201.3599205167389
 31
0.0
  0
LINE
  5
215
330
1F
100
AcDbEntity
  8
轮廓粗实线
100
AcDbLine
 10
223.1810587189915
 20
201.3599205167389
 30
0.0
 11
222.6810587189915
 21
201.3599205167389
 31
0.0
  0
LINE
  5
216
330
1F
100
AcDbEntity
  8
轮廓粗实线
100
AcDbLine
 10
221.1810587189915
 20
201.3599205167389
 30
0.0
 11
220.6810587189915
 21
201.3599205167389
 31
0.0
  0
LINE
  5
217
330
1F
100
AcDbEntity
  8
轮廓粗实线
100
AcDbLine
 10
129.8510587189915
 20
202.359920516739
 30
0.0
 11
129.8510587189915
 21
203.959920516739
 31
0.0
  0
LINE
  5
218
330
1F
100
AcDbEntity
  8
轮廓粗实线
100
AcDbLine
 10
129.8510587189915
 20
203.959920516739
 30
0.0
 11
132.8510587189915
 21
203.959920516739
 31
0.0
  0
LINE
  5
219
330
1F
100
AcDbEntity
  8
轮廓粗实线
100
AcDbLine
 10
132.8510587189915
 20
203.959920516739
 30
0.0
 11
132.8510587189915
 21
202.359920516739
 31
0.0
  0
LINE
  5
21A
330
1F
100
AcDbEntity
  8
轮廓粗实线
100
AcDbLine
 10
132.8510587189915
 20
202.359920516739
 30
0.0
 11
129.8510587189915
 21
202.359920516739
 31
0.0
  0
LINE
  5
21B
330
1F
100
AcDbEntity
  8
轮廓粗实线
100
AcDbLine
 10
236.8510587189915
 20
203.959920516739
 30
0.0
 11
198.5810587189915
 21
203.959920516739
 31
0.0
  0
LINE
  5
21C
330
1F
100
AcDbEntity
  8
轮廓粗实线
100
AcDbLine
 10
188.5810587189915
 20
203.959920516739
 30
0.0
 11
180.5810587189915
 21
203.959920516739
 31
0.0
  0
LINE
  5
21D
330
1F
100
AcDbEntity
  8
轮廓粗实线
100
AcDbLine
 10
162.8210587189915
 20
203.959920516739
 30
0.0
 11
154.8210587189915
 21
203.959920516739
 31
0.0
  0
LINE
  5
21E
330
1F
100
AcDbEntity
  8
轮廓粗实线
100
AcDbLine
 10
142.4210587189916
 20
203.959920516739
 30
0.0
 11
132.8510587189915
 21
203.959920516739
 31
0.0
  0
LINE
  5
21F
330
1F
100
AcDbEntity
  8
轮廓粗实线
100
AcDbLine
 10
236.8510587189915
 20
202.359920516739
 30
0.0
 11
236.8510587189915
 21
203.959920516739
 31
0.0
  0
LINE
  5
220
330
1F
100
AcDbEntity
  8
轮廓粗实线
100
AcDbLine
 10
236.8510587189915
 20
202.359920516739
 30
0.0
 11
132.8510587189915
 21
202.359920516739
 31
0.0
  0
LINE
  5
221
330
1F
100
AcDbEntity
  8
轮廓粗实线
100
AcDbLine
 10
236.8510587189915
 20
203.959920516739
 30
0.0
 11
239.8510587189915
 21
203.959920516739
 31
0.0
  0
LINE
  5
222
330
1F
100
AcDbEntity
  8
轮廓粗实线
100
AcDbLine
 10
239.8510587189915
 20
203.959920516739
 30
0.0
 11
239.8510587189915
 21
202.359920516739
 31
0.0
  0
LINE
  5
223
330
1F
100
AcDbEntity
  8
轮廓粗实线
100
AcDbLine
 10
239.8510587189915
 20
202.359920516739
 30
0.0
 11
236.8510587189915
 21
202.359920516739
 31
0.0
  0
LINE
  5
224
330
1F
100
AcDbEntity
  8
轮廓粗实线
100
AcDbLine
 10
175.0110587189913
 20
87.47722472573867
 30
0.0
 11
175.0110587189913
 21
86.07722472573886
 31
0.0
  0
LINE
  5
225
330
1F
100
AcDbEntity
  8
轮廓粗实线
100
AcDbLine
 10
176.0110587189913
 20
86.07722472573886
 30
0.0
 11
176.0110587189913
 21
87.47722472573867
 31
0.0
  0
LINE
  5
226
330
1F
100
AcDbEntity
  8
轮廓粗实线
100
AcDbLine
 10
172.4710587189913
 20
87.47722472573867
 30
0.0
 11
172.4710587189913
 21
86.07722472573886
 31
0.0
  0
LINE
  5
227
330
1F
100
AcDbEntity
  8
轮廓粗实线
100
AcDbLine
 10
173.4710587189913
 20
86.07722472573886
 30
0.0
 11
173.4710587189913
 21
87.47722472573867
 31
0.0
  0
LINE
  5
228
330
1F
100
AcDbEntity
  8
轮廓粗实线
100
AcDbLine
 10
169.9310587189913
 20
87.47722472573867
 30
0.0
 11
169.9310587189913
 21
86.07722472573886
 31
0.0
  0
LINE
  5
229
330
1F
100
AcDbEntity
  8
轮廓粗实线
100
AcDbLine
 10
170.9310587189913
 20
86.07722472573886
 30
0.0
 11
170.9310587189913
 21
87.47722472573867
 31
0.0
  0
LINE
  5
22A
330
1F
100
AcDbEntity
  8
轮廓粗实线
100
AcDbLine
 10
167.3910587189913
 20
87.47722472573867
 30
0.0
 11
167.3910587189913
 21
86.07722472573886
 31
0.0
  0
LINE
  5
22B
330
1F
100
AcDbEntity
  8
轮廓粗实线
100
AcDbLine
 10
168.3910587189913
 20
86.07722472573886
 30
0.0
 11
168.3910587189913
 21
87.47722472573867
 31
0.0
  0
LINE
  5
22C
330
1F
100
AcDbEntity
  8
轮廓粗实线
100
AcDbLine
 10
190.7910587189915
 20
87.4772247257389
 30
0.0
 11
190.7910587189915
 21
86.07722472573879
 31
0.0
  0
LINE
  5
22D
330
1F
100
AcDbEntity
  8
轮廓粗实线
100
AcDbLine
 10
191.2910587189915
 20
86.07722472573879
 30
0.0
 11
191.2910587189915
 21
87.4772247257389
 31
0.0
  0
LINE
  5
22E
330
1F
100
AcDbEntity
  8
轮廓粗实线
100
AcDbLine
 10
193.3310587189915
 20
87.4772247257389
 30
0.0
 11
193.3310587189915
 21
86.07722472573879
 31
0.0
  0
LINE
  5
22F
330
1F
100
AcDbEntity
  8
轮廓粗实线
100
AcDbLine
 10
193.8310587189915
 20
86.07722472573879
 30
0.0
 11
193.8310587189915
 21
87.4772247257389
 31
0.0
  0
LINE
  5
230
330
1F
100
AcDbEntity
  8
轮廓粗实线
100
AcDbLine
 10
195.8710587189915
 20
87.4772247257389
 30
0.0
 11
195.8710587189915
 21
86.07722472573879
 31
0.0
  0
LINE
  5
231
330
1F
100
AcDbEntity
  8
轮廓粗实线
100
AcDbLine
 10
196.3710587189915
 20
86.07722472573879
 30
0.0
 11
196.3710587189915
 21
87.4772247257389
 31
0.0
  0
LINE
  5
232
330
1F
100
AcDbEntity
  8
轮廓粗实线
100
AcDbLine
 10
225.1810587189915
 20
86.07722472573875
 30
0.0
 11
225.1810587189915
 21
87.07722472573896
 31
0.0
  0
LINE
  5
233
330
1F
100
AcDbEntity
  8
轮廓粗实线
100
AcDbLine
 10
224.6810587189915
 20
87.07722472573896
 30
0.0
 11
224.6810587189915
 21
86.07722472573875
 31
0.0
  0
LINE
  5
234
330
1F
100
AcDbEntity
  8
轮廓粗实线
100
AcDbLine
 10
223.1810587189915
 20
86.07722472573875
 30
0.0
 11
223.1810587189915
 21
87.07722472573896
 31
0.0
  0
LINE
  5
235
330
1F
100
AcDbEntity
  8
轮廓粗实线
100
AcDbLine
 10
222.6810587189915
 20
87.07722472573896
 30
0.0
 11
222.6810587189915
 21
86.07722472573875
 31
0.0
  0
LINE
  5
236
330
1F
100
AcDbEntity
  8
轮廓粗实线
100
AcDbLine
 10
221.1810587189915
 20
86.07722472573875
 30
0.0
 11
221.1810587189915
 21
87.07722472573896
 31
0.0
  0
LINE
  5
237
330
1F
100
AcDbEntity
  8
轮廓粗实线
100
AcDbLine
 10
220.6810587189915
 20
87.07722472573896
 30
0.0
 11
220.6810587189915
 21
86.07722472573875
 31
0.0
  0
LINE
  5
238
330
1F
100
AcDbEntity
  8
轮廓粗实线
100
AcDbLine
 10
198.5810587189915
 20
77.47722472573887
 30
0.0
 11
188.5810587189915
 21
77.47722472573887
 31
0.0
  0
LINE
  5
239
330
1F
100
AcDbEntity
  8
轮廓粗实线
100
AcDbLine
 10
198.5810587189915
 20
84.47722472573888
 30
0.0
 11
188.5810587189915
 21
84.47722472573888
 31
0.0
  0
LINE
  5
23A
330
1F
100
AcDbEntity
  8
轮廓粗实线
100
AcDbLine
 10
188.5810587189915
 20
77.47722472573887
 30
0.0
 11
188.5810587189915
 21
84.47722472573888
 31
0.0
  0
LINE
  5
23B
330
1F
100
AcDbEntity
  8
轮廓粗实线
100
AcDbLine
 10
198.5810587189915
 20
77.47722472573887
 30
0.0
 11
198.5810587189915
 21
84.47722472573888
 31
0.0
  0
LINE
  5
23C
330
1F
100
AcDbEntity
  8
轮廓粗实线
100
AcDbLine
 10
227.9310587189915
 20
77.47722472573887
 30
0.0
 11
217.9310587189915
 21
77.47722472573887
 31
0.0
  0
LINE
  5
23D
330
1F
100
AcDbEntity
  8
轮廓粗实线
100
AcDbLine
 10
227.9310587189915
 20
84.47722472573888
 30
0.0
 11
217.9310587189915
 21
84.47722472573888
 31
0.0
  0
LINE
  5
23E
330
1F
100
AcDbEntity
  8
轮廓粗实线
100
AcDbLine
 10
227.9310587189915
 20
77.47722472573887
 30
0.0
 11
227.9310587189915
 21
84.47722472573888
 31
0.0
  0
LINE
  5
23F
330
1F
100
AcDbEntity
  8
轮廓粗实线
100
AcDbLine
 10
217.9310587189915
 20
77.47722472573887
 30
0.0
 11
217.9310587189915
 21
84.47722472573888
 31
0.0
  0
LINE
  5
240
330
1F
100
AcDbEntity
  8
轮廓粗实线
100
AcDbLine
 10
154.8210587189915
 20
67.6772247257389
 30
0.0
 11
142.4210587189915
 21
67.6772247257389
 31
0.0
  0
LINE
  5
241
330
1F
100
AcDbEntity
  8
轮廓粗实线
100
AcDbLine
 10
154.8210587189915
 20
84.47722472573888
 30
0.0
 11
142.4210587189915
 21
84.47722472573888
 31
0.0
  0
LINE
  5
242
330
1F
100
AcDbEntity
  8
轮廓粗实线
100
AcDbLine
 10
154.8210587189915
 20
84.47722472573888
 30
0.0
 11
154.8210587189915
 21
67.6772247257389
 31
0.0
  0
LINE
  5
243
330
1F
100
AcDbEntity
  8
轮廓粗实线
100
AcDbLine
 10
142.4210587189915
 20
84.47722472573888
 30
0.0
 11
142.4210587189915
 21
67.6772247257389
 31
0.0
  0
LINE
  5
244
330
1F
100
AcDbEntity
  8
轮廓粗实线
100
AcDbLine
 10
180.5810587189914
 20
75.77722472573866
 30
0.0
 11
162.8210587189913
 21
75.77722472573866
 31
0.0
  0
LINE
  5
245
330
1F
100
AcDbEntity
  8
轮廓粗实线
100
AcDbLine
 10
180.5810587189914
 20
75.77722472573866
 30
0.0
 11
180.5810587189914
 21
84.47722472573868
 31
0.0
  0
LINE
  5
246
330
1F
100
AcDbEntity
  8
轮廓粗实线
100
AcDbLine
 10
180.5810587189914
 20
84.47722472573868
 30
0.0
 11
162.8210587189913
 21
84.47722472573868
 31
0.0
  0
LINE
  5
247
330
1F
100
AcDbEntity
  8
轮廓粗实线
100
AcDbLine
 10
162.8210587189913
 20
75.77722472573866
 30
0.0
 11
162.8210587189913
 21
84.47722472573868
 31
0.0
  0
LINE
  5
248
330
1F
100
AcDbEntity
  8
轮廓粗实线
100
AcDbLine
 10
176.0110587189913
 20
87.47722472573867
 30
0.0
 11
175.0110587189913
 21
87.47722472573867
 31
0.0
  0
LINE
  5
249
330
1F
100
AcDbEntity
  8
轮廓粗实线
100
AcDbLine
 10
173.4710587189913
 20
87.47722472573867
 30
0.0
 11
172.4710587189913
 21
87.47722472573867
 31
0.0
  0
LINE
  5
24A
330
1F
100
AcDbEntity
  8
轮廓粗实线
100
AcDbLine
 10
170.9310587189913
 20
87.47722472573867
 30
0.0
 11
169.9310587189913
 21
87.47722472573867
 31
0.0
  0
LINE
  5
24B
330
1F
100
AcDbEntity
  8
轮廓粗实线
100
AcDbLine
 10
168.3910587189913
 20
87.47722472573867
 30
0.0
 11
167.3910587189913
 21
87.47722472573867
 31
0.0
  0
LINE
  5
24C
330
1F
100
AcDbEntity
  8
轮廓粗实线
100
AcDbLine
 10
180.5810587189915
 20
75.67722472573898
 30
0.0
 11
162.8210587189915
 21
75.67722472573898
 31
0.0
  0
LINE
  5
24D
330
1F
100
AcDbEntity
  8
轮廓粗实线
100
AcDbLine
 10
162.8210587189915
 20
75.67722472573898
 30
0.0
 11
162.8210587189915
 21
75.77722472573859
 31
0.0
  0
LINE
  5
24E
330
1F
100
AcDbEntity
  8
轮廓粗实线
100
AcDbLine
 10
180.5810587189915
 20
75.77722472573859
 30
0.0
 11
180.5810587189915
 21
75.67722472573898
 31
0.0
  0
LINE
  5
24F
330
1F
100
AcDbEntity
  8
轮廓粗实线
100
AcDbLine
 10
191.2910587189915
 20
87.4772247257389
 30
0.0
 11
190.7910587189915
 21
87.4772247257389
 31
0.0
  0
LINE
  5
250
330
1F
100
AcDbEntity
  8
轮廓粗实线
100
AcDbLine
 10
193.8310587189915
 20
87.4772247257389
 30
0.0
 11
193.3310587189915
 21
87.4772247257389
 31
0.0
  0
LINE
  5
251
330
1F
100
AcDbEntity
  8
轮廓粗实线
100
AcDbLine
 10
196.3710587189915
 20
87.4772247257389
 30
0.0
 11
195.8710587189915
 21
87.4772247257389
 31
0.0
  0
LINE
  5
252
330
1F
100
AcDbEntity
  8
轮廓粗实线
100
AcDbLine
 10
218.9810587189915
 20
87.07722472573896
 30
0.0
 11
218.5810587189915
 21
87.07722472573896
 31
0.0
  0
LINE
  5
253
330
1F
100
AcDbEntity
  8
轮廓粗实线
100
AcDbLine
 10
218.9810587189915
 20
87.07722472573896
 30
0.0
 11
218.9810587189915
 21
86.07722472573875
 31
0.0
  0
LINE
  5
254
330
1F
100
AcDbEntity
  8
轮廓粗实线
100
AcDbLine
 10
218.5810587189915
 20
87.07722472573896
 30
0.0
 11
218.5810587189915
 21
86.07722472573875
 31
0.0
  0
LINE
  5
255
330
1F
100
AcDbEntity
  8
轮廓粗实线
100
AcDbLine
 10
226.8810587189915
 20
87.07722472573896
 30
0.0
 11
226.8810587189915
 21
86.07722472573875
 31
0.0
  0
LINE
  5
256
330
1F
100
AcDbEntity
  8
轮廓粗实线
100
AcDbLine
 10
226.8810587189915
 20
87.07722472573896
 30
0.0
 11
227.2810587189915
 21
87.07722472573896
 31
0.0
  0
LINE
  5
257
330
1F
100
AcDbEntity
  8
轮廓粗实线
100
AcDbLine
 10
227.2810587189915
 20
87.07722472573896
 30
0.0
 11
227.2810587189915
 21
86.07722472573875
 31
0.0
  0
LINE
  5
258
330
1F
100
AcDbEntity
  8
轮廓粗实线
100
AcDbLine
 10
224.6810587189915
 20
87.07722472573896
 30
0.0
 11
225.1810587189915
 21
87.07722472573896
 31
0.0
  0
LINE
  5
259
330
1F
100
AcDbEntity
  8
轮廓粗实线
100
AcDbLine
 10
222.6810587189915
 20
87.07722472573896
 30
0.0
 11
223.1810587189915
 21
87.07722472573896
 31
0.0
  0
LINE
  5
25A
330
1F
100
AcDbEntity
  8
轮廓粗实线
100
AcDbLine
 10
220.6810587189915
 20
87.07722472573896
 30
0.0
 11
221.1810587189915
 21
87.07722472573896
 31
0.0
  0
LINE
  5
25B
330
1F
100
AcDbEntity
  8
轮廓粗实线
100
AcDbLine
 10
236.8510587189915
 20
84.47722472573888
 30
0.0
 11
236.8510587189915
 21
86.07722472573886
 31
0.0
  0
LINE
  5
25C
330
1F
100
AcDbEntity
  8
轮廓粗实线
100
AcDbLine
 10
132.8510587189915
 20
84.47722472573888
 30
0.0
 11
236.8510587189915
 21
84.47722472573888
 31
0.0
  0
LINE
  5
25D
330
1F
100
AcDbEntity
  8
轮廓粗实线
100
AcDbLine
 10
132.8510587189915
 20
86.07722472573886
 30
0.0
 11
132.8510587189915
 21
84.47722472573888
 31
0.0
  0
LINE
  5
25E
330
1F
100
AcDbEntity
  8
轮廓粗实线
100
AcDbLine
 10
132.8510587189915
 20
86.07722472573886
 30
0.0
 11
236.8510587189915
 21
86.07722472573886
 31
0.0
  0
LINE
  5
25F
330
1F
100
AcDbEntity
  8
轮廓粗实线
100
AcDbLine
 10
239.8510587189915
 20
86.07722472573888
 30
0.0
 11
239.8510587189915
 21
84.47722472573888
 31
0.0
  0
LINE
  5
260
330
1F
100
AcDbEntity
  8
轮廓粗实线
100
AcDbLine
 10
239.8510587189915
 20
84.47722472573888
 30
0.0
 11
236.8510587189915
 21
84.47722472573888
 31
0.0
  0
LINE
  5
261
330
1F
100
AcDbEntity
  8
轮廓粗实线
100
AcDbLine
 10
236.8510587189915
 20
86.07722472573886
 30
0.0
 11
239.8510587189915
 21
86.07722472573888
 31
0.0
  0
LINE
  5
262
330
1F
100
AcDbEntity
  8
轮廓粗实线
100
AcDbLine
 10
132.8510587189915
 20
84.47722472573888
 30
0.0
 11
129.8510587189915
 21
84.47722472573888
 31
0.0
  0
LINE
  5
263
330
1F
100
AcDbEntity
  8
轮廓粗实线
100
AcDbLine
 10
129.8510587189915
 20
84.47722472573888
 30
0.0
 11
129.8510587189915
 21
86.07722472573886
 31
0.0
  0
LINE
  5
264
330
1F
100
AcDbEntity
  8
轮廓粗实线
100
AcDbLine
 10
129.8510587189915
 20
86.07722472573886
 30
0.0
 11
132.8510587189915
 21
86.07722472573886
 31
0.0
  0
LINE
  5
265
330
1F
100
AcDbEntity
  8
轮廓粗实线
100
AcDbLine
 10
286.6404685997185
 20
158.354784423624
 30
0.0
 11
288.0404685997184
 21
158.354784423624
 31
0.0
  0
LINE
  5
266
330
1F
100
AcDbEntity
  8
轮廓粗实线
100
AcDbLine
 10
288.0404685997184
 20
159.354784423624
 30
0.0
 11
286.6404685997185
 21
159.354784423624
 31
0.0
  0
LINE
  5
267
330
1F
100
AcDbEntity
  8
轮廓粗实线
100
AcDbLine
 10
288.0404685997184
 20
156.8147844236241
 30
0.0
 11
286.6404685997185
 21
156.8147844236241
 31
0.0
  0
LINE
  5
268
330
1F
100
AcDbEntity
  8
轮廓粗实线
100
AcDbLine
 10
286.6404685997185
 20
155.8147844236241
 30
0.0
 11
288.0404685997184
 21
155.8147844236241
 31
0.0
  0
LINE
  5
269
330
1F
100
AcDbEntity
  8
轮廓粗实线
100
AcDbLine
 10
286.6404685997182
 20
137.2747844236242
 30
0.0
 11
288.0404685997184
 21
137.2747844236242
 31
0.0
  0
LINE
  5
26A
330
1F
100
AcDbEntity
  8
轮廓粗实线
100
AcDbLine
 10
288.0404685997184
 20
138.2747844236242
 30
0.0
 11
286.6404685997182
 21
138.2747844236242
 31
0.0
  0
LINE
  5
26B
330
1F
100
AcDbEntity
  8
轮廓粗实线
100
AcDbLine
 10
288.0404685997184
 20
135.7347844236242
 30
0.0
 11
286.6404685997182
 21
135.7347844236242
 31
0.0
  0
LINE
  5
26C
330
1F
100
AcDbEntity
  8
轮廓粗实线
100
AcDbLine
 10
286.6404685997182
 20
134.7347844236242
 30
0.0
 11
288.0404685997184
 21
134.7347844236242
 31
0.0
  0
LINE
  5
26D
330
1F
100
AcDbEntity
  8
轮廓粗实线
100
AcDbLine
 10
286.6404685997182
 20
132.4847844236242
 30
0.0
 11
288.0404685997184
 21
132.4847844236242
 31
0.0
  0
LINE
  5
26E
330
1F
100
AcDbEntity
  8
轮廓粗实线
100
AcDbLine
 10
288.0404685997184
 20
132.9847844236242
 30
0.0
 11
286.6404685997182
 21
132.9847844236242
 31
0.0
  0
LINE
  5
26F
330
1F
100
AcDbEntity
  8
轮廓粗实线
100
AcDbLine
 10
289.6404685997183
 20
161.9847844236242
 30
0.0
 11
306.4404685997183
 21
161.9847844236242
 31
0.0
  0
LINE
  5
270
330
1F
100
AcDbEntity
  8
轮廓粗实线
100
AcDbLine
 10
306.4404685997183
 20
151.1847844236242
 30
0.0
 11
306.4404685997183
 21
161.9847844236242
 31
0.0
  0
LINE
  5
271
330
1F
100
AcDbEntity
  8
轮廓粗实线
100
AcDbLine
 10
289.6404685997183
 20
151.1847844236242
 30
0.0
 11
306.4404685997183
 21
151.1847844236242
 31
0.0
  0
LINE
  5
272
330
1F
100
AcDbEntity
  8
轮廓粗实线
100
AcDbLine
 10
286.6404685997185
 20
159.354784423624
 30
0.0
 11
286.6404685997185
 21
158.354784423624
 31
0.0
  0
LINE
  5
273
330
1F
100
AcDbEntity
  8
轮廓粗实线
100
AcDbLine
 10
286.6404685997185
 20
156.8147844236241
 30
0.0
 11
286.6404685997185
 21
155.8147844236241
 31
0.0
  0
LINE
  5
274
330
1F
100
AcDbEntity
  8
轮廓粗实线
100
AcDbLine
 10
300.4404685997183
 20
142.2847844236242
 30
0.0
 11
300.4404685997182
 21
125.4847844236242
 31
0.0
  0
LINE
  5
275
330
1F
100
AcDbEntity
  8
轮廓粗实线
100
AcDbLine
 10
300.4404685997183
 20
142.2847844236242
 30
0.0
 11
289.6404685997183
 21
142.2847844236242
 31
0.0
  0
LINE
  5
276
330
1F
100
AcDbEntity
  8
轮廓粗实线
100
AcDbLine
 10
289.6404685997183
 20
126.9847844236242
 30
0.0
 11
289.6404685997183
 21
125.4847844236242
 31
0.0
  0
LINE
  5
277
330
1F
100
AcDbEntity
  8
轮廓粗实线
100
AcDbLine
 10
300.4404685997182
 20
125.4847844236242
 30
0.0
 11
289.6404685997183
 21
125.4847844236242
 31
0.0
  0
LINE
  5
278
330
1F
100
AcDbEntity
  8
轮廓粗实线
100
AcDbLine
 10
286.6404685997182
 20
138.2747844236242
 30
0.0
 11
286.6404685997182
 21
137.2747844236242
 31
0.0
  0
LINE
  5
279
330
1F
100
AcDbEntity
  8
轮廓粗实线
100
AcDbLine
 10
286.6404685997182
 20
134.7347844236242
 30
0.0
 11
286.6404685997182
 21
135.7347844236242
 31
0.0
  0
LINE
  5
27A
330
1F
100
AcDbEntity
  8
轮廓粗实线
100
AcDbLine
 10
286.6404685997182
 20
132.9847844236242
 30
0.0
 11
286.6404685997182
 21
132.4847844236242
 31
0.0
  0
LINE
  5
27B
330
1F
100
AcDbEntity
  8
轮廓粗实线
100
AcDbLine
 10
288.0404685997186
 20
128.5847844236242
 30
0.0
 11
287.0404685997182
 21
128.5847844236242
 31
0.0
  0
LINE
  5
27C
330
1F
100
AcDbEntity
  8
轮廓粗实线
100
AcDbLine
 10
287.0404685997182
 20
128.5847844236242
 30
0.0
 11
287.0404685997182
 21
129.7847844236242
 31
0.0
  0
LINE
  5
27D
330
1F
100
AcDbEntity
  8
轮廓粗实线
100
AcDbLine
 10
287.0404685997182
 20
129.7847844236242
 30
0.0
 11
288.0404685997186
 21
129.7847844236242
 31
0.0
  0
LINE
  5
27E
330
1F
100
AcDbEntity
  8
轮廓粗实线
100
AcDbLine
 10
293.1904685997182
 20
125.4847844236242
 30
0.0
 11
293.1904685997182
 21
121.9847844236242
 31
0.0
  0
LINE
  5
27F
330
1F
100
AcDbEntity
  8
轮廓粗实线
100
AcDbLine
 10
291.1904685997182
 20
125.4847844236242
 30
0.0
 11
291.1904685997182
 21
121.9847844236242
 31
0.0
  0
LINE
  5
280
330
1F
100
AcDbEntity
  8
轮廓粗实线
100
AcDbLine
 10
291.1904685997182
 20
121.9847844236242
 30
0.0
 11
293.1904685997182
 21
121.9847844236242
 31
0.0
  0
LINE
  5
281
330
1F
100
AcDbEntity
  8
轮廓粗实线
100
AcDbLine
 10
288.0404685997182
 20
129.9847844236242
 30
0.0
 11
289.6404685997183
 21
129.9847844236242
 31
0.0
  0
LINE
  5
282
330
1F
100
AcDbEntity
  8
轮廓粗实线
100
AcDbLine
 10
288.0404685997182
 20
129.9847844236242
 30
0.0
 11
288.0404685997183
 21
158.9847844236242
 31
0.0
  0
LINE
  5
283
330
1F
100
AcDbEntity
  8
轮廓粗实线
100
AcDbLine
 10
289.6404685997183
 20
158.9847844236242
 30
0.0
 11
288.0404685997183
 21
158.9847844236242
 31
0.0
  0
LINE
  5
284
330
1F
100
AcDbEntity
  8
轮廓粗实线
100
AcDbLine
 10
289.6404685997183
 20
129.9847844236242
 30
0.0
 11
289.6404685997183
 21
158.9847844236242
 31
0.0
  0
LINE
  5
285
330
1F
100
AcDbEntity
  8
轮廓粗实线
100
AcDbLine
 10
289.6404685997183
 20
129.9847844236242
 30
0.0
 11
289.6404685997183
 21
126.9847844236242
 31
0.0
  0
LINE
  5
286
330
1F
100
AcDbEntity
  8
轮廓粗实线
100
AcDbLine
 10
289.6404685997183
 20
126.9847844236242
 30
0.0
 11
288.0404685997182
 21
126.9847844236242
 31
0.0
  0
LINE
  5
287
330
1F
100
AcDbEntity
  8
轮廓粗实线
100
AcDbLine
 10
288.0404685997182
 20
126.9847844236242
 30
0.0
 11
288.0404685997182
 21
129.9847844236242
 31
0.0
  0
LINE
  5
288
330
1F
100
AcDbEntity
  8
轮廓粗实线
100
AcDbLine
 10
288.0404685997183
 20
161.9847844236242
 30
0.0
 11
289.6404685997183
 21
161.9847844236242
 31
0.0
  0
LINE
  5
289
330
1F
100
AcDbEntity
  8
轮廓粗实线
100
AcDbLine
 10
289.6404685997183
 20
161.9847844236242
 30
0.0
 11
289.6404685997183
 21
158.9847844236242
 31
0.0
  0
LINE
  5
28A
330
1F
100
AcDbEntity
  8
轮廓粗实线
100
AcDbLine
 10
288.0404685997183
 20
158.9847844236242
 30
0.0
 11
288.0404685997183
 21
161.9847844236242
 31
0.0
  0
ENDSEC
  0
SECTION
  2
OBJECTS
  0
DICTIONARY
  5
C
330
0
100
AcDbDictionary
281
     1
  3
ACAD_CIP_PREVIOUS_PRODUCT_INFO
350
2A1
  3
ACAD_COLOR
350
298
  3
ACAD_DETAILVIEWSTYLE
350
293
  3
ACAD_GROUP
350
D
  3
ACAD_LAYOUT
350
1A
  3
ACAD_MATERIAL
350
43
  3
ACAD_MLEADERSTYLE
350
5B
  3
ACAD_MLINESTYLE
350
17
  3
ACAD_PLOTSETTINGS
350
19
  3
ACAD_PLOTSTYLENAME
350
E
  3
ACAD_SCALELIST
350
47
  3
ACAD_SECTIONVIEWSTYLE
350
294
  3
ACAD_TABLESTYLE
350
59
  3
ACAD_VISUALSTYLE
350
2A
  3
ACDB_RECOMPOSE_DATA
350
2BC
  3
AcDbVariableDictionary
350
28B
  0
SUN
  5
5D
330
29
100
AcDbSun
 90
        1
290
     0
 63
     7
421
 16777215
 40
1.0
291
     1
 91
  2455826
 92
 54000000
292
     0
 70
     0
 71
   256
280
     1
1001
ACAD
1000
AcDbSavedByObjectVersion
1070
     0
  0
DICTIONARY
  5
2A4
330
10
100
AcDbDictionary
280
     1
281
     1
  3
ADSK_XREC_LAYER_RECONCILED
360
2A5
  0
DICTIONARY
  5
2A6
330
65
100
AcDbDictionary
280
     1
281
     1
  3
ADSK_XREC_LAYER_RECONCILED
360
2A7
  0
DICTIONARY
  5
2A8
330
66
100
AcDbDictionary
280
     1
281
     1
  3
ADSK_XREC_LAYER_RECONCILED
360
2A9
  0
DICTIONARY
  5
2AA
330
67
100
AcDbDictionary
280
     1
281
     1
  3
ADSK_XREC_LAYER_RECONCILED
360
2AB
  0
DICTIONARY
  5
2AC
330
68
100
AcDbDictionary
280
     1
281
     1
  3
ADSK_XREC_LAYER_RECONCILED
360
2AD
  0
DICTIONARY
  5
2AE
330
69
100
AcDbDictionary
280
     1
281
     1
  3
ADSK_XREC_LAYER_RECONCILED
360
2AF
  0
DICTIONARY
  5
2B0
330
6A
100
AcDbDictionary
280
     1
281
     1
  3
ADSK_XREC_LAYER_RECONCILED
360
2B1
  0
DICTIONARY
  5
2B2
330
6B
100
AcDbDictionary
280
     1
281
     1
  3
ADSK_XREC_LAYER_RECONCILED
360
2B3
  0
DICTIONARY
  5
2B4
330
6C
100
AcDbDictionary
280
     1
281
     1
  3
ADSK_XREC_LAYER_RECONCILED
360
2B5
  0
XRECORD
  5
2A1
102
{ACAD_REACTORS
330
C
102
}
330
C
100
AcDbXrecord
280
     1
300
ACD
300
2023
300

  0
DICTIONARY
  5
298
102
{ACAD_REACTORS
330
C
102
}
330
C
100
AcDbDictionary
281
     1
  0
DICTIONARY
  5
293
102
{ACAD_REACTORS
330
C
102
}
330
C
100
AcDbDictionary
281
     1
  3
Metric50
350
29A
  0
DICTIONARY
  5
D
102
{ACAD_REACTORS
330
C
102
}
330
C
100
AcDbDictionary
281
     1
  0
DICTIONARY
  5
1A
102
{ACAD_REACTORS
330
C
102
}
330
C
100
AcDbDictionary
281
     1
  3
Layout1
350
1E
  3
Layout2
350
26
  3
Model
350
22
  0
DICTIONARY
  5
43
102
{ACAD_REACTORS
330
C
102
}
330
C
100
AcDbDictionary
281
     1
  3
ByBlock
350
45
  3
ByLayer
350
44
  3
Global
350
46
  0
DICTIONARY
  5
5B
102
{ACAD_REACTORS
330
C
102
}
330
C
100
AcDbDictionary
281
     1
  3
Standard
350
5C
  0
DICTIONARY
  5
17
102
{ACAD_REACTORS
330
C
102
}
330
C
100
AcDbDictionary
281
     1
  3
Standard
350
18
  0
DICTIONARY
  5
19
102
{ACAD_REACTORS
330
C
102
}
330
C
100
AcDbDictionary
281
     1
  0
ACDBDICTIONARYWDFLT
  5
E
102
{ACAD_REACTORS
330
C
102
}
330
C
100
AcDbDictionary
281
     1
  3
Normal
350
F
100
AcDbDictionaryWithDefault
340
F
  0
DICTIONARY
  5
47
102
{ACAD_REACTORS
330
C
102
}
330
C
100
AcDbDictionary
281
     1
  3
A0
350
48
  3
A1
350
49
  3
A2
350
4A
  3
A3
350
4B
  3
A4
350
4C
  3
A5
350
4D
  3
A6
350
4E
  3
A7
350
4F
  3
A8
350
50
  3
A9
350
51
  3
B0
350
52
  3
B1
350
53
  3
B2
350
54
  3
B3
350
55
  3
B4
350
56
  3
B5
350
57
  3
B6
350
58
  0
DICTIONARY
  5
294
102
{ACAD_REACTORS
330
C
102
}
330
C
100
AcDbDictionary
281
     1
  3
Metric50
350
299
  0
DICTIONARY
  5
59
102
{ACAD_REACTORS
330
C
102
}
330
C
100
AcDbDictionary
281
     1
  3
Standard
350
5A
  0
DICTIONARY
  5
2A
102
{ACAD_REACTORS
330
C
102
}
330
C
100
AcDbDictionary
281
     1
  3
2dWireframe
350
2F
  3
Basic
350
32
  3
Brighten
350
36
  3
ColorChange
350
3A
  3
Conceptual
350
34
  3
Dim
350
35
  3
EdgeColorOff
350
3D
  3
Facepattern
350
39
  3
Flat
350
2B
  3
FlatWithEdges
350
2C
  3
Gouraud
350
2D
  3
GouraudWithEdges
350
2E
  3
Hidden
350
31
  3
JitterOff
350
3B
  3
Linepattern
350
38
  3
OverhangOff
350
3C
  3
Realistic
350
33
  3
Shaded
350
42
  3
Shaded with edges
350
41
  3
Shades of Gray
350
3E
  3
Sketchy
350
3F
  3
Thicken
350
37
  3
Wireframe
350
30
  3
X-Ray
350
40
  0
XRECORD
  5
2BC
102
{ACAD_REACTORS
330
C
102
}
330
C
100
AcDbXrecord
280
     1
 90
        1
330
5A
  0
DICTIONARY
  5
28B
102
{ACAD_REACTORS
330
C
102
}
330
C
100
AcDbDictionary
281
     1
  3
CANNOSCALE
350
28C
  3
CENTEREXE
350
295
  3
CENTERLTYPEFILE
350
296
  3
CMLEADERSTYLE
350
292
  3
CTABLESTYLE
350
291
  3
CVIEWDETAILSTYLE
350
2B6
  3
CVIEWSECTIONSTYLE
350
2B7
  3
LAYEREVAL
350
2B8
  3
LAYERNOTIFY
350
2B9
  0
XRECORD
  5
2A5
102
{ACAD_REACTORS
330
2A4
102
}
330
2A4
100
AcDbXrecord
280
     1
290
     1
  0
XRECORD
  5
2A7
102
{ACAD_REACTORS
330
2A6
102
}
330
2A6
100
AcDbXrecord
280
     1
290
     1
  0
XRECORD
  5
2A9
102
{ACAD_REACTORS
330
2A8
102
}
330
2A8
100
AcDbXrecord
280
     1
290
     1
  0
XRECORD
  5
2AB
102
{ACAD_REACTORS
330
2AA
102
}
330
2AA
100
AcDbXrecord
280
     1
290
     1
  0
XRECORD
  5
2AD
102
{ACAD_REACTORS
330
2AC
102
}
330
2AC
100
AcDbXrecord
280
     1
290
     1
  0
XRECORD
  5
2AF
102
{ACAD_REACTORS
330
2AE
102
}
330
2AE
100
AcDbXrecord
280
     1
290
     1
  0
XRECORD
  5
2B1
102
{ACAD_REACTORS
330
2B0
102
}
330
2B0
100
AcDbXrecord
280
     1
290
     1
  0
XRECORD
  5
2B3
102
{ACAD_REACTORS
330
2B2
102
}
330
2B2
100
AcDbXrecord
280
     1
290
     1
  0
XRECORD
  5
2B5
102
{ACAD_REACTORS
330
2B4
102
}
330
2B4
100
AcDbXrecord
280
     1
290
     1
  0
ACDBDETAILVIEWSTYLE
  5
29A
102
{ACAD_XDICTIONARY
360
2EF
102
}
102
{ACAD_REACTORS
330
293
102
}
330
293
100
AcDbModelDocViewStyle
 70
     0
  3
Metric50
290
     0
100
AcDbDetailViewStyle
 70
     0
 71
     0
 90
        3
 71
     1
340
11
 62
   256
 40
5.0
340
0
 62
   256
 40
5.0
300

 40
0.0
280
     1
 71
     2
340
16
 90
       25
 62
   256
 71
     3
340
11
 62
   256
 40
5.0
 90
        0
 40
15.0
 90
        1
300
%<\AcVar ViewDetailId>% (%<\AcVar ViewScale \f "%sn">%)
 71
     4
340
16
 90
       25
 62
   256
340
16
 90
       25
 62
   256
280
     0
  0
LAYOUT
  5
1E
102
{ACAD_REACTORS
330
1A
102
}
330
1A
100
AcDbPlotSettings
  1

  2
none_device
  4

  6

 40
0.0
 41
0.0
 42
0.0
 43
0.0
 44
0.0
 45
0.0
 46
0.0
 47
0.0
 48
0.0
 49
0.0
140
0.0
141
0.0
142
1.0
143
1.0
 70
   688
 72
     1
 73
     0
 74
     5
  7

 75
    16
147
1.0
 76
     0
 77
     2
 78
   300
148
0.0
149
0.0
100
AcDbLayout
  1
Layout1
 70
     1
 71
     1
 10
0.0
 20
0.0
 11
420.0
 21
297.0
 12
0.0
 22
0.0
 32
0.0
 14
1.000000000000000E+20
 24
1.000000000000000E+20
 34
1.000000000000000E+20
 15
-1.000000000000000E+20
 25
-1.000000000000000E+20
 35
-1.000000000000000E+20
146
0.0
 13
0.0
 23
0.0
 33
0.0
 16
1.0
 26
0.0
 36
0.0
 17
0.0
 27
1.0
 37
0.0
 76
     0
330
1B
  0
LAYOUT
  5
26
102
{ACAD_REACTORS
330
1A
102
}
330
1A
100
AcDbPlotSettings
  1

  2
none_device
  4

  6

 40
0.0
 41
0.0
 42
0.0
 43
0.0
 44
0.0
 45
0.0
 46
0.0
 47
0.0
 48
0.0
 49
0.0
140
0.0
141
0.0
142
1.0
143
1.0
 70
   688
 72
     1
 73
     0
 74
     5
  7

 75
    16
147
1.0
 76
     0
 77
     2
 78
   300
148
0.0
149
0.0
100
AcDbLayout
  1
Layout2
 70
     1
 71
     2
 10
0.0
 20
0.0
 11
0.0
 21
0.0
 12
0.0
 22
0.0
 32
0.0
 14
0.0
 24
0.0
 34
0.0
 15
0.0
 25
0.0
 35
0.0
146
0.0
 13
0.0
 23
0.0
 33
0.0
 16
1.0
 26
0.0
 36
0.0
 17
0.0
 27
1.0
 37
0.0
 76
     0
330
23
  0
LAYOUT
  5
22
102
{ACAD_REACTORS
330
1A
102
}
330
1A
100
AcDbPlotSettings
  1

  2
none_device
  4
Letter_(8.50_x_11.00_Inches)
  6

 40
6.349999999999999
 41
6.349999999999999
 42
6.350005079999999
 43
6.350005079999999
 44
215.9
 45
279.4
 46
0.0
 47
0.0
 48
0.0
 49
0.0
140
0.0
141
0.0
142
1.0
143
1.0
 70
  1712
 72
     1
 73
     0
 74
     0
  7

 75
     0
147
1.0
 76
     0
 77
     2
 78
   300
148
0.0
149
0.0
100
AcDbLayout
  1
Model
 70
     1
 71
     0
 10
0.0
 20
0.0
 11
420.0
 21
297.0
 12
0.0
 22
0.0
 32
0.0
 14
0.0
 24
0.0
 34
0.0
 15
420.0
 25
297.0
 35
0.0
146
0.0
 13
0.0
 23
0.0
 33
0.0
 16
1.0
 26
0.0
 36
0.0
 17
0.0
 27
1.0
 37
0.0
 76
     0
330
1F
331
29
  0
MATERIAL
  5
45
102
{ACAD_REACTORS
330
43
102
}
330
43
100
AcDbMaterial
  1
ByBlock
 73
     1
 78
     1
172
     1
176
     1
270
     1
274
     1
  0
MATERIAL
  5
44
102
{ACAD_REACTORS
330
43
102
}
330
43
100
AcDbMaterial
  1
ByLayer
 73
     1
 78
     1
172
     1
176
     1
270
     1
274
     1
  0
MATERIAL
  5
46
102
{ACAD_REACTORS
330
43
102
}
330
43
100
AcDbMaterial
  1
Global
 73
     1
 78
     1
172
     1
176
     1
270
     1
274
     1
  0
MLEADERSTYLE
  5
5C
102
{ACAD_REACTORS
330
5B
102
}
330
5B
100
AcDbMLeaderStyle
170
     2
171
     1
172
     0
 90
        2
 40
0.0
 41
0.0
173
     1
 91
-1056964608
340
14
 92
       -2
290
     1
 42
2.0
291
     1
 43
8.0
  3
Standard
 44
4.0
300

342
11
174
     1
178
     6
175
     1
176
     0
 93
-1056964608
 45
4.0
292
     0
297
     0
 46
4.0
 94
-1056964608
 47
1.0
 49
1.0
140
1.0
293
     1
141
0.0
294
     1
177
     0
142
1.0
295
     0
296
     0
143
3.75
1001
ACAD_MLEADERVER
1070
     2
  0
MLINESTYLE
  5
18
102
{ACAD_REACTORS
330
17
102
}
330
17
100
AcDbMlineStyle
  2
STANDARD
 70
     0
  3

 62
   256
 51
90.0
 52
90.0
 71
     2
 49
0.5
 62
   256
  6
BYLAYER
 49
-0.5
 62
   256
  6
BYLAYER
  0
ACDBPLACEHOLDER
  5
F
102
{ACAD_REACTORS
330
E
102
}
330
E
  0
SCALE
  5
48
102
{ACAD_REACTORS
330
47
102
}
330
47
100
AcDbScale
 70
     0
300
1:1
140
1.0
141
1.0
290
     1
  0
SCALE
  5
49
102
{ACAD_REACTORS
330
47
102
}
330
47
100
AcDbScale
 70
     0
300
1:2
140
1.0
141
2.0
290
     0
  0
SCALE
  5
4A
102
{ACAD_REACTORS
330
47
102
}
330
47
100
AcDbScale
 70
     0
300
1:4
140
1.0
141
4.0
290
     0
  0
SCALE
  5
4B
102
{ACAD_REACTORS
330
47
102
}
330
47
100
AcDbScale
 70
     0
300
1:5
140
1.0
141
5.0
290
     0
  0
SCALE
  5
4C
102
{ACAD_REACTORS
330
47
102
}
330
47
100
AcDbScale
 70
     0
300
1:8
140
1.0
141
8.0
290
     0
  0
SCALE
  5
4D
102
{ACAD_REACTORS
330
47
102
}
330
47
100
AcDbScale
 70
     0
300
1:10
140
1.0
141
10.0
290
     0
  0
SCALE
  5
4E
102
{ACAD_REACTORS
330
47
102
}
330
47
100
AcDbScale
 70
     0
300
1:16
140
1.0
141
16.0
290
     0
  0
SCALE
  5
4F
102
{ACAD_REACTORS
330
47
102
}
330
47
100
AcDbScale
 70
     0
300
1:20
140
1.0
141
20.0
290
     0
  0
SCALE
  5
50
102
{ACAD_REACTORS
330
47
102
}
330
47
100
AcDbScale
 70
     0
300
1:30
140
1.0
141
30.0
290
     0
  0
SCALE
  5
51
102
{ACAD_REACTORS
330
47
102
}
330
47
100
AcDbScale
 70
     0
300
1:40
140
1.0
141
40.0
290
     0
  0
SCALE
  5
52
102
{ACAD_REACTORS
330
47
102
}
330
47
100
AcDbScale
 70
     0
300
1:50
140
1.0
141
50.0
290
     0
  0
SCALE
  5
53
102
{ACAD_REACTORS
330
47
102
}
330
47
100
AcDbScale
 70
     0
300
1:100
140
1.0
141
100.0
290
     0
  0
SCALE
  5
54
102
{ACAD_REACTORS
330
47
102
}
330
47
100
AcDbScale
 70
     0
300
2:1
140
2.0
141
1.0
290
     0
  0
SCALE
  5
55
102
{ACAD_REACTORS
330
47
102
}
330
47
100
AcDbScale
 70
     0
300
4:1
140
4.0
141
1.0
290
     0
  0
SCALE
  5
56
102
{ACAD_REACTORS
330
47
102
}
330
47
100
AcDbScale
 70
     0
300
8:1
140
8.0
141
1.0
290
     0
  0
SCALE
  5
57
102
{ACAD_REACTORS
330
47
102
}
330
47
100
AcDbScale
 70
     0
300
10:1
140
10.0
141
1.0
290
     0
  0
SCALE
  5
58
102
{ACAD_REACTORS
330
47
102
}
330
47
100
AcDbScale
 70
     0
300
100:1
140
100.0
141
1.0
290
     0
  0
ACDBSECTIONVIEWSTYLE
  5
299
102
{ACAD_XDICTIONARY
360
2ED
102
}
102
{ACAD_REACTORS
330
294
102
}
330
294
100
AcDbModelDocViewStyle
 70
     0
  3
Metric50
290
     0
100
AcDbSectionViewStyle
 70
     0
 71
     0
 90
      102
 71
     1
340
11
 62
   256
 40
5.0
340
0
340
0
 62
   256
 40
5.0
300
I, O, Q, S, X, Z
 40
10.0
 90
        0
 40
2.5
 90
        0
 71
     2
340
16
 90
       25
 62
   256
340
16
 90
       50
 62
   256
 40
5.0
 40
2.5
 40
5.0
 71
     3
340
11
 62
   256
 40
5.0
 90
        0
 40
15.0
 90
        1
300
%<\AcVar ViewSectionStartId>%-%<\AcVar ViewSectionEndId>% (%<\AcVar ViewScale \f "%sn">%)
 71
     4
 62
   256
 62
   257
300
ANSI31
 40
1.0
 90
        0
290
     0
290
     0
 90
        6
 40
0.0
 40
1.570796326794896
 40
0.2617993877991494
 40
1.308996938995747
 40
-0.2617993877991494
 40
1.832595714594046
  0
TABLESTYLE
  5
5A
102
{ACAD_XDICTIONARY
360
28D
102
}
102
{ACAD_REACTORS
330
59
102
}
330
59
100
AcDbTableStyle
  3
Standard
 70
     0
 71
     0
 40
1.5
 41
1.5
280
     0
281
     0
  7
Standard
140
4.5
170
     2
 62
     0
 63
     7
283
     0
 90
        4
 91
        0
  1

274
    -2
284
     1
 64
     0
275
    -2
285
     1
 65
     0
276
    -2
286
     1
 66
     0
277
    -2
287
     1
 67
     0
278
    -2
288
     1
 68
     0
279
    -2
289
     1
 69
     0
  7
Standard
140
6.0
170
     5
 62
     0
 63
     7
283
     0
 90
        4
 91
        0
  1

274
    -2
284
     1
 64
     0
275
    -2
285
     1
 65
     0
276
    -2
286
     1
 66
     0
277
    -2
287
     1
 67
     0
278
    -2
288
     1
 68
     0
279
    -2
289
     1
 69
     0
  7
Standard
140
4.5
170
     5
 62
     0
 63
     7
283
     0
 90
        4
 91
        0
  1

274
    -2
284
     1
 64
     0
275
    -2
285
     1
 65
     0
276
    -2
286
     1
 66
     0
277
    -2
287
     1
 67
     0
278
    -2
288
     1
 68
     0
279
    -2
289
     1
 69
     0
  0
VISUALSTYLE
  5
2F
102
{ACAD_XDICTIONARY
360
2C5
102
}
102
{ACAD_REACTORS
330
2A
102
}
330
2A
100
AcDbVisualStyle
  2
2dWireframe
 70
     4
 71
     0
 72
     2
 73
     0
 90
        0
 40
-0.6
 41
-30.0
 62
     5
 63
     7
421
 16777215
 74
     1
 91
        4
 64
     7
 65
   257
 75
     1
175
     1
 42
1.0
 92
        0
 66
   257
 43
1.0
 76
     1
 77
     6
 78
     2
 67
     7
 79
     5
170
     0
171
     0
290
     0
174
     0
 93
        1
 44
0.0
173
     0
291
     0
 45
0.0
1001
ACAD
1000
AcDbSavedByObjectVersion
1070
     0
  0
VISUALSTYLE
  5
32
102
{ACAD_XDICTIONARY
360
2CB
102
}
102
{ACAD_REACTORS
330
2A
102
}
330
2A
100
AcDbVisualStyle
  2
Basic
 70
     7
 71
     1
 72
     0
 73
     1
 90
        0
 40
-0.6
 41
-30.0
 62
     5
 63
     7
421
 16777215
 74
     0
 91
        4
 64
     7
 65
   257
 75
     1
175
     1
 42
1.0
 92
        8
 66
     7
 43
1.0
 76
     1
 77
     6
 78
     2
 67
     7
 79
     5
170
     0
171
     0
290
     0
174
     0
 93
        1
 44
0.0
173
     0
291
     1
 45
0.0
1001
ACAD
1000
AcDbSavedByObjectVersion
1070
     0
  0
VISUALSTYLE
  5
36
102
{ACAD_XDICTIONARY
360
2D3
102
}
102
{ACAD_REACTORS
330
2A
102
}
330
2A
100
AcDbVisualStyle
  2
Brighten
 70
    12
 71
     2
 72
     2
 73
     0
 90
        0
 40
-0.6
 41
-30.0
 62
     5
 63
     7
421
 16777215
 74
     1
 91
        4
 64
     7
 65
   257
 75
     1
175
     1
 42
1.0
 92
        8
 66
     7
 43
1.0
 76
     1
 77
     6
 78
     2
 67
     7
 79
     5
170
     0
171
     0
290
     0
174
     0
 93
        1
 44
50.0
173
     0
291
     1
 45
0.0
1001
ACAD
1000
AcDbSavedByObjectVersion
1070
     0
  0
VISUALSTYLE
  5
3A
102
{ACAD_XDICTIONARY
360
2DB
102
}
102
{ACAD_REACTORS
330
2A
102
}
330
2A
100
AcDbVisualStyle
  2
ColorChange
 70
    16
 71
     2
 72
     2
 73
     3
 90
        0
 40
-0.6
 41
-30.0
 62
     5
 63
     8
421
  8421504
 74
     1
 91
        4
 64
     7
 65
   257
 75
     1
175
     1
 42
1.0
 92
        8
 66
     8
424
  8421504
 43
1.0
 76
     1
 77
     6
 78
     2
 67
     7
 79
     5
170
     0
171
     0
290
     0
174
     0
 93
        1
 44
0.0
173
     0
291
     1
 45
0.0
1001
ACAD
1000
AcDbSavedByObjectVersion
1070
     0
  0
VISUALSTYLE
  5
34
102
{ACAD_XDICTIONARY
360
2CF
102
}
102
{ACAD_REACTORS
330
2A
102
}
330
2A
100
AcDbVisualStyle
  2
Conceptual
 70
     9
 71
     3
 72
     2
 73
     0
 90
        0
 40
-0.6
 41
-30.0
 62
     5
 63
     7
421
 16777215
 74
     2
 91
        2
 64
     7
 65
   257
 75
     1
175
     1
 42
179.0
 92
        8
 66
     7
 43
1.0
 76
     1
 77
     6
 78
     2
 67
     7
 79
     3
170
     0
171
     0
290
     0
174
     0
 93
        1
 44
0.0
173
     0
291
     0
 45
0.0
1001
ACAD
1000
AcDbSavedByObjectVersion
1070
     0
  0
VISUALSTYLE
  5
35
102
{ACAD_XDICTIONARY
360
2D1
102
}
102
{ACAD_REACTORS
330
2A
102
}
330
2A
100
AcDbVisualStyle
  2
Dim
 70
    11
 71
     2
 72
     2
 73
     0
 90
        0
 40
-0.6
 41
-30.0
 62
     5
 63
     7
421
 16777215
 74
     1
 91
        4
 64
     7
 65
   257
 75
     1
175
     1
 42
1.0
 92
        8
 66
     7
 43
1.0
 76
     1
 77
     6
 78
     2
 67
     7
 79
     5
170
     0
171
     0
290
     0
174
     0
 93
        1
 44
-50.0
173
     0
291
     1
 45
0.0
1001
ACAD
1000
AcDbSavedByObjectVersion
1070
     0
  0
VISUALSTYLE
  5
3D
102
{ACAD_XDICTIONARY
360
2E1
102
}
102
{ACAD_REACTORS
330
2A
102
}
330
2A
100
AcDbVisualStyle
  2
EdgeColorOff
 70
    22
 71
     2
 72
     2
 73
     0
 90
        0
 40
-0.6
 41
-30.0
 62
     5
 63
     7
421
 16777215
 74
     1
 91
        4
 64
     7
 65
   257
 75
     1
175
     1
 42
1.0
 92
        8
 66
     7
 43
1.0
 76
     1
 77
     6
 78
     2
 67
     7
 79
     5
170
     0
171
     0
290
     0
174
     0
 93
        1
 44
0.0
173
     0
291
     1
 45
0.0
1001
ACAD
1000
AcDbSavedByObjectVersion
1070
     0
  0
VISUALSTYLE
  5
39
102
{ACAD_XDICTIONARY
360
2D9
102
}
102
{ACAD_REACTORS
330
2A
102
}
330
2A
100
AcDbVisualStyle
  2
Facepattern
 70
    15
 71
     2
 72
     2
 73
     0
 90
        0
 40
-0.6
 41
-30.0
 62
     5
 63
     7
421
 16777215
 74
     1
 91
        4
 64
     7
 65
   257
 75
     1
175
     1
 42
1.0
 92
        8
 66
     7
 43
1.0
 76
     1
 77
     6
 78
     2
 67
     7
 79
     5
170
     0
171
     0
290
     0
174
     0
 93
        1
 44
0.0
173
     0
291
     1
 45
0.0
1001
ACAD
1000
AcDbSavedByObjectVersion
1070
     0
  0
VISUALSTYLE
  5
2B
102
{ACAD_XDICTIONARY
360
2BD
102
}
102
{ACAD_REACTORS
330
2A
102
}
330
2A
100
AcDbVisualStyle
  2
Flat
 70
     0
 71
     2
 72
     1
 73
     1
 90
        2
 40
-0.6
 41
30.0
 62
     5
 63
     7
421
 16777215
 74
     0
 91
        0
 64
     7
 65
   257
 75
     1
175
     1
 42
1.0
 92
        8
 66
     7
 43
1.0
 76
     1
 77
     6
 78
     2
 67
     7
 79
     5
170
     0
171
     0
290
     0
174
     0
 93
       13
 44
0.0
173
     0
291
     1
 45
0.0
1001
ACAD
1000
AcDbSavedByObjectVersion
1070
     0
  0
VISUALSTYLE
  5
2C
102
{ACAD_XDICTIONARY
360
2BF
102
}
102
{ACAD_REACTORS
330
2A
102
}
330
2A
100
AcDbVisualStyle
  2
FlatWithEdges
 70
     1
 71
     2
 72
     1
 73
     1
 90
        2
 40
-0.6
 41
30.0
 62
     5
 63
     7
421
 16777215
 74
     1
 91
        0
 64
     7
 65
   257
 75
     1
175
     1
 42
1.0
 92
        0
 66
   257
 43
1.0
 76
     1
 77
     6
 78
     2
 67
     7
 79
     5
170
     0
171
     0
290
     0
174
     0
 93
       13
 44
0.0
173
     0
291
     1
 45
0.0
1001
ACAD
1000
AcDbSavedByObjectVersion
1070
     0
  0
VISUALSTYLE
  5
2D
102
{ACAD_XDICTIONARY
360
2C1
102
}
102
{ACAD_REACTORS
330
2A
102
}
330
2A
100
AcDbVisualStyle
  2
Gouraud
 70
     2
 71
     2
 72
     2
 73
     1
 90
        2
 40
-0.6
 41
30.0
 62
     5
 63
     7
421
 16777215
 74
     0
 91
        0
 64
     7
 65
   257
 75
     1
175
     1
 42
1.0
 92
        0
 66
     7
 43
1.0
 76
     1
 77
     6
 78
     2
 67
     7
 79
     5
170
     0
171
     0
290
     0
174
     0
 93
       13
 44
0.0
173
     0
291
     1
 45
0.0
1001
ACAD
1000
AcDbSavedByObjectVersion
1070
     0
  0
VISUALSTYLE
  5
2E
102
{ACAD_XDICTIONARY
360
2C3
102
}
102
{ACAD_REACTORS
330
2A
102
}
330
2A
100
AcDbVisualStyle
  2
GouraudWithEdges
 70
     3
 71
     2
 72
     2
 73
     1
 90
        2
 40
-0.6
 41
30.0
 62
     5
 63
     7
421
 16777215
 74
     1
 91
        0
 64
     7
 65
   257
 75
     1
175
     1
 42
1.0
 92
        0
 66
   257
 43
1.0
 76
     1
 77
     6
 78
     2
 67
     7
 79
     5
170
     0
171
     0
290
     0
174
     0
 93
       13
 44
0.0
173
     0
291
     1
 45
0.0
1001
ACAD
1000
AcDbSavedByObjectVersion
1070
     0
  0
VISUALSTYLE
  5
31
102
{ACAD_XDICTIONARY
360
2C9
102
}
102
{ACAD_REACTORS
330
2A
102
}
330
2A
100
AcDbVisualStyle
  2
Hidden
 70
     6
 71
     1
 72
     2
 73
     2
 90
        0
 40
-0.6
 41
-30.0
 62
     5
 63
     7
421
 16777215
 74
     2
 91
        2
 64
     7
 65
   257
 75
     2
175
     1
 42
40.0
 92
        0
 66
   257
 43
1.0
 76
     1
 77
     6
 78
     2
 67
     7
 79
     3
170
     0
171
     0
290
     0
174
     0
 93
        1
 44
0.0
173
     0
291
     0
 45
0.0
1001
ACAD
1000
AcDbSavedByObjectVersion
1070
     0
  0
VISUALSTYLE
  5
3B
102
{ACAD_XDICTIONARY
360
2DD
102
}
102
{ACAD_REACTORS
330
2A
102
}
330
2A
100
AcDbVisualStyle
  2
JitterOff
 70
    20
 71
     2
 72
     2
 73
     0
 90
        0
 40
-0.6
 41
-30.0
 62
     5
 63
     7
421
 16777215
 74
     1
 91
        4
 64
     7
 65
   257
 75
     1
175
     1
 42
1.0
 92
       10
 66
     7
 43
1.0
 76
     1
 77
     6
 78
     2
 67
     7
 79
     5
170
     0
171
     0
290
     0
174
     0
 93
        1
 44
0.0
173
     0
291
     1
 45
0.0
1001
ACAD
1000
AcDbSavedByObjectVersion
1070
     0
  0
VISUALSTYLE
  5
38
102
{ACAD_XDICTIONARY
360
2D7
102
}
102
{ACAD_REACTORS
330
2A
102
}
330
2A
100
AcDbVisualStyle
  2
Linepattern
 70
    14
 71
     2
 72
     2
 73
     0
 90
        0
 40
-0.6
 41
-30.0
 62
     5
 63
     7
421
 16777215
 74
     1
 91
        4
 64
     7
 65
   257
 75
     7
175
     7
 42
1.0
 92
        8
 66
     7
 43
1.0
 76
     1
 77
     6
 78
     2
 67
     7
 79
     5
170
     0
171
     0
290
     0
174
     0
 93
        1
 44
0.0
173
     0
291
     1
 45
0.0
1001
ACAD
1000
AcDbSavedByObjectVersion
1070
     0
  0
VISUALSTYLE
  5
3C
102
{ACAD_XDICTIONARY
360
2DF
102
}
102
{ACAD_REACTORS
330
2A
102
}
330
2A
100
AcDbVisualStyle
  2
OverhangOff
 70
    21
 71
     2
 72
     2
 73
     0
 90
        0
 40
-0.6
 41
-30.0
 62
     5
 63
     7
421
 16777215
 74
     1
 91
        4
 64
     7
 65
   257
 75
     1
175
     1
 42
1.0
 92
        9
 66
     7
 43
1.0
 76
     1
 77
     6
 78
     2
 67
     7
 79
     5
170
     0
171
     0
290
     0
174
     0
 93
        1
 44
0.0
173
     0
291
     1
 45
0.0
1001
ACAD
1000
AcDbSavedByObjectVersion
1070
     0
  0
VISUALSTYLE
  5
33
102
{ACAD_XDICTIONARY
360
2CD
102
}
102
{ACAD_REACTORS
330
2A
102
}
330
2A
100
AcDbVisualStyle
  2
Realistic
 70
     8
 71
     2
 72
     3
 73
     0
 90
        2
 40
-0.6
 41
30.0
 62
     5
 63
     7
421
 16777215
 74
     0
 91
        0
 64
     7
 65
   257
 75
     1
175
     1
 42
1.0
 92
        8
 66
   257
 43
1.0
 76
     1
 77
     6
 78
     2
 67
     7
 79
     3
170
     0
171
     0
290
     0
174
     0
 93
       13
 44
0.0
173
     0
291
     0
 45
0.0
1001
ACAD
1000
AcDbSavedByObjectVersion
1070
     0
  0
VISUALSTYLE
  5
42
102
{ACAD_XDICTIONARY
360
2EB
102
}
102
{ACAD_REACTORS
330
2A
102
}
330
2A
100
AcDbVisualStyle
  2
Shaded
 70
    27
 71
     2
 72
     2
 73
     1
 90
        2
 40
-0.6
 41
30.0
 62
     5
 63
     7
421
 16777215
 74
     0
 91
        4
 64
     7
 65
   257
 75
     1
175
     1
 42
1.0
 92
        8
 66
   257
 43
1.0
 76
     1
 77
     6
 78
     2
 67
     8
425
  7895160
 79
     3
170
     0
171
     0
290
     0
174
     0
 93
        5
 44
0.0
173
     0
291
     0
 45
0.0
1001
ACAD
1000
AcDbSavedByObjectVersion
1070
     0
  0
VISUALSTYLE
  5
41
102
{ACAD_XDICTIONARY
360
2E9
102
}
102
{ACAD_REACTORS
330
2A
102
}
330
2A
100
AcDbVisualStyle
  2
Shaded with edges
 70
    26
 71
     2
 72
     2
 73
     1
 90
        2
 40
-0.6
 41
30.0
 62
     5
 63
     7
421
 16777215
 74
     1
 91
        2
 64
     7
 65
   257
 75
     2
175
     1
 42
1.0
 92
        8
 66
   257
 43
1.0
 76
     1
 77
     6
 78
     2
 67
     7
 79
     3
170
     0
171
     0
290
     0
174
     0
 93
        5
 44
0.0
173
     0
291
     0
 45
0.0
1001
ACAD
1000
AcDbSavedByObjectVersion
1070
     0
  0
VISUALSTYLE
  5
3E
102
{ACAD_XDICTIONARY
360
2E3
102
}
102
{ACAD_REACTORS
330
2A
102
}
330
2A
100
AcDbVisualStyle
  2
Shades of Gray
 70
    23
 71
     2
 72
     2
 73
     3
 90
        0
 40
-0.6
 41
-30.0
 62
     5
 63
     7
421
 16777215
 74
     2
 91
        2
 64
     7
 65
     7
 75
     1
175
     1
 42
40.0
 92
        8
 66
     7
 43
1.0
 76
     1
 77
     6
 78
     2
 67
     7
 79
     3
170
     0
171
     0
290
     0
174
     0
 93
        1
 44
0.0
173
     0
291
     0
 45
0.0
1001
ACAD
1000
AcDbSavedByObjectVersion
1070
     0
  0
VISUALSTYLE
  5
3F
102
{ACAD_XDICTIONARY
360
2E5
102
}
102
{ACAD_REACTORS
330
2A
102
}
330
2A
100
AcDbVisualStyle
  2
Sketchy
 70
    24
 71
     1
 72
     2
 73
     2
 90
        0
 40
-0.6
 41
-30.0
 62
     5
 63
     7
421
 16777215
 74
     2
 91
        2
 64
     7
 65
     7
 75
     1
175
     1
 42
40.0
 92
       11
 66
     7
 43
1.0
 76
     1
 77
     6
 78
     2
 67
     7
 79
     6
170
     0
171
     0
290
     0
174
     0
 93
        1
 44
0.0
173
     0
291
     0
 45
0.0
1001
ACAD
1000
AcDbSavedByObjectVersion
1070
     0
  0
VISUALSTYLE
  5
37
102
{ACAD_XDICTIONARY
360
2D5
102
}
102
{ACAD_REACTORS
330
2A
102
}
330
2A
100
AcDbVisualStyle
  2
Thicken
 70
    13
 71
     2
 72
     2
 73
     0
 90
        0
 40
-0.6
 41
-30.0
 62
     5
 63
     7
421
 16777215
 74
     1
 91
        4
 64
     7
 65
   257
 75
     1
175
     1
 42
1.0
 92
       12
 66
     7
 43
1.0
 76
     1
 77
     6
 78
     2
 67
     7
 79
     5
170
     0
171
     0
290
     0
174
     0
 93
        1
 44
0.0
173
     0
291
     1
 45
0.0
1001
ACAD
1000
AcDbSavedByObjectVersion
1070
     0
  0
VISUALSTYLE
  5
30
102
{ACAD_XDICTIONARY
360
2C7
102
}
102
{ACAD_REACTORS
330
2A
102
}
330
2A
100
AcDbVisualStyle
  2
Wireframe
 70
     5
 71
     0
 72
     2
 73
     0
 90
        0
 40
-0.6
 41
-30.0
 62
     5
 63
     7
421
 16777215
 74
     1
 91
        4
 64
     7
 65
   257
 75
     1
175
     1
 42
1.0
 92
        0
 66
   257
 43
1.0
 76
     1
 77
     6
 78
     2
 67
     7
 79
     3
170
     0
171
     0
290
     0
174
     0
 93
        1
 44
0.0
173
     0
291
     0
 45
0.0
1001
ACAD
1000
AcDbSavedByObjectVersion
1070
     0
  0
VISUALSTYLE
  5
40
102
{ACAD_XDICTIONARY
360
2E7
102
}
102
{ACAD_REACTORS
330
2A
102
}
330
2A
100
AcDbVisualStyle
  2
X-Ray
 70
    25
 71
     2
 72
     2
 73
     1
 90
        1
 40
0.5
 41
-30.0
 62
     5
 63
     7
421
 16777215
 74
     1
 91
        0
 64
     7
 65
   257
 75
     1
175
     1
 42
1.0
 92
        8
 66
     7
 43
1.0
 76
     1
 77
     6
 78
     2
 67
     7
 79
     3
170
     0
171
     0
290
     0
174
     0
 93
       13
 44
0.0
173
     0
291
     0
 45
0.0
1001
ACAD
1000
AcDbSavedByObjectVersion
1070
     0
  0
DICTIONARYVAR
  5
28C
102
{ACAD_REACTORS
330
28B
102
}
330
28B
100
DictionaryVariables
280
     0
  1
1:1
  0
DICTIONARYVAR
  5
295
102
{ACAD_REACTORS
330
28B
102
}
330
28B
100
DictionaryVariables
280
     0
  1
3.500000
  0
DICTIONARYVAR
  5
296
102
{ACAD_REACTORS
330
28B
102
}
330
28B
100
DictionaryVariables
280
     0
  1
acadiso.lin
  0
DICTIONARYVAR
  5
292
102
{ACAD_REACTORS
330
28B
102
}
330
28B
100
DictionaryVariables
280
     0
  1
STANDARD
  0
DICTIONARYVAR
  5
291
102
{ACAD_REACTORS
330
28B
102
}
330
28B
100
DictionaryVariables
280
     0
  1
STANDARD
  0
DICTIONARYVAR
  5
2B6
102
{ACAD_REACTORS
330
28B
102
}
330
28B
100
DictionaryVariables
280
     0
  1
Metric50
  0
DICTIONARYVAR
  5
2B7
102
{ACAD_REACTORS
330
28B
102
}
330
28B
100
DictionaryVariables
280
     0
  1
Metric50
  0
DICTIONARYVAR
  5
2B8
102
{ACAD_REACTORS
330
28B
102
}
330
28B
100
DictionaryVariables
280
     0
  1
1
  0
DICTIONARYVAR
  5
2B9
102
{ACAD_REACTORS
330
28B
102
}
330
28B
100
DictionaryVariables
280
     0
  1
15
  0
DICTIONARY
  5
2EF
330
29A
100
AcDbDictionary
280
     1
281
     1
  3
ACAD_XREC_ROUNDTRIP
360
2F0
  0
DICTIONARY
  5
2ED
330
299
100
AcDbDictionary
280
     1
281
     1
  3
ACAD_XREC_ROUNDTRIP
360
2EE
  0
DICTIONARY
  5
28D
330
5A
100
AcDbDictionary
280
     1
281
     1
  3
ACAD_ROUNDTRIP_2008_TABLESTYLE_CELLSTYLEMAP
360
2BB
  0
DICTIONARY
  5
2C5
330
2F
100
AcDbDictionary
280
     1
281
     1
  3
ACAD_XREC_ROUNDTRIP
360
2C6
  0
DICTIONARY
  5
2CB
330
32
100
AcDbDictionary
280
     1
281
     1
  3
ACAD_XREC_ROUNDTRIP
360
2CC
  0
DICTIONARY
  5
2D3
330
36
100
AcDbDictionary
280
     1
281
     1
  3
ACAD_XREC_ROUNDTRIP
360
2D4
  0
DICTIONARY
  5
2DB
330
3A
100
AcDbDictionary
280
     1
281
     1
  3
ACAD_XREC_ROUNDTRIP
360
2DC
  0
DICTIONARY
  5
2CF
330
34
100
AcDbDictionary
280
     1
281
     1
  3
ACAD_XREC_ROUNDTRIP
360
2D0
  0
DICTIONARY
  5
2D1
330
35
100
AcDbDictionary
280
     1
281
     1
  3
ACAD_XREC_ROUNDTRIP
360
2D2
  0
DICTIONARY
  5
2E1
330
3D
100
AcDbDictionary
280
     1
281
     1
  3
ACAD_XREC_ROUNDTRIP
360
2E2
  0
DICTIONARY
  5
2D9
330
39
100
AcDbDictionary
280
     1
281
     1
  3
ACAD_XREC_ROUNDTRIP
360
2DA
  0
DICTIONARY
  5
2BD
330
2B
100
AcDbDictionary
280
     1
281
     1
  3
ACAD_XREC_ROUNDTRIP
360
2BE
  0
DICTIONARY
  5
2BF
330
2C
100
AcDbDictionary
280
     1
281
     1
  3
ACAD_XREC_ROUNDTRIP
360
2C0
  0
DICTIONARY
  5
2C1
330
2D
100
AcDbDictionary
280
     1
281
     1
  3
ACAD_XREC_ROUNDTRIP
360
2C2
  0
DICTIONARY
  5
2C3
330
2E
100
AcDbDictionary
280
     1
281
     1
  3
ACAD_XREC_ROUNDTRIP
360
2C4
  0
DICTIONARY
  5
2C9
330
31
100
AcDbDictionary
280
     1
281
     1
  3
ACAD_XREC_ROUNDTRIP
360
2CA
  0
DICTIONARY
  5
2DD
330
3B
100
AcDbDictionary
280
     1
281
     1
  3
ACAD_XREC_ROUNDTRIP
360
2DE
  0
DICTIONARY
  5
2D7
330
38
100
AcDbDictionary
280
     1
281
     1
  3
ACAD_XREC_ROUNDTRIP
360
2D8
  0
DICTIONARY
  5
2DF
330
3C
100
AcDbDictionary
280
     1
281
     1
  3
ACAD_XREC_ROUNDTRIP
360
2E0
  0
DICTIONARY
  5
2CD
330
33
100
AcDbDictionary
280
     1
281
     1
  3
ACAD_XREC_ROUNDTRIP
360
2CE
  0
DICTIONARY
  5
2EB
330
42
100
AcDbDictionary
280
     1
281
     1
  3
ACAD_XREC_ROUNDTRIP
360
2EC
  0
DICTIONARY
  5
2E9
330
41
100
AcDbDictionary
280
     1
281
     1
  3
ACAD_XREC_ROUNDTRIP
360
2EA
  0
DICTIONARY
  5
2E3
330
3E
100
AcDbDictionary
280
     1
281
     1
  3
ACAD_XREC_ROUNDTRIP
360
2E4
  0
DICTIONARY
  5
2E5
330
3F
100
AcDbDictionary
280
     1
281
     1
  3
ACAD_XREC_ROUNDTRIP
360
2E6
  0
DICTIONARY
  5
2D5
330
37
100
AcDbDictionary
280
     1
281
     1
  3
ACAD_XREC_ROUNDTRIP
360
2D6
  0
DICTIONARY
  5
2C7
330
30
100
AcDbDictionary
280
     1
281
     1
  3
ACAD_XREC_ROUNDTRIP
360
2C8
  0
DICTIONARY
  5
2E7
330
40
100
AcDbDictionary
280
     1
281
     1
  3
ACAD_XREC_ROUNDTRIP
360
2E8
  0
XRECORD
  5
2F0
102
{ACAD_REACTORS
330
2EF
102
}
330
2EF
100
AcDbXrecord
280
     1
102
DISPLAYNAME
  1
Metric50
102
FLAGS
 90
        0
  0
XRECORD
  5
2EE
102
{ACAD_REACTORS
330
2ED
102
}
330
2ED
100
AcDbXrecord
280
     1
102
DISPLAYNAME
  1
Metric50
102
FLAGS
 90
        0
  0
CELLSTYLEMAP
  5
2BB
102
{ACAD_REACTORS
330
28D
102
}
330
28D
100
AcDbCellStyleMap
 90
        3
300
CELLSTYLE
  1
TABLEFORMAT_BEGIN
 90
        5
170
     1
 91
        0
 92
    32768
 62
   257
 93
        1
300
CONTENTFORMAT
  1
CONTENTFORMAT_BEGIN
 90
        0
 91
        0
 92
        4
 93
        0
300

 40
0.0
140
1.0
 94
        5
 62
     0
340
11
144
6.0
309
CONTENTFORMAT_END
171
     1
301
MARGIN
  1
CELLMARGIN_BEGIN
 40
1.5
 40
1.5
 40
1.5
 40
1.5
 40
1.5
 40
1.5
309
CELLMARGIN_END
 94
        6
 95
        1
302
GRIDFORMAT
  1
GRIDFORMAT_BEGIN
 90
        0
 91
        1
 62
     0
 92
       -2
340
14
 93
        0
 40
0.045
309
GRIDFORMAT_END
 95
        2
302
GRIDFORMAT
  1
GRIDFORMAT_BEGIN
 90
        0
 91
        1
 62
     0
 92
       -2
340
14
 93
        0
 40
0.045
309
GRIDFORMAT_END
 95
        4
302
GRIDFORMAT
  1
GRIDFORMAT_BEGIN
 90
        0
 91
        1
 62
     0
 92
       -2
340
14
 93
        0
 40
0.045
309
GRIDFORMAT_END
 95
        8
302
GRIDFORMAT
  1
GRIDFORMAT_BEGIN
 90
        0
 91
        1
 62
     0
 92
       -2
340
14
 93
        0
 40
0.045
309
GRIDFORMAT_END
 95
       16
302
GRIDFORMAT
  1
GRIDFORMAT_BEGIN
 90
        0
 91
        1
 62
     0
 92
       -2
340
14
 93
        0
 40
0.045
309
GRIDFORMAT_END
 95
       32
302
GRIDFORMAT
  1
GRIDFORMAT_BEGIN
 90
        0
 91
        1
 62
     0
 92
       -2
340
14
 93
        0
 40
0.045
309
GRIDFORMAT_END
309
TABLEFORMAT_END
  1
CELLSTYLE_BEGIN
 90
        1
 91
        1
300
_TITLE
309
CELLSTYLE_END
300
CELLSTYLE
  1
TABLEFORMAT_BEGIN
 90
        5
170
     1
 91
        0
 92
        0
 62
   257
 93
        1
300
CONTENTFORMAT
  1
CONTENTFORMAT_BEGIN
 90
        0
 91
        0
 92
        4
 93
        0
300

 40
0.0
140
1.0
 94
        5
 62
     0
340
11
144
4.5
309
CONTENTFORMAT_END
171
     1
301
MARGIN
  1
CELLMARGIN_BEGIN
 40
1.5
 40
1.5
 40
1.5
 40
1.5
 40
1.5
 40
1.5
309
CELLMARGIN_END
 94
        6
 95
        1
302
GRIDFORMAT
  1
GRIDFORMAT_BEGIN
 90
        0
 91
        1
 62
     0
 92
       -2
340
14
 93
        0
 40
0.045
309
GRIDFORMAT_END
 95
        2
302
GRIDFORMAT
  1
GRIDFORMAT_BEGIN
 90
        0
 91
        1
 62
     0
 92
       -2
340
14
 93
        0
 40
0.045
309
GRIDFORMAT_END
 95
        4
302
GRIDFORMAT
  1
GRIDFORMAT_BEGIN
 90
        0
 91
        1
 62
     0
 92
       -2
340
14
 93
        0
 40
0.045
309
GRIDFORMAT_END
 95
        8
302
GRIDFORMAT
  1
GRIDFORMAT_BEGIN
 90
        0
 91
        1
 62
     0
 92
       -2
340
14
 93
        0
 40
0.045
309
GRIDFORMAT_END
 95
       16
302
GRIDFORMAT
  1
GRIDFORMAT_BEGIN
 90
        0
 91
        1
 62
     0
 92
       -2
340
14
 93
        0
 40
0.045
309
GRIDFORMAT_END
 95
       32
302
GRIDFORMAT
  1
GRIDFORMAT_BEGIN
 90
        0
 91
        1
 62
     0
 92
       -2
340
14
 93
        0
 40
0.045
309
GRIDFORMAT_END
309
TABLEFORMAT_END
  1
CELLSTYLE_BEGIN
 90
        2
 91
        1
300
_HEADER
309
CELLSTYLE_END
300
CELLSTYLE
  1
TABLEFORMAT_BEGIN
 90
        5
170
     1
 91
        0
 92
        0
 62
   257
 93
        1
300
CONTENTFORMAT
  1
CONTENTFORMAT_BEGIN
 90
        0
 91
        0
 92
        4
 93
        0
300

 40
0.0
140
1.0
 94
        2
 62
     0
340
11
144
4.5
309
CONTENTFORMAT_END
171
     1
301
MARGIN
  1
CELLMARGIN_BEGIN
 40
1.5
 40
1.5
 40
1.5
 40
1.5
 40
1.5
 40
1.5
309
CELLMARGIN_END
 94
        6
 95
        1
302
GRIDFORMAT
  1
GRIDFORMAT_BEGIN
 90
        0
 91
        1
 62
     0
 92
       -2
340
14
 93
        0
 40
0.045
309
GRIDFORMAT_END
 95
        2
302
GRIDFORMAT
  1
GRIDFORMAT_BEGIN
 90
        0
 91
        1
 62
     0
 92
       -2
340
14
 93
        0
 40
0.045
309
GRIDFORMAT_END
 95
        4
302
GRIDFORMAT
  1
GRIDFORMAT_BEGIN
 90
        0
 91
        1
 62
     0
 92
       -2
340
14
 93
        0
 40
0.045
309
GRIDFORMAT_END
 95
        8
302
GRIDFORMAT
  1
GRIDFORMAT_BEGIN
 90
        0
 91
        1
 62
     0
 92
       -2
340
14
 93
        0
 40
0.045
309
GRIDFORMAT_END
 95
       16
302
GRIDFORMAT
  1
GRIDFORMAT_BEGIN
 90
        0
 91
        1
 62
     0
 92
       -2
340
14
 93
        0
 40
0.045
309
GRIDFORMAT_END
 95
       32
302
GRIDFORMAT
  1
GRIDFORMAT_BEGIN
 90
        0
 91
        1
 62
     0
 92
       -2
340
14
 93
        0
 40
0.045
309
GRIDFORMAT_END
309
TABLEFORMAT_END
  1
CELLSTYLE_BEGIN
 90
        3
 91
        2
300
_DATA
309
CELLSTYLE_END
  0
XRECORD
  5
2C6
102
{ACAD_REACTORS
330
2C5
102
}
330
2C5
100
AcDbXrecord
280
     1
102
RTVSPost2010Prop28
280
     1
102
RTVSPost2010PropOp28
 70
     1
102
RTVSPost2010Prop29
280
     1
102
RTVSPost2010PropOp29
 70
     1
102
RTVSPost2010Prop30
280
     0
102
RTVSPost2010PropOp30
 70
     1
102
RTVSPost2010Prop31
280
     0
102
RTVSPost2010PropOp31
 70
     1
102
RTVSPost2010Prop32
280
     0
102
RTVSPost2010PropOp32
 70
     1
102
RTVSPost2010Prop33
280
     0
102
RTVSPost2010PropOp33
 70
     1
102
RTVSPost2010Prop34
280
     0
102
RTVSPost2010PropOp34
 70
     1
102
RTVSPost2010Prop35
280
     0
102
RTVSPost2010PropOp35
 70
     1
102
RTVSPost2010Prop36
280
     0
102
RTVSPost2010PropOp36
 70
     1
102
RTVSPost2010Prop37
 90
       50
102
RTVSPost2010PropOp37
 70
     1
102
RTVSPost2010Prop38
140
0.0
102
RTVSPost2010PropOp38
 70
     1
102
RTVSPost2010Prop39
140
1.0
102
RTVSPost2010PropOp39
 70
     1
102
RTVSPost2010Prop40
 90
        0
102
RTVSPost2010PropOp40
 70
     1
102
RTVSPost2010Prop41ColorIndex
 90
       18
102
RTVSPost2010Prop41ColorRGB
 90
        0
102
RTVSPost2010PropOp41
 70
     1
102
RTVSPost2010Prop42
 90
       50
102
RTVSPost2010PropOp42
 70
     1
102
RTVSPost2010Prop43
 90
        3
102
RTVSPost2010PropOp43
 70
     1
102
RTVSPost2010Prop44ColorIndex
 90
        5
102
RTVSPost2010Prop44ColorRGB
 90
      255
102
RTVSPost2010PropOp44
 70
     1
102
RTVSPost2010Prop45
280
     0
102
RTVSPost2010PropOp45
 70
     1
102
RTVSPost2010Prop46
 90
       50
102
RTVSPost2010PropOp46
 70
     1
102
RTVSPost2010Prop47
 90
       50
102
RTVSPost2010PropOp47
 70
     1
102
RTVSPost2010Prop48
 90
       50
102
RTVSPost2010PropOp48
 70
     1
102
RTVSPost2010Prop49
280
     0
102
RTVSPost2010PropOp49
 70
     1
102
RTVSPost2010Prop50
 90
       50
102
RTVSPost2010PropOp50
 70
     1
102
RTVSPost2010Prop51ColorIndex
 90
      256
102
RTVSPost2010Prop51ColorRGB
 90
-16777216
102
RTVSPost2010PropOp51
 70
     0
102
RTVSPost2010Prop52
140
1.0
102
RTVSPost2010PropOp52
 70
     0
102
RTVSPost2010Prop53
 90
        2
102
RTVSPost2010PropOp53
 70
     1
102
RTVSPost2010Prop54
  1
strokes_ogs.tif
102
RTVSPost2010PropOp54
 70
     1
102
RTVSPost2010Prop55
280
     0
102
RTVSPost2010PropOp55
 70
     1
102
RTVSPost2010Prop56
140
1.0
102
RTVSPost2010PropOp56
 70
     1
102
RTVSPost2010Prop57
140
1.0
102
RTVSPost2010PropOp57
 70
     1
102
RTVSPropertyOp0
 70
     1
102
RTVSPropertyOp1
 70
     1
102
RTVSPropertyOp2
 70
     1
102
RTVSPropertyOp3
 70
     1
102
RTVSPropertyOp4
 70
     1
102
RTVSPropertyOp5
 70
     1
102
RTVSPropertyOp6
 70
     1
102
RTVSPropertyOp7
 70
     1
102
RTVSPropertyOp8
 70
     1
102
RTVSPropertyOp9
 70
     1
102
RTVSPropertyOp10
 70
     1
102
RTVSPropertyOp11
 70
     1
102
RTVSPropertyOp12
 70
     1
102
RTVSPropertyOp13
 70
     1
102
RTVSPropertyOp14
 70
     1
102
RTVSPropertyOp15
 70
     1
102
RTVSPropertyOp16
 70
     1
102
RTVSPropertyOp17
 70
     1
102
RTVSPropertyOp18
 70
     1
102
RTVSPropertyOp19
 70
     1
102
RTVSPropertyOp20
 70
     1
102
RTVSPropertyOp21
 70
     1
102
RTVSPropertyOp22
 70
     1
102
RTVSPropertyOp23
 70
     1
102
RTVSPropertyOp24
 70
     1
102
RTVSPropertyOp25
 70
     1
102
RTVSPropertyOp26
 70
     1
102
RTVSPropertyOp27
 70
     1
102
RTVSPropertyOp28
 70
     1
102
RTVSPropertyOp29
 70
     1
102
RTVSPropertyOp30
 70
     1
102
RTVSPropertyOp31
 70
     1
102
RTVSPropertyOp32
 70
     1
102
RTVSPropertyOp33
 70
     1
102
RTVSPropertyOp34
 70
     1
102
RTVSPropertyOp35
 70
     1
102
RTVSPropertyOp36
 70
     1
102
RTVSPropertyOp37
 70
     1
102
RTVSPropertyOp38
 70
     1
102
RTVSPropertyOp39
 70
     1
102
RTVSPropertyOp40
 70
     1
102
RTVSPropertyOp41
 70
     1
102
RTVSPropertyOp42
 70
     1
102
RTVSPropertyOp43
 70
     1
102
RTVSPropertyOp44
 70
     1
102
RTVSPropertyOp45
 70
     1
102
RTVSPropertyOp46
 70
     1
102
RTVSPropertyOp47
 70
     1
102
RTVSPropertyOp48
 70
     1
102
RTVSPropertyOp49
 70
     1
102
RTVSPropertyOp50
 70
     1
102
RTVSPropertyOp51
 70
     0
102
RTVSPropertyOp52
 70
     0
102
RTVSPropertyOp53
 70
     1
102
RTVSPropertyOp54
 70
     1
102
RTVSPropertyOp55
 70
     1
102
RTVSPropertyOp56
 70
     1
102
RTVSPropertyOp57
 70
     1
102
RTVSPropertyOp58
 70
     1
102
RTVSPropertyOp59
 70
     1
102
RTVSPropertyOp60
 70
     1
102
RTVSPropertyOp61
 70
     1
102
RTVSPropertyOp62
 70
     1
  0
XRECORD
  5
2CC
102
{ACAD_REACTORS
330
2CB
102
}
330
2CB
100
AcDbXrecord
280
     1
102
RTVSPost2010Prop28
280
     0
102
RTVSPost2010PropOp28
 70
     1
102
RTVSPost2010Prop29
280
     1
102
RTVSPost2010PropOp29
 70
     1
102
RTVSPost2010Prop30
280
     1
102
RTVSPost2010PropOp30
 70
     1
102
RTVSPost2010Prop31
280
     0
102
RTVSPost2010PropOp31
 70
     1
102
RTVSPost2010Prop32
280
     0
102
RTVSPost2010PropOp32
 70
     1
102
RTVSPost2010Prop33
280
     0
102
RTVSPost2010PropOp33
 70
     1
102
RTVSPost2010Prop34
280
     0
102
RTVSPost2010PropOp34
 70
     1
102
RTVSPost2010Prop35
280
     0
102
RTVSPost2010PropOp35
 70
     1
102
RTVSPost2010Prop36
280
     0
102
RTVSPost2010PropOp36
 70
     1
102
RTVSPost2010Prop37
 90
       50
102
RTVSPost2010PropOp37
 70
     1
102
RTVSPost2010Prop38
140
0.0
102
RTVSPost2010PropOp38
 70
     1
102
RTVSPost2010Prop39
140
1.0
102
RTVSPost2010PropOp39
 70
     1
102
RTVSPost2010Prop40
 90
        0
102
RTVSPost2010PropOp40
 70
     1
102
RTVSPost2010Prop41ColorIndex
 90
       18
102
RTVSPost2010Prop41ColorRGB
 90
        0
102
RTVSPost2010PropOp41
 70
     1
102
RTVSPost2010Prop42
 90
       50
102
RTVSPost2010PropOp42
 70
     1
102
RTVSPost2010Prop43
 90
        3
102
RTVSPost2010PropOp43
 70
     1
102
RTVSPost2010Prop44ColorIndex
 90
        5
102
RTVSPost2010Prop44ColorRGB
 90
      255
102
RTVSPost2010PropOp44
 70
     1
102
RTVSPost2010Prop45
280
     0
102
RTVSPost2010PropOp45
 70
     1
102
RTVSPost2010Prop46
 90
       50
102
RTVSPost2010PropOp46
 70
     1
102
RTVSPost2010Prop47
 90
       50
102
RTVSPost2010PropOp47
 70
     1
102
RTVSPost2010Prop48
 90
       50
102
RTVSPost2010PropOp48
 70
     1
102
RTVSPost2010Prop49
280
     0
102
RTVSPost2010PropOp49
 70
     1
102
RTVSPost2010Prop50
 90
       50
102
RTVSPost2010PropOp50
 70
     1
102
RTVSPost2010Prop51ColorIndex
 90
      256
102
RTVSPost2010Prop51ColorRGB
 90
-16777216
102
RTVSPost2010PropOp51
 70
     0
102
RTVSPost2010Prop52
140
1.0
102
RTVSPost2010PropOp52
 70
     0
102
RTVSPost2010Prop53
 90
        2
102
RTVSPost2010PropOp53
 70
     1
102
RTVSPost2010Prop54
  1
strokes_ogs.tif
102
RTVSPost2010PropOp54
 70
     1
102
RTVSPost2010Prop55
280
     0
102
RTVSPost2010PropOp55
 70
     1
102
RTVSPost2010Prop56
140
1.0
102
RTVSPost2010PropOp56
 70
     1
102
RTVSPost2010Prop57
140
1.0
102
RTVSPost2010PropOp57
 70
     1
102
RTVSPropertyOp0
 70
     1
102
RTVSPropertyOp1
 70
     1
102
RTVSPropertyOp2
 70
     1
102
RTVSPropertyOp3
 70
     1
102
RTVSPropertyOp4
 70
     1
102
RTVSPropertyOp5
 70
     1
102
RTVSPropertyOp6
 70
     1
102
RTVSPropertyOp7
 70
     1
102
RTVSPropertyOp8
 70
     1
102
RTVSPropertyOp9
 70
     1
102
RTVSPropertyOp10
 70
     1
102
RTVSPropertyOp11
 70
     1
102
RTVSPropertyOp12
 70
     1
102
RTVSPropertyOp13
 70
     1
102
RTVSPropertyOp14
 70
     1
102
RTVSPropertyOp15
 70
     1
102
RTVSPropertyOp16
 70
     1
102
RTVSPropertyOp17
 70
     1
102
RTVSPropertyOp18
 70
     1
102
RTVSPropertyOp19
 70
     1
102
RTVSPropertyOp20
 70
     1
102
RTVSPropertyOp21
 70
     1
102
RTVSPropertyOp22
 70
     1
102
RTVSPropertyOp23
 70
     1
102
RTVSPropertyOp24
 70
     1
102
RTVSPropertyOp25
 70
     1
102
RTVSPropertyOp26
 70
     1
102
RTVSPropertyOp27
 70
     1
102
RTVSPropertyOp28
 70
     1
102
RTVSPropertyOp29
 70
     1
102
RTVSPropertyOp30
 70
     1
102
RTVSPropertyOp31
 70
     1
102
RTVSPropertyOp32
 70
     1
102
RTVSPropertyOp33
 70
     1
102
RTVSPropertyOp34
 70
     1
102
RTVSPropertyOp35
 70
     1
102
RTVSPropertyOp36
 70
     1
102
RTVSPropertyOp37
 70
     1
102
RTVSPropertyOp38
 70
     1
102
RTVSPropertyOp39
 70
     1
102
RTVSPropertyOp40
 70
     1
102
RTVSPropertyOp41
 70
     1
102
RTVSPropertyOp42
 70
     1
102
RTVSPropertyOp43
 70
     1
102
RTVSPropertyOp44
 70
     1
102
RTVSPropertyOp45
 70
     1
102
RTVSPropertyOp46
 70
     1
102
RTVSPropertyOp47
 70
     1
102
RTVSPropertyOp48
 70
     1
102
RTVSPropertyOp49
 70
     1
102
RTVSPropertyOp50
 70
     1
102
RTVSPropertyOp51
 70
     0
102
RTVSPropertyOp52
 70
     0
102
RTVSPropertyOp53
 70
     1
102
RTVSPropertyOp54
 70
     1
102
RTVSPropertyOp55
 70
     1
102
RTVSPropertyOp56
 70
     1
102
RTVSPropertyOp57
 70
     1
102
RTVSPropertyOp58
 70
     1
102
RTVSPropertyOp59
 70
     1
102
RTVSPropertyOp60
 70
     1
102
RTVSPropertyOp61
 70
     1
102
RTVSPropertyOp62
 70
     1
  0
XRECORD
  5
2D4
102
{ACAD_REACTORS
330
2D3
102
}
330
2D3
100
AcDbXrecord
280
     1
102
RTVSPost2010Prop28
280
     0
102
RTVSPost2010PropOp28
 70
     1
102
RTVSPost2010Prop29
280
     1
102
RTVSPost2010PropOp29
 70
     1
102
RTVSPost2010Prop30
280
     1
102
RTVSPost2010PropOp30
 70
     1
102
RTVSPost2010Prop31
280
     0
102
RTVSPost2010PropOp31
 70
     1
102
RTVSPost2010Prop32
280
     0
102
RTVSPost2010PropOp32
 70
     1
102
RTVSPost2010Prop33
280
     0
102
RTVSPost2010PropOp33
 70
     1
102
RTVSPost2010Prop34
280
     0
102
RTVSPost2010PropOp34
 70
     1
102
RTVSPost2010Prop35
280
     0
102
RTVSPost2010PropOp35
 70
     1
102
RTVSPost2010Prop36
280
     0
102
RTVSPost2010PropOp36
 70
     1
102
RTVSPost2010Prop37
 90
       50
102
RTVSPost2010PropOp37
 70
     1
102
RTVSPost2010Prop38
140
0.0
102
RTVSPost2010PropOp38
 70
     1
102
RTVSPost2010Prop39
140
1.0
102
RTVSPost2010PropOp39
 70
     1
102
RTVSPost2010Prop40
 90
        0
102
RTVSPost2010PropOp40
 70
     1
102
RTVSPost2010Prop41ColorIndex
 90
       18
102
RTVSPost2010Prop41ColorRGB
 90
        0
102
RTVSPost2010PropOp41
 70
     1
102
RTVSPost2010Prop42
 90
       50
102
RTVSPost2010PropOp42
 70
     1
102
RTVSPost2010Prop43
 90
        3
102
RTVSPost2010PropOp43
 70
     1
102
RTVSPost2010Prop44ColorIndex
 90
        5
102
RTVSPost2010Prop44ColorRGB
 90
      255
102
RTVSPost2010PropOp44
 70
     1
102
RTVSPost2010Prop45
280
     0
102
RTVSPost2010PropOp45
 70
     1
102
RTVSPost2010Prop46
 90
       50
102
RTVSPost2010PropOp46
 70
     1
102
RTVSPost2010Prop47
 90
       50
102
RTVSPost2010PropOp47
 70
     1
102
RTVSPost2010Prop48
 90
       50
102
RTVSPost2010PropOp48
 70
     1
102
RTVSPost2010Prop49
280
     0
102
RTVSPost2010PropOp49
 70
     1
102
RTVSPost2010Prop50
 90
       50
102
RTVSPost2010PropOp50
 70
     1
102
RTVSPost2010Prop51ColorIndex
 90
      256
102
RTVSPost2010Prop51ColorRGB
 90
-16777216
102
RTVSPost2010PropOp51
 70
     0
102
RTVSPost2010Prop52
140
1.0
102
RTVSPost2010PropOp52
 70
     0
102
RTVSPost2010Prop53
 90
        2
102
RTVSPost2010PropOp53
 70
     1
102
RTVSPost2010Prop54
  1
strokes_ogs.tif
102
RTVSPost2010PropOp54
 70
     1
102
RTVSPost2010Prop55
280
     0
102
RTVSPost2010PropOp55
 70
     1
102
RTVSPost2010Prop56
140
1.0
102
RTVSPost2010PropOp56
 70
     1
102
RTVSPost2010Prop57
140
1.0
102
RTVSPost2010PropOp57
 70
     1
102
RTVSPropertyOp0
 70
     1
102
RTVSPropertyOp1
 70
     1
102
RTVSPropertyOp2
 70
     1
102
RTVSPropertyOp3
 70
     1
102
RTVSPropertyOp4
 70
     1
102
RTVSPropertyOp5
 70
     1
102
RTVSPropertyOp6
 70
     1
102
RTVSPropertyOp7
 70
     1
102
RTVSPropertyOp8
 70
     1
102
RTVSPropertyOp9
 70
     1
102
RTVSPropertyOp10
 70
     1
102
RTVSPropertyOp11
 70
     1
102
RTVSPropertyOp12
 70
     1
102
RTVSPropertyOp13
 70
     1
102
RTVSPropertyOp14
 70
     1
102
RTVSPropertyOp15
 70
     1
102
RTVSPropertyOp16
 70
     1
102
RTVSPropertyOp17
 70
     1
102
RTVSPropertyOp18
 70
     1
102
RTVSPropertyOp19
 70
     1
102
RTVSPropertyOp20
 70
     1
102
RTVSPropertyOp21
 70
     1
102
RTVSPropertyOp22
 70
     1
102
RTVSPropertyOp23
 70
     1
102
RTVSPropertyOp24
 70
     1
102
RTVSPropertyOp25
 70
     1
102
RTVSPropertyOp26
 70
     1
102
RTVSPropertyOp27
 70
     1
102
RTVSPropertyOp28
 70
     1
102
RTVSPropertyOp29
 70
     1
102
RTVSPropertyOp30
 70
     1
102
RTVSPropertyOp31
 70
     1
102
RTVSPropertyOp32
 70
     1
102
RTVSPropertyOp33
 70
     1
102
RTVSPropertyOp34
 70
     1
102
RTVSPropertyOp35
 70
     1
102
RTVSPropertyOp36
 70
     1
102
RTVSPropertyOp37
 70
     1
102
RTVSPropertyOp38
 70
     1
102
RTVSPropertyOp39
 70
     1
102
RTVSPropertyOp40
 70
     1
102
RTVSPropertyOp41
 70
     1
102
RTVSPropertyOp42
 70
     1
102
RTVSPropertyOp43
 70
     1
102
RTVSPropertyOp44
 70
     1
102
RTVSPropertyOp45
 70
     1
102
RTVSPropertyOp46
 70
     1
102
RTVSPropertyOp47
 70
     1
102
RTVSPropertyOp48
 70
     1
102
RTVSPropertyOp49
 70
     1
102
RTVSPropertyOp50
 70
     1
102
RTVSPropertyOp51
 70
     0
102
RTVSPropertyOp52
 70
     0
102
RTVSPropertyOp53
 70
     1
102
RTVSPropertyOp54
 70
     1
102
RTVSPropertyOp55
 70
     1
102
RTVSPropertyOp56
 70
     1
102
RTVSPropertyOp57
 70
     1
102
RTVSPropertyOp58
 70
     1
102
RTVSPropertyOp59
 70
     1
102
RTVSPropertyOp60
 70
     1
102
RTVSPropertyOp61
 70
     1
102
RTVSPropertyOp62
 70
     1
  0
XRECORD
  5
2DC
102
{ACAD_REACTORS
330
2DB
102
}
330
2DB
100
AcDbXrecord
280
     1
102
RTVSPost2010Prop28
280
     0
102
RTVSPost2010PropOp28
 70
     1
102
RTVSPost2010Prop29
280
     1
102
RTVSPost2010PropOp29
 70
     1
102
RTVSPost2010Prop30
280
     1
102
RTVSPost2010PropOp30
 70
     1
102
RTVSPost2010Prop31
280
     0
102
RTVSPost2010PropOp31
 70
     1
102
RTVSPost2010Prop32
280
     0
102
RTVSPost2010PropOp32
 70
     1
102
RTVSPost2010Prop33
280
     0
102
RTVSPost2010PropOp33
 70
     1
102
RTVSPost2010Prop34
280
     0
102
RTVSPost2010PropOp34
 70
     1
102
RTVSPost2010Prop35
280
     0
102
RTVSPost2010PropOp35
 70
     1
102
RTVSPost2010Prop36
280
     0
102
RTVSPost2010PropOp36
 70
     1
102
RTVSPost2010Prop37
 90
       50
102
RTVSPost2010PropOp37
 70
     1
102
RTVSPost2010Prop38
140
0.0
102
RTVSPost2010PropOp38
 70
     1
102
RTVSPost2010Prop39
140
1.0
102
RTVSPost2010PropOp39
 70
     1
102
RTVSPost2010Prop40
 90
        0
102
RTVSPost2010PropOp40
 70
     1
102
RTVSPost2010Prop41ColorIndex
 90
       18
102
RTVSPost2010Prop41ColorRGB
 90
        0
102
RTVSPost2010PropOp41
 70
     1
102
RTVSPost2010Prop42
 90
       50
102
RTVSPost2010PropOp42
 70
     1
102
RTVSPost2010Prop43
 90
        3
102
RTVSPost2010PropOp43
 70
     1
102
RTVSPost2010Prop44ColorIndex
 90
        5
102
RTVSPost2010Prop44ColorRGB
 90
      255
102
RTVSPost2010PropOp44
 70
     1
102
RTVSPost2010Prop45
280
     0
102
RTVSPost2010PropOp45
 70
     1
102
RTVSPost2010Prop46
 90
       50
102
RTVSPost2010PropOp46
 70
     1
102
RTVSPost2010Prop47
 90
       50
102
RTVSPost2010PropOp47
 70
     1
102
RTVSPost2010Prop48
 90
       50
102
RTVSPost2010PropOp48
 70
     1
102
RTVSPost2010Prop49
280
     0
102
RTVSPost2010PropOp49
 70
     1
102
RTVSPost2010Prop50
 90
       50
102
RTVSPost2010PropOp50
 70
     1
102
RTVSPost2010Prop51ColorIndex
 90
      256
102
RTVSPost2010Prop51ColorRGB
 90
-16777216
102
RTVSPost2010PropOp51
 70
     0
102
RTVSPost2010Prop52
140
1.0
102
RTVSPost2010PropOp52
 70
     0
102
RTVSPost2010Prop53
 90
        2
102
RTVSPost2010PropOp53
 70
     1
102
RTVSPost2010Prop54
  1
strokes_ogs.tif
102
RTVSPost2010PropOp54
 70
     1
102
RTVSPost2010Prop55
280
     0
102
RTVSPost2010PropOp55
 70
     1
102
RTVSPost2010Prop56
140
1.0
102
RTVSPost2010PropOp56
 70
     1
102
RTVSPost2010Prop57
140
1.0
102
RTVSPost2010PropOp57
 70
     1
102
RTVSPropertyOp0
 70
     1
102
RTVSPropertyOp1
 70
     1
102
RTVSPropertyOp2
 70
     1
102
RTVSPropertyOp3
 70
     1
102
RTVSPropertyOp4
 70
     1
102
RTVSPropertyOp5
 70
     1
102
RTVSPropertyOp6
 70
     1
102
RTVSPropertyOp7
 70
     1
102
RTVSPropertyOp8
 70
     1
102
RTVSPropertyOp9
 70
     1
102
RTVSPropertyOp10
 70
     1
102
RTVSPropertyOp11
 70
     1
102
RTVSPropertyOp12
 70
     1
102
RTVSPropertyOp13
 70
     1
102
RTVSPropertyOp14
 70
     1
102
RTVSPropertyOp15
 70
     1
102
RTVSPropertyOp16
 70
     1
102
RTVSPropertyOp17
 70
     1
102
RTVSPropertyOp18
 70
     1
102
RTVSPropertyOp19
 70
     1
102
RTVSPropertyOp20
 70
     1
102
RTVSPropertyOp21
 70
     1
102
RTVSPropertyOp22
 70
     1
102
RTVSPropertyOp23
 70
     1
102
RTVSPropertyOp24
 70
     1
102
RTVSPropertyOp25
 70
     1
102
RTVSPropertyOp26
 70
     1
102
RTVSPropertyOp27
 70
     1
102
RTVSPropertyOp28
 70
     1
102
RTVSPropertyOp29
 70
     1
102
RTVSPropertyOp30
 70
     1
102
RTVSPropertyOp31
 70
     1
102
RTVSPropertyOp32
 70
     1
102
RTVSPropertyOp33
 70
     1
102
RTVSPropertyOp34
 70
     1
102
RTVSPropertyOp35
 70
     1
102
RTVSPropertyOp36
 70
     1
102
RTVSPropertyOp37
 70
     1
102
RTVSPropertyOp38
 70
     1
102
RTVSPropertyOp39
 70
     1
102
RTVSPropertyOp40
 70
     1
102
RTVSPropertyOp41
 70
     1
102
RTVSPropertyOp42
 70
     1
102
RTVSPropertyOp43
 70
     1
102
RTVSPropertyOp44
 70
     1
102
RTVSPropertyOp45
 70
     1
102
RTVSPropertyOp46
 70
     1
102
RTVSPropertyOp47
 70
     1
102
RTVSPropertyOp48
 70
     1
102
RTVSPropertyOp49
 70
     1
102
RTVSPropertyOp50
 70
     1
102
RTVSPropertyOp51
 70
     0
102
RTVSPropertyOp52
 70
     0
102
RTVSPropertyOp53
 70
     1
102
RTVSPropertyOp54
 70
     1
102
RTVSPropertyOp55
 70
     1
102
RTVSPropertyOp56
 70
     1
102
RTVSPropertyOp57
 70
     1
102
RTVSPropertyOp58
 70
     1
102
RTVSPropertyOp59
 70
     1
102
RTVSPropertyOp60
 70
     1
102
RTVSPropertyOp61
 70
     1
102
RTVSPropertyOp62
 70
     1
  0
XRECORD
  5
2D0
102
{ACAD_REACTORS
330
2CF
102
}
330
2CF
100
AcDbXrecord
280
     1
102
RTVSPost2010Prop28
280
     0
102
RTVSPost2010PropOp28
 70
     1
102
RTVSPost2010Prop29
280
     1
102
RTVSPost2010PropOp29
 70
     1
102
RTVSPost2010Prop30
280
     1
102
RTVSPost2010PropOp30
 70
     1
102
RTVSPost2010Prop31
280
     0
102
RTVSPost2010PropOp31
 70
     1
102
RTVSPost2010Prop32
280
     0
102
RTVSPost2010PropOp32
 70
     1
102
RTVSPost2010Prop33
280
     0
102
RTVSPost2010PropOp33
 70
     1
102
RTVSPost2010Prop34
280
     0
102
RTVSPost2010PropOp34
 70
     1
102
RTVSPost2010Prop35
280
     0
102
RTVSPost2010PropOp35
 70
     1
102
RTVSPost2010Prop36
280
     0
102
RTVSPost2010PropOp36
 70
     1
102
RTVSPost2010Prop37
 90
       50
102
RTVSPost2010PropOp37
 70
     1
102
RTVSPost2010Prop38
140
0.0
102
RTVSPost2010PropOp38
 70
     1
102
RTVSPost2010Prop39
140
1.0
102
RTVSPost2010PropOp39
 70
     1
102
RTVSPost2010Prop40
 90
        0
102
RTVSPost2010PropOp40
 70
     1
102
RTVSPost2010Prop41ColorIndex
 90
       18
102
RTVSPost2010Prop41ColorRGB
 90
        0
102
RTVSPost2010PropOp41
 70
     1
102
RTVSPost2010Prop42
 90
       50
102
RTVSPost2010PropOp42
 70
     1
102
RTVSPost2010Prop43
 90
        3
102
RTVSPost2010PropOp43
 70
     1
102
RTVSPost2010Prop44ColorIndex
 90
        5
102
RTVSPost2010Prop44ColorRGB
 90
      255
102
RTVSPost2010PropOp44
 70
     1
102
RTVSPost2010Prop45
280
     0
102
RTVSPost2010PropOp45
 70
     1
102
RTVSPost2010Prop46
 90
       50
102
RTVSPost2010PropOp46
 70
     1
102
RTVSPost2010Prop47
 90
       50
102
RTVSPost2010PropOp47
 70
     1
102
RTVSPost2010Prop48
 90
       50
102
RTVSPost2010PropOp48
 70
     1
102
RTVSPost2010Prop49
280
     0
102
RTVSPost2010PropOp49
 70
     1
102
RTVSPost2010Prop50
 90
       50
102
RTVSPost2010PropOp50
 70
     1
102
RTVSPost2010Prop51ColorIndex
 90
      256
102
RTVSPost2010Prop51ColorRGB
 90
-16777216
102
RTVSPost2010PropOp51
 70
     0
102
RTVSPost2010Prop52
140
1.0
102
RTVSPost2010PropOp52
 70
     0
102
RTVSPost2010Prop53
 90
        2
102
RTVSPost2010PropOp53
 70
     1
102
RTVSPost2010Prop54
  1
strokes_ogs.tif
102
RTVSPost2010PropOp54
 70
     1
102
RTVSPost2010Prop55
280
     0
102
RTVSPost2010PropOp55
 70
     1
102
RTVSPost2010Prop56
140
1.0
102
RTVSPost2010PropOp56
 70
     1
102
RTVSPost2010Prop57
140
1.0
102
RTVSPost2010PropOp57
 70
     1
102
RTVSPropertyOp0
 70
     1
102
RTVSPropertyOp1
 70
     1
102
RTVSPropertyOp2
 70
     1
102
RTVSPropertyOp3
 70
     1
102
RTVSPropertyOp4
 70
     1
102
RTVSPropertyOp5
 70
     1
102
RTVSPropertyOp6
 70
     1
102
RTVSPropertyOp7
 70
     1
102
RTVSPropertyOp8
 70
     1
102
RTVSPropertyOp9
 70
     1
102
RTVSPropertyOp10
 70
     1
102
RTVSPropertyOp11
 70
     1
102
RTVSPropertyOp12
 70
     1
102
RTVSPropertyOp13
 70
     1
102
RTVSPropertyOp14
 70
     1
102
RTVSPropertyOp15
 70
     1
102
RTVSPropertyOp16
 70
     1
102
RTVSPropertyOp17
 70
     1
102
RTVSPropertyOp18
 70
     1
102
RTVSPropertyOp19
 70
     1
102
RTVSPropertyOp20
 70
     1
102
RTVSPropertyOp21
 70
     1
102
RTVSPropertyOp22
 70
     1
102
RTVSPropertyOp23
 70
     1
102
RTVSPropertyOp24
 70
     1
102
RTVSPropertyOp25
 70
     1
102
RTVSPropertyOp26
 70
     1
102
RTVSPropertyOp27
 70
     1
102
RTVSPropertyOp28
 70
     1
102
RTVSPropertyOp29
 70
     1
102
RTVSPropertyOp30
 70
     1
102
RTVSPropertyOp31
 70
     1
102
RTVSPropertyOp32
 70
     1
102
RTVSPropertyOp33
 70
     1
102
RTVSPropertyOp34
 70
     1
102
RTVSPropertyOp35
 70
     1
102
RTVSPropertyOp36
 70
     1
102
RTVSPropertyOp37
 70
     1
102
RTVSPropertyOp38
 70
     1
102
RTVSPropertyOp39
 70
     1
102
RTVSPropertyOp40
 70
     1
102
RTVSPropertyOp41
 70
     1
102
RTVSPropertyOp42
 70
     1
102
RTVSPropertyOp43
 70
     1
102
RTVSPropertyOp44
 70
     1
102
RTVSPropertyOp45
 70
     1
102
RTVSPropertyOp46
 70
     1
102
RTVSPropertyOp47
 70
     1
102
RTVSPropertyOp48
 70
     1
102
RTVSPropertyOp49
 70
     1
102
RTVSPropertyOp50
 70
     1
102
RTVSPropertyOp51
 70
     0
102
RTVSPropertyOp52
 70
     0
102
RTVSPropertyOp53
 70
     1
102
RTVSPropertyOp54
 70
     1
102
RTVSPropertyOp55
 70
     1
102
RTVSPropertyOp56
 70
     1
102
RTVSPropertyOp57
 70
     1
102
RTVSPropertyOp58
 70
     1
102
RTVSPropertyOp59
 70
     1
102
RTVSPropertyOp60
 70
     1
102
RTVSPropertyOp61
 70
     1
102
RTVSPropertyOp62
 70
     1
  0
XRECORD
  5
2D2
102
{ACAD_REACTORS
330
2D1
102
}
330
2D1
100
AcDbXrecord
280
     1
102
RTVSPost2010Prop28
280
     0
102
RTVSPost2010PropOp28
 70
     1
102
RTVSPost2010Prop29
280
     1
102
RTVSPost2010PropOp29
 70
     1
102
RTVSPost2010Prop30
280
     1
102
RTVSPost2010PropOp30
 70
     1
102
RTVSPost2010Prop31
280
     0
102
RTVSPost2010PropOp31
 70
     1
102
RTVSPost2010Prop32
280
     0
102
RTVSPost2010PropOp32
 70
     1
102
RTVSPost2010Prop33
280
     0
102
RTVSPost2010PropOp33
 70
     1
102
RTVSPost2010Prop34
280
     0
102
RTVSPost2010PropOp34
 70
     1
102
RTVSPost2010Prop35
280
     0
102
RTVSPost2010PropOp35
 70
     1
102
RTVSPost2010Prop36
280
     0
102
RTVSPost2010PropOp36
 70
     1
102
RTVSPost2010Prop37
 90
       50
102
RTVSPost2010PropOp37
 70
     1
102
RTVSPost2010Prop38
140
0.0
102
RTVSPost2010PropOp38
 70
     1
102
RTVSPost2010Prop39
140
1.0
102
RTVSPost2010PropOp39
 70
     1
102
RTVSPost2010Prop40
 90
        0
102
RTVSPost2010PropOp40
 70
     1
102
RTVSPost2010Prop41ColorIndex
 90
       18
102
RTVSPost2010Prop41ColorRGB
 90
        0
102
RTVSPost2010PropOp41
 70
     1
102
RTVSPost2010Prop42
 90
       50
102
RTVSPost2010PropOp42
 70
     1
102
RTVSPost2010Prop43
 90
        3
102
RTVSPost2010PropOp43
 70
     1
102
RTVSPost2010Prop44ColorIndex
 90
        5
102
RTVSPost2010Prop44ColorRGB
 90
      255
102
RTVSPost2010PropOp44
 70
     1
102
RTVSPost2010Prop45
280
     0
102
RTVSPost2010PropOp45
 70
     1
102
RTVSPost2010Prop46
 90
       50
102
RTVSPost2010PropOp46
 70
     1
102
RTVSPost2010Prop47
 90
       50
102
RTVSPost2010PropOp47
 70
     1
102
RTVSPost2010Prop48
 90
       50
102
RTVSPost2010PropOp48
 70
     1
102
RTVSPost2010Prop49
280
     0
102
RTVSPost2010PropOp49
 70
     1
102
RTVSPost2010Prop50
 90
       50
102
RTVSPost2010PropOp50
 70
     1
102
RTVSPost2010Prop51ColorIndex
 90
      256
102
RTVSPost2010Prop51ColorRGB
 90
-16777216
102
RTVSPost2010PropOp51
 70
     0
102
RTVSPost2010Prop52
140
1.0
102
RTVSPost2010PropOp52
 70
     0
102
RTVSPost2010Prop53
 90
        2
102
RTVSPost2010PropOp53
 70
     1
102
RTVSPost2010Prop54
  1
strokes_ogs.tif
102
RTVSPost2010PropOp54
 70
     1
102
RTVSPost2010Prop55
280
     0
102
RTVSPost2010PropOp55
 70
     1
102
RTVSPost2010Prop56
140
1.0
102
RTVSPost2010PropOp56
 70
     1
102
RTVSPost2010Prop57
140
1.0
102
RTVSPost2010PropOp57
 70
     1
102
RTVSPropertyOp0
 70
     1
102
RTVSPropertyOp1
 70
     1
102
RTVSPropertyOp2
 70
     1
102
RTVSPropertyOp3
 70
     1
102
RTVSPropertyOp4
 70
     1
102
RTVSPropertyOp5
 70
     1
102
RTVSPropertyOp6
 70
     1
102
RTVSPropertyOp7
 70
     1
102
RTVSPropertyOp8
 70
     1
102
RTVSPropertyOp9
 70
     1
102
RTVSPropertyOp10
 70
     1
102
RTVSPropertyOp11
 70
     1
102
RTVSPropertyOp12
 70
     1
102
RTVSPropertyOp13
 70
     1
102
RTVSPropertyOp14
 70
     1
102
RTVSPropertyOp15
 70
     1
102
RTVSPropertyOp16
 70
     1
102
RTVSPropertyOp17
 70
     1
102
RTVSPropertyOp18
 70
     1
102
RTVSPropertyOp19
 70
     1
102
RTVSPropertyOp20
 70
     1
102
RTVSPropertyOp21
 70
     1
102
RTVSPropertyOp22
 70
     1
102
RTVSPropertyOp23
 70
     1
102
RTVSPropertyOp24
 70
     1
102
RTVSPropertyOp25
 70
     1
102
RTVSPropertyOp26
 70
     1
102
RTVSPropertyOp27
 70
     1
102
RTVSPropertyOp28
 70
     1
102
RTVSPropertyOp29
 70
     1
102
RTVSPropertyOp30
 70
     1
102
RTVSPropertyOp31
 70
     1
102
RTVSPropertyOp32
 70
     1
102
RTVSPropertyOp33
 70
     1
102
RTVSPropertyOp34
 70
     1
102
RTVSPropertyOp35
 70
     1
102
RTVSPropertyOp36
 70
     1
102
RTVSPropertyOp37
 70
     1
102
RTVSPropertyOp38
 70
     1
102
RTVSPropertyOp39
 70
     1
102
RTVSPropertyOp40
 70
     1
102
RTVSPropertyOp41
 70
     1
102
RTVSPropertyOp42
 70
     1
102
RTVSPropertyOp43
 70
     1
102
RTVSPropertyOp44
 70
     1
102
RTVSPropertyOp45
 70
     1
102
RTVSPropertyOp46
 70
     1
102
RTVSPropertyOp47
 70
     1
102
RTVSPropertyOp48
 70
     1
102
RTVSPropertyOp49
 70
     1
102
RTVSPropertyOp50
 70
     1
102
RTVSPropertyOp51
 70
     0
102
RTVSPropertyOp52
 70
     0
102
RTVSPropertyOp53
 70
     1
102
RTVSPropertyOp54
 70
     1
102
RTVSPropertyOp55
 70
     1
102
RTVSPropertyOp56
 70
     1
102
RTVSPropertyOp57
 70
     1
102
RTVSPropertyOp58
 70
     1
102
RTVSPropertyOp59
 70
     1
102
RTVSPropertyOp60
 70
     1
102
RTVSPropertyOp61
 70
     1
102
RTVSPropertyOp62
 70
     1
  0
XRECORD
  5
2E2
102
{ACAD_REACTORS
330
2E1
102
}
330
2E1
100
AcDbXrecord
280
     1
102
RTVSPost2010Prop28
280
     0
102
RTVSPost2010PropOp28
 70
     1
102
RTVSPost2010Prop29
280
     1
102
RTVSPost2010PropOp29
 70
     1
102
RTVSPost2010Prop30
280
     1
102
RTVSPost2010PropOp30
 70
     1
102
RTVSPost2010Prop31
280
     0
102
RTVSPost2010PropOp31
 70
     1
102
RTVSPost2010Prop32
280
     0
102
RTVSPost2010PropOp32
 70
     1
102
RTVSPost2010Prop33
280
     0
102
RTVSPost2010PropOp33
 70
     1
102
RTVSPost2010Prop34
280
     0
102
RTVSPost2010PropOp34
 70
     1
102
RTVSPost2010Prop35
280
     0
102
RTVSPost2010PropOp35
 70
     1
102
RTVSPost2010Prop36
280
     0
102
RTVSPost2010PropOp36
 70
     1
102
RTVSPost2010Prop37
 90
       50
102
RTVSPost2010PropOp37
 70
     1
102
RTVSPost2010Prop38
140
0.0
102
RTVSPost2010PropOp38
 70
     1
102
RTVSPost2010Prop39
140
1.0
102
RTVSPost2010PropOp39
 70
     1
102
RTVSPost2010Prop40
 90
        0
102
RTVSPost2010PropOp40
 70
     1
102
RTVSPost2010Prop41ColorIndex
 90
       18
102
RTVSPost2010Prop41ColorRGB
 90
        0
102
RTVSPost2010PropOp41
 70
     1
102
RTVSPost2010Prop42
 90
       50
102
RTVSPost2010PropOp42
 70
     1
102
RTVSPost2010Prop43
 90
        3
102
RTVSPost2010PropOp43
 70
     1
102
RTVSPost2010Prop44ColorIndex
 90
        5
102
RTVSPost2010Prop44ColorRGB
 90
      255
102
RTVSPost2010PropOp44
 70
     1
102
RTVSPost2010Prop45
280
     0
102
RTVSPost2010PropOp45
 70
     1
102
RTVSPost2010Prop46
 90
       50
102
RTVSPost2010PropOp46
 70
     1
102
RTVSPost2010Prop47
 90
       50
102
RTVSPost2010PropOp47
 70
     1
102
RTVSPost2010Prop48
 90
       50
102
RTVSPost2010PropOp48
 70
     1
102
RTVSPost2010Prop49
280
     0
102
RTVSPost2010PropOp49
 70
     1
102
RTVSPost2010Prop50
 90
       50
102
RTVSPost2010PropOp50
 70
     1
102
RTVSPost2010Prop51ColorIndex
 90
      256
102
RTVSPost2010Prop51ColorRGB
 90
-16777216
102
RTVSPost2010PropOp51
 70
     0
102
RTVSPost2010Prop52
140
1.0
102
RTVSPost2010PropOp52
 70
     0
102
RTVSPost2010Prop53
 90
        2
102
RTVSPost2010PropOp53
 70
     1
102
RTVSPost2010Prop54
  1
strokes_ogs.tif
102
RTVSPost2010PropOp54
 70
     1
102
RTVSPost2010Prop55
280
     0
102
RTVSPost2010PropOp55
 70
     1
102
RTVSPost2010Prop56
140
1.0
102
RTVSPost2010PropOp56
 70
     1
102
RTVSPost2010Prop57
140
1.0
102
RTVSPost2010PropOp57
 70
     1
102
RTVSPropertyOp0
 70
     1
102
RTVSPropertyOp1
 70
     1
102
RTVSPropertyOp2
 70
     1
102
RTVSPropertyOp3
 70
     1
102
RTVSPropertyOp4
 70
     1
102
RTVSPropertyOp5
 70
     1
102
RTVSPropertyOp6
 70
     1
102
RTVSPropertyOp7
 70
     1
102
RTVSPropertyOp8
 70
     1
102
RTVSPropertyOp9
 70
     1
102
RTVSPropertyOp10
 70
     1
102
RTVSPropertyOp11
 70
     1
102
RTVSPropertyOp12
 70
     1
102
RTVSPropertyOp13
 70
     1
102
RTVSPropertyOp14
 70
     1
102
RTVSPropertyOp15
 70
     1
102
RTVSPropertyOp16
 70
     1
102
RTVSPropertyOp17
 70
     1
102
RTVSPropertyOp18
 70
     1
102
RTVSPropertyOp19
 70
     1
102
RTVSPropertyOp20
 70
     1
102
RTVSPropertyOp21
 70
     1
102
RTVSPropertyOp22
 70
     1
102
RTVSPropertyOp23
 70
     1
102
RTVSPropertyOp24
 70
     1
102
RTVSPropertyOp25
 70
     1
102
RTVSPropertyOp26
 70
     1
102
RTVSPropertyOp27
 70
     1
102
RTVSPropertyOp28
 70
     1
102
RTVSPropertyOp29
 70
     1
102
RTVSPropertyOp30
 70
     1
102
RTVSPropertyOp31
 70
     1
102
RTVSPropertyOp32
 70
     1
102
RTVSPropertyOp33
 70
     1
102
RTVSPropertyOp34
 70
     1
102
RTVSPropertyOp35
 70
     1
102
RTVSPropertyOp36
 70
     1
102
RTVSPropertyOp37
 70
     1
102
RTVSPropertyOp38
 70
     1
102
RTVSPropertyOp39
 70
     1
102
RTVSPropertyOp40
 70
     1
102
RTVSPropertyOp41
 70
     1
102
RTVSPropertyOp42
 70
     1
102
RTVSPropertyOp43
 70
     1
102
RTVSPropertyOp44
 70
     1
102
RTVSPropertyOp45
 70
     1
102
RTVSPropertyOp46
 70
     1
102
RTVSPropertyOp47
 70
     1
102
RTVSPropertyOp48
 70
     1
102
RTVSPropertyOp49
 70
     1
102
RTVSPropertyOp50
 70
     1
102
RTVSPropertyOp51
 70
     0
102
RTVSPropertyOp52
 70
     0
102
RTVSPropertyOp53
 70
     1
102
RTVSPropertyOp54
 70
     1
102
RTVSPropertyOp55
 70
     1
102
RTVSPropertyOp56
 70
     1
102
RTVSPropertyOp57
 70
     1
102
RTVSPropertyOp58
 70
     1
102
RTVSPropertyOp59
 70
     1
102
RTVSPropertyOp60
 70
     1
102
RTVSPropertyOp61
 70
     1
102
RTVSPropertyOp62
 70
     1
  0
XRECORD
  5
2DA
102
{ACAD_REACTORS
330
2D9
102
}
330
2D9
100
AcDbXrecord
280
     1
102
RTVSPost2010Prop28
280
     0
102
RTVSPost2010PropOp28
 70
     1
102
RTVSPost2010Prop29
280
     1
102
RTVSPost2010PropOp29
 70
     1
102
RTVSPost2010Prop30
280
     1
102
RTVSPost2010PropOp30
 70
     1
102
RTVSPost2010Prop31
280
     0
102
RTVSPost2010PropOp31
 70
     1
102
RTVSPost2010Prop32
280
     0
102
RTVSPost2010PropOp32
 70
     1
102
RTVSPost2010Prop33
280
     0
102
RTVSPost2010PropOp33
 70
     1
102
RTVSPost2010Prop34
280
     0
102
RTVSPost2010PropOp34
 70
     1
102
RTVSPost2010Prop35
280
     0
102
RTVSPost2010PropOp35
 70
     1
102
RTVSPost2010Prop36
280
     0
102
RTVSPost2010PropOp36
 70
     1
102
RTVSPost2010Prop37
 90
       50
102
RTVSPost2010PropOp37
 70
     1
102
RTVSPost2010Prop38
140
0.0
102
RTVSPost2010PropOp38
 70
     1
102
RTVSPost2010Prop39
140
1.0
102
RTVSPost2010PropOp39
 70
     1
102
RTVSPost2010Prop40
 90
        0
102
RTVSPost2010PropOp40
 70
     1
102
RTVSPost2010Prop41ColorIndex
 90
       18
102
RTVSPost2010Prop41ColorRGB
 90
        0
102
RTVSPost2010PropOp41
 70
     1
102
RTVSPost2010Prop42
 90
       50
102
RTVSPost2010PropOp42
 70
     1
102
RTVSPost2010Prop43
 90
        3
102
RTVSPost2010PropOp43
 70
     1
102
RTVSPost2010Prop44ColorIndex
 90
        5
102
RTVSPost2010Prop44ColorRGB
 90
      255
102
RTVSPost2010PropOp44
 70
     1
102
RTVSPost2010Prop45
280
     0
102
RTVSPost2010PropOp45
 70
     1
102
RTVSPost2010Prop46
 90
       50
102
RTVSPost2010PropOp46
 70
     1
102
RTVSPost2010Prop47
 90
       50
102
RTVSPost2010PropOp47
 70
     1
102
RTVSPost2010Prop48
 90
       50
102
RTVSPost2010PropOp48
 70
     1
102
RTVSPost2010Prop49
280
     0
102
RTVSPost2010PropOp49
 70
     1
102
RTVSPost2010Prop50
 90
       50
102
RTVSPost2010PropOp50
 70
     1
102
RTVSPost2010Prop51ColorIndex
 90
      256
102
RTVSPost2010Prop51ColorRGB
 90
-16777216
102
RTVSPost2010PropOp51
 70
     0
102
RTVSPost2010Prop52
140
1.0
102
RTVSPost2010PropOp52
 70
     0
102
RTVSPost2010Prop53
 90
        2
102
RTVSPost2010PropOp53
 70
     1
102
RTVSPost2010Prop54
  1
strokes_ogs.tif
102
RTVSPost2010PropOp54
 70
     1
102
RTVSPost2010Prop55
280
     0
102
RTVSPost2010PropOp55
 70
     1
102
RTVSPost2010Prop56
140
1.0
102
RTVSPost2010PropOp56
 70
     1
102
RTVSPost2010Prop57
140
1.0
102
RTVSPost2010PropOp57
 70
     1
102
RTVSPropertyOp0
 70
     1
102
RTVSPropertyOp1
 70
     1
102
RTVSPropertyOp2
 70
     1
102
RTVSPropertyOp3
 70
     1
102
RTVSPropertyOp4
 70
     1
102
RTVSPropertyOp5
 70
     1
102
RTVSPropertyOp6
 70
     1
102
RTVSPropertyOp7
 70
     1
102
RTVSPropertyOp8
 70
     1
102
RTVSPropertyOp9
 70
     1
102
RTVSPropertyOp10
 70
     1
102
RTVSPropertyOp11
 70
     1
102
RTVSPropertyOp12
 70
     1
102
RTVSPropertyOp13
 70
     1
102
RTVSPropertyOp14
 70
     1
102
RTVSPropertyOp15
 70
     1
102
RTVSPropertyOp16
 70
     1
102
RTVSPropertyOp17
 70
     1
102
RTVSPropertyOp18
 70
     1
102
RTVSPropertyOp19
 70
     1
102
RTVSPropertyOp20
 70
     1
102
RTVSPropertyOp21
 70
     1
102
RTVSPropertyOp22
 70
     1
102
RTVSPropertyOp23
 70
     1
102
RTVSPropertyOp24
 70
     1
102
RTVSPropertyOp25
 70
     1
102
RTVSPropertyOp26
 70
     1
102
RTVSPropertyOp27
 70
     1
102
RTVSPropertyOp28
 70
     1
102
RTVSPropertyOp29
 70
     1
102
RTVSPropertyOp30
 70
     1
102
RTVSPropertyOp31
 70
     1
102
RTVSPropertyOp32
 70
     1
102
RTVSPropertyOp33
 70
     1
102
RTVSPropertyOp34
 70
     1
102
RTVSPropertyOp35
 70
     1
102
RTVSPropertyOp36
 70
     1
102
RTVSPropertyOp37
 70
     1
102
RTVSPropertyOp38
 70
     1
102
RTVSPropertyOp39
 70
     1
102
RTVSPropertyOp40
 70
     1
102
RTVSPropertyOp41
 70
     1
102
RTVSPropertyOp42
 70
     1
102
RTVSPropertyOp43
 70
     1
102
RTVSPropertyOp44
 70
     1
102
RTVSPropertyOp45
 70
     1
102
RTVSPropertyOp46
 70
     1
102
RTVSPropertyOp47
 70
     1
102
RTVSPropertyOp48
 70
     1
102
RTVSPropertyOp49
 70
     1
102
RTVSPropertyOp50
 70
     1
102
RTVSPropertyOp51
 70
     0
102
RTVSPropertyOp52
 70
     0
102
RTVSPropertyOp53
 70
     1
102
RTVSPropertyOp54
 70
     1
102
RTVSPropertyOp55
 70
     1
102
RTVSPropertyOp56
 70
     1
102
RTVSPropertyOp57
 70
     1
102
RTVSPropertyOp58
 70
     1
102
RTVSPropertyOp59
 70
     1
102
RTVSPropertyOp60
 70
     1
102
RTVSPropertyOp61
 70
     1
102
RTVSPropertyOp62
 70
     1
  0
XRECORD
  5
2BE
102
{ACAD_REACTORS
330
2BD
102
}
330
2BD
100
AcDbXrecord
280
     1
102
RTVSPost2010Prop28
280
     0
102
RTVSPost2010PropOp28
 70
     1
102
RTVSPost2010Prop29
280
     1
102
RTVSPost2010PropOp29
 70
     1
102
RTVSPost2010Prop30
280
     1
102
RTVSPost2010PropOp30
 70
     1
102
RTVSPost2010Prop31
280
     0
102
RTVSPost2010PropOp31
 70
     1
102
RTVSPost2010Prop32
280
     0
102
RTVSPost2010PropOp32
 70
     1
102
RTVSPost2010Prop33
280
     0
102
RTVSPost2010PropOp33
 70
     1
102
RTVSPost2010Prop34
280
     0
102
RTVSPost2010PropOp34
 70
     1
102
RTVSPost2010Prop35
280
     0
102
RTVSPost2010PropOp35
 70
     1
102
RTVSPost2010Prop36
280
     0
102
RTVSPost2010PropOp36
 70
     1
102
RTVSPost2010Prop37
 90
       50
102
RTVSPost2010PropOp37
 70
     1
102
RTVSPost2010Prop38
140
0.0
102
RTVSPost2010PropOp38
 70
     1
102
RTVSPost2010Prop39
140
1.0
102
RTVSPost2010PropOp39
 70
     1
102
RTVSPost2010Prop40
 90
        0
102
RTVSPost2010PropOp40
 70
     1
102
RTVSPost2010Prop41ColorIndex
 90
       18
102
RTVSPost2010Prop41ColorRGB
 90
        0
102
RTVSPost2010PropOp41
 70
     1
102
RTVSPost2010Prop42
 90
       50
102
RTVSPost2010PropOp42
 70
     1
102
RTVSPost2010Prop43
 90
        3
102
RTVSPost2010PropOp43
 70
     1
102
RTVSPost2010Prop44ColorIndex
 90
        5
102
RTVSPost2010Prop44ColorRGB
 90
      255
102
RTVSPost2010PropOp44
 70
     1
102
RTVSPost2010Prop45
280
     0
102
RTVSPost2010PropOp45
 70
     1
102
RTVSPost2010Prop46
 90
       50
102
RTVSPost2010PropOp46
 70
     1
102
RTVSPost2010Prop47
 90
       50
102
RTVSPost2010PropOp47
 70
     1
102
RTVSPost2010Prop48
 90
       50
102
RTVSPost2010PropOp48
 70
     1
102
RTVSPost2010Prop49
280
     0
102
RTVSPost2010PropOp49
 70
     1
102
RTVSPost2010Prop50
 90
       50
102
RTVSPost2010PropOp50
 70
     1
102
RTVSPost2010Prop51ColorIndex
 90
      256
102
RTVSPost2010Prop51ColorRGB
 90
-16777216
102
RTVSPost2010PropOp51
 70
     0
102
RTVSPost2010Prop52
140
1.0
102
RTVSPost2010PropOp52
 70
     0
102
RTVSPost2010Prop53
 90
        2
102
RTVSPost2010PropOp53
 70
     1
102
RTVSPost2010Prop54
  1
strokes_ogs.tif
102
RTVSPost2010PropOp54
 70
     1
102
RTVSPost2010Prop55
280
     0
102
RTVSPost2010PropOp55
 70
     1
102
RTVSPost2010Prop56
140
1.0
102
RTVSPost2010PropOp56
 70
     1
102
RTVSPost2010Prop57
140
1.0
102
RTVSPost2010PropOp57
 70
     1
102
RTVSPropertyOp0
 70
     1
102
RTVSPropertyOp1
 70
     1
102
RTVSPropertyOp2
 70
     1
102
RTVSPropertyOp3
 70
     1
102
RTVSPropertyOp4
 70
     1
102
RTVSPropertyOp5
 70
     1
102
RTVSPropertyOp6
 70
     1
102
RTVSPropertyOp7
 70
     1
102
RTVSPropertyOp8
 70
     1
102
RTVSPropertyOp9
 70
     1
102
RTVSPropertyOp10
 70
     1
102
RTVSPropertyOp11
 70
     1
102
RTVSPropertyOp12
 70
     1
102
RTVSPropertyOp13
 70
     1
102
RTVSPropertyOp14
 70
     1
102
RTVSPropertyOp15
 70
     1
102
RTVSPropertyOp16
 70
     1
102
RTVSPropertyOp17
 70
     1
102
RTVSPropertyOp18
 70
     1
102
RTVSPropertyOp19
 70
     1
102
RTVSPropertyOp20
 70
     1
102
RTVSPropertyOp21
 70
     1
102
RTVSPropertyOp22
 70
     1
102
RTVSPropertyOp23
 70
     1
102
RTVSPropertyOp24
 70
     1
102
RTVSPropertyOp25
 70
     1
102
RTVSPropertyOp26
 70
     1
102
RTVSPropertyOp27
 70
     1
102
RTVSPropertyOp28
 70
     1
102
RTVSPropertyOp29
 70
     1
102
RTVSPropertyOp30
 70
     1
102
RTVSPropertyOp31
 70
     1
102
RTVSPropertyOp32
 70
     1
102
RTVSPropertyOp33
 70
     1
102
RTVSPropertyOp34
 70
     1
102
RTVSPropertyOp35
 70
     1
102
RTVSPropertyOp36
 70
     1
102
RTVSPropertyOp37
 70
     1
102
RTVSPropertyOp38
 70
     1
102
RTVSPropertyOp39
 70
     1
102
RTVSPropertyOp40
 70
     1
102
RTVSPropertyOp41
 70
     1
102
RTVSPropertyOp42
 70
     1
102
RTVSPropertyOp43
 70
     1
102
RTVSPropertyOp44
 70
     1
102
RTVSPropertyOp45
 70
     1
102
RTVSPropertyOp46
 70
     1
102
RTVSPropertyOp47
 70
     1
102
RTVSPropertyOp48
 70
     1
102
RTVSPropertyOp49
 70
     1
102
RTVSPropertyOp50
 70
     1
102
RTVSPropertyOp51
 70
     0
102
RTVSPropertyOp52
 70
     0
102
RTVSPropertyOp53
 70
     1
102
RTVSPropertyOp54
 70
     1
102
RTVSPropertyOp55
 70
     1
102
RTVSPropertyOp56
 70
     1
102
RTVSPropertyOp57
 70
     1
102
RTVSPropertyOp58
 70
     1
102
RTVSPropertyOp59
 70
     1
102
RTVSPropertyOp60
 70
     1
102
RTVSPropertyOp61
 70
     1
102
RTVSPropertyOp62
 70
     1
  0
XRECORD
  5
2C0
102
{ACAD_REACTORS
330
2BF
102
}
330
2BF
100
AcDbXrecord
280
     1
102
RTVSPost2010Prop28
280
     0
102
RTVSPost2010PropOp28
 70
     1
102
RTVSPost2010Prop29
280
     1
102
RTVSPost2010PropOp29
 70
     1
102
RTVSPost2010Prop30
280
     1
102
RTVSPost2010PropOp30
 70
     1
102
RTVSPost2010Prop31
280
     0
102
RTVSPost2010PropOp31
 70
     1
102
RTVSPost2010Prop32
280
     0
102
RTVSPost2010PropOp32
 70
     1
102
RTVSPost2010Prop33
280
     0
102
RTVSPost2010PropOp33
 70
     1
102
RTVSPost2010Prop34
280
     0
102
RTVSPost2010PropOp34
 70
     1
102
RTVSPost2010Prop35
280
     0
102
RTVSPost2010PropOp35
 70
     1
102
RTVSPost2010Prop36
280
     0
102
RTVSPost2010PropOp36
 70
     1
102
RTVSPost2010Prop37
 90
       50
102
RTVSPost2010PropOp37
 70
     1
102
RTVSPost2010Prop38
140
0.0
102
RTVSPost2010PropOp38
 70
     1
102
RTVSPost2010Prop39
140
1.0
102
RTVSPost2010PropOp39
 70
     1
102
RTVSPost2010Prop40
 90
        0
102
RTVSPost2010PropOp40
 70
     1
102
RTVSPost2010Prop41ColorIndex
 90
       18
102
RTVSPost2010Prop41ColorRGB
 90
        0
102
RTVSPost2010PropOp41
 70
     1
102
RTVSPost2010Prop42
 90
       50
102
RTVSPost2010PropOp42
 70
     1
102
RTVSPost2010Prop43
 90
        3
102
RTVSPost2010PropOp43
 70
     1
102
RTVSPost2010Prop44ColorIndex
 90
        5
102
RTVSPost2010Prop44ColorRGB
 90
      255
102
RTVSPost2010PropOp44
 70
     1
102
RTVSPost2010Prop45
280
     0
102
RTVSPost2010PropOp45
 70
     1
102
RTVSPost2010Prop46
 90
       50
102
RTVSPost2010PropOp46
 70
     1
102
RTVSPost2010Prop47
 90
       50
102
RTVSPost2010PropOp47
 70
     1
102
RTVSPost2010Prop48
 90
       50
102
RTVSPost2010PropOp48
 70
     1
102
RTVSPost2010Prop49
280
     0
102
RTVSPost2010PropOp49
 70
     1
102
RTVSPost2010Prop50
 90
       50
102
RTVSPost2010PropOp50
 70
     1
102
RTVSPost2010Prop51ColorIndex
 90
      256
102
RTVSPost2010Prop51ColorRGB
 90
-16777216
102
RTVSPost2010PropOp51
 70
     0
102
RTVSPost2010Prop52
140
1.0
102
RTVSPost2010PropOp52
 70
     0
102
RTVSPost2010Prop53
 90
        2
102
RTVSPost2010PropOp53
 70
     1
102
RTVSPost2010Prop54
  1
strokes_ogs.tif
102
RTVSPost2010PropOp54
 70
     1
102
RTVSPost2010Prop55
280
     0
102
RTVSPost2010PropOp55
 70
     1
102
RTVSPost2010Prop56
140
1.0
102
RTVSPost2010PropOp56
 70
     1
102
RTVSPost2010Prop57
140
1.0
102
RTVSPost2010PropOp57
 70
     1
102
RTVSPropertyOp0
 70
     1
102
RTVSPropertyOp1
 70
     1
102
RTVSPropertyOp2
 70
     1
102
RTVSPropertyOp3
 70
     1
102
RTVSPropertyOp4
 70
     1
102
RTVSPropertyOp5
 70
     1
102
RTVSPropertyOp6
 70
     1
102
RTVSPropertyOp7
 70
     1
102
RTVSPropertyOp8
 70
     1
102
RTVSPropertyOp9
 70
     1
102
RTVSPropertyOp10
 70
     1
102
RTVSPropertyOp11
 70
     1
102
RTVSPropertyOp12
 70
     1
102
RTVSPropertyOp13
 70
     1
102
RTVSPropertyOp14
 70
     1
102
RTVSPropertyOp15
 70
     1
102
RTVSPropertyOp16
 70
     1
102
RTVSPropertyOp17
 70
     1
102
RTVSPropertyOp18
 70
     1
102
RTVSPropertyOp19
 70
     1
102
RTVSPropertyOp20
 70
     1
102
RTVSPropertyOp21
 70
     1
102
RTVSPropertyOp22
 70
     1
102
RTVSPropertyOp23
 70
     1
102
RTVSPropertyOp24
 70
     1
102
RTVSPropertyOp25
 70
     1
102
RTVSPropertyOp26
 70
     1
102
RTVSPropertyOp27
 70
     1
102
RTVSPropertyOp28
 70
     1
102
RTVSPropertyOp29
 70
     1
102
RTVSPropertyOp30
 70
     1
102
RTVSPropertyOp31
 70
     1
102
RTVSPropertyOp32
 70
     1
102
RTVSPropertyOp33
 70
     1
102
RTVSPropertyOp34
 70
     1
102
RTVSPropertyOp35
 70
     1
102
RTVSPropertyOp36
 70
     1
102
RTVSPropertyOp37
 70
     1
102
RTVSPropertyOp38
 70
     1
102
RTVSPropertyOp39
 70
     1
102
RTVSPropertyOp40
 70
     1
102
RTVSPropertyOp41
 70
     1
102
RTVSPropertyOp42
 70
     1
102
RTVSPropertyOp43
 70
     1
102
RTVSPropertyOp44
 70
     1
102
RTVSPropertyOp45
 70
     1
102
RTVSPropertyOp46
 70
     1
102
RTVSPropertyOp47
 70
     1
102
RTVSPropertyOp48
 70
     1
102
RTVSPropertyOp49
 70
     1
102
RTVSPropertyOp50
 70
     1
102
RTVSPropertyOp51
 70
     0
102
RTVSPropertyOp52
 70
     0
102
RTVSPropertyOp53
 70
     1
102
RTVSPropertyOp54
 70
     1
102
RTVSPropertyOp55
 70
     1
102
RTVSPropertyOp56
 70
     1
102
RTVSPropertyOp57
 70
     1
102
RTVSPropertyOp58
 70
     1
102
RTVSPropertyOp59
 70
     1
102
RTVSPropertyOp60
 70
     1
102
RTVSPropertyOp61
 70
     1
102
RTVSPropertyOp62
 70
     1
  0
XRECORD
  5
2C2
102
{ACAD_REACTORS
330
2C1
102
}
330
2C1
100
AcDbXrecord
280
     1
102
RTVSPost2010Prop28
280
     0
102
RTVSPost2010PropOp28
 70
     1
102
RTVSPost2010Prop29
280
     1
102
RTVSPost2010PropOp29
 70
     1
102
RTVSPost2010Prop30
280
     1
102
RTVSPost2010PropOp30
 70
     1
102
RTVSPost2010Prop31
280
     0
102
RTVSPost2010PropOp31
 70
     1
102
RTVSPost2010Prop32
280
     0
102
RTVSPost2010PropOp32
 70
     1
102
RTVSPost2010Prop33
280
     0
102
RTVSPost2010PropOp33
 70
     1
102
RTVSPost2010Prop34
280
     0
102
RTVSPost2010PropOp34
 70
     1
102
RTVSPost2010Prop35
280
     0
102
RTVSPost2010PropOp35
 70
     1
102
RTVSPost2010Prop36
280
     0
102
RTVSPost2010PropOp36
 70
     1
102
RTVSPost2010Prop37
 90
       50
102
RTVSPost2010PropOp37
 70
     1
102
RTVSPost2010Prop38
140
0.0
102
RTVSPost2010PropOp38
 70
     1
102
RTVSPost2010Prop39
140
1.0
102
RTVSPost2010PropOp39
 70
     1
102
RTVSPost2010Prop40
 90
        0
102
RTVSPost2010PropOp40
 70
     1
102
RTVSPost2010Prop41ColorIndex
 90
       18
102
RTVSPost2010Prop41ColorRGB
 90
        0
102
RTVSPost2010PropOp41
 70
     1
102
RTVSPost2010Prop42
 90
       50
102
RTVSPost2010PropOp42
 70
     1
102
RTVSPost2010Prop43
 90
        3
102
RTVSPost2010PropOp43
 70
     1
102
RTVSPost2010Prop44ColorIndex
 90
        5
102
RTVSPost2010Prop44ColorRGB
 90
      255
102
RTVSPost2010PropOp44
 70
     1
102
RTVSPost2010Prop45
280
     0
102
RTVSPost2010PropOp45
 70
     1
102
RTVSPost2010Prop46
 90
       50
102
RTVSPost2010PropOp46
 70
     1
102
RTVSPost2010Prop47
 90
       50
102
RTVSPost2010PropOp47
 70
     1
102
RTVSPost2010Prop48
 90
       50
102
RTVSPost2010PropOp48
 70
     1
102
RTVSPost2010Prop49
280
     0
102
RTVSPost2010PropOp49
 70
     1
102
RTVSPost2010Prop50
 90
       50
102
RTVSPost2010PropOp50
 70
     1
102
RTVSPost2010Prop51ColorIndex
 90
      256
102
RTVSPost2010Prop51ColorRGB
 90
-16777216
102
RTVSPost2010PropOp51
 70
     0
102
RTVSPost2010Prop52
140
1.0
102
RTVSPost2010PropOp52
 70
     0
102
RTVSPost2010Prop53
 90
        2
102
RTVSPost2010PropOp53
 70
     1
102
RTVSPost2010Prop54
  1
strokes_ogs.tif
102
RTVSPost2010PropOp54
 70
     1
102
RTVSPost2010Prop55
280
     0
102
RTVSPost2010PropOp55
 70
     1
102
RTVSPost2010Prop56
140
1.0
102
RTVSPost2010PropOp56
 70
     1
102
RTVSPost2010Prop57
140
1.0
102
RTVSPost2010PropOp57
 70
     1
102
RTVSPropertyOp0
 70
     1
102
RTVSPropertyOp1
 70
     1
102
RTVSPropertyOp2
 70
     1
102
RTVSPropertyOp3
 70
     1
102
RTVSPropertyOp4
 70
     1
102
RTVSPropertyOp5
 70
     1
102
RTVSPropertyOp6
 70
     1
102
RTVSPropertyOp7
 70
     1
102
RTVSPropertyOp8
 70
     1
102
RTVSPropertyOp9
 70
     1
102
RTVSPropertyOp10
 70
     1
102
RTVSPropertyOp11
 70
     1
102
RTVSPropertyOp12
 70
     1
102
RTVSPropertyOp13
 70
     1
102
RTVSPropertyOp14
 70
     1
102
RTVSPropertyOp15
 70
     1
102
RTVSPropertyOp16
 70
     1
102
RTVSPropertyOp17
 70
     1
102
RTVSPropertyOp18
 70
     1
102
RTVSPropertyOp19
 70
     1
102
RTVSPropertyOp20
 70
     1
102
RTVSPropertyOp21
 70
     1
102
RTVSPropertyOp22
 70
     1
102
RTVSPropertyOp23
 70
     1
102
RTVSPropertyOp24
 70
     1
102
RTVSPropertyOp25
 70
     1
102
RTVSPropertyOp26
 70
     1
102
RTVSPropertyOp27
 70
     1
102
RTVSPropertyOp28
 70
     1
102
RTVSPropertyOp29
 70
     1
102
RTVSPropertyOp30
 70
     1
102
RTVSPropertyOp31
 70
     1
102
RTVSPropertyOp32
 70
     1
102
RTVSPropertyOp33
 70
     1
102
RTVSPropertyOp34
 70
     1
102
RTVSPropertyOp35
 70
     1
102
RTVSPropertyOp36
 70
     1
102
RTVSPropertyOp37
 70
     1
102
RTVSPropertyOp38
 70
     1
102
RTVSPropertyOp39
 70
     1
102
RTVSPropertyOp40
 70
     1
102
RTVSPropertyOp41
 70
     1
102
RTVSPropertyOp42
 70
     1
102
RTVSPropertyOp43
 70
     1
102
RTVSPropertyOp44
 70
     1
102
RTVSPropertyOp45
 70
     1
102
RTVSPropertyOp46
 70
     1
102
RTVSPropertyOp47
 70
     1
102
RTVSPropertyOp48
 70
     1
102
RTVSPropertyOp49
 70
     1
102
RTVSPropertyOp50
 70
     1
102
RTVSPropertyOp51
 70
     0
102
RTVSPropertyOp52
 70
     0
102
RTVSPropertyOp53
 70
     1
102
RTVSPropertyOp54
 70
     1
102
RTVSPropertyOp55
 70
     1
102
RTVSPropertyOp56
 70
     1
102
RTVSPropertyOp57
 70
     1
102
RTVSPropertyOp58
 70
     1
102
RTVSPropertyOp59
 70
     1
102
RTVSPropertyOp60
 70
     1
102
RTVSPropertyOp61
 70
     1
102
RTVSPropertyOp62
 70
     1
  0
XRECORD
  5
2C4
102
{ACAD_REACTORS
330
2C3
102
}
330
2C3
100
AcDbXrecord
280
     1
102
RTVSPost2010Prop28
280
     0
102
RTVSPost2010PropOp28
 70
     1
102
RTVSPost2010Prop29
280
     1
102
RTVSPost2010PropOp29
 70
     1
102
RTVSPost2010Prop30
280
     1
102
RTVSPost2010PropOp30
 70
     1
102
RTVSPost2010Prop31
280
     0
102
RTVSPost2010PropOp31
 70
     1
102
RTVSPost2010Prop32
280
     0
102
RTVSPost2010PropOp32
 70
     1
102
RTVSPost2010Prop33
280
     0
102
RTVSPost2010PropOp33
 70
     1
102
RTVSPost2010Prop34
280
     0
102
RTVSPost2010PropOp34
 70
     1
102
RTVSPost2010Prop35
280
     0
102
RTVSPost2010PropOp35
 70
     1
102
RTVSPost2010Prop36
280
     0
102
RTVSPost2010PropOp36
 70
     1
102
RTVSPost2010Prop37
 90
       50
102
RTVSPost2010PropOp37
 70
     1
102
RTVSPost2010Prop38
140
0.0
102
RTVSPost2010PropOp38
 70
     1
102
RTVSPost2010Prop39
140
1.0
102
RTVSPost2010PropOp39
 70
     1
102
RTVSPost2010Prop40
 90
        0
102
RTVSPost2010PropOp40
 70
     1
102
RTVSPost2010Prop41ColorIndex
 90
       18
102
RTVSPost2010Prop41ColorRGB
 90
        0
102
RTVSPost2010PropOp41
 70
     1
102
RTVSPost2010Prop42
 90
       50
102
RTVSPost2010PropOp42
 70
     1
102
RTVSPost2010Prop43
 90
        3
102
RTVSPost2010PropOp43
 70
     1
102
RTVSPost2010Prop44ColorIndex
 90
        5
102
RTVSPost2010Prop44ColorRGB
 90
      255
102
RTVSPost2010PropOp44
 70
     1
102
RTVSPost2010Prop45
280
     0
102
RTVSPost2010PropOp45
 70
     1
102
RTVSPost2010Prop46
 90
       50
102
RTVSPost2010PropOp46
 70
     1
102
RTVSPost2010Prop47
 90
       50
102
RTVSPost2010PropOp47
 70
     1
102
RTVSPost2010Prop48
 90
       50
102
RTVSPost2010PropOp48
 70
     1
102
RTVSPost2010Prop49
280
     0
102
RTVSPost2010PropOp49
 70
     1
102
RTVSPost2010Prop50
 90
       50
102
RTVSPost2010PropOp50
 70
     1
102
RTVSPost2010Prop51ColorIndex
 90
      256
102
RTVSPost2010Prop51ColorRGB
 90
-16777216
102
RTVSPost2010PropOp51
 70
     0
102
RTVSPost2010Prop52
140
1.0
102
RTVSPost2010PropOp52
 70
     0
102
RTVSPost2010Prop53
 90
        2
102
RTVSPost2010PropOp53
 70
     1
102
RTVSPost2010Prop54
  1
strokes_ogs.tif
102
RTVSPost2010PropOp54
 70
     1
102
RTVSPost2010Prop55
280
     0
102
RTVSPost2010PropOp55
 70
     1
102
RTVSPost2010Prop56
140
1.0
102
RTVSPost2010PropOp56
 70
     1
102
RTVSPost2010Prop57
140
1.0
102
RTVSPost2010PropOp57
 70
     1
102
RTVSPropertyOp0
 70
     1
102
RTVSPropertyOp1
 70
     1
102
RTVSPropertyOp2
 70
     1
102
RTVSPropertyOp3
 70
     1
102
RTVSPropertyOp4
 70
     1
102
RTVSPropertyOp5
 70
     1
102
RTVSPropertyOp6
 70
     1
102
RTVSPropertyOp7
 70
     1
102
RTVSPropertyOp8
 70
     1
102
RTVSPropertyOp9
 70
     1
102
RTVSPropertyOp10
 70
     1
102
RTVSPropertyOp11
 70
     1
102
RTVSPropertyOp12
 70
     1
102
RTVSPropertyOp13
 70
     1
102
RTVSPropertyOp14
 70
     1
102
RTVSPropertyOp15
 70
     1
102
RTVSPropertyOp16
 70
     1
102
RTVSPropertyOp17
 70
     1
102
RTVSPropertyOp18
 70
     1
102
RTVSPropertyOp19
 70
     1
102
RTVSPropertyOp20
 70
     1
102
RTVSPropertyOp21
 70
     1
102
RTVSPropertyOp22
 70
     1
102
RTVSPropertyOp23
 70
     1
102
RTVSPropertyOp24
 70
     1
102
RTVSPropertyOp25
 70
     1
102
RTVSPropertyOp26
 70
     1
102
RTVSPropertyOp27
 70
     1
102
RTVSPropertyOp28
 70
     1
102
RTVSPropertyOp29
 70
     1
102
RTVSPropertyOp30
 70
     1
102
RTVSPropertyOp31
 70
     1
102
RTVSPropertyOp32
 70
     1
102
RTVSPropertyOp33
 70
     1
102
RTVSPropertyOp34
 70
     1
102
RTVSPropertyOp35
 70
     1
102
RTVSPropertyOp36
 70
     1
102
RTVSPropertyOp37
 70
     1
102
RTVSPropertyOp38
 70
     1
102
RTVSPropertyOp39
 70
     1
102
RTVSPropertyOp40
 70
     1
102
RTVSPropertyOp41
 70
     1
102
RTVSPropertyOp42
 70
     1
102
RTVSPropertyOp43
 70
     1
102
RTVSPropertyOp44
 70
     1
102
RTVSPropertyOp45
 70
     1
102
RTVSPropertyOp46
 70
     1
102
RTVSPropertyOp47
 70
     1
102
RTVSPropertyOp48
 70
     1
102
RTVSPropertyOp49
 70
     1
102
RTVSPropertyOp50
 70
     1
102
RTVSPropertyOp51
 70
     0
102
RTVSPropertyOp52
 70
     0
102
RTVSPropertyOp53
 70
     1
102
RTVSPropertyOp54
 70
     1
102
RTVSPropertyOp55
 70
     1
102
RTVSPropertyOp56
 70
     1
102
RTVSPropertyOp57
 70
     1
102
RTVSPropertyOp58
 70
     1
102
RTVSPropertyOp59
 70
     1
102
RTVSPropertyOp60
 70
     1
102
RTVSPropertyOp61
 70
     1
102
RTVSPropertyOp62
 70
     1
  0
XRECORD
  5
2CA
102
{ACAD_REACTORS
330
2C9
102
}
330
2C9
100
AcDbXrecord
280
     1
102
RTVSPost2010Prop28
280
     0
102
RTVSPost2010PropOp28
 70
     1
102
RTVSPost2010Prop29
280
     1
102
RTVSPost2010PropOp29
 70
     1
102
RTVSPost2010Prop30
280
     1
102
RTVSPost2010PropOp30
 70
     1
102
RTVSPost2010Prop31
280
     0
102
RTVSPost2010PropOp31
 70
     1
102
RTVSPost2010Prop32
280
     0
102
RTVSPost2010PropOp32
 70
     1
102
RTVSPost2010Prop33
280
     0
102
RTVSPost2010PropOp33
 70
     1
102
RTVSPost2010Prop34
280
     0
102
RTVSPost2010PropOp34
 70
     1
102
RTVSPost2010Prop35
280
     0
102
RTVSPost2010PropOp35
 70
     1
102
RTVSPost2010Prop36
280
     0
102
RTVSPost2010PropOp36
 70
     1
102
RTVSPost2010Prop37
 90
       50
102
RTVSPost2010PropOp37
 70
     1
102
RTVSPost2010Prop38
140
0.0
102
RTVSPost2010PropOp38
 70
     1
102
RTVSPost2010Prop39
140
1.0
102
RTVSPost2010PropOp39
 70
     1
102
RTVSPost2010Prop40
 90
        0
102
RTVSPost2010PropOp40
 70
     1
102
RTVSPost2010Prop41ColorIndex
 90
       18
102
RTVSPost2010Prop41ColorRGB
 90
        0
102
RTVSPost2010PropOp41
 70
     1
102
RTVSPost2010Prop42
 90
       50
102
RTVSPost2010PropOp42
 70
     1
102
RTVSPost2010Prop43
 90
        3
102
RTVSPost2010PropOp43
 70
     1
102
RTVSPost2010Prop44ColorIndex
 90
        5
102
RTVSPost2010Prop44ColorRGB
 90
      255
102
RTVSPost2010PropOp44
 70
     1
102
RTVSPost2010Prop45
280
     0
102
RTVSPost2010PropOp45
 70
     1
102
RTVSPost2010Prop46
 90
       50
102
RTVSPost2010PropOp46
 70
     1
102
RTVSPost2010Prop47
 90
       50
102
RTVSPost2010PropOp47
 70
     1
102
RTVSPost2010Prop48
 90
       50
102
RTVSPost2010PropOp48
 70
     1
102
RTVSPost2010Prop49
280
     0
102
RTVSPost2010PropOp49
 70
     1
102
RTVSPost2010Prop50
 90
       50
102
RTVSPost2010PropOp50
 70
     1
102
RTVSPost2010Prop51ColorIndex
 90
      256
102
RTVSPost2010Prop51ColorRGB
 90
-16777216
102
RTVSPost2010PropOp51
 70
     0
102
RTVSPost2010Prop52
140
1.0
102
RTVSPost2010PropOp52
 70
     0
102
RTVSPost2010Prop53
 90
        2
102
RTVSPost2010PropOp53
 70
     1
102
RTVSPost2010Prop54
  1
strokes_ogs.tif
102
RTVSPost2010PropOp54
 70
     1
102
RTVSPost2010Prop55
280
     0
102
RTVSPost2010PropOp55
 70
     1
102
RTVSPost2010Prop56
140
1.0
102
RTVSPost2010PropOp56
 70
     1
102
RTVSPost2010Prop57
140
1.0
102
RTVSPost2010PropOp57
 70
     1
102
RTVSPropertyOp0
 70
     1
102
RTVSPropertyOp1
 70
     1
102
RTVSPropertyOp2
 70
     1
102
RTVSPropertyOp3
 70
     1
102
RTVSPropertyOp4
 70
     1
102
RTVSPropertyOp5
 70
     1
102
RTVSPropertyOp6
 70
     1
102
RTVSPropertyOp7
 70
     1
102
RTVSPropertyOp8
 70
     1
102
RTVSPropertyOp9
 70
     1
102
RTVSPropertyOp10
 70
     1
102
RTVSPropertyOp11
 70
     1
102
RTVSPropertyOp12
 70
     1
102
RTVSPropertyOp13
 70
     1
102
RTVSPropertyOp14
 70
     1
102
RTVSPropertyOp15
 70
     1
102
RTVSPropertyOp16
 70
     1
102
RTVSPropertyOp17
 70
     1
102
RTVSPropertyOp18
 70
     1
102
RTVSPropertyOp19
 70
     1
102
RTVSPropertyOp20
 70
     1
102
RTVSPropertyOp21
 70
     1
102
RTVSPropertyOp22
 70
     1
102
RTVSPropertyOp23
 70
     1
102
RTVSPropertyOp24
 70
     1
102
RTVSPropertyOp25
 70
     1
102
RTVSPropertyOp26
 70
     1
102
RTVSPropertyOp27
 70
     1
102
RTVSPropertyOp28
 70
     1
102
RTVSPropertyOp29
 70
     1
102
RTVSPropertyOp30
 70
     1
102
RTVSPropertyOp31
 70
     1
102
RTVSPropertyOp32
 70
     1
102
RTVSPropertyOp33
 70
     1
102
RTVSPropertyOp34
 70
     1
102
RTVSPropertyOp35
 70
     1
102
RTVSPropertyOp36
 70
     1
102
RTVSPropertyOp37
 70
     1
102
RTVSPropertyOp38
 70
     1
102
RTVSPropertyOp39
 70
     1
102
RTVSPropertyOp40
 70
     1
102
RTVSPropertyOp41
 70
     1
102
RTVSPropertyOp42
 70
     1
102
RTVSPropertyOp43
 70
     1
102
RTVSPropertyOp44
 70
     1
102
RTVSPropertyOp45
 70
     1
102
RTVSPropertyOp46
 70
     1
102
RTVSPropertyOp47
 70
     1
102
RTVSPropertyOp48
 70
     1
102
RTVSPropertyOp49
 70
     1
102
RTVSPropertyOp50
 70
     1
102
RTVSPropertyOp51
 70
     0
102
RTVSPropertyOp52
 70
     0
102
RTVSPropertyOp53
 70
     1
102
RTVSPropertyOp54
 70
     1
102
RTVSPropertyOp55
 70
     1
102
RTVSPropertyOp56
 70
     1
102
RTVSPropertyOp57
 70
     1
102
RTVSPropertyOp58
 70
     1
102
RTVSPropertyOp59
 70
     1
102
RTVSPropertyOp60
 70
     1
102
RTVSPropertyOp61
 70
     1
102
RTVSPropertyOp62
 70
     1
  0
XRECORD
  5
2DE
102
{ACAD_REACTORS
330
2DD
102
}
330
2DD
100
AcDbXrecord
280
     1
102
RTVSPost2010Prop28
280
     0
102
RTVSPost2010PropOp28
 70
     1
102
RTVSPost2010Prop29
280
     1
102
RTVSPost2010PropOp29
 70
     1
102
RTVSPost2010Prop30
280
     1
102
RTVSPost2010PropOp30
 70
     1
102
RTVSPost2010Prop31
280
     0
102
RTVSPost2010PropOp31
 70
     1
102
RTVSPost2010Prop32
280
     0
102
RTVSPost2010PropOp32
 70
     1
102
RTVSPost2010Prop33
280
     0
102
RTVSPost2010PropOp33
 70
     1
102
RTVSPost2010Prop34
280
     0
102
RTVSPost2010PropOp34
 70
     1
102
RTVSPost2010Prop35
280
     0
102
RTVSPost2010PropOp35
 70
     1
102
RTVSPost2010Prop36
280
     0
102
RTVSPost2010PropOp36
 70
     1
102
RTVSPost2010Prop37
 90
       50
102
RTVSPost2010PropOp37
 70
     1
102
RTVSPost2010Prop38
140
0.0
102
RTVSPost2010PropOp38
 70
     1
102
RTVSPost2010Prop39
140
1.0
102
RTVSPost2010PropOp39
 70
     1
102
RTVSPost2010Prop40
 90
        0
102
RTVSPost2010PropOp40
 70
     1
102
RTVSPost2010Prop41ColorIndex
 90
       18
102
RTVSPost2010Prop41ColorRGB
 90
        0
102
RTVSPost2010PropOp41
 70
     1
102
RTVSPost2010Prop42
 90
       50
102
RTVSPost2010PropOp42
 70
     1
102
RTVSPost2010Prop43
 90
        3
102
RTVSPost2010PropOp43
 70
     1
102
RTVSPost2010Prop44ColorIndex
 90
        5
102
RTVSPost2010Prop44ColorRGB
 90
      255
102
RTVSPost2010PropOp44
 70
     1
102
RTVSPost2010Prop45
280
     0
102
RTVSPost2010PropOp45
 70
     1
102
RTVSPost2010Prop46
 90
       50
102
RTVSPost2010PropOp46
 70
     1
102
RTVSPost2010Prop47
 90
       50
102
RTVSPost2010PropOp47
 70
     1
102
RTVSPost2010Prop48
 90
       50
102
RTVSPost2010PropOp48
 70
     1
102
RTVSPost2010Prop49
280
     0
102
RTVSPost2010PropOp49
 70
     1
102
RTVSPost2010Prop50
 90
       50
102
RTVSPost2010PropOp50
 70
     1
102
RTVSPost2010Prop51ColorIndex
 90
      256
102
RTVSPost2010Prop51ColorRGB
 90
-16777216
102
RTVSPost2010PropOp51
 70
     0
102
RTVSPost2010Prop52
140
1.0
102
RTVSPost2010PropOp52
 70
     0
102
RTVSPost2010Prop53
 90
        2
102
RTVSPost2010PropOp53
 70
     1
102
RTVSPost2010Prop54
  1
strokes_ogs.tif
102
RTVSPost2010PropOp54
 70
     1
102
RTVSPost2010Prop55
280
     0
102
RTVSPost2010PropOp55
 70
     1
102
RTVSPost2010Prop56
140
1.0
102
RTVSPost2010PropOp56
 70
     1
102
RTVSPost2010Prop57
140
1.0
102
RTVSPost2010PropOp57
 70
     1
102
RTVSPropertyOp0
 70
     1
102
RTVSPropertyOp1
 70
     1
102
RTVSPropertyOp2
 70
     1
102
RTVSPropertyOp3
 70
     1
102
RTVSPropertyOp4
 70
     1
102
RTVSPropertyOp5
 70
     1
102
RTVSPropertyOp6
 70
     1
102
RTVSPropertyOp7
 70
     1
102
RTVSPropertyOp8
 70
     1
102
RTVSPropertyOp9
 70
     1
102
RTVSPropertyOp10
 70
     1
102
RTVSPropertyOp11
 70
     1
102
RTVSPropertyOp12
 70
     1
102
RTVSPropertyOp13
 70
     1
102
RTVSPropertyOp14
 70
     1
102
RTVSPropertyOp15
 70
     1
102
RTVSPropertyOp16
 70
     1
102
RTVSPropertyOp17
 70
     1
102
RTVSPropertyOp18
 70
     1
102
RTVSPropertyOp19
 70
     1
102
RTVSPropertyOp20
 70
     1
102
RTVSPropertyOp21
 70
     1
102
RTVSPropertyOp22
 70
     1
102
RTVSPropertyOp23
 70
     1
102
RTVSPropertyOp24
 70
     1
102
RTVSPropertyOp25
 70
     1
102
RTVSPropertyOp26
 70
     1
102
RTVSPropertyOp27
 70
     1
102
RTVSPropertyOp28
 70
     1
102
RTVSPropertyOp29
 70
     1
102
RTVSPropertyOp30
 70
     1
102
RTVSPropertyOp31
 70
     1
102
RTVSPropertyOp32
 70
     1
102
RTVSPropertyOp33
 70
     1
102
RTVSPropertyOp34
 70
     1
102
RTVSPropertyOp35
 70
     1
102
RTVSPropertyOp36
 70
     1
102
RTVSPropertyOp37
 70
     1
102
RTVSPropertyOp38
 70
     1
102
RTVSPropertyOp39
 70
     1
102
RTVSPropertyOp40
 70
     1
102
RTVSPropertyOp41
 70
     1
102
RTVSPropertyOp42
 70
     1
102
RTVSPropertyOp43
 70
     1
102
RTVSPropertyOp44
 70
     1
102
RTVSPropertyOp45
 70
     1
102
RTVSPropertyOp46
 70
     1
102
RTVSPropertyOp47
 70
     1
102
RTVSPropertyOp48
 70
     1
102
RTVSPropertyOp49
 70
     1
102
RTVSPropertyOp50
 70
     1
102
RTVSPropertyOp51
 70
     0
102
RTVSPropertyOp52
 70
     0
102
RTVSPropertyOp53
 70
     1
102
RTVSPropertyOp54
 70
     1
102
RTVSPropertyOp55
 70
     1
102
RTVSPropertyOp56
 70
     1
102
RTVSPropertyOp57
 70
     1
102
RTVSPropertyOp58
 70
     1
102
RTVSPropertyOp59
 70
     1
102
RTVSPropertyOp60
 70
     1
102
RTVSPropertyOp61
 70
     1
102
RTVSPropertyOp62
 70
     1
  0
XRECORD
  5
2D8
102
{ACAD_REACTORS
330
2D7
102
}
330
2D7
100
AcDbXrecord
280
     1
102
RTVSPost2010Prop28
280
     0
102
RTVSPost2010PropOp28
 70
     1
102
RTVSPost2010Prop29
280
     1
102
RTVSPost2010PropOp29
 70
     1
102
RTVSPost2010Prop30
280
     1
102
RTVSPost2010PropOp30
 70
     1
102
RTVSPost2010Prop31
280
     0
102
RTVSPost2010PropOp31
 70
     1
102
RTVSPost2010Prop32
280
     0
102
RTVSPost2010PropOp32
 70
     1
102
RTVSPost2010Prop33
280
     0
102
RTVSPost2010PropOp33
 70
     1
102
RTVSPost2010Prop34
280
     0
102
RTVSPost2010PropOp34
 70
     1
102
RTVSPost2010Prop35
280
     0
102
RTVSPost2010PropOp35
 70
     1
102
RTVSPost2010Prop36
280
     0
102
RTVSPost2010PropOp36
 70
     1
102
RTVSPost2010Prop37
 90
       50
102
RTVSPost2010PropOp37
 70
     1
102
RTVSPost2010Prop38
140
0.0
102
RTVSPost2010PropOp38
 70
     1
102
RTVSPost2010Prop39
140
1.0
102
RTVSPost2010PropOp39
 70
     1
102
RTVSPost2010Prop40
 90
        0
102
RTVSPost2010PropOp40
 70
     1
102
RTVSPost2010Prop41ColorIndex
 90
       18
102
RTVSPost2010Prop41ColorRGB
 90
        0
102
RTVSPost2010PropOp41
 70
     1
102
RTVSPost2010Prop42
 90
       50
102
RTVSPost2010PropOp42
 70
     1
102
RTVSPost2010Prop43
 90
        3
102
RTVSPost2010PropOp43
 70
     1
102
RTVSPost2010Prop44ColorIndex
 90
        5
102
RTVSPost2010Prop44ColorRGB
 90
      255
102
RTVSPost2010PropOp44
 70
     1
102
RTVSPost2010Prop45
280
     0
102
RTVSPost2010PropOp45
 70
     1
102
RTVSPost2010Prop46
 90
       50
102
RTVSPost2010PropOp46
 70
     1
102
RTVSPost2010Prop47
 90
       50
102
RTVSPost2010PropOp47
 70
     1
102
RTVSPost2010Prop48
 90
       50
102
RTVSPost2010PropOp48
 70
     1
102
RTVSPost2010Prop49
280
     0
102
RTVSPost2010PropOp49
 70
     1
102
RTVSPost2010Prop50
 90
       50
102
RTVSPost2010PropOp50
 70
     1
102
RTVSPost2010Prop51ColorIndex
 90
      256
102
RTVSPost2010Prop51ColorRGB
 90
-16777216
102
RTVSPost2010PropOp51
 70
     0
102
RTVSPost2010Prop52
140
1.0
102
RTVSPost2010PropOp52
 70
     0
102
RTVSPost2010Prop53
 90
        2
102
RTVSPost2010PropOp53
 70
     1
102
RTVSPost2010Prop54
  1
strokes_ogs.tif
102
RTVSPost2010PropOp54
 70
     1
102
RTVSPost2010Prop55
280
     0
102
RTVSPost2010PropOp55
 70
     1
102
RTVSPost2010Prop56
140
1.0
102
RTVSPost2010PropOp56
 70
     1
102
RTVSPost2010Prop57
140
1.0
102
RTVSPost2010PropOp57
 70
     1
102
RTVSPropertyOp0
 70
     1
102
RTVSPropertyOp1
 70
     1
102
RTVSPropertyOp2
 70
     1
102
RTVSPropertyOp3
 70
     1
102
RTVSPropertyOp4
 70
     1
102
RTVSPropertyOp5
 70
     1
102
RTVSPropertyOp6
 70
     1
102
RTVSPropertyOp7
 70
     1
102
RTVSPropertyOp8
 70
     1
102
RTVSPropertyOp9
 70
     1
102
RTVSPropertyOp10
 70
     1
102
RTVSPropertyOp11
 70
     1
102
RTVSPropertyOp12
 70
     1
102
RTVSPropertyOp13
 70
     1
102
RTVSPropertyOp14
 70
     1
102
RTVSPropertyOp15
 70
     1
102
RTVSPropertyOp16
 70
     1
102
RTVSPropertyOp17
 70
     1
102
RTVSPropertyOp18
 70
     1
102
RTVSPropertyOp19
 70
     1
102
RTVSPropertyOp20
 70
     1
102
RTVSPropertyOp21
 70
     1
102
RTVSPropertyOp22
 70
     1
102
RTVSPropertyOp23
 70
     1
102
RTVSPropertyOp24
 70
     1
102
RTVSPropertyOp25
 70
     1
102
RTVSPropertyOp26
 70
     1
102
RTVSPropertyOp27
 70
     1
102
RTVSPropertyOp28
 70
     1
102
RTVSPropertyOp29
 70
     1
102
RTVSPropertyOp30
 70
     1
102
RTVSPropertyOp31
 70
     1
102
RTVSPropertyOp32
 70
     1
102
RTVSPropertyOp33
 70
     1
102
RTVSPropertyOp34
 70
     1
102
RTVSPropertyOp35
 70
     1
102
RTVSPropertyOp36
 70
     1
102
RTVSPropertyOp37
 70
     1
102
RTVSPropertyOp38
 70
     1
102
RTVSPropertyOp39
 70
     1
102
RTVSPropertyOp40
 70
     1
102
RTVSPropertyOp41
 70
     1
102
RTVSPropertyOp42
 70
     1
102
RTVSPropertyOp43
 70
     1
102
RTVSPropertyOp44
 70
     1
102
RTVSPropertyOp45
 70
     1
102
RTVSPropertyOp46
 70
     1
102
RTVSPropertyOp47
 70
     1
102
RTVSPropertyOp48
 70
     1
102
RTVSPropertyOp49
 70
     1
102
RTVSPropertyOp50
 70
     1
102
RTVSPropertyOp51
 70
     0
102
RTVSPropertyOp52
 70
     0
102
RTVSPropertyOp53
 70
     1
102
RTVSPropertyOp54
 70
     1
102
RTVSPropertyOp55
 70
     1
102
RTVSPropertyOp56
 70
     1
102
RTVSPropertyOp57
 70
     1
102
RTVSPropertyOp58
 70
     1
102
RTVSPropertyOp59
 70
     1
102
RTVSPropertyOp60
 70
     1
102
RTVSPropertyOp61
 70
     1
102
RTVSPropertyOp62
 70
     1
  0
XRECORD
  5
2E0
102
{ACAD_REACTORS
330
2DF
102
}
330
2DF
100
AcDbXrecord
280
     1
102
RTVSPost2010Prop28
280
     0
102
RTVSPost2010PropOp28
 70
     1
102
RTVSPost2010Prop29
280
     1
102
RTVSPost2010PropOp29
 70
     1
102
RTVSPost2010Prop30
280
     1
102
RTVSPost2010PropOp30
 70
     1
102
RTVSPost2010Prop31
280
     0
102
RTVSPost2010PropOp31
 70
     1
102
RTVSPost2010Prop32
280
     0
102
RTVSPost2010PropOp32
 70
     1
102
RTVSPost2010Prop33
280
     0
102
RTVSPost2010PropOp33
 70
     1
102
RTVSPost2010Prop34
280
     0
102
RTVSPost2010PropOp34
 70
     1
102
RTVSPost2010Prop35
280
     0
102
RTVSPost2010PropOp35
 70
     1
102
RTVSPost2010Prop36
280
     0
102
RTVSPost2010PropOp36
 70
     1
102
RTVSPost2010Prop37
 90
       50
102
RTVSPost2010PropOp37
 70
     1
102
RTVSPost2010Prop38
140
0.0
102
RTVSPost2010PropOp38
 70
     1
102
RTVSPost2010Prop39
140
1.0
102
RTVSPost2010PropOp39
 70
     1
102
RTVSPost2010Prop40
 90
        0
102
RTVSPost2010PropOp40
 70
     1
102
RTVSPost2010Prop41ColorIndex
 90
       18
102
RTVSPost2010Prop41ColorRGB
 90
        0
102
RTVSPost2010PropOp41
 70
     1
102
RTVSPost2010Prop42
 90
       50
102
RTVSPost2010PropOp42
 70
     1
102
RTVSPost2010Prop43
 90
        3
102
RTVSPost2010PropOp43
 70
     1
102
RTVSPost2010Prop44ColorIndex
 90
        5
102
RTVSPost2010Prop44ColorRGB
 90
      255
102
RTVSPost2010PropOp44
 70
     1
102
RTVSPost2010Prop45
280
     0
102
RTVSPost2010PropOp45
 70
     1
102
RTVSPost2010Prop46
 90
       50
102
RTVSPost2010PropOp46
 70
     1
102
RTVSPost2010Prop47
 90
       50
102
RTVSPost2010PropOp47
 70
     1
102
RTVSPost2010Prop48
 90
       50
102
RTVSPost2010PropOp48
 70
     1
102
RTVSPost2010Prop49
280
     0
102
RTVSPost2010PropOp49
 70
     1
102
RTVSPost2010Prop50
 90
       50
102
RTVSPost2010PropOp50
 70
     1
102
RTVSPost2010Prop51ColorIndex
 90
      256
102
RTVSPost2010Prop51ColorRGB
 90
-16777216
102
RTVSPost2010PropOp51
 70
     0
102
RTVSPost2010Prop52
140
1.0
102
RTVSPost2010PropOp52
 70
     0
102
RTVSPost2010Prop53
 90
        2
102
RTVSPost2010PropOp53
 70
     1
102
RTVSPost2010Prop54
  1
strokes_ogs.tif
102
RTVSPost2010PropOp54
 70
     1
102
RTVSPost2010Prop55
280
     0
102
RTVSPost2010PropOp55
 70
     1
102
RTVSPost2010Prop56
140
1.0
102
RTVSPost2010PropOp56
 70
     1
102
RTVSPost2010Prop57
140
1.0
102
RTVSPost2010PropOp57
 70
     1
102
RTVSPropertyOp0
 70
     1
102
RTVSPropertyOp1
 70
     1
102
RTVSPropertyOp2
 70
     1
102
RTVSPropertyOp3
 70
     1
102
RTVSPropertyOp4
 70
     1
102
RTVSPropertyOp5
 70
     1
102
RTVSPropertyOp6
 70
     1
102
RTVSPropertyOp7
 70
     1
102
RTVSPropertyOp8
 70
     1
102
RTVSPropertyOp9
 70
     1
102
RTVSPropertyOp10
 70
     1
102
RTVSPropertyOp11
 70
     1
102
RTVSPropertyOp12
 70
     1
102
RTVSPropertyOp13
 70
     1
102
RTVSPropertyOp14
 70
     1
102
RTVSPropertyOp15
 70
     1
102
RTVSPropertyOp16
 70
     1
102
RTVSPropertyOp17
 70
     1
102
RTVSPropertyOp18
 70
     1
102
RTVSPropertyOp19
 70
     1
102
RTVSPropertyOp20
 70
     1
102
RTVSPropertyOp21
 70
     1
102
RTVSPropertyOp22
 70
     1
102
RTVSPropertyOp23
 70
     1
102
RTVSPropertyOp24
 70
     1
102
RTVSPropertyOp25
 70
     1
102
RTVSPropertyOp26
 70
     1
102
RTVSPropertyOp27
 70
     1
102
RTVSPropertyOp28
 70
     1
102
RTVSPropertyOp29
 70
     1
102
RTVSPropertyOp30
 70
     1
102
RTVSPropertyOp31
 70
     1
102
RTVSPropertyOp32
 70
     1
102
RTVSPropertyOp33
 70
     1
102
RTVSPropertyOp34
 70
     1
102
RTVSPropertyOp35
 70
     1
102
RTVSPropertyOp36
 70
     1
102
RTVSPropertyOp37
 70
     1
102
RTVSPropertyOp38
 70
     1
102
RTVSPropertyOp39
 70
     1
102
RTVSPropertyOp40
 70
     1
102
RTVSPropertyOp41
 70
     1
102
RTVSPropertyOp42
 70
     1
102
RTVSPropertyOp43
 70
     1
102
RTVSPropertyOp44
 70
     1
102
RTVSPropertyOp45
 70
     1
102
RTVSPropertyOp46
 70
     1
102
RTVSPropertyOp47
 70
     1
102
RTVSPropertyOp48
 70
     1
102
RTVSPropertyOp49
 70
     1
102
RTVSPropertyOp50
 70
     1
102
RTVSPropertyOp51
 70
     0
102
RTVSPropertyOp52
 70
     0
102
RTVSPropertyOp53
 70
     1
102
RTVSPropertyOp54
 70
     1
102
RTVSPropertyOp55
 70
     1
102
RTVSPropertyOp56
 70
     1
102
RTVSPropertyOp57
 70
     1
102
RTVSPropertyOp58
 70
     1
102
RTVSPropertyOp59
 70
     1
102
RTVSPropertyOp60
 70
     1
102
RTVSPropertyOp61
 70
     1
102
RTVSPropertyOp62
 70
     1
  0
XRECORD
  5
2CE
102
{ACAD_REACTORS
330
2CD
102
}
330
2CD
100
AcDbXrecord
280
     1
102
RTVSPost2010Prop28
280
     0
102
RTVSPost2010PropOp28
 70
     1
102
RTVSPost2010Prop29
280
     1
102
RTVSPost2010PropOp29
 70
     1
102
RTVSPost2010Prop30
280
     1
102
RTVSPost2010PropOp30
 70
     1
102
RTVSPost2010Prop31
280
     0
102
RTVSPost2010PropOp31
 70
     1
102
RTVSPost2010Prop32
280
     0
102
RTVSPost2010PropOp32
 70
     1
102
RTVSPost2010Prop33
280
     0
102
RTVSPost2010PropOp33
 70
     1
102
RTVSPost2010Prop34
280
     0
102
RTVSPost2010PropOp34
 70
     1
102
RTVSPost2010Prop35
280
     0
102
RTVSPost2010PropOp35
 70
     1
102
RTVSPost2010Prop36
280
     0
102
RTVSPost2010PropOp36
 70
     1
102
RTVSPost2010Prop37
 90
       50
102
RTVSPost2010PropOp37
 70
     1
102
RTVSPost2010Prop38
140
0.0
102
RTVSPost2010PropOp38
 70
     1
102
RTVSPost2010Prop39
140
1.0
102
RTVSPost2010PropOp39
 70
     1
102
RTVSPost2010Prop40
 90
        0
102
RTVSPost2010PropOp40
 70
     1
102
RTVSPost2010Prop41ColorIndex
 90
       18
102
RTVSPost2010Prop41ColorRGB
 90
        0
102
RTVSPost2010PropOp41
 70
     1
102
RTVSPost2010Prop42
 90
       50
102
RTVSPost2010PropOp42
 70
     1
102
RTVSPost2010Prop43
 90
        3
102
RTVSPost2010PropOp43
 70
     1
102
RTVSPost2010Prop44ColorIndex
 90
        5
102
RTVSPost2010Prop44ColorRGB
 90
      255
102
RTVSPost2010PropOp44
 70
     1
102
RTVSPost2010Prop45
280
     0
102
RTVSPost2010PropOp45
 70
     1
102
RTVSPost2010Prop46
 90
       50
102
RTVSPost2010PropOp46
 70
     1
102
RTVSPost2010Prop47
 90
       50
102
RTVSPost2010PropOp47
 70
     1
102
RTVSPost2010Prop48
 90
       50
102
RTVSPost2010PropOp48
 70
     1
102
RTVSPost2010Prop49
280
     0
102
RTVSPost2010PropOp49
 70
     1
102
RTVSPost2010Prop50
 90
       50
102
RTVSPost2010PropOp50
 70
     1
102
RTVSPost2010Prop51ColorIndex
 90
      256
102
RTVSPost2010Prop51ColorRGB
 90
-16777216
102
RTVSPost2010PropOp51
 70
     0
102
RTVSPost2010Prop52
140
1.0
102
RTVSPost2010PropOp52
 70
     0
102
RTVSPost2010Prop53
 90
        2
102
RTVSPost2010PropOp53
 70
     1
102
RTVSPost2010Prop54
  1
strokes_ogs.tif
102
RTVSPost2010PropOp54
 70
     1
102
RTVSPost2010Prop55
280
     0
102
RTVSPost2010PropOp55
 70
     1
102
RTVSPost2010Prop56
140
1.0
102
RTVSPost2010PropOp56
 70
     1
102
RTVSPost2010Prop57
140
1.0
102
RTVSPost2010PropOp57
 70
     1
102
RTVSPropertyOp0
 70
     1
102
RTVSPropertyOp1
 70
     1
102
RTVSPropertyOp2
 70
     1
102
RTVSPropertyOp3
 70
     1
102
RTVSPropertyOp4
 70
     1
102
RTVSPropertyOp5
 70
     1
102
RTVSPropertyOp6
 70
     1
102
RTVSPropertyOp7
 70
     1
102
RTVSPropertyOp8
 70
     1
102
RTVSPropertyOp9
 70
     1
102
RTVSPropertyOp10
 70
     1
102
RTVSPropertyOp11
 70
     1
102
RTVSPropertyOp12
 70
     1
102
RTVSPropertyOp13
 70
     1
102
RTVSPropertyOp14
 70
     1
102
RTVSPropertyOp15
 70
     1
102
RTVSPropertyOp16
 70
     1
102
RTVSPropertyOp17
 70
     1
102
RTVSPropertyOp18
 70
     1
102
RTVSPropertyOp19
 70
     1
102
RTVSPropertyOp20
 70
     1
102
RTVSPropertyOp21
 70
     1
102
RTVSPropertyOp22
 70
     1
102
RTVSPropertyOp23
 70
     1
102
RTVSPropertyOp24
 70
     1
102
RTVSPropertyOp25
 70
     1
102
RTVSPropertyOp26
 70
     1
102
RTVSPropertyOp27
 70
     1
102
RTVSPropertyOp28
 70
     1
102
RTVSPropertyOp29
 70
     1
102
RTVSPropertyOp30
 70
     1
102
RTVSPropertyOp31
 70
     1
102
RTVSPropertyOp32
 70
     1
102
RTVSPropertyOp33
 70
     1
102
RTVSPropertyOp34
 70
     1
102
RTVSPropertyOp35
 70
     1
102
RTVSPropertyOp36
 70
     1
102
RTVSPropertyOp37
 70
     1
102
RTVSPropertyOp38
 70
     1
102
RTVSPropertyOp39
 70
     1
102
RTVSPropertyOp40
 70
     1
102
RTVSPropertyOp41
 70
     1
102
RTVSPropertyOp42
 70
     1
102
RTVSPropertyOp43
 70
     1
102
RTVSPropertyOp44
 70
     1
102
RTVSPropertyOp45
 70
     1
102
RTVSPropertyOp46
 70
     1
102
RTVSPropertyOp47
 70
     1
102
RTVSPropertyOp48
 70
     1
102
RTVSPropertyOp49
 70
     1
102
RTVSPropertyOp50
 70
     1
102
RTVSPropertyOp51
 70
     0
102
RTVSPropertyOp52
 70
     0
102
RTVSPropertyOp53
 70
     1
102
RTVSPropertyOp54
 70
     1
102
RTVSPropertyOp55
 70
     1
102
RTVSPropertyOp56
 70
     1
102
RTVSPropertyOp57
 70
     1
102
RTVSPropertyOp58
 70
     1
102
RTVSPropertyOp59
 70
     1
102
RTVSPropertyOp60
 70
     1
102
RTVSPropertyOp61
 70
     1
102
RTVSPropertyOp62
 70
     1
  0
XRECORD
  5
2EC
102
{ACAD_REACTORS
330
2EB
102
}
330
2EB
100
AcDbXrecord
280
     1
102
RTVSPost2010Prop28
280
     0
102
RTVSPost2010PropOp28
 70
     1
102
RTVSPost2010Prop29
280
     1
102
RTVSPost2010PropOp29
 70
     1
102
RTVSPost2010Prop30
280
     1
102
RTVSPost2010PropOp30
 70
     1
102
RTVSPost2010Prop31
280
     0
102
RTVSPost2010PropOp31
 70
     1
102
RTVSPost2010Prop32
280
     0
102
RTVSPost2010PropOp32
 70
     1
102
RTVSPost2010Prop33
280
     0
102
RTVSPost2010PropOp33
 70
     1
102
RTVSPost2010Prop34
280
     0
102
RTVSPost2010PropOp34
 70
     1
102
RTVSPost2010Prop35
280
     0
102
RTVSPost2010PropOp35
 70
     1
102
RTVSPost2010Prop36
280
     0
102
RTVSPost2010PropOp36
 70
     1
102
RTVSPost2010Prop37
 90
       50
102
RTVSPost2010PropOp37
 70
     1
102
RTVSPost2010Prop38
140
0.0
102
RTVSPost2010PropOp38
 70
     1
102
RTVSPost2010Prop39
140
1.0
102
RTVSPost2010PropOp39
 70
     1
102
RTVSPost2010Prop40
 90
        0
102
RTVSPost2010PropOp40
 70
     1
102
RTVSPost2010Prop41ColorIndex
 90
       18
102
RTVSPost2010Prop41ColorRGB
 90
        0
102
RTVSPost2010PropOp41
 70
     1
102
RTVSPost2010Prop42
 90
       50
102
RTVSPost2010PropOp42
 70
     1
102
RTVSPost2010Prop43
 90
        3
102
RTVSPost2010PropOp43
 70
     1
102
RTVSPost2010Prop44ColorIndex
 90
        5
102
RTVSPost2010Prop44ColorRGB
 90
      255
102
RTVSPost2010PropOp44
 70
     1
102
RTVSPost2010Prop45
280
     0
102
RTVSPost2010PropOp45
 70
     1
102
RTVSPost2010Prop46
 90
       50
102
RTVSPost2010PropOp46
 70
     1
102
RTVSPost2010Prop47
 90
       50
102
RTVSPost2010PropOp47
 70
     1
102
RTVSPost2010Prop48
 90
       50
102
RTVSPost2010PropOp48
 70
     1
102
RTVSPost2010Prop49
280
     0
102
RTVSPost2010PropOp49
 70
     1
102
RTVSPost2010Prop50
 90
       50
102
RTVSPost2010PropOp50
 70
     1
102
RTVSPost2010Prop51ColorIndex
 90
      256
102
RTVSPost2010Prop51ColorRGB
 90
-16777216
102
RTVSPost2010PropOp51
 70
     0
102
RTVSPost2010Prop52
140
1.0
102
RTVSPost2010PropOp52
 70
     0
102
RTVSPost2010Prop53
 90
        2
102
RTVSPost2010PropOp53
 70
     1
102
RTVSPost2010Prop54
  1
strokes_ogs.tif
102
RTVSPost2010PropOp54
 70
     1
102
RTVSPost2010Prop55
280
     0
102
RTVSPost2010PropOp55
 70
     1
102
RTVSPost2010Prop56
140
1.0
102
RTVSPost2010PropOp56
 70
     1
102
RTVSPost2010Prop57
140
1.0
102
RTVSPost2010PropOp57
 70
     1
102
RTVSPropertyOp0
 70
     1
102
RTVSPropertyOp1
 70
     1
102
RTVSPropertyOp2
 70
     1
102
RTVSPropertyOp3
 70
     1
102
RTVSPropertyOp4
 70
     1
102
RTVSPropertyOp5
 70
     1
102
RTVSPropertyOp6
 70
     1
102
RTVSPropertyOp7
 70
     1
102
RTVSPropertyOp8
 70
     1
102
RTVSPropertyOp9
 70
     1
102
RTVSPropertyOp10
 70
     1
102
RTVSPropertyOp11
 70
     1
102
RTVSPropertyOp12
 70
     1
102
RTVSPropertyOp13
 70
     1
102
RTVSPropertyOp14
 70
     1
102
RTVSPropertyOp15
 70
     1
102
RTVSPropertyOp16
 70
     1
102
RTVSPropertyOp17
 70
     1
102
RTVSPropertyOp18
 70
     1
102
RTVSPropertyOp19
 70
     1
102
RTVSPropertyOp20
 70
     1
102
RTVSPropertyOp21
 70
     1
102
RTVSPropertyOp22
 70
     1
102
RTVSPropertyOp23
 70
     1
102
RTVSPropertyOp24
 70
     1
102
RTVSPropertyOp25
 70
     1
102
RTVSPropertyOp26
 70
     1
102
RTVSPropertyOp27
 70
     1
102
RTVSPropertyOp28
 70
     1
102
RTVSPropertyOp29
 70
     1
102
RTVSPropertyOp30
 70
     1
102
RTVSPropertyOp31
 70
     1
102
RTVSPropertyOp32
 70
     1
102
RTVSPropertyOp33
 70
     1
102
RTVSPropertyOp34
 70
     1
102
RTVSPropertyOp35
 70
     1
102
RTVSPropertyOp36
 70
     1
102
RTVSPropertyOp37
 70
     1
102
RTVSPropertyOp38
 70
     1
102
RTVSPropertyOp39
 70
     1
102
RTVSPropertyOp40
 70
     1
102
RTVSPropertyOp41
 70
     1
102
RTVSPropertyOp42
 70
     1
102
RTVSPropertyOp43
 70
     1
102
RTVSPropertyOp44
 70
     1
102
RTVSPropertyOp45
 70
     1
102
RTVSPropertyOp46
 70
     1
102
RTVSPropertyOp47
 70
     1
102
RTVSPropertyOp48
 70
     1
102
RTVSPropertyOp49
 70
     1
102
RTVSPropertyOp50
 70
     1
102
RTVSPropertyOp51
 70
     0
102
RTVSPropertyOp52
 70
     0
102
RTVSPropertyOp53
 70
     1
102
RTVSPropertyOp54
 70
     1
102
RTVSPropertyOp55
 70
     1
102
RTVSPropertyOp56
 70
     1
102
RTVSPropertyOp57
 70
     1
102
RTVSPropertyOp58
 70
     1
102
RTVSPropertyOp59
 70
     1
102
RTVSPropertyOp60
 70
     1
102
RTVSPropertyOp61
 70
     1
102
RTVSPropertyOp62
 70
     1
  0
XRECORD
  5
2EA
102
{ACAD_REACTORS
330
2E9
102
}
330
2E9
100
AcDbXrecord
280
     1
102
RTVSPost2010Prop28
280
     0
102
RTVSPost2010PropOp28
 70
     1
102
RTVSPost2010Prop29
280
     1
102
RTVSPost2010PropOp29
 70
     1
102
RTVSPost2010Prop30
280
     1
102
RTVSPost2010PropOp30
 70
     1
102
RTVSPost2010Prop31
280
     0
102
RTVSPost2010PropOp31
 70
     1
102
RTVSPost2010Prop32
280
     0
102
RTVSPost2010PropOp32
 70
     1
102
RTVSPost2010Prop33
280
     0
102
RTVSPost2010PropOp33
 70
     1
102
RTVSPost2010Prop34
280
     0
102
RTVSPost2010PropOp34
 70
     1
102
RTVSPost2010Prop35
280
     0
102
RTVSPost2010PropOp35
 70
     1
102
RTVSPost2010Prop36
280
     0
102
RTVSPost2010PropOp36
 70
     1
102
RTVSPost2010Prop37
 90
       50
102
RTVSPost2010PropOp37
 70
     1
102
RTVSPost2010Prop38
140
0.0
102
RTVSPost2010PropOp38
 70
     1
102
RTVSPost2010Prop39
140
1.0
102
RTVSPost2010PropOp39
 70
     1
102
RTVSPost2010Prop40
 90
        0
102
RTVSPost2010PropOp40
 70
     1
102
RTVSPost2010Prop41ColorIndex
 90
       18
102
RTVSPost2010Prop41ColorRGB
 90
        0
102
RTVSPost2010PropOp41
 70
     1
102
RTVSPost2010Prop42
 90
       50
102
RTVSPost2010PropOp42
 70
     1
102
RTVSPost2010Prop43
 90
        3
102
RTVSPost2010PropOp43
 70
     1
102
RTVSPost2010Prop44ColorIndex
 90
        5
102
RTVSPost2010Prop44ColorRGB
 90
      255
102
RTVSPost2010PropOp44
 70
     1
102
RTVSPost2010Prop45
280
     0
102
RTVSPost2010PropOp45
 70
     1
102
RTVSPost2010Prop46
 90
       50
102
RTVSPost2010PropOp46
 70
     1
102
RTVSPost2010Prop47
 90
       50
102
RTVSPost2010PropOp47
 70
     1
102
RTVSPost2010Prop48
 90
       50
102
RTVSPost2010PropOp48
 70
     1
102
RTVSPost2010Prop49
280
     0
102
RTVSPost2010PropOp49
 70
     1
102
RTVSPost2010Prop50
 90
       50
102
RTVSPost2010PropOp50
 70
     1
102
RTVSPost2010Prop51ColorIndex
 90
      256
102
RTVSPost2010Prop51ColorRGB
 90
-16777216
102
RTVSPost2010PropOp51
 70
     0
102
RTVSPost2010Prop52
140
1.0
102
RTVSPost2010PropOp52
 70
     0
102
RTVSPost2010Prop53
 90
        2
102
RTVSPost2010PropOp53
 70
     1
102
RTVSPost2010Prop54
  1
strokes_ogs.tif
102
RTVSPost2010PropOp54
 70
     1
102
RTVSPost2010Prop55
280
     0
102
RTVSPost2010PropOp55
 70
     1
102
RTVSPost2010Prop56
140
1.0
102
RTVSPost2010PropOp56
 70
     1
102
RTVSPost2010Prop57
140
1.0
102
RTVSPost2010PropOp57
 70
     1
102
RTVSPropertyOp0
 70
     1
102
RTVSPropertyOp1
 70
     1
102
RTVSPropertyOp2
 70
     1
102
RTVSPropertyOp3
 70
     1
102
RTVSPropertyOp4
 70
     1
102
RTVSPropertyOp5
 70
     1
102
RTVSPropertyOp6
 70
     1
102
RTVSPropertyOp7
 70
     1
102
RTVSPropertyOp8
 70
     1
102
RTVSPropertyOp9
 70
     1
102
RTVSPropertyOp10
 70
     1
102
RTVSPropertyOp11
 70
     1
102
RTVSPropertyOp12
 70
     1
102
RTVSPropertyOp13
 70
     1
102
RTVSPropertyOp14
 70
     1
102
RTVSPropertyOp15
 70
     1
102
RTVSPropertyOp16
 70
     1
102
RTVSPropertyOp17
 70
     1
102
RTVSPropertyOp18
 70
     1
102
RTVSPropertyOp19
 70
     1
102
RTVSPropertyOp20
 70
     1
102
RTVSPropertyOp21
 70
     1
102
RTVSPropertyOp22
 70
     1
102
RTVSPropertyOp23
 70
     1
102
RTVSPropertyOp24
 70
     1
102
RTVSPropertyOp25
 70
     1
102
RTVSPropertyOp26
 70
     1
102
RTVSPropertyOp27
 70
     1
102
RTVSPropertyOp28
 70
     1
102
RTVSPropertyOp29
 70
     1
102
RTVSPropertyOp30
 70
     1
102
RTVSPropertyOp31
 70
     1
102
RTVSPropertyOp32
 70
     1
102
RTVSPropertyOp33
 70
     1
102
RTVSPropertyOp34
 70
     1
102
RTVSPropertyOp35
 70
     1
102
RTVSPropertyOp36
 70
     1
102
RTVSPropertyOp37
 70
     1
102
RTVSPropertyOp38
 70
     1
102
RTVSPropertyOp39
 70
     1
102
RTVSPropertyOp40
 70
     1
102
RTVSPropertyOp41
 70
     1
102
RTVSPropertyOp42
 70
     1
102
RTVSPropertyOp43
 70
     1
102
RTVSPropertyOp44
 70
     1
102
RTVSPropertyOp45
 70
     1
102
RTVSPropertyOp46
 70
     1
102
RTVSPropertyOp47
 70
     1
102
RTVSPropertyOp48
 70
     1
102
RTVSPropertyOp49
 70
     1
102
RTVSPropertyOp50
 70
     1
102
RTVSPropertyOp51
 70
     0
102
RTVSPropertyOp52
 70
     0
102
RTVSPropertyOp53
 70
     1
102
RTVSPropertyOp54
 70
     1
102
RTVSPropertyOp55
 70
     1
102
RTVSPropertyOp56
 70
     1
102
RTVSPropertyOp57
 70
     1
102
RTVSPropertyOp58
 70
     1
102
RTVSPropertyOp59
 70
     1
102
RTVSPropertyOp60
 70
     1
102
RTVSPropertyOp61
 70
     1
102
RTVSPropertyOp62
 70
     1
  0
XRECORD
  5
2E4
102
{ACAD_REACTORS
330
2E3
102
}
330
2E3
100
AcDbXrecord
280
     1
102
RTVSPost2010Prop28
280
     0
102
RTVSPost2010PropOp28
 70
     1
102
RTVSPost2010Prop29
280
     1
102
RTVSPost2010PropOp29
 70
     1
102
RTVSPost2010Prop30
280
     1
102
RTVSPost2010PropOp30
 70
     1
102
RTVSPost2010Prop31
280
     0
102
RTVSPost2010PropOp31
 70
     1
102
RTVSPost2010Prop32
280
     0
102
RTVSPost2010PropOp32
 70
     1
102
RTVSPost2010Prop33
280
     0
102
RTVSPost2010PropOp33
 70
     1
102
RTVSPost2010Prop34
280
     0
102
RTVSPost2010PropOp34
 70
     1
102
RTVSPost2010Prop35
280
     0
102
RTVSPost2010PropOp35
 70
     1
102
RTVSPost2010Prop36
280
     0
102
RTVSPost2010PropOp36
 70
     1
102
RTVSPost2010Prop37
 90
       50
102
RTVSPost2010PropOp37
 70
     1
102
RTVSPost2010Prop38
140
0.0
102
RTVSPost2010PropOp38
 70
     1
102
RTVSPost2010Prop39
140
1.0
102
RTVSPost2010PropOp39
 70
     1
102
RTVSPost2010Prop40
 90
        0
102
RTVSPost2010PropOp40
 70
     1
102
RTVSPost2010Prop41ColorIndex
 90
       18
102
RTVSPost2010Prop41ColorRGB
 90
        0
102
RTVSPost2010PropOp41
 70
     1
102
RTVSPost2010Prop42
 90
       50
102
RTVSPost2010PropOp42
 70
     1
102
RTVSPost2010Prop43
 90
        3
102
RTVSPost2010PropOp43
 70
     1
102
RTVSPost2010Prop44ColorIndex
 90
        5
102
RTVSPost2010Prop44ColorRGB
 90
      255
102
RTVSPost2010PropOp44
 70
     1
102
RTVSPost2010Prop45
280
     0
102
RTVSPost2010PropOp45
 70
     1
102
RTVSPost2010Prop46
 90
       50
102
RTVSPost2010PropOp46
 70
     1
102
RTVSPost2010Prop47
 90
       50
102
RTVSPost2010PropOp47
 70
     1
102
RTVSPost2010Prop48
 90
       50
102
RTVSPost2010PropOp48
 70
     1
102
RTVSPost2010Prop49
280
     0
102
RTVSPost2010PropOp49
 70
     1
102
RTVSPost2010Prop50
 90
       50
102
RTVSPost2010PropOp50
 70
     1
102
RTVSPost2010Prop51ColorIndex
 90
      256
102
RTVSPost2010Prop51ColorRGB
 90
-16777216
102
RTVSPost2010PropOp51
 70
     0
102
RTVSPost2010Prop52
140
1.0
102
RTVSPost2010PropOp52
 70
     0
102
RTVSPost2010Prop53
 90
        2
102
RTVSPost2010PropOp53
 70
     1
102
RTVSPost2010Prop54
  1
strokes_ogs.tif
102
RTVSPost2010PropOp54
 70
     1
102
RTVSPost2010Prop55
280
     0
102
RTVSPost2010PropOp55
 70
     1
102
RTVSPost2010Prop56
140
1.0
102
RTVSPost2010PropOp56
 70
     1
102
RTVSPost2010Prop57
140
1.0
102
RTVSPost2010PropOp57
 70
     1
102
RTVSPropertyOp0
 70
     1
102
RTVSPropertyOp1
 70
     1
102
RTVSPropertyOp2
 70
     1
102
RTVSPropertyOp3
 70
     1
102
RTVSPropertyOp4
 70
     1
102
RTVSPropertyOp5
 70
     1
102
RTVSPropertyOp6
 70
     1
102
RTVSPropertyOp7
 70
     1
102
RTVSPropertyOp8
 70
     1
102
RTVSPropertyOp9
 70
     1
102
RTVSPropertyOp10
 70
     1
102
RTVSPropertyOp11
 70
     1
102
RTVSPropertyOp12
 70
     1
102
RTVSPropertyOp13
 70
     1
102
RTVSPropertyOp14
 70
     1
102
RTVSPropertyOp15
 70
     1
102
RTVSPropertyOp16
 70
     1
102
RTVSPropertyOp17
 70
     1
102
RTVSPropertyOp18
 70
     1
102
RTVSPropertyOp19
 70
     1
102
RTVSPropertyOp20
 70
     1
102
RTVSPropertyOp21
 70
     1
102
RTVSPropertyOp22
 70
     1
102
RTVSPropertyOp23
 70
     1
102
RTVSPropertyOp24
 70
     1
102
RTVSPropertyOp25
 70
     1
102
RTVSPropertyOp26
 70
     1
102
RTVSPropertyOp27
 70
     1
102
RTVSPropertyOp28
 70
     1
102
RTVSPropertyOp29
 70
     1
102
RTVSPropertyOp30
 70
     1
102
RTVSPropertyOp31
 70
     1
102
RTVSPropertyOp32
 70
     1
102
RTVSPropertyOp33
 70
     1
102
RTVSPropertyOp34
 70
     1
102
RTVSPropertyOp35
 70
     1
102
RTVSPropertyOp36
 70
     1
102
RTVSPropertyOp37
 70
     1
102
RTVSPropertyOp38
 70
     1
102
RTVSPropertyOp39
 70
     1
102
RTVSPropertyOp40
 70
     1
102
RTVSPropertyOp41
 70
     1
102
RTVSPropertyOp42
 70
     1
102
RTVSPropertyOp43
 70
     1
102
RTVSPropertyOp44
 70
     1
102
RTVSPropertyOp45
 70
     1
102
RTVSPropertyOp46
 70
     1
102
RTVSPropertyOp47
 70
     1
102
RTVSPropertyOp48
 70
     1
102
RTVSPropertyOp49
 70
     1
102
RTVSPropertyOp50
 70
     1
102
RTVSPropertyOp51
 70
     0
102
RTVSPropertyOp52
 70
     0
102
RTVSPropertyOp53
 70
     1
102
RTVSPropertyOp54
 70
     1
102
RTVSPropertyOp55
 70
     1
102
RTVSPropertyOp56
 70
     1
102
RTVSPropertyOp57
 70
     1
102
RTVSPropertyOp58
 70
     1
102
RTVSPropertyOp59
 70
     1
102
RTVSPropertyOp60
 70
     1
102
RTVSPropertyOp61
 70
     1
102
RTVSPropertyOp62
 70
     1
  0
XRECORD
  5
2E6
102
{ACAD_REACTORS
330
2E5
102
}
330
2E5
100
AcDbXrecord
280
     1
102
RTVSPost2010Prop28
280
     0
102
RTVSPost2010PropOp28
 70
     1
102
RTVSPost2010Prop29
280
     1
102
RTVSPost2010PropOp29
 70
     1
102
RTVSPost2010Prop30
280
     1
102
RTVSPost2010PropOp30
 70
     1
102
RTVSPost2010Prop31
280
     0
102
RTVSPost2010PropOp31
 70
     1
102
RTVSPost2010Prop32
280
     0
102
RTVSPost2010PropOp32
 70
     1
102
RTVSPost2010Prop33
280
     0
102
RTVSPost2010PropOp33
 70
     1
102
RTVSPost2010Prop34
280
     0
102
RTVSPost2010PropOp34
 70
     1
102
RTVSPost2010Prop35
280
     0
102
RTVSPost2010PropOp35
 70
     1
102
RTVSPost2010Prop36
280
     0
102
RTVSPost2010PropOp36
 70
     1
102
RTVSPost2010Prop37
 90
       50
102
RTVSPost2010PropOp37
 70
     1
102
RTVSPost2010Prop38
140
0.0
102
RTVSPost2010PropOp38
 70
     1
102
RTVSPost2010Prop39
140
1.0
102
RTVSPost2010PropOp39
 70
     1
102
RTVSPost2010Prop40
 90
        0
102
RTVSPost2010PropOp40
 70
     1
102
RTVSPost2010Prop41ColorIndex
 90
       18
102
RTVSPost2010Prop41ColorRGB
 90
        0
102
RTVSPost2010PropOp41
 70
     1
102
RTVSPost2010Prop42
 90
       50
102
RTVSPost2010PropOp42
 70
     1
102
RTVSPost2010Prop43
 90
        3
102
RTVSPost2010PropOp43
 70
     1
102
RTVSPost2010Prop44ColorIndex
 90
        5
102
RTVSPost2010Prop44ColorRGB
 90
      255
102
RTVSPost2010PropOp44
 70
     1
102
RTVSPost2010Prop45
280
     0
102
RTVSPost2010PropOp45
 70
     1
102
RTVSPost2010Prop46
 90
       50
102
RTVSPost2010PropOp46
 70
     1
102
RTVSPost2010Prop47
 90
       50
102
RTVSPost2010PropOp47
 70
     1
102
RTVSPost2010Prop48
 90
       50
102
RTVSPost2010PropOp48
 70
     1
102
RTVSPost2010Prop49
280
     0
102
RTVSPost2010PropOp49
 70
     1
102
RTVSPost2010Prop50
 90
       50
102
RTVSPost2010PropOp50
 70
     1
102
RTVSPost2010Prop51ColorIndex
 90
      256
102
RTVSPost2010Prop51ColorRGB
 90
-16777216
102
RTVSPost2010PropOp51
 70
     0
102
RTVSPost2010Prop52
140
1.0
102
RTVSPost2010PropOp52
 70
     0
102
RTVSPost2010Prop53
 90
        2
102
RTVSPost2010PropOp53
 70
     1
102
RTVSPost2010Prop54
  1
strokes_ogs.tif
102
RTVSPost2010PropOp54
 70
     1
102
RTVSPost2010Prop55
280
     0
102
RTVSPost2010PropOp55
 70
     1
102
RTVSPost2010Prop56
140
1.0
102
RTVSPost2010PropOp56
 70
     1
102
RTVSPost2010Prop57
140
1.0
102
RTVSPost2010PropOp57
 70
     1
102
RTVSPropertyOp0
 70
     1
102
RTVSPropertyOp1
 70
     1
102
RTVSPropertyOp2
 70
     1
102
RTVSPropertyOp3
 70
     1
102
RTVSPropertyOp4
 70
     1
102
RTVSPropertyOp5
 70
     1
102
RTVSPropertyOp6
 70
     1
102
RTVSPropertyOp7
 70
     1
102
RTVSPropertyOp8
 70
     1
102
RTVSPropertyOp9
 70
     1
102
RTVSPropertyOp10
 70
     1
102
RTVSPropertyOp11
 70
     1
102
RTVSPropertyOp12
 70
     1
102
RTVSPropertyOp13
 70
     1
102
RTVSPropertyOp14
 70
     1
102
RTVSPropertyOp15
 70
     1
102
RTVSPropertyOp16
 70
     1
102
RTVSPropertyOp17
 70
     1
102
RTVSPropertyOp18
 70
     1
102
RTVSPropertyOp19
 70
     1
102
RTVSPropertyOp20
 70
     1
102
RTVSPropertyOp21
 70
     1
102
RTVSPropertyOp22
 70
     1
102
RTVSPropertyOp23
 70
     1
102
RTVSPropertyOp24
 70
     1
102
RTVSPropertyOp25
 70
     1
102
RTVSPropertyOp26
 70
     1
102
RTVSPropertyOp27
 70
     1
102
RTVSPropertyOp28
 70
     1
102
RTVSPropertyOp29
 70
     1
102
RTVSPropertyOp30
 70
     1
102
RTVSPropertyOp31
 70
     1
102
RTVSPropertyOp32
 70
     1
102
RTVSPropertyOp33
 70
     1
102
RTVSPropertyOp34
 70
     1
102
RTVSPropertyOp35
 70
     1
102
RTVSPropertyOp36
 70
     1
102
RTVSPropertyOp37
 70
     1
102
RTVSPropertyOp38
 70
     1
102
RTVSPropertyOp39
 70
     1
102
RTVSPropertyOp40
 70
     1
102
RTVSPropertyOp41
 70
     1
102
RTVSPropertyOp42
 70
     1
102
RTVSPropertyOp43
 70
     1
102
RTVSPropertyOp44
 70
     1
102
RTVSPropertyOp45
 70
     1
102
RTVSPropertyOp46
 70
     1
102
RTVSPropertyOp47
 70
     1
102
RTVSPropertyOp48
 70
     1
102
RTVSPropertyOp49
 70
     1
102
RTVSPropertyOp50
 70
     1
102
RTVSPropertyOp51
 70
     0
102
RTVSPropertyOp52
 70
     0
102
RTVSPropertyOp53
 70
     1
102
RTVSPropertyOp54
 70
     1
102
RTVSPropertyOp55
 70
     1
102
RTVSPropertyOp56
 70
     1
102
RTVSPropertyOp57
 70
     1
102
RTVSPropertyOp58
 70
     1
102
RTVSPropertyOp59
 70
     1
102
RTVSPropertyOp60
 70
     1
102
RTVSPropertyOp61
 70
     1
102
RTVSPropertyOp62
 70
     1
  0
XRECORD
  5
2D6
102
{ACAD_REACTORS
330
2D5
102
}
330
2D5
100
AcDbXrecord
280
     1
102
RTVSPost2010Prop28
280
     0
102
RTVSPost2010PropOp28
 70
     1
102
RTVSPost2010Prop29
280
     1
102
RTVSPost2010PropOp29
 70
     1
102
RTVSPost2010Prop30
280
     1
102
RTVSPost2010PropOp30
 70
     1
102
RTVSPost2010Prop31
280
     0
102
RTVSPost2010PropOp31
 70
     1
102
RTVSPost2010Prop32
280
     0
102
RTVSPost2010PropOp32
 70
     1
102
RTVSPost2010Prop33
280
     0
102
RTVSPost2010PropOp33
 70
     1
102
RTVSPost2010Prop34
280
     0
102
RTVSPost2010PropOp34
 70
     1
102
RTVSPost2010Prop35
280
     0
102
RTVSPost2010PropOp35
 70
     1
102
RTVSPost2010Prop36
280
     0
102
RTVSPost2010PropOp36
 70
     1
102
RTVSPost2010Prop37
 90
       50
102
RTVSPost2010PropOp37
 70
     1
102
RTVSPost2010Prop38
140
0.0
102
RTVSPost2010PropOp38
 70
     1
102
RTVSPost2010Prop39
140
1.0
102
RTVSPost2010PropOp39
 70
     1
102
RTVSPost2010Prop40
 90
        0
102
RTVSPost2010PropOp40
 70
     1
102
RTVSPost2010Prop41ColorIndex
 90
       18
102
RTVSPost2010Prop41ColorRGB
 90
        0
102
RTVSPost2010PropOp41
 70
     1
102
RTVSPost2010Prop42
 90
       50
102
RTVSPost2010PropOp42
 70
     1
102
RTVSPost2010Prop43
 90
        3
102
RTVSPost2010PropOp43
 70
     1
102
RTVSPost2010Prop44ColorIndex
 90
        5
102
RTVSPost2010Prop44ColorRGB
 90
      255
102
RTVSPost2010PropOp44
 70
     1
102
RTVSPost2010Prop45
280
     0
102
RTVSPost2010PropOp45
 70
     1
102
RTVSPost2010Prop46
 90
       50
102
RTVSPost2010PropOp46
 70
     1
102
RTVSPost2010Prop47
 90
       50
102
RTVSPost2010PropOp47
 70
     1
102
RTVSPost2010Prop48
 90
       50
102
RTVSPost2010PropOp48
 70
     1
102
RTVSPost2010Prop49
280
     0
102
RTVSPost2010PropOp49
 70
     1
102
RTVSPost2010Prop50
 90
       50
102
RTVSPost2010PropOp50
 70
     1
102
RTVSPost2010Prop51ColorIndex
 90
      256
102
RTVSPost2010Prop51ColorRGB
 90
-16777216
102
RTVSPost2010PropOp51
 70
     0
102
RTVSPost2010Prop52
140
1.0
102
RTVSPost2010PropOp52
 70
     0
102
RTVSPost2010Prop53
 90
        2
102
RTVSPost2010PropOp53
 70
     1
102
RTVSPost2010Prop54
  1
strokes_ogs.tif
102
RTVSPost2010PropOp54
 70
     1
102
RTVSPost2010Prop55
280
     0
102
RTVSPost2010PropOp55
 70
     1
102
RTVSPost2010Prop56
140
1.0
102
RTVSPost2010PropOp56
 70
     1
102
RTVSPost2010Prop57
140
1.0
102
RTVSPost2010PropOp57
 70
     1
102
RTVSPropertyOp0
 70
     1
102
RTVSPropertyOp1
 70
     1
102
RTVSPropertyOp2
 70
     1
102
RTVSPropertyOp3
 70
     1
102
RTVSPropertyOp4
 70
     1
102
RTVSPropertyOp5
 70
     1
102
RTVSPropertyOp6
 70
     1
102
RTVSPropertyOp7
 70
     1
102
RTVSPropertyOp8
 70
     1
102
RTVSPropertyOp9
 70
     1
102
RTVSPropertyOp10
 70
     1
102
RTVSPropertyOp11
 70
     1
102
RTVSPropertyOp12
 70
     1
102
RTVSPropertyOp13
 70
     1
102
RTVSPropertyOp14
 70
     1
102
RTVSPropertyOp15
 70
     1
102
RTVSPropertyOp16
 70
     1
102
RTVSPropertyOp17
 70
     1
102
RTVSPropertyOp18
 70
     1
102
RTVSPropertyOp19
 70
     1
102
RTVSPropertyOp20
 70
     1
102
RTVSPropertyOp21
 70
     1
102
RTVSPropertyOp22
 70
     1
102
RTVSPropertyOp23
 70
     1
102
RTVSPropertyOp24
 70
     1
102
RTVSPropertyOp25
 70
     1
102
RTVSPropertyOp26
 70
     1
102
RTVSPropertyOp27
 70
     1
102
RTVSPropertyOp28
 70
     1
102
RTVSPropertyOp29
 70
     1
102
RTVSPropertyOp30
 70
     1
102
RTVSPropertyOp31
 70
     1
102
RTVSPropertyOp32
 70
     1
102
RTVSPropertyOp33
 70
     1
102
RTVSPropertyOp34
 70
     1
102
RTVSPropertyOp35
 70
     1
102
RTVSPropertyOp36
 70
     1
102
RTVSPropertyOp37
 70
     1
102
RTVSPropertyOp38
 70
     1
102
RTVSPropertyOp39
 70
     1
102
RTVSPropertyOp40
 70
     1
102
RTVSPropertyOp41
 70
     1
102
RTVSPropertyOp42
 70
     1
102
RTVSPropertyOp43
 70
     1
102
RTVSPropertyOp44
 70
     1
102
RTVSPropertyOp45
 70
     1
102
RTVSPropertyOp46
 70
     1
102
RTVSPropertyOp47
 70
     1
102
RTVSPropertyOp48
 70
     1
102
RTVSPropertyOp49
 70
     1
102
RTVSPropertyOp50
 70
     1
102
RTVSPropertyOp51
 70
     0
102
RTVSPropertyOp52
 70
     0
102
RTVSPropertyOp53
 70
     1
102
RTVSPropertyOp54
 70
     1
102
RTVSPropertyOp55
 70
     1
102
RTVSPropertyOp56
 70
     1
102
RTVSPropertyOp57
 70
     1
102
RTVSPropertyOp58
 70
     1
102
RTVSPropertyOp59
 70
     1
102
RTVSPropertyOp60
 70
     1
102
RTVSPropertyOp61
 70
     1
102
RTVSPropertyOp62
 70
     1
  0
XRECORD
  5
2C8
102
{ACAD_REACTORS
330
2C7
102
}
330
2C7
100
AcDbXrecord
280
     1
102
RTVSPost2010Prop28
280
     0
102
RTVSPost2010PropOp28
 70
     1
102
RTVSPost2010Prop29
280
     1
102
RTVSPost2010PropOp29
 70
     1
102
RTVSPost2010Prop30
280
     1
102
RTVSPost2010PropOp30
 70
     1
102
RTVSPost2010Prop31
280
     0
102
RTVSPost2010PropOp31
 70
     1
102
RTVSPost2010Prop32
280
     0
102
RTVSPost2010PropOp32
 70
     1
102
RTVSPost2010Prop33
280
     0
102
RTVSPost2010PropOp33
 70
     1
102
RTVSPost2010Prop34
280
     0
102
RTVSPost2010PropOp34
 70
     1
102
RTVSPost2010Prop35
280
     0
102
RTVSPost2010PropOp35
 70
     1
102
RTVSPost2010Prop36
280
     0
102
RTVSPost2010PropOp36
 70
     1
102
RTVSPost2010Prop37
 90
       50
102
RTVSPost2010PropOp37
 70
     1
102
RTVSPost2010Prop38
140
0.0
102
RTVSPost2010PropOp38
 70
     1
102
RTVSPost2010Prop39
140
1.0
102
RTVSPost2010PropOp39
 70
     1
102
RTVSPost2010Prop40
 90
        0
102
RTVSPost2010PropOp40
 70
     1
102
RTVSPost2010Prop41ColorIndex
 90
       18
102
RTVSPost2010Prop41ColorRGB
 90
        0
102
RTVSPost2010PropOp41
 70
     1
102
RTVSPost2010Prop42
 90
       50
102
RTVSPost2010PropOp42
 70
     1
102
RTVSPost2010Prop43
 90
        3
102
RTVSPost2010PropOp43
 70
     1
102
RTVSPost2010Prop44ColorIndex
 90
        5
102
RTVSPost2010Prop44ColorRGB
 90
      255
102
RTVSPost2010PropOp44
 70
     1
102
RTVSPost2010Prop45
280
     0
102
RTVSPost2010PropOp45
 70
     1
102
RTVSPost2010Prop46
 90
       50
102
RTVSPost2010PropOp46
 70
     1
102
RTVSPost2010Prop47
 90
       50
102
RTVSPost2010PropOp47
 70
     1
102
RTVSPost2010Prop48
 90
       50
102
RTVSPost2010PropOp48
 70
     1
102
RTVSPost2010Prop49
280
     0
102
RTVSPost2010PropOp49
 70
     1
102
RTVSPost2010Prop50
 90
       50
102
RTVSPost2010PropOp50
 70
     1
102
RTVSPost2010Prop51ColorIndex
 90
      256
102
RTVSPost2010Prop51ColorRGB
 90
-16777216
102
RTVSPost2010PropOp51
 70
     0
102
RTVSPost2010Prop52
140
1.0
102
RTVSPost2010PropOp52
 70
     0
102
RTVSPost2010Prop53
 90
        2
102
RTVSPost2010PropOp53
 70
     1
102
RTVSPost2010Prop54
  1
strokes_ogs.tif
102
RTVSPost2010PropOp54
 70
     1
102
RTVSPost2010Prop55
280
     0
102
RTVSPost2010PropOp55
 70
     1
102
RTVSPost2010Prop56
140
1.0
102
RTVSPost2010PropOp56
 70
     1
102
RTVSPost2010Prop57
140
1.0
102
RTVSPost2010PropOp57
 70
     1
102
RTVSPropertyOp0
 70
     1
102
RTVSPropertyOp1
 70
     1
102
RTVSPropertyOp2
 70
     1
102
RTVSPropertyOp3
 70
     1
102
RTVSPropertyOp4
 70
     1
102
RTVSPropertyOp5
 70
     1
102
RTVSPropertyOp6
 70
     1
102
RTVSPropertyOp7
 70
     1
102
RTVSPropertyOp8
 70
     1
102
RTVSPropertyOp9
 70
     1
102
RTVSPropertyOp10
 70
     1
102
RTVSPropertyOp11
 70
     1
102
RTVSPropertyOp12
 70
     1
102
RTVSPropertyOp13
 70
     1
102
RTVSPropertyOp14
 70
     1
102
RTVSPropertyOp15
 70
     1
102
RTVSPropertyOp16
 70
     1
102
RTVSPropertyOp17
 70
     1
102
RTVSPropertyOp18
 70
     1
102
RTVSPropertyOp19
 70
     1
102
RTVSPropertyOp20
 70
     1
102
RTVSPropertyOp21
 70
     1
102
RTVSPropertyOp22
 70
     1
102
RTVSPropertyOp23
 70
     1
102
RTVSPropertyOp24
 70
     1
102
RTVSPropertyOp25
 70
     1
102
RTVSPropertyOp26
 70
     1
102
RTVSPropertyOp27
 70
     1
102
RTVSPropertyOp28
 70
     1
102
RTVSPropertyOp29
 70
     1
102
RTVSPropertyOp30
 70
     1
102
RTVSPropertyOp31
 70
     1
102
RTVSPropertyOp32
 70
     1
102
RTVSPropertyOp33
 70
     1
102
RTVSPropertyOp34
 70
     1
102
RTVSPropertyOp35
 70
     1
102
RTVSPropertyOp36
 70
     1
102
RTVSPropertyOp37
 70
     1
102
RTVSPropertyOp38
 70
     1
102
RTVSPropertyOp39
 70
     1
102
RTVSPropertyOp40
 70
     1
102
RTVSPropertyOp41
 70
     1
102
RTVSPropertyOp42
 70
     1
102
RTVSPropertyOp43
 70
     1
102
RTVSPropertyOp44
 70
     1
102
RTVSPropertyOp45
 70
     1
102
RTVSPropertyOp46
 70
     1
102
RTVSPropertyOp47
 70
     1
102
RTVSPropertyOp48
 70
     1
102
RTVSPropertyOp49
 70
     1
102
RTVSPropertyOp50
 70
     1
102
RTVSPropertyOp51
 70
     0
102
RTVSPropertyOp52
 70
     0
102
RTVSPropertyOp53
 70
     1
102
RTVSPropertyOp54
 70
     1
102
RTVSPropertyOp55
 70
     1
102
RTVSPropertyOp56
 70
     1
102
RTVSPropertyOp57
 70
     1
102
RTVSPropertyOp58
 70
     1
102
RTVSPropertyOp59
 70
     1
102
RTVSPropertyOp60
 70
     1
102
RTVSPropertyOp61
 70
     1
102
RTVSPropertyOp62
 70
     1
  0
XRECORD
  5
2E8
102
{ACAD_REACTORS
330
2E7
102
}
330
2E7
100
AcDbXrecord
280
     1
102
RTVSPost2010Prop28
280
     0
102
RTVSPost2010PropOp28
 70
     1
102
RTVSPost2010Prop29
280
     1
102
RTVSPost2010PropOp29
 70
     1
102
RTVSPost2010Prop30
280
     1
102
RTVSPost2010PropOp30
 70
     1
102
RTVSPost2010Prop31
280
     0
102
RTVSPost2010PropOp31
 70
     1
102
RTVSPost2010Prop32
280
     0
102
RTVSPost2010PropOp32
 70
     1
102
RTVSPost2010Prop33
280
     0
102
RTVSPost2010PropOp33
 70
     1
102
RTVSPost2010Prop34
280
     0
102
RTVSPost2010PropOp34
 70
     1
102
RTVSPost2010Prop35
280
     0
102
RTVSPost2010PropOp35
 70
     1
102
RTVSPost2010Prop36
280
     0
102
RTVSPost2010PropOp36
 70
     1
102
RTVSPost2010Prop37
 90
       50
102
RTVSPost2010PropOp37
 70
     1
102
RTVSPost2010Prop38
140
0.0
102
RTVSPost2010PropOp38
 70
     1
102
RTVSPost2010Prop39
140
1.0
102
RTVSPost2010PropOp39
 70
     1
102
RTVSPost2010Prop40
 90
        0
102
RTVSPost2010PropOp40
 70
     1
102
RTVSPost2010Prop41ColorIndex
 90
       18
102
RTVSPost2010Prop41ColorRGB
 90
        0
102
RTVSPost2010PropOp41
 70
     1
102
RTVSPost2010Prop42
 90
       50
102
RTVSPost2010PropOp42
 70
     1
102
RTVSPost2010Prop43
 90
        3
102
RTVSPost2010PropOp43
 70
     1
102
RTVSPost2010Prop44ColorIndex
 90
        5
102
RTVSPost2010Prop44ColorRGB
 90
      255
102
RTVSPost2010PropOp44
 70
     1
102
RTVSPost2010Prop45
280
     0
102
RTVSPost2010PropOp45
 70
     1
102
RTVSPost2010Prop46
 90
       50
102
RTVSPost2010PropOp46
 70
     1
102
RTVSPost2010Prop47
 90
       50
102
RTVSPost2010PropOp47
 70
     1
102
RTVSPost2010Prop48
 90
       50
102
RTVSPost2010PropOp48
 70
     1
102
RTVSPost2010Prop49
280
     0
102
RTVSPost2010PropOp49
 70
     1
102
RTVSPost2010Prop50
 90
       50
102
RTVSPost2010PropOp50
 70
     1
102
RTVSPost2010Prop51ColorIndex
 90
      256
102
RTVSPost2010Prop51ColorRGB
 90
-16777216
102
RTVSPost2010PropOp51
 70
     0
102
RTVSPost2010Prop52
140
1.0
102
RTVSPost2010PropOp52
 70
     0
102
RTVSPost2010Prop53
 90
        2
102
RTVSPost2010PropOp53
 70
     1
102
RTVSPost2010Prop54
  1
strokes_ogs.tif
102
RTVSPost2010PropOp54
 70
     1
102
RTVSPost2010Prop55
280
     0
102
RTVSPost2010PropOp55
 70
     1
102
RTVSPost2010Prop56
140
1.0
102
RTVSPost2010PropOp56
 70
     1
102
RTVSPost2010Prop57
140
1.0
102
RTVSPost2010PropOp57
 70
     1
102
RTVSPropertyOp0
 70
     1
102
RTVSPropertyOp1
 70
     1
102
RTVSPropertyOp2
 70
     1
102
RTVSPropertyOp3
 70
     1
102
RTVSPropertyOp4
 70
     1
102
RTVSPropertyOp5
 70
     1
102
RTVSPropertyOp6
 70
     1
102
RTVSPropertyOp7
 70
     1
102
RTVSPropertyOp8
 70
     1
102
RTVSPropertyOp9
 70
     1
102
RTVSPropertyOp10
 70
     1
102
RTVSPropertyOp11
 70
     1
102
RTVSPropertyOp12
 70
     1
102
RTVSPropertyOp13
 70
     1
102
RTVSPropertyOp14
 70
     1
102
RTVSPropertyOp15
 70
     1
102
RTVSPropertyOp16
 70
     1
102
RTVSPropertyOp17
 70
     1
102
RTVSPropertyOp18
 70
     1
102
RTVSPropertyOp19
 70
     1
102
RTVSPropertyOp20
 70
     1
102
RTVSPropertyOp21
 70
     1
102
RTVSPropertyOp22
 70
     1
102
RTVSPropertyOp23
 70
     1
102
RTVSPropertyOp24
 70
     1
102
RTVSPropertyOp25
 70
     1
102
RTVSPropertyOp26
 70
     1
102
RTVSPropertyOp27
 70
     1
102
RTVSPropertyOp28
 70
     1
102
RTVSPropertyOp29
 70
     1
102
RTVSPropertyOp30
 70
     1
102
RTVSPropertyOp31
 70
     1
102
RTVSPropertyOp32
 70
     1
102
RTVSPropertyOp33
 70
     1
102
RTVSPropertyOp34
 70
     1
102
RTVSPropertyOp35
 70
     1
102
RTVSPropertyOp36
 70
     1
102
RTVSPropertyOp37
 70
     1
102
RTVSPropertyOp38
 70
     1
102
RTVSPropertyOp39
 70
     1
102
RTVSPropertyOp40
 70
     1
102
RTVSPropertyOp41
 70
     1
102
RTVSPropertyOp42
 70
     1
102
RTVSPropertyOp43
 70
     1
102
RTVSPropertyOp44
 70
     1
102
RTVSPropertyOp45
 70
     1
102
RTVSPropertyOp46
 70
     1
102
RTVSPropertyOp47
 70
     1
102
RTVSPropertyOp48
 70
     1
102
RTVSPropertyOp49
 70
     1
102
RTVSPropertyOp50
 70
     1
102
RTVSPropertyOp51
 70
     0
102
RTVSPropertyOp52
 70
     0
102
RTVSPropertyOp53
 70
     1
102
RTVSPropertyOp54
 70
     1
102
RTVSPropertyOp55
 70
     1
102
RTVSPropertyOp56
 70
     1
102
RTVSPropertyOp57
 70
     1
102
RTVSPropertyOp58
 70
     1
102
RTVSPropertyOp59
 70
     1
102
RTVSPropertyOp60
 70
     1
102
RTVSPropertyOp61
 70
     1
102
RTVSPropertyOp62
 70
     1
  0
ENDSEC
  0
EOF
