  0
SECTION
  2
HEADER
  9
$ACADVER
  1
AC1021
  9
$ACADMAINTVER
  70
50
  9
$DWGCODEPAGE
  3
ANSI_936
  9
$LASTSAVEDBY
  1
win10
  9
$INSBASE
  10
0
  20
0
  30
0
  9
$EXTMIN
  10
100000000000000000000
  20
100000000000000000000
  30
100000000000000000000
  9
$EXTMAX
  10
-100000000000000000000
  20
-100000000000000000000
  30
-100000000000000000000
  9
$LIMMIN
  10
0
  20
0
  9
$LIMMAX
  10
12
  20
9
  9
$ORTHOMODE
  70
0
  9
$REGENMODE
  70
1
  9
$FILLMODE
  70
1
  9
$QTEXTMODE
  70
0
  9
$MIRRTEXT
  70
0
  9
$LTSCALE
  40
1
  9
$ATTMODE
  70
1
  9
$TEXTSIZE
  40
0.2
  9
$TRACEWID
  40
0.05
  9
$TEXTSTYLE
  7
Standard
  9
$CLAYER
  8
0
  9
$CELTYPE
  6
ByLayer
  9
$CECOLOR
  62
256
  9
$CELTSCALE
  40
1
  9
$DISPSILH
  70
0
  9
$DIMSCALE
  40
1
  9
$DIMASZ
  40
0.18
  9
$DIMEXO
  40
0.0625
  9
$DIMDLI
  40
0.38
  9
$DIMRND
  40
0
  9
$DIMDLE
  40
0
  9
$DIMEXE
  40
0.18
  9
$DIMTP
  40
0
  9
$DIMTM
  40
0
  9
$DIMTXT
  40
0.18
  9
$DIMCEN
  40
0.09
  9
$DIMTSZ
  40
0
  9
$DIMTOL
  70
0
  9
$DIMLIM
  70
0
  9
$DIMTIH
  70
1
  9
$DIMTOH
  70
1
  9
$DIMSE1
  70
0
  9
$DIMSE2
  70
0
  9
$DIMTAD
  70
0
  9
$DIMZIN
  70
0
  9
$DIMBLK
  1

  9
$DIMASO
  70
1
  9
$DIMSHO
  70
1
  9
$DIMPOST
  1

  9
$DIMAPOST
  1

  9
$DIMALT
  70
0
  9
$DIMALTD
  70
2
  9
$DIMALTF
  40
25.4
  9
$DIMLFAC
  40
1
  9
$DIMTOFL
  70
0
  9
$DIMTVP
  40
0
  9
$DIMTIX
  70
0
  9
$DIMSOXD
  70
0
  9
$DIMSAH
  70
0
  9
$DIMBLK1
  1

  9
$DIMBLK2
  1

  9
$DIMSTYLE
  2
Standard
  9
$DIMCLRD
  70
0
  9
$DIMCLRE
  70
0
  9
$DIMCLRT
  70
0
  9
$DIMTFAC
  40
1
  9
$DIMGAP
  40
0.09
  9
$DIMJUST
  70
0
  9
$DIMSD1
  70
0
  9
$DIMSD2
  70
0
  9
$DIMTOLJ
  70
1
  9
$DIMTZIN
  70
0
  9
$DIMALTZ
  70
0
  9
$DIMALTTZ
  70
0
  9
$DIMUPT
  70
0
  9
$DIMDEC
  70
4
  9
$DIMTDEC
  70
4
  9
$DIMALTU
  70
2
  9
$DIMALTTD
  70
2
  9
$DIMTXSTY
  7
Standard
  9
$DIMAUNIT
  70
0
  9
$DIMADEC
  70
0
  9
$DIMALTRND
  40
0
  9
$DIMAZIN
  70
0
  9
$DIMDSEP
  70
46
  9
$DIMATFIT
  70
3
  9
$DIMFRAC
  70
0
  9
$DIMLDRBLK
  1

  9
$DIMLUNIT
  70
2
  9
$DIMLWD
  70
-2
  9
$DIMLWE
  70
-2
  9
$DIMTMOVE
  70
0
  9
$DIMFXL
  40
1
  9
$DIMFXLON
  70
0
  9
$DIMJOGANG
  40
0.7853981633974483
  9
$DIMTFILL
  70
0
  9
$DIMTFILLCLR
  70
0
  9
$DIMARCSYM
  70
0
  9
$DIMLTYPE
  6

  9
$DIMLTEX1
  6

  9
$DIMLTEX2
  6

  9
$LUNITS
  70
2
  9
$LUPREC
  70
4
  9
$SKETCHINC
  40
0.1
  9
$FILLETRAD
  40
0
  9
$AUNITS
  70
0
  9
$AUPREC
  70
0
  9
$MENU
  1
.
  9
$ELEVATION
  40
0
  9
$PELEVATION
  40
0
  9
$THICKNESS
  40
0
  9
$LIMCHECK
  70
0
  9
$CHAMFERA
  40
0
  9
$CHAMFERB
  40
0
  9
$CHAMFERC
  40
0
  9
$CHAMFERD
  40
0
  9
$SKPOLY
  70
0
  9
$TDCREATE
  40
2460560.605914352
  9
$TDUCREATE
  40
2460560.272581019
  9
$TDUPDATE
  40
2460560.629363426
  9
$TDUUPDATE
  40
2460560.296030092
  9
$TDINDWG
  40
0.0234490741
  9
$TDUSRTIMER
  40
0.0234490741
  9
$USRTIMER
  70
1
  9
$ANGBASE
  50
0
  9
$ANGDIR
  70
0
  9
$PDMODE
  70
0
  9
$PDSIZE
  40
0
  9
$PLINEWID
  40
0
  9
$SPLFRAME
  70
0
  9
$SPLINETYPE
  70
6
  9
$SPLINESEGS
  70
8
  9
$HANDSEED
  5
33E
  9
$SURFTAB1
  70
6
  9
$SURFTAB2
  70
6
  9
$SURFTYPE
  70
6
  9
$SURFU
  70
6
  9
$SURFV
  70
6
  9
$UCSBASE
  2

  9
$UCSNAME
  2

  9
$UCSORG
  10
0
  20
0
  30
0
  9
$UCSXDIR
  10
1
  20
0
  30
0
  9
$UCSYDIR
  10
0
  20
1
  30
0
  9
$UCSORTHOREF
  2

  9
$UCSORTHOVIEW
  70
0
  9
$UCSORGTOP
  10
0
  20
0
  30
0
  9
$UCSORGBOTTOM
  10
0
  20
0
  30
0
  9
$UCSORGLEFT
  10
0
  20
0
  30
0
  9
$UCSORGRIGHT
  10
0
  20
0
  30
0
  9
$UCSORGFRONT
  10
0
  20
0
  30
0
  9
$UCSORGBACK
  10
0
  20
0
  30
0
  9
$PUCSBASE
  2

  9
$PUCSNAME
  2

  9
$PUCSORG
  10
0
  20
0
  30
0
  9
$PUCSXDIR
  10
1
  20
0
  30
0
  9
$PUCSYDIR
  10
0
  20
1
  30
0
  9
$PUCSORTHOREF
  2

  9
$PUCSORTHOVIEW
  70
0
  9
$PUCSORGTOP
  10
0
  20
0
  30
0
  9
$PUCSORGBOTTOM
  10
0
  20
0
  30
0
  9
$PUCSORGLEFT
  10
0
  20
0
  30
0
  9
$PUCSORGRIGHT
  10
0
  20
0
  30
0
  9
$PUCSORGFRONT
  10
0
  20
0
  30
0
  9
$PUCSORGBACK
  10
0
  20
0
  30
0
  9
$USERI1
  70
0
  9
$USERI2
  70
0
  9
$USERI3
  70
0
  9
$USERI4
  70
0
  9
$USERI5
  70
0
  9
$USERR1
  40
0
  9
$USERR2
  40
0
  9
$USERR3
  40
0
  9
$USERR4
  40
0
  9
$USERR5
  40
0
  9
$WORLDVIEW
  70
1
  9
$SHADEDGE
  70
3
  9
$SHADEDIF
  70
70
  9
$TILEMODE
  70
1
  9
$MAXACTVP
  70
64
  9
$PINSBASE
  10
0
  20
0
  30
0
  9
$PLIMCHECK
  70
0
  9
$PEXTMIN
  10
0
  20
0
  30
0
  9
$PEXTMAX
  10
0
  20
0
  30
0
  9
$PLIMMIN
  10
0
  20
0
  9
$PLIMMAX
  10
12
  20
9
  9
$UNITMODE
  70
0
  9
$VISRETAIN
  70
1
  9
$PLINEGEN
  70
0
  9
$PSLTSCALE
  70
1
  9
$TREEDEPTH
  70
3020
  9
$CMLSTYLE
  2
Standard
  9
$CMLJUST
  70
0
  9
$CMLSCALE
  40
1
  9
$PROXYGRAPHICS
  70
1
  9
$MEASUREMENT
  70
0
  9
$CELWEIGHT
  370
-1
  9
$ENDCAPS
  280
0
  9
$JOINSTYLE
  280
0
  9
$LWDISPLAY
  290
0
  9
$INSUNITS
  70
4
  9
$HYPERLINKBASE
  1

  9
$STYLESHEET
  1

  9
$XEDIT
  290
0
  9
$CEPSNTYPE
  380
0
  9
$PSTYLEMODE
  290
0
  9
$FINGERPRINTGUID
  2
{FA9A02B2-7E04-C34E-BD13-02980AC2B394}
  9
$VERSIONGUID
  2
{964EB223-33A2-D549-8684-CDE005EE773C}
  9
$EXTNAMES
  290
0
  9
$PSVPSCALE
  40
0
  9
$OLESTARTUP
  290
0
  9
$SORTENTS
  280
127
  9
$INDEXCTL
  280
0
  9
$HIDETEXT
  280
1
  9
$XCLIPFRAME
  290
0
  9
$HALOGAP
  280
0
  9
$OBSCOLOR
  70
257
  9
$OBSLTYPE
  280
0
  9
$INTERSECTIONDISPLAY
  280
0
  9
$INTERSECTIONCOLOR
  70
257
  9
$DIMASSOC
  280
2
  9
$PROJECTNAME
  1

  9
$CAMERADISPLAY
  290
0
  9
$LENSLENGTH
  40
50
  9
$CAMERAHEIGHT
  40
60
  9
$STEPSPERSEC
  40
2
  9
$STEPSIZE
  40
6
  9
$3DDWFPREC
  40
2
  9
$PSOLWIDTH
  40
0.25
  9
$PSOLHEIGHT
  40
4
  9
$LOFTANG1
  40
1.570796326794896
  9
$LOFTANG2
  40
1.570796326794896
  9
$LOFTMAG1
  40
0
  9
$LOFTMAG2
  40
0
  9
$LOFTPARAM
  70
7
  9
$LOFTNORMALS
  280
1
  9
$LATITUDE
  40
37.795
  9
$LONGITUDE
  40
-122.394
  9
$NORTHDIRECTION
  40
0
  9
$TIMEZONE
  70
-8000
  9
$LIGHTGLYPHDISPLAY
  280
1
  9
$TILEMODELIGHTSYNCH
  280
1
  9
$CMATERIAL
  347
92
  9
$SOLIDHIST
  280
0
  9
$SHOWHIST
  280
1
  9
$DWFFRAME
  280
2
  9
$DGNFRAME
  280
0
  9
$REALWORLDSCALE
  290
0
  9
$INTERFERECOLOR
  62
1
  9
$INTERFEREOBJVS
  345
9F
  9
$INTERFEREVPVS
  346
9C
  9
$CSHADOW
  280
0
  9
$SHADOWPLANELOCATION
  40
0
  0
ENDSEC
  0
SECTION
  2
CLASSES
  0
CLASS
  1
ACDBDICTIONARYWDFLT
  2
AcDbDictionaryWithDefault
  3
ObjectDBX Classes
  90
0
  91
1
  280
0
  281
0
  0
CLASS
  1
DICTIONARYVAR
  2
AcDbDictionaryVar
  3
ObjectDBX Classes
  90
0
  91
15
  280
0
  281
0
  0
CLASS
  1
MATERIAL
  2
AcDbMaterial
  3
ObjectDBX Classes
  90
1153
  91
3
  280
0
  281
0
  0
CLASS
  1
VISUALSTYLE
  2
AcDbVisualStyle
  3
ObjectDBX Classes
  90
4095
  91
24
  280
0
  281
0
  0
CLASS
  1
TABLESTYLE
  2
AcDbTableStyle
  3
ObjectDBX Classes
  90
4095
  91
1
  280
0
  281
0
  0
CLASS
  1
SCALE
  2
AcDbScale
  3
ObjectDBX Classes
  90
1153
  91
33
  280
0
  281
0
  0
CLASS
  1
MLEADERSTYLE
  2
AcDbMLeaderStyle
  3
ACDB_MLEADERSTYLE_CLASS
  90
4095
  91
2
  280
0
  281
0
  0
CLASS
  1
CELLSTYLEMAP
  2
AcDbCellStyleMap
  3
ObjectDBX Classes
  90
1152
  91
4
  280
0
  281
0
  0
CLASS
  1
EXACXREFPANELOBJECT
  2
ExAcXREFPanelObject
  3
EXAC_ESW
  90
1025
  91
0
  280
0
  281
0
  0
CLASS
  1
NPOCOLLECTION
  2
AcDbImpNonPersistentObjectsCollection
  3
ObjectDBX Classes
  90
1153
  91
0
  280
0
  281
0
  0
CLASS
  1
LAYER_INDEX
  2
AcDbLayerIndex
  3
ObjectDBX Classes
  90
0
  91
0
  280
0
  281
0
  0
CLASS
  1
SPATIAL_INDEX
  2
AcDbSpatialIndex
  3
ObjectDBX Classes
  90
0
  91
0
  280
0
  281
0
  0
CLASS
  1
IDBUFFER
  2
AcDbIdBuffer
  3
ObjectDBX Classes
  90
0
  91
0
  280
0
  281
0
  0
CLASS
  1
ACDBSECTIONVIEWSTYLE
  2
AcDbSectionViewStyle
  3
ObjectDBX Classes
  90
1025
  91
1
  280
0
  281
0
  0
CLASS
  1
ACDBDETAILVIEWSTYLE
  2
AcDbDetailViewStyle
  3
ObjectDBX Classes
  90
1025
  91
1
  280
0
  281
0
  0
ENDSEC
  0
SECTION
  2
TABLES
  0
TABLE
  2
VPORT
  5
8
  330
0
  100
AcDbSymbolTable
  70
1
  0
VPORT
  5
90
  330
8
  100
AcDbSymbolTableRecord
  100
AcDbViewportTableRecord
  2
*Active
  70
0
  10
0
  20
0
  11
1
  21
1
  12
97.5486911906951
  22
42.51345460271504
  13
0
  23
0
  14
0.5
  24
0.5
  15
0.5
  25
0.5
  16
0
  26
0
  36
1
  17
0
  27
0
  37
0
  40
78.45799938217576
  41
1.945409429280396
  42
50
  43
0
  44
0
  50
0
  51
0
  71
0
  72
1000
  73
1
  74
3
  75
0
  76
1
  77
0
  78
0
  281
0
  65
1
  110
0
  120
0
  130
0
  111
1
  121
0
  131
0
  112
0
  122
1
  132
0
  79
0
  146
0
  348
9B
  60
3
  61
5
  292
0
  282
1
  141
0
  142
0
  63
250
  421
3355443
  1001
ACAD_NAV_VCDISPLAY
  1070
3
  0
ENDTAB
  0
TABLE
  2
LTYPE
  5
5
  330
0
  100
AcDbSymbolTable
  70
1
  0
LTYPE
  5
14
  330
5
  100
AcDbSymbolTableRecord
  100
AcDbLinetypeTableRecord
  2
ByBlock
  70
0
  3

  72
65
  73
0
  40
0
  0
LTYPE
  5
15
  330
5
  100
AcDbSymbolTableRecord
  100
AcDbLinetypeTableRecord
  2
ByLayer
  70
0
  3

  72
65
  73
0
  40
0
  0
LTYPE
  5
16
  330
5
  100
AcDbSymbolTableRecord
  100
AcDbLinetypeTableRecord
  2
Continuous
  70
0
  3
Solid line
  72
65
  73
0
  40
0
  0
ENDTAB
  0
TABLE
  2
LAYER
  5
2
  102
{ACAD_XDICTIONARY
  360
18B
  102
}
  330
0
  100
AcDbSymbolTable
  70
1
  0
LAYER
  5
1024
  100
AcDbSymbolTableRecord
  100
AcDbLayerTableRecord
  2
Top-Layer
  70
0
  420
16711680
  6
Continuous
  370
-3
  390
F
  347
21
  0
LAYER
  5
1025
  100
AcDbSymbolTableRecord
  100
AcDbLayerTableRecord
  2
Bottom-Layer
  70
0
  420
255
  6
Continuous
  370
-3
  390
F
  347
21
  0
LAYER
  5
1026
  100
AcDbSymbolTableRecord
  100
AcDbLayerTableRecord
  2
Top-Silkscreen-Layer
  70
0
  420
16763904
  6
Continuous
  370
-3
  390
F
  347
21
  0
LAYER
  5
1027
  100
AcDbSymbolTableRecord
  100
AcDbLayerTableRecord
  2
Bottom-Silkscreen-Layer
  70
0
  420
6736947
  6
Continuous
  370
-3
  390
F
  347
21
  0
LAYER
  5
1028
  100
AcDbSymbolTableRecord
  100
AcDbLayerTableRecord
  2
Top-Solder-Mask-Layer
  70
0
  420
8388736
  6
Continuous
  370
-3
  390
F
  347
21
  0
LAYER
  5
1029
  100
AcDbSymbolTableRecord
  100
AcDbLayerTableRecord
  2
Bottom-Solder-Mask-Layer
  70
0
  420
11141375
  6
Continuous
  370
-3
  390
F
  347
21
  0
LAYER
  5
1030
  100
AcDbSymbolTableRecord
  100
AcDbLayerTableRecord
  2
Top-Paste-Mask-Layer
  70
0
  420
8421504
  6
Continuous
  370
-3
  390
F
  347
21
  0
LAYER
  5
1031
  100
AcDbSymbolTableRecord
  100
AcDbLayerTableRecord
  2
Bottom-Paste-Mask-Layer
  70
0
  420
8388608
  6
Continuous
  370
-3
  390
F
  347
21
  0
LAYER
  5
1032
  100
AcDbSymbolTableRecord
  100
AcDbLayerTableRecord
  2
Top-Assembly-Layer
  70
0
  420
3394713
  6
Continuous
  370
-3
  390
F
  347
21
  0
LAYER
  5
1033
  100
AcDbSymbolTableRecord
  100
AcDbLayerTableRecord
  2
Bottom-Assembly-Layer
  70
0
  420
5592575
  6
Continuous
  370
-3
  390
F
  347
21
  0
LAYER
  5
1034
  100
AcDbSymbolTableRecord
  100
AcDbLayerTableRecord
  2
Board-Outline-Layer
  70
0
  420
16711935
  6
Continuous
  370
-3
  390
F
  347
21
  0
LAYER
  5
1035
  100
AcDbSymbolTableRecord
  100
AcDbLayerTableRecord
  2
Multi-Layer
  70
0
  420
12632256
  6
Continuous
  370
-3
  390
F
  347
21
  0
LAYER
  5
1036
  100
AcDbSymbolTableRecord
  100
AcDbLayerTableRecord
  2
Document-Layer
  70
0
  420
6579455
  6
Continuous
  370
-3
  390
F
  347
21
  0
LAYER
  5
1037
  100
AcDbSymbolTableRecord
  100
AcDbLayerTableRecord
  2
Mechanical-Layer
  70
0
  420
15737584
  6
Continuous
  370
-3
  390
F
  347
21
  0
LAYER
  5
1038
  100
AcDbSymbolTableRecord
  100
AcDbLayerTableRecord
  2
Hole-Layer
  70
0
  420
2236962
  6
Continuous
  370
-3
  390
F
  347
21
  0
LAYER
  5
1039
  100
AcDbSymbolTableRecord
  100
AcDbLayerTableRecord
  2
Pin-Soldering-Layer
  70
0
  420
13408665
  6
Continuous
  370
-3
  390
F
  347
21
  0
LAYER
  5
1040
  100
AcDbSymbolTableRecord
  100
AcDbLayerTableRecord
  2
3D-Shell-Outline-Layer
  70
0
  420
6750105
  6
Continuous
  370
-3
  390
F
  347
21
  0
LAYER
  5
1041
  100
AcDbSymbolTableRecord
  100
AcDbLayerTableRecord
  2
3D-Shell-Top-Layer
  70
0
  420
16764159
  6
Continuous
  370
-3
  390
F
  347
21
  0
LAYER
  5
1042
  100
AcDbSymbolTableRecord
  100
AcDbLayerTableRecord
  2
3D-Shell-Bottom-Layer
  70
0
  420
26316
  6
Continuous
  370
-3
  390
F
  347
21
  0
LAYER
  5
1043
  100
AcDbSymbolTableRecord
  100
AcDbLayerTableRecord
  2
Drill-Drawing-Layer
  70
0
  420
32896
  6
Continuous
  370
-3
  390
F
  347
21
  0
LAYER
  5
1044
  100
AcDbSymbolTableRecord
  100
AcDbLayerTableRecord
  2
Ratline-Layer
  70
0
  420
6579455
  6
Continuous
  370
-3
  390
F
  347
21
  0
LAYER
  5
1045
  100
AcDbSymbolTableRecord
  100
AcDbLayerTableRecord
  2
Custom1
  70
0
  420
9464297
  6
Continuous
  370
-3
  390
F
  347
21
  0
LAYER
  5
1046
  100
AcDbSymbolTableRecord
  100
AcDbLayerTableRecord
  2
Custom2
  70
0
  420
6908393
  6
Continuous
  370
-3
  390
F
  347
21
  0
LAYER
  5
10
  102
{ACAD_XDICTIONARY
  360
E1
  102
}
  330
2
  100
AcDbSymbolTableRecord
  100
AcDbLayerTableRecord
  2
0
  70
0
  62
7
  6
Continuous
  370
-3
  390
F
  347
94
  0
ENDTAB
  0
TABLE
  2
STYLE
  5
3
  330
0
  100
AcDbSymbolTable
  70
2
  0
STYLE
  5
11
  330
3
  100
AcDbSymbolTableRecord
  100
AcDbTextStyleTableRecord
  2
Standard
  70
0
  40
0
  41
1
  50
0
  71
0
  42
0.2
  3
arial.ttf
  4

  1001
ACAD
  1000
Arial
  1071
34
  0
STYLE
  5
D7
  330
3
  100
AcDbSymbolTableRecord
  100
AcDbTextStyleTableRecord
  2
Annotative
  70
0
  40
0
  41
1
  50
0
  71
0
  42
0.2
  3
arial.ttf
  4

  1001
AcadAnnotative
  1000
AnnotativeData
  1002
{
  1070
1
  1070
1
  1002
}
  1001
ACAD
  1000
Arial
  1071
34
  0
ENDTAB
  0
TABLE
  2
VIEW
  5
6
  330
0
  100
AcDbSymbolTable
  70
0
  0
ENDTAB
  0
TABLE
  2
UCS
  5
7
  330
0
  100
AcDbSymbolTable
  70
0
  0
ENDTAB
  0
TABLE
  2
APPID
  5
9
  330
0
  100
AcDbSymbolTable
  70
7
  0
APPID
  5
12
  330
9
  100
AcDbSymbolTableRecord
  100
AcDbRegAppTableRecord
  2
ACAD
  70
0
  0
APPID
  5
D8
  330
9
  100
AcDbSymbolTableRecord
  100
AcDbRegAppTableRecord
  2
AcadAnnoPO
  70
0
  0
APPID
  5
D9
  330
9
  100
AcDbSymbolTableRecord
  100
AcDbRegAppTableRecord
  2
AcadAnnotative
  70
0
  0
APPID
  5
DA
  330
9
  100
AcDbSymbolTableRecord
  100
AcDbRegAppTableRecord
  2
ACAD_DSTYLE_DIMJAG
  70
0
  0
APPID
  5
DB
  330
9
  100
AcDbSymbolTableRecord
  100
AcDbRegAppTableRecord
  2
ACAD_DSTYLE_DIMTALN
  70
0
  0
APPID
  5
102
  330
9
  100
AcDbSymbolTableRecord
  100
AcDbRegAppTableRecord
  2
ACAD_MLEADERVER
  70
0
  0
APPID
  5
1A3
  330
9
  100
AcDbSymbolTableRecord
  100
AcDbRegAppTableRecord
  2
ACAD_NAV_VCDISPLAY
  70
0
  0
ENDTAB
  0
TABLE
  2
DIMSTYLE
  5
A
  330
0
  100
AcDbSymbolTable
  70
2
  100
AcDbDimStyleTable
  71
2
  340
DC
  340
27
  0
DIMSTYLE
  105
27
  330
A
  100
AcDbSymbolTableRecord
  100
AcDbDimStyleTableRecord
  2
Standard
  70
0
  340
11
  0
DIMSTYLE
  105
DC
  330
A
  100
AcDbSymbolTableRecord
  100
AcDbDimStyleTableRecord
  2
Annotative
  70
0
  40
0
  340
11
  1001
AcadAnnotative
  1000
AnnotativeData
  1002
{
  1070
1
  1070
1
  1002
}
  1001
ACAD_DSTYLE_DIMJAG
  1070
388
  1040
1.5
  1001
ACAD_DSTYLE_DIMTALN
  1070
392
  1070
0
  0
ENDTAB
  0
TABLE
  2
BLOCK_RECORD
  5
1
  330
0
  100
AcDbSymbolTable
  70
1
  0
BLOCK_RECORD
  5
1F
  102
{ACAD_XDICTIONARY
  360
15A
  102
}
  330
1
  100
AcDbSymbolTableRecord
  100
AcDbBlockTableRecord
  2
*Model_Space
  340
22
  70
0
  280
1
  281
0
  0
BLOCK_RECORD
  5
73
  330
1
  100
AcDbSymbolTableRecord
  100
AcDbBlockTableRecord
  2
*Paper_Space
  340
74
  70
0
  280
1
  281
0
  0
BLOCK_RECORD
  5
78
  330
1
  100
AcDbSymbolTableRecord
  100
AcDbBlockTableRecord
  2
*Paper_Space0
  340
79
  70
0
  280
1
  281
0
  0
ENDTAB
  0
ENDSEC
  0
SECTION
  2
BLOCKS
  0
BLOCK
  5
20
  330
1F
  100
AcDbEntity
  8
0
  100
AcDbBlockBegin
  2
*Model_Space
  70
0
  10
0
  20
0
  3
*Model_Space
  1

  0
ENDBLK
  5
21
  330
1F
  100
AcDbEntity
  8
0
  100
AcDbBlockEnd
  0
BLOCK
  5
75
  330
73
  100
AcDbEntity
  67
1
  8
0
  100
AcDbBlockBegin
  2
*Paper_Space
  70
0
  10
0
  20
0
  3
*Paper_Space
  1

  0
ENDBLK
  5
76
  330
73
  100
AcDbEntity
  67
1
  8
0
  100
AcDbBlockEnd
  0
BLOCK
  5
7A
  330
78
  100
AcDbEntity
  67
1
  8
0
  100
AcDbBlockBegin
  2
*Paper_Space0
  70
0
  10
0
  20
0
  3
*Paper_Space0
  1

  0
ENDBLK
  5
7B
  330
78
  100
AcDbEntity
  67
1
  8
0
  100
AcDbBlockEnd
  0
ENDSEC
  0
SECTION
  2
ENTITIES
  0
LWPOLYLINE
  5
1048
  100
AcDbEntity
  8
Bottom-Layer
  100
AcDbPolyline
  90
4
  70
1
  43
0.005080010160020321
  10
-4.0467335534671065
  20
-3.1390246380491362
  10
-4.0467335534671065
  20
63.825008890017784
  10
115.7030048260097
  20
63.825008890017784
  10
115.7030048260097
  20
-3.1390246380491362
  0
HATCH
  5
1490
  100
AcDbEntity
  8
Bottom-Layer
  100
AcDbHatch
  10
0
  20
0
  30
0
  210
0
  220
0
  230
1
  2
SOLID
  70
1
  71
0
  91
1
  92
7
  72
0
  73
1
  93
199
  10
0.35814071628141164
  20
0.35814071628158217
  10
0.35814071628141164
  20
4.828498615165813
  10
0.6827643761592412
  20
4.011032733458592
  10
1.1667867343180092
  20
3.276625935348534
  10
1.7899950631850743
  20
2.6559469787706576
  10
2.5263642423090573
  20
2.1749153578307414
  10
3.345143564910586
  20
1.8536189071998024
  10
4.21214088446834
  20
1.7054749360518144
  10
5.091150475501138
  20
1.7366699225111688
  10
5.945464981215082
  20
1.9459011669146093
  10
6.739408309226974
  20
2.324431192425436
  10
7.439825461783926
  20
2.8564526212343253
  10
8.017467085311466
  20
3.5197482891504706
  10
8.448210920632846
  20
4.28661903226191
  10
8.714069146214285
  20
5.125040401382876
  10
8.803939547879168
  20
6.000000000000114
  10
8.714069146214285
  20
6.874959598617352
  10
8.448210920632846
  20
7.713380967738317
  10
8.017467085311466
  20
8.480251710849757
  10
7.439825461783926
  20
9.143547378765902
  10
6.739408309226974
  20
9.675568807574791
  10
5.945464981215082
  20
10.054098833085732
  10
5.091150475501138
  20
10.263330077489059
  10
4.21214088446834
  20
10.294525063948413
  10
3.345143564910586
  20
10.146381092800425
  10
2.5263642423090573
  20
9.825084642169486
  10
1.7899950631850743
  20
9.34405302122957
  10
1.1667867343180092
  20
8.723374064651694
  10
0.6827643761592412
  20
7.988967266541636
  10
0.35814071628141164
  20
7.171501384834414
  10
0.3581407162814685
  20
59.641859283718645
  10
112.64185928371847
  20
59.641859283718645
  10
112.64185928371847
  20
7.170764793499643
  10
112.31735575337683
  20
7.9883368879504815
  10
111.83342009429163
  20
8.722865953879477
  10
111.21026391294873
  20
9.343674333721992
  10
110.47391337063578
  20
9.824833922283347
  10
109.6551221990058
  20
10.14624905585606
  10
108.78808726833319
  20
10.294495809014961
  10
107.90902035284654
  20
10.2633826457959
  10
107.05463574345782
  20
10.054209009626106
  10
106.26061687284692
  20
9.675711051979647
  10
105.56012599441198
  20
9.143696766402627
  10
104.9824191584475
  20
8.48038576656245
  10
104.55162433116874
  20
7.713481282536804
  10
104.28573368852204
  20
6.8750131334807065
  10
104.19585217170442
  20
6.000000000000114
  10
104.28573368852204
  20
5.1249868665196345
  10
104.55162433116874
  20
4.286518717463423
  10
104.9824191584475
  20
3.5196142334377782
  10
105.56012599441198
  20
2.856303233597714
  10
106.26061687284692
  20
2.324288948020694
  10
107.05463574345782
  20
1.945790990374121
  10
107.90902035284654
  20
1.7366173542044407
  10
108.78808726833319
  20
1.7055041909852662
  10
109.65512219900592
  20
1.853750944144167
  10
110.47391337063578
  20
2.175166077716881
  10
111.21026391294873
  20
2.656325666278235
  10
111.83342009429163
  20
3.27713404612075
  10
112.31735575337683
  20
4.011663112049746
  10
112.64185928371847
  20
4.829235206500584
  10
112.64185928371847
  20
0.35814071628158217
  10
92.15832359664734
  20
0.35814071628158217
  10
92.15832359664722
  20
40.300081280162544
  10
92.11034183879502
  20
40.47915163830328
  10
91.97925323850649
  20
40.61024023859193
  10
91.80018288036575
  20
40.65822199644413
  10
68.37458185457598
  20
40.65822199644413
  10
72.28041040647639
  20
44.56405054834465
  10
72.40387586943751
  20
44.68196045922946
  10
72.5450733748043
  20
44.80678713658267
  10
72.68863107084127
  20
44.92376282823341
  10
72.8220846185522
  20
45.02060555243395
  10
73.12519558035189
  20
45.32459512426783
  10
73.29170430817345
  20
45.72027271840989
  10
73.29715495007355
  20
46.14952346733139
  10
73.14074694686798
  20
46.54930147007792
  10
72.84545261369732
  20
46.86088961449957
  10
72.4546430974454
  20
47.038523611678556
  10
72.02571827013486
  20
47.056113593582154
  10
71.6216761632133
  20
46.91107604402646
  10
71.3018601761234
  20
46.62471325079275
  10
71.11324305637112
  20
46.23908454713717
  10
71.08352781036939
  20
45.81082887688649
  10
71.21707884391361
  20
45.402845989517346
  10
71.21669847833851
  20
45.39882911382301
  10
71.20359988208924
  20
45.37246711252169
  10
71.17898539206732
  20
45.33534655829601
  10
71.14383035121517
  20
45.29195172013624
  10
71.0972453473301
  20
45.24238854302871
  10
67.43871253201303
  20
41.583855727711466
  10
59.11854056253344
  20
41.583855727711466
  10
59.76563486607938
  20
42.19589016113821
  10
60.272901809236714
  20
42.928008617237765
  10
60.618618929006004
  20
43.748859918314906
  10
60.78798173744724
  20
44.6232931201655
  10
60.77373768757394
  20
45.51386276506969
  10
60.5764967458951
  20
46.3824323917014
  10
60.204705272094316
  20
47.19180763557222
  10
59.67428432438771
  20
47.907328986487414
  10
59.00794787924474
  20
48.498355997085014
  10
58.23423016104175
  20
48.93957938486085
  10
57.38626373387007
  20
49.212104840133065
  10
56.50036068072143
  20
49.30426212852433
  10
55.61445762757279
  20
49.212104840133065
  10
54.766491200401106
  20
48.93957938486085
  10
53.992773482198174
  20
48.498355997085014
  10
53.32643703705514
  20
47.907328986487414
  10
52.79601608934854
  20
47.19180763557222
  10
52.42422461554776
  20
46.38243239170151
  10
52.226983673868915
  20
45.51386276506969
  10
52.212739623995674
  20
44.6232931201655
  10
52.38210243243691
  20
43.748859918314906
  10
52.7278195522062
  20
42.928008617237765
  10
53.235086495363475
  20
42.19589016113821
  10
53.882180798909474
  20
41.583855727711466
  10
19.54365983273169
  20
41.583855727711466
  10
12.849773089086057
  20
48.277742471357215
  10
12.831091660145205
  20
48.2980620158296
  10
12.820882764611213
  20
48.311316396298025
  10
12.812934849406474
  20
48.32378017241467
  10
12.80949904441701
  20
48.33037762225911
  10
12.794986309249225
  20
48.36920190244098
  10
12.78507659879375
  20
48.41370922325052
  10
12.777767370371635
  20
48.47511815726091
  10
12.77319746579883
  20
48.55469508512556
  10
12.767185091362421
  20
48.7154567591258
  10
12.76655399867559
  20
48.73632521710101
  10
12.765576825526068
  20
48.757180335150906
  10
12.649114067682547
  20
49.220189359030314
  10
12.368638345571071
  20
49.60654968238691
  10
11.964478831859878
  20
49.86070714860625
  10
11.494749001366927
  20
49.94611684655297
  10
11.026990583903341
  20
49.85049784713249
  10
10.62876347380444
  20
49.58744934578135
  10
10.35710393004831
  20
49.19504593401359
  10
10.251073460578027
  20
48.72971069483151
  10
10.325918023507882
  20
48.25835346652093
  10
10.570875834256412
  20
47.84874997992188
  10
10.58514307478697
  20
47.83306827014644
  10
10.599672440862037
  20
47.81762910905218
  10
10.709085179253236
  20
47.69971263146465
  10
10.762125762706717
  20
47.64020902949767
  10
10.80038137851892
  20
47.591617236811544
  10
10.824843570016014
  20
47.55314225194002
  10
10.84203350696015
  20
47.51542863715815
  10
10.844268814680674
  20
47.50833500358192
  10
10.847462792136014
  20
47.49389728560186
  10
10.849616839448856
  20
47.47730389412925
  10
10.850774701549426
  20
47.44974042033061
  10
10.850774701549426
  20
28.580972821945693
  10
10.900872680546115
  20
28.329113273659914
  10
11.043539654373319
  20
28.115597058488106
  10
15.849504699009401
  20
23.309632013852024
  10
15.849504699009401
  20
9.737356353863902
  10
15.848346836908888
  20
9.709792880064924
  10
15.846192789595932
  20
9.693199488591517
  10
15.842998812140593
  20
9.678761770611686
  10
15.840763504419954
  20
9.671668137035113
  10
15.823573567475876
  20
9.633954522253362
  10
15.79911137597901
  20
9.595479537382062
  10
15.760855760167203
  20
9.546887744696733
  10
15.707815176713211
  20
9.487384142728843
  10
15.598402438322012
  20
9.369467665141428
  10
15.583873072068343
  20
9.354028503854124
  10
15.569605831365607
  20
9.338346793879737
  10
15.323834511509517
  20
8.92649180441424
  10
15.24997698054284
  20
8.452600319862086
  10
15.358758251368272
  20
7.9854871546342565
  10
15.6343819587687
  20
7.592982828632216
  10
16.036824183998533
  20
7.332083749746175
  10
16.507645415179923
  20
7.240675641351345
  10
16.978466646431286
  20
7.332083749894537
  10
17.3809088716705
  20
7.592982828944287
  10
17.656532579018403
  20
7.985487155101737
  10
17.765313849736913
  20
8.45260032045394
  10
17.691456318624546
  20
8.926491805081469
  10
17.445684998605202
  20
9.33834679456254
  10
17.431417758204475
  20
9.354028504187795
  10
17.41688839226424
  20
9.36946766513654
  10
17.307475653868494
  20
9.487384142728843
  10
17.254435070414445
  20
9.546887744696733
  10
17.21617945460264
  20
9.595479537382062
  10
17.191717263105602
  20
9.633954522253589
  10
17.174527326161922
  20
9.671668137034658
  10
17.172292018441
  20
9.678761770612027
  10
17.169098040985773
  20
9.693199488591745
  10
17.166943993672817
  20
9.709792880064583
  10
17.165786131572304
  20
9.73735635386322
  10
17.165786131572304
  20
23.58224282448566
  10
17.115688152575615
  20
23.83410237277144
  10
16.97302117874841
  20
24.047618587943248
  10
12.167056134112329
  20
28.85358363257933
  10
12.167056134112329
  20
47.09895637250099
  10
18.805673258640525
  20
40.460339247972456
  10
19.019189473812276
  20
40.31767227414525
  10
19.271049022098055
  20
40.26757429514862
  10
20.8419024638049
  20
40.26757429514862
  10
20.841902463804956
  20
0.35814071628158217
  97
1
  330
1489
  75
0
  76
1
  47
0.4128176842155181
  98
1
  10
34.90568961886538
  20
22.81183545379326
  450
0
  451
0
  460
0
  461
0
  452
1
  462
1
  453
2
  463
0
  63
5
  421
255
  463
1
  63
7
  421
16777215
  470
LINEAR
  1001
ACAD
  1010
0
  1020
0
  1030
0
  0
HATCH
  5
1492
  100
AcDbEntity
  8
Bottom-Layer
  100
AcDbHatch
  10
0
  20
0
  30
0
  210
0
  220
0
  230
1
  2
SOLID
  70
1
  71
0
  91
1
  92
7
  72
0
  73
1
  93
16
  10
5.797157734315476
  20
44.396893573787224
  10
5.368497857066302
  20
44.31162782280296
  10
5.0050975603168695
  20
44.06881150750144
  10
4.762281245015345
  20
43.705411210752004
  10
4.677015494031025
  20
43.27675133350283
  10
4.762281245015345
  20
42.848091456253655
  10
5.0050975603168695
  20
42.48469115950411
  10
5.368497857066302
  20
42.241874844202584
  10
5.797157734315476
  20
42.15660909321832
  10
6.225817611564651
  20
42.241874844202584
  10
6.589217908314083
  20
42.48469115950411
  10
6.832034223615608
  20
42.848091456253655
  10
6.917299974599928
  20
43.27675133350283
  10
6.832034223615608
  20
43.705411210752004
  10
6.589217908314083
  20
44.06881150750144
  10
6.225817611564651
  20
44.31162782280296
  97
1
  330
1491
  75
0
  76
1
  47
0.4128176842155181
  98
1
  10
34.90568961886538
  20
22.81183545379326
  450
0
  451
0
  460
0
  461
0
  452
1
  462
1
  453
2
  463
0
  63
5
  421
255
  463
1
  63
7
  421
16777215
  470
LINEAR
  1001
ACAD
  1010
0
  1020
0
  1030
0
  0
HATCH
  5
1494
  100
AcDbEntity
  8
Bottom-Layer
  100
AcDbHatch
  10
0
  20
0
  30
0
  210
0
  220
0
  230
1
  2
SOLID
  70
1
  71
0
  91
1
  92
7
  72
0
  73
1
  93
54
  10
6.078380472152787
  20
41.94872051824507
  10
6.052903646589698
  20
41.927052482651334
  10
6.03191316830339
  20
41.91403220922609
  10
6.0016998413447595
  20
41.90029114514243
  10
5.9620257039904345
  20
41.887133118918314
  10
5.913836998272814
  20
41.87566395331578
  10
5.862163074172884
  20
41.86707014885121
  10
5.727822943855415
  20
41.85474058500847
  10
5.315677464428688
  20
41.748129162276086
  10
4.973076354932402
  20
41.49543493709325
  10
4.7495044640456285
  20
41.133156727323126
  10
4.677254218391795
  20
40.713621515842874
  10
4.766761347377781
  20
40.297426410718344
  10
5.005097560315619
  20
39.94468607949523
  10
5.35783789153794
  20
39.706349866556366
  10
5.774032996662129
  20
39.61684273756896
  10
6.193568208142722
  20
39.6890929832216
  10
6.5558464179135285
  20
39.912664874107236
  10
6.8085406430974444
  20
40.255265983602726
  10
6.915152065831023
  20
40.667411463029225
  10
6.927481629674162
  20
40.80175159334897
  10
6.9360754341389
  20
40.85342551745089
  10
6.94754459974115
  20
40.9016142231668
  10
6.960702625965439
  20
40.94128836052141
  10
6.974443690049554
  20
40.971501687481236
  10
6.987463963474568
  20
40.9924921657672
  10
7.0091319990680745
  20
41.01796899133012
  10
9.066815946337954
  20
43.07565293859989
  10
9.209482920165158
  20
43.289169153771695
  10
9.259580899161904
  20
43.541028702057474
  10
9.259580899161904
  20
50.85325660110129
  10
16.014157673727368
  20
57.607833375666814
  10
72.23278416015631
  20
57.607833375666814
  10
76.28432054864112
  20
53.55629698718201
  10
76.28432054864112
  20
48.47382778765564
  10
76.37249468535794
  20
48.14475742951481
  10
76.61339090678183
  20
47.90386120809103
  10
76.94246126492254
  20
47.815687071374214
  10
77.27153162306325
  20
47.90386120809103
  10
77.51242784448715
  20
48.14475742951481
  10
77.60060198120397
  20
48.47382778765564
  10
77.60060198120397
  20
53.828907797815646
  10
77.55050400220733
  20
54.080767346101425
  10
77.40783702838013
  20
54.29428356127323
  10
72.97077073424754
  20
58.731349855405824
  10
72.75725451907573
  20
58.87401682923303
  10
72.50539497078995
  20
58.924114808229774
  10
15.741546863093788
  20
58.924114808229774
  10
15.489687314807952
  20
58.87401682923303
  10
15.276171099636258
  20
58.731349855405824
  10
8.136064419422894
  20
51.59124317519252
  10
7.99339744559569
  20
51.37772696002071
  10
7.943299466598944
  20
51.12586741173493
  10
7.943299466598944
  20
43.81363951269111
  97
1
  330
1493
  75
0
  76
1
  47
0.4128176842155181
  98
1
  10
34.90568961886538
  20
22.81183545379326
  450
0
  451
0
  460
0
  461
0
  452
1
  462
1
  453
2
  463
0
  63
5
  421
255
  463
1
  63
7
  421
16777215
  470
LINEAR
  1001
ACAD
  1010
0
  1020
0
  1030
0
  0
HATCH
  5
1496
  100
AcDbEntity
  8
Bottom-Layer
  100
AcDbHatch
  10
0
  20
0
  30
0
  210
0
  220
0
  230
1
  2
SOLID
  70
1
  71
0
  91
1
  92
7
  72
0
  73
1
  93
20
  10
9.20001778003558
  20
15.74237744475488
  10
9.743171857016705
  20
15.828404599247506
  10
10.233158228565912
  20
16.07806512545733
  10
10.622013614700222
  20
16.466920511591525
  10
10.871674140909988
  20
16.956906883140846
  10
10.957701295402615
  20
17.500060960121914
  10
10.871674140909988
  20
18.043215037103096
  10
10.622013614700222
  20
18.533201408652303
  10
10.233158228565912
  20
18.922056794786613
  10
9.743171857016705
  20
19.171717320996322
  10
9.20001778003558
  20
19.25774447548895
  10
8.656863703054455
  20
19.171717320996322
  10
8.166877331505248
  20
18.922056794786613
  10
7.778021945370881
  20
18.533201408652303
  10
7.528361419161172
  20
18.043215037103096
  10
7.4423342646685455
  20
17.500060960121914
  10
7.528361419161172
  20
16.956906883140846
  10
7.778021945370881
  20
16.466920511591525
  10
8.166877331505248
  20
16.07806512545733
  10
8.656863703054455
  20
15.828404599247506
  97
1
  330
1495
  75
0
  76
1
  47
0.4128176842155181
  98
1
  10
34.90568961886538
  20
22.81183545379326
  450
0
  451
0
  460
0
  461
0
  452
1
  462
1
  453
2
  463
0
  63
5
  421
255
  463
1
  63
7
  421
16777215
  470
LINEAR
  1001
ACAD
  1010
0
  1020
0
  1030
0
  0
HATCH
  5
1498
  100
AcDbEntity
  8
Bottom-Layer
  100
AcDbHatch
  10
0
  20
0
  30
0
  210
0
  220
0
  230
1
  2
SOLID
  70
1
  71
0
  91
1
  92
7
  72
0
  73
1
  93
16
  10
10.708813817627629
  20
9.75782067564137
  10
10.529743459486951
  20
9.70983891778917
  10
10.39865485919836
  20
9.578750317500635
  10
10.35067310134616
  20
9.3996799593599
  10
10.35067310134616
  20
7.5988163576327
  10
10.39865485919836
  20
7.4197459994919654
  10
10.529743459486951
  20
7.28865739920343
  10
10.708813817627629
  20
7.240675641351345
  10
12.30901701803407
  20
7.240675641351345
  10
12.488087376174803
  20
7.28865739920343
  10
12.619175976463396
  20
7.4197459994919654
  10
12.667157734315538
  20
7.5988163576327
  10
12.667157734315538
  20
9.3996799593599
  10
12.619175976463396
  20
9.578750317500635
  10
12.488087376174803
  20
9.70983891778917
  10
12.30901701803407
  20
9.75782067564137
  97
1
  330
1497
  75
0
  76
1
  47
0.4128176842155181
  98
1
  10
34.90568961886538
  20
22.81183545379326
  450
0
  451
0
  460
0
  461
0
  452
1
  462
1
  453
2
  463
0
  63
5
  421
255
  463
1
  63
7
  421
16777215
  470
LINEAR
  1001
ACAD
  1010
0
  1020
0
  1030
0
  0
HATCH
  5
1500
  100
AcDbEntity
  8
Bottom-Layer
  100
AcDbHatch
  10
0
  20
0
  30
0
  210
0
  220
0
  230
1
  2
SOLID
  70
1
  71
0
  91
1
  92
7
  72
0
  73
1
  93
16
  10
17.307747015494044
  20
47.429276098552236
  10
17.48681737363472
  20
47.477257856404435
  10
17.617905973923314
  20
47.60834645669297
  10
17.665887731775513
  20
47.787416814833705
  10
17.665887731775513
  20
49.588280416560906
  10
17.617905973923314
  20
49.76735077470164
  10
17.48681737363472
  20
49.898439374990176
  10
17.307747015494044
  20
49.94642113284226
  10
15.707543815087604
  20
49.94642113284226
  10
15.52847345694687
  20
49.898439374990176
  10
15.397384856658334
  20
49.76735077470164
  10
15.349403098806192
  20
49.588280416560906
  10
15.349403098806135
  20
47.787416814833705
  10
15.397384856658277
  20
47.60834645669297
  10
15.52847345694687
  20
47.477257856404435
  10
15.707543815087604
  20
47.429276098552236
  97
1
  330
1499
  75
0
  76
1
  47
0.4128176842155181
  98
1
  10
34.90568961886538
  20
22.81183545379326
  450
0
  451
0
  460
0
  461
0
  452
1
  462
1
  453
2
  463
0
  63
5
  421
255
  463
1
  63
7
  421
16777215
  470
LINEAR
  1001
ACAD
  1010
0
  1020
0
  1030
0
  0
HATCH
  5
1502
  100
AcDbEntity
  8
Bottom-Layer
  100
AcDbHatch
  10
0
  20
0
  30
0
  210
0
  220
0
  230
1
  2
SOLID
  70
1
  71
0
  91
1
  92
7
  72
0
  73
1
  93
64
  10
30.432123444246884
  20
48.517644352607135
  10
30.574213681192532
  20
48.06649748869245
  10
30.87284645292499
  20
47.69969836668872
  10
31.285814231779455
  20
47.469088865836284
  10
31.754749850450253
  20
47.40726238447735
  10
32.21337587735047
  20
47.52295722319138
  10
32.59687199619037
  20
47.79982154933339
  10
32.851036442872214
  20
48.19872449780371
  10
32.93994665989334
  20
48.663286766573606
  10
32.851036442872214
  20
49.12784903534339
  10
32.59687199619043
  20
49.52675198381371
  10
32.21337587735047
  20
49.80361630995583
  10
31.754749850450253
  20
49.91931114866975
  10
31.285814231779455
  20
49.857484667310814
  10
30.872846452925046
  20
49.62687516645849
  10
30.574213681192532
  20
49.26007604445465
  10
30.432123444246884
  20
48.80892918053996
  10
30.29857137721342
  20
49.24395097245224
  10
30.019005171626134
  20
49.60300925566116
  10
29.629998168283976
  20
49.83913139650815
  10
29.182440944881876
  20
49.92142748285505
  10
28.734883721479775
  20
49.83913139650815
  10
28.345876718137617
  20
49.60300925566116
  10
28.06631051255033
  20
49.24395097245224
  10
27.932758445516868
  20
48.80892918053996
  10
27.79854709162379
  20
49.24521647503025
  10
27.517506421409223
  20
49.60490444054051
  10
27.12662978036093
  20
49.84064739871803
  10
26.677368207982852
  20
49.92141453579654
  10
26.228857944409583
  20
49.83657448442386
  10
25.840136335099146
  20
49.59729472911101
  10
25.562370753018627
  20
49.235071631753954
  10
25.432123444246884
  20
48.79758456976788
  10
25.29346625276844
  20
49.25126398073098
  10
24.99666886255534
  20
49.621347935859035
  10
24.58392833928997
  20
49.85521987760319
  10
24.113925923253646
  20
49.91962914402211
  10
23.653484044408174
  20
49.805418370073994
  10
23.268065866666802
  20
49.52882543280498
  10
23.012468085342903
  20
49.129174836830316
  10
22.92303022606046
  20
48.663286766573606
  10
23.012468085342846
  20
48.19739869631678
  10
23.268065866666745
  20
47.79774810034223
  10
23.653484044408117
  20
47.52115516307322
  10
24.11392592325359
  20
47.4069443891251
  10
24.583928339289912
  20
47.47135365554391
  10
24.996668862555282
  20
47.70522559728806
  10
25.293466252768326
  20
48.07530955241623
  10
25.432123444246827
  20
48.528988963379334
  10
25.56237075301857
  20
48.091501901393144
  10
25.84013633509909
  20
47.7292788040362
  10
26.228857944409526
  20
47.489999048723234
  10
26.677368207982795
  20
47.405158997350554
  10
27.126629780360872
  20
47.48592613442918
  10
27.517506421409223
  20
47.7216690926067
  10
27.79854709162379
  20
48.08135705811674
  10
27.932758445516868
  20
48.51764435260702
  10
28.066310512550388
  20
48.08262256069486
  10
28.345876718137674
  20
47.723564277485934
  10
28.734883721479832
  20
47.48744213663906
  10
29.182440944881932
  20
47.40514605029216
  10
29.629998168284033
  20
47.487442136639174
  10
30.01900517162619
  20
47.72356427748605
  10
30.29857137721342
  20
48.08262256069497
  97
1
  330
1501
  75
0
  76
1
  47
0.4128176842155181
  98
1
  10
34.90568961886538
  20
22.81183545379326
  450
0
  451
0
  460
0
  461
0
  452
1
  462
1
  453
2
  463
0
  63
5
  421
255
  463
1
  63
7
  421
16777215
  470
LINEAR
  1001
ACAD
  1010
0
  1020
0
  1030
0
  0
HATCH
  5
1504
  100
AcDbEntity
  8
Bottom-Layer
  100
AcDbHatch
  10
0
  20
0
  30
0
  210
0
  220
0
  230
1
  2
SOLID
  70
1
  71
0
  91
1
  92
7
  72
0
  73
1
  93
16
  10
69.65512827025651
  20
49.908724917449945
  10
70.08378814750569
  20
49.99399066843421
  10
70.44718844425512
  20
50.23680698373573
  10
70.69000475955664
  20
50.600207280485165
  10
70.77527051054102
  20
51.02886715773434
  10
70.69000475955664
  20
51.457527034983514
  10
70.44718844425512
  20
51.82092733173306
  10
70.08378814750569
  20
52.063743647034585
  10
69.65512827025651
  20
52.14900939801885
  10
69.22646839300734
  20
52.063743647034585
  10
68.8630680962579
  20
51.82092733173306
  10
68.62025178095638
  20
51.457527034983514
  10
68.53498602997206
  20
51.02886715773434
  10
68.62025178095638
  20
50.600207280485165
  10
68.8630680962579
  20
50.23680698373573
  10
69.22646839300734
  20
49.99399066843421
  97
1
  330
1503
  75
0
  76
1
  47
0.4128176842155181
  98
1
  10
34.90568961886538
  20
22.81183545379326
  450
0
  451
0
  460
0
  461
0
  452
1
  462
1
  453
2
  463
0
  63
5
  421
255
  463
1
  63
7
  421
16777215
  470
LINEAR
  1001
ACAD
  1010
0
  1020
0
  1030
0
  0
HATCH
  5
1506
  100
AcDbEntity
  8
Bottom-Layer
  100
AcDbHatch
  10
0
  20
0
  30
0
  210
0
  220
0
  230
1
  2
SOLID
  70
1
  71
0
  91
1
  92
7
  72
0
  73
1
  93
16
  10
69.65512827025651
  20
52.44872999746008
  10
70.08378814750569
  20
52.53399574844434
  10
70.44718844425512
  20
52.776812063745865
  10
70.69000475955664
  20
53.14021236049541
  10
70.77527051054102
  20
53.568872237744586
  10
70.69000475955664
  20
53.99753211499376
  10
70.44718844425512
  20
54.36093241174319
  10
70.08378814750569
  20
54.60374872704472
  10
69.65512827025651
  20
54.68901447802898
  10
69.22646839300734
  20
54.60374872704472
  10
68.8630680962579
  20
54.36093241174319
  10
68.62025178095638
  20
53.99753211499376
  10
68.53498602997206
  20
53.568872237744586
  10
68.62025178095638
  20
53.14021236049541
  10
68.8630680962579
  20
52.776812063745865
  10
69.22646839300734
  20
52.53399574844434
  97
1
  330
1505
  75
0
  76
1
  47
0.4128176842155181
  98
1
  10
34.90568961886538
  20
22.81183545379326
  450
0
  451
0
  460
0
  461
0
  452
1
  462
1
  453
2
  463
0
  63
5
  421
255
  463
1
  63
7
  421
16777215
  470
LINEAR
  1001
ACAD
  1010
0
  1020
0
  1030
0
  0
HATCH
  5
1508
  100
AcDbEntity
  8
Bottom-Layer
  100
AcDbHatch
  10
0
  20
0
  30
0
  210
0
  220
0
  230
1
  2
SOLID
  70
1
  71
0
  91
1
  92
7
  72
0
  73
1
  93
16
  10
69.65512827025651
  20
44.828714757429566
  10
70.08378814750569
  20
44.91398050841383
  10
70.44718844425512
  20
45.156796823715354
  10
70.69000475955664
  20
45.5201971204649
  10
70.77527051054102
  20
45.948856997714074
  10
70.69000475955664
  20
46.37751687496325
  10
70.44718844425512
  20
46.74091717171268
  10
70.08378814750569
  20
46.983733487014206
  10
69.65512827025651
  20
47.06899923799847
  10
69.22646839300734
  20
46.983733487014206
  10
68.8630680962579
  20
46.74091717171268
  10
68.62025178095638
  20
46.37751687496325
  10
68.53498602997206
  20
45.948856997714074
  10
68.62025178095638
  20
45.5201971204649
  10
68.8630680962579
  20
45.156796823715354
  10
69.22646839300734
  20
44.91398050841383
  97
1
  330
1507
  75
0
  76
1
  47
0.4128176842155181
  98
1
  10
34.90568961886538
  20
22.81183545379326
  450
0
  451
0
  460
0
  461
0
  452
1
  462
1
  453
2
  463
0
  63
5
  421
255
  463
1
  63
7
  421
16777215
  470
LINEAR
  1001
ACAD
  1010
0
  1020
0
  1030
0
  0
HATCH
  5
1510
  100
AcDbEntity
  8
Bottom-Layer
  100
AcDbHatch
  10
0
  20
0
  30
0
  210
0
  220
0
  230
1
  2
SOLID
  70
1
  71
0
  91
1
  92
7
  72
0
  73
1
  93
16
  10
69.65512827025651
  20
47.36871983743981
  10
70.08378814750569
  20
47.453985588424075
  10
70.44718844425512
  20
47.6968019037256
  10
70.69000475955664
  20
48.06020220047503
  10
70.77527051054102
  20
48.48886207772421
  10
70.69000475955664
  20
48.91752195497338
  10
70.44718844425512
  20
49.28092225172293
  10
70.08378814750569
  20
49.52373856702445
  10
69.65512827025651
  20
49.609004318008715
  10
69.22646839300734
  20
49.52373856702445
  10
68.8630680962579
  20
49.28092225172293
  10
68.62025178095638
  20
48.91752195497338
  10
68.53498602997206
  20
48.48886207772421
  10
68.62025178095638
  20
48.06020220047503
  10
68.8630680962579
  20
47.6968019037256
  10
69.22646839300734
  20
47.453985588424075
  97
1
  330
1509
  75
0
  76
1
  47
0.4128176842155181
  98
1
  10
34.90568961886538
  20
22.81183545379326
  450
0
  451
0
  460
0
  461
0
  452
1
  462
1
  453
2
  463
0
  63
5
  421
255
  463
1
  63
7
  421
16777215
  470
LINEAR
  1001
ACAD
  1010
0
  1020
0
  1030
0
  0
HATCH
  5
1512
  100
AcDbEntity
  8
Bottom-Layer
  100
AcDbHatch
  10
0
  20
0
  30
0
  210
0
  220
0
  230
1
  2
SOLID
  70
1
  71
0
  91
1
  92
7
  72
0
  73
1
  93
42
  10
73.36603901937207
  20
43.686125064956286
  10
73.19569966764101
  20
43.39108865322976
  10
73.19569966764101
  20
43.05040994976764
  10
73.36603901937207
  20
42.75537353804111
  10
73.66107543109848
  20
42.585034186310054
  10
74.0017541345606
  20
42.585034186310054
  10
74.29679054628713
  20
42.75537353804111
  10
75.36780654831915
  20
43.82638954007314
  10
75.51047352214636
  20
44.039905755244945
  10
75.5605715011431
  20
44.291765303530724
  10
75.5605715011431
  20
50.861574803149665
  10
75.51047352214636
  20
51.113434351435444
  10
75.36780654831915
  20
51.32695056660725
  10
73.40710761501845
  20
53.28764949990784
  10
73.38543957942585
  20
53.31312632546985
  10
73.37241930600084
  20
53.33411680375582
  10
73.3586782419166
  20
53.36433013071576
  10
73.34552021569226
  20
53.404004268070594
  10
73.33405105009018
  20
53.45219297378571
  10
73.32545724562527
  20
53.50386689788843
  10
73.31312768178219
  20
53.638207028207944
  10
73.2065162590489
  20
54.050352507633875
  10
72.9538220338656
  20
54.39295361712914
  10
72.59154382409571
  20
54.61652550801489
  10
72.1720086126158
  20
54.6887757536681
  10
71.75581350749195
  20
54.599268624682054
  10
71.4030731762694
  20
54.36093241174456
  10
71.16473696333065
  20
54.00819208052292
  10
71.07522983434313
  20
53.59199697539941
  10
71.14748007999486
  20
53.17246176391927
  10
71.37105197087936
  20
52.81018355414858
  10
71.71365308037372
  20
52.55748932896404
  10
72.1257985597992
  20
52.45087790622915
  10
72.2601386901228
  20
52.43854834238596
  10
72.31181261422529
  20
52.429954537920935
  10
72.36000131994098
  20
52.418485372318855
  10
72.39967545729627
  20
52.40532734609428
  10
72.42988878425518
  20
52.39158628201062
  10
72.45087926254104
  20
52.37856600858561
  10
72.47635608810384
  20
52.35689797299233
  10
74.24429006858014
  20
50.588963992515914
  10
74.24429006858014
  20
44.56437611416436
  97
1
  330
1511
  75
0
  76
1
  47
0.4128176842155181
  98
1
  10
34.90568961886538
  20
22.81183545379326
  450
0
  451
0
  460
0
  461
0
  452
1
  462
1
  453
2
  463
0
  63
5
  421
255
  463
1
  63
7
  421
16777215
  470
LINEAR
  1001
ACAD
  1010
0
  1020
0
  1030
0
  0
HATCH
  5
1514
  100
AcDbEntity
  8
Bottom-Layer
  100
AcDbHatch
  10
0
  20
0
  30
0
  210
0
  220
0
  230
1
  2
SOLID
  70
1
  71
0
  91
1
  92
7
  72
0
  73
1
  93
16
  10
72.19513335026664
  20
47.36871983743981
  10
72.62379322751582
  20
47.453985588424075
  10
72.98719352426525
  20
47.6968019037256
  10
73.23000983956678
  20
48.06020220047503
  10
73.31527559055115
  20
48.48886207772421
  10
73.23000983956678
  20
48.91752195497338
  10
72.98719352426525
  20
49.28092225172293
  10
72.62379322751582
  20
49.52373856702445
  10
72.19513335026664
  20
49.609004318008715
  10
71.76647347301747
  20
49.52373856702445
  10
71.40307317626804
  20
49.28092225172293
  10
71.16025686096651
  20
48.91752195497338
  10
71.07499110998225
  20
48.48886207772421
  10
71.16025686096651
  20
48.06020220047503
  10
71.40307317626804
  20
47.6968019037256
  10
71.76647347301747
  20
47.453985588424075
  97
1
  330
1513
  75
0
  76
1
  47
0.4128176842155181
  98
1
  10
34.90568961886538
  20
22.81183545379326
  450
0
  451
0
  460
0
  461
0
  452
1
  462
1
  453
2
  463
0
  63
5
  421
255
  463
1
  63
7
  421
16777215
  470
LINEAR
  1001
ACAD
  1010
0
  1020
0
  1030
0
  0
HATCH
  5
1516
  100
AcDbEntity
  8
Bottom-Layer
  100
AcDbHatch
  10
0
  20
0
  30
0
  210
0
  220
0
  230
1
  2
SOLID
  70
1
  71
0
  91
1
  92
7
  72
0
  73
1
  93
20
  10
103.8002082804166
  20
15.74237744475488
  10
104.34336235739767
  20
15.828404599247506
  10
104.83334872894699
  20
16.07806512545733
  10
105.22220411508118
  20
16.466920511591525
  10
105.471864641291
  20
16.956906883140846
  10
105.55789179578363
  20
17.500060960121914
  10
105.471864641291
  20
18.043215037103096
  10
105.22220411508118
  20
18.533201408652303
  10
104.83334872894699
  20
18.922056794786613
  10
104.34336235739767
  20
19.171717320996322
  10
103.8002082804166
  20
19.25774447548895
  10
103.25705420343542
  20
19.171717320996322
  10
102.76706783188621
  20
18.922056794786613
  10
102.3782124457519
  20
18.533201408652303
  10
102.12855191954219
  20
18.043215037103096
  10
102.04252476504956
  20
17.500060960121914
  10
102.12855191954219
  20
16.956906883140846
  10
102.3782124457519
  20
16.466920511591525
  10
102.76706783188621
  20
16.07806512545733
  10
103.25705420343542
  20
15.828404599247506
  97
1
  330
1515
  75
0
  76
1
  47
0.4128176842155181
  98
1
  10
34.90568961886538
  20
22.81183545379326
  450
0
  451
0
  460
0
  461
0
  452
1
  462
1
  453
2
  463
0
  63
5
  421
255
  463
1
  63
7
  421
16777215
  470
LINEAR
  1001
ACAD
  1010
0
  1020
0
  1030
0
  0
HATCH
  5
1518
  100
AcDbEntity
  8
Bottom-Layer
  100
AcDbHatch
  10
0
  20
0
  30
0
  210
0
  220
0
  230
1
  2
SOLID
  70
1
  71
0
  91
1
  92
7
  72
0
  73
1
  93
16
  10
107.2029895859792
  20
41.85688849377709
  10
106.77432970873002
  20
41.77162274279283
  10
106.41092941198048
  20
41.528806427491304
  10
106.16811309667895
  20
41.16540613074176
  10
106.08284734569469
  20
40.73674625349258
  10
106.16811309667895
  20
40.30808637624341
  10
106.41092941198048
  20
39.94468607949398
  10
106.77432970873002
  20
39.70186976419245
  10
107.2029895859792
  20
39.61660401320819
  10
107.63164946322837
  20
39.70186976419245
  10
107.9950497599778
  20
39.94468607949398
  10
108.23786607527933
  20
40.30808637624341
  10
108.32313182626359
  20
40.73674625349258
  10
108.23786607527933
  20
41.16540613074176
  10
107.9950497599778
  20
41.528806427491304
  10
107.63164946322837
  20
41.77162274279283
  97
1
  330
1517
  75
0
  76
1
  47
0.4128176842155181
  98
1
  10
34.90568961886538
  20
22.81183545379326
  450
0
  451
0
  460
0
  461
0
  452
1
  462
1
  453
2
  463
0
  63
5
  421
255
  463
1
  63
7
  421
16777215
  470
LINEAR
  1001
ACAD
  1010
0
  1020
0
  1030
0
  0
HATCH
  5
1520
  100
AcDbEntity
  8
Bottom-Layer
  100
AcDbHatch
  10
0
  20
0
  30
0
  210
0
  220
0
  230
1
  2
SOLID
  70
1
  71
0
  91
1
  92
7
  72
0
  73
1
  93
16
  10
107.2029895859792
  20
44.396893573787224
  10
106.77432970873002
  20
44.31162782280296
  10
106.41092941198048
  20
44.06881150750144
  10
106.16811309667895
  20
43.705411210752004
  10
106.08284734569469
  20
43.27675133350283
  10
106.16811309667895
  20
42.848091456253655
  10
106.41092941198048
  20
42.48469115950411
  10
106.77432970873002
  20
42.241874844202584
  10
107.2029895859792
  20
42.15660909321832
  10
107.63164946322837
  20
42.241874844202584
  10
107.9950497599778
  20
42.48469115950411
  10
108.23786607527933
  20
42.848091456253655
  10
108.32313182626359
  20
43.27675133350283
  10
108.23786607527933
  20
43.705411210752004
  10
107.9950497599778
  20
44.06881150750144
  10
107.63164946322837
  20
44.31162782280296
  97
1
  330
1519
  75
0
  76
1
  47
0.4128176842155181
  98
1
  10
34.90568961886538
  20
22.81183545379326
  450
0
  451
0
  460
0
  461
0
  452
1
  462
1
  453
2
  463
0
  63
5
  421
255
  463
1
  63
7
  421
16777215
  470
LINEAR
  1001
ACAD
  1010
0
  1020
0
  1030
0
  0
LWPOLYLINE
  5
1548
  100
AcDbEntity
  8
Bottom-Layer
  100
AcDbPolyline
  90
2
  70
0
  43
0.6000000000000001
  10
11.508915417830849
  20
48.68784861569725
  10
11.508915417830849
  20
28.580972821945693
  0
LWPOLYLINE
  5
1549
  100
AcDbEntity
  8
Bottom-Layer
  100
AcDbPolyline
  90
2
  70
0
  43
0.6000000000000001
  10
16.50764541529088
  20
23.58224282448566
  10
16.50764541529088
  20
8.499248158496357
  0
LWPOLYLINE
  5
1550
  100
AcDbEntity
  8
Bottom-Layer
  100
AcDbPolyline
  90
2
  70
0
  43
0.6000000000000001
  10
11.508915417830849
  20
28.580972821945693
  10
16.50764541529088
  20
23.58224282448566
  0
LWPOLYLINE
  5
1564
  100
AcDbEntity
  8
Bottom-Layer
  100
AcDbPolyline
  90
2
  70
0
  43
0.6000000000000001
  10
72.19513335026664
  20
45.948856997714074
  10
72.19513335026664
  20
45.40952501905019
  0
LWPOLYLINE
  5
1565
  100
AcDbEntity
  8
Bottom-Layer
  100
AcDbPolyline
  90
2
  70
0
  43
0.6000000000000001
  10
72.19513335026664
  20
45.40952501905019
  10
67.71132334264672
  20
40.92571501143004
  0
LWPOLYLINE
  5
1566
  100
AcDbEntity
  8
Bottom-Layer
  100
AcDbPolyline
  90
2
  70
0
  43
0.6000000000000001
  10
19.271049022098055
  20
40.92571501143004
  10
11.508915417830849
  20
48.68784861569725
  0
LWPOLYLINE
  5
1567
  100
AcDbEntity
  8
Bottom-Layer
  100
AcDbPolyline
  90
2
  70
0
  43
0.6000000000000001
  10
67.71132334264672
  20
40.92571501143004
  10
19.271049022098055
  20
40.92571501143004
  0
LWPOLYLINE
  5
1568
  100
AcDbEntity
  8
Bottom-Layer
  100
AcDbPolyline
  90
2
  70
0
  43
0.6000000000000001
  10
72.19513335026664
  20
53.568872237744586
  10
74.90243078486168
  20
50.861574803149665
  0
LWPOLYLINE
  5
1569
  100
AcDbEntity
  8
Bottom-Layer
  100
AcDbPolyline
  90
2
  70
0
  43
0.6000000000000001
  10
74.90243078486168
  20
44.291765303530724
  10
73.83141478282965
  20
43.2207493014987
  0
LWPOLYLINE
  5
1570
  100
AcDbEntity
  8
Bottom-Layer
  100
AcDbPolyline
  90
2
  70
0
  43
0.6000000000000001
  10
74.90243078486168
  20
50.861574803149665
  10
74.90243078486168
  20
44.291765303530724
  0
LWPOLYLINE
  5
1575
  100
AcDbEntity
  8
Bottom-Layer
  100
AcDbPolyline
  90
2
  70
0
  43
0.6000000000000001
  10
5.797157734315476
  20
40.73674625349258
  10
8.601440182880424
  20
43.541028702057474
  0
LWPOLYLINE
  5
1576
  100
AcDbEntity
  8
Bottom-Layer
  100
AcDbPolyline
  90
2
  70
0
  43
0.6000000000000001
  10
76.94246126492254
  20
53.828907797815646
  10
76.94246126492254
  20
48.47382778765564
  0
LWPOLYLINE
  5
1577
  100
AcDbEntity
  8
Bottom-Layer
  100
AcDbPolyline
  90
2
  70
0
  43
0.6000000000000001
  10
8.601440182880424
  20
43.541028702057474
  10
8.601440182880424
  20
51.12586741173493
  0
LWPOLYLINE
  5
1578
  100
AcDbEntity
  8
Bottom-Layer
  100
AcDbPolyline
  90
2
  70
0
  43
0.6000000000000001
  10
8.601440182880424
  20
51.12586741173493
  10
15.741546863093788
  20
58.26597409194824
  0
LWPOLYLINE
  5
1579
  100
AcDbEntity
  8
Bottom-Layer
  100
AcDbPolyline
  90
2
  70
0
  43
0.6000000000000001
  10
15.741546863093788
  20
58.26597409194824
  10
72.50539497078995
  20
58.26597409194824
  0
LWPOLYLINE
  5
1580
  100
AcDbEntity
  8
Bottom-Layer
  100
AcDbPolyline
  90
2
  70
0
  43
0.6000000000000001
  10
72.50539497078995
  20
58.26597409194824
  10
76.94246126492254
  20
53.828907797815646
  0
HATCH
  5
1609
  100
AcDbEntity
  8
Bottom-Layer
  100
AcDbHatch
  10
0
  20
0
  30
0
  210
0
  220
0
  230
1
  2
SOLID
  70
1
  71
0
  91
1
  92
7
  72
0
  73
1
  93
4
  10
15.707543815087604
  20
47.787416814833705
  10
15.707543815087604
  20
49.588280416560906
  10
17.307747015494044
  20
49.588280416560906
  10
17.307747015494044
  20
47.787416814833705
  97
1
  330
1608
  75
0
  76
1
  47
0.4128176842155181
  98
1
  10
34.90568961886538
  20
22.81183545379326
  450
0
  451
0
  460
0
  461
0
  452
1
  462
1
  453
2
  463
0
  63
5
  421
255
  463
1
  63
7
  421
16777215
  470
LINEAR
  1001
ACAD
  1010
0
  1020
0
  1030
0
  0
HATCH
  5
1629
  100
AcDbEntity
  8
Bottom-Layer
  100
AcDbHatch
  10
0
  20
0
  30
0
  210
0
  220
0
  230
1
  2
SOLID
  70
1
  71
0
  91
1
  92
7
  72
1
  73
1
  93
2
  10
13.107848615697263
  20
48.68784861569725
  42
1
  10
14.908712217424467
  20
48.68784861569725
  42
1
  97
1
  330
1628
  75
0
  76
1
  47
0.8681437583925616
  98
1
  10
3.629517071192367
  20
33.92795499968543
  450
0
  451
0
  460
0
  461
0
  452
1
  462
1
  453
2
  463
0
  63
5
  421
255
  463
1
  63
7
  421
16777215
  470
LINEAR
  1001
ACAD
  1010
0
  1020
0
  1030
0
  0
HATCH
  5
1649
  100
AcDbEntity
  8
Bottom-Layer
  100
AcDbHatch
  10
0
  20
0
  30
0
  210
0
  220
0
  230
1
  2
SOLID
  70
1
  71
0
  91
1
  92
7
  72
1
  73
1
  93
2
  10
10.608483616967247
  20
48.68784861569725
  42
1
  10
12.409347218694451
  20
48.68784861569725
  42
1
  97
1
  330
1648
  75
0
  76
1
  47
0.8681437583925616
  98
1
  10
3.629517071192367
  20
33.92795499968543
  450
0
  451
0
  460
0
  461
0
  452
1
  462
1
  453
2
  463
0
  63
5
  421
255
  463
1
  63
7
  421
16777215
  470
LINEAR
  1001
ACAD
  1010
0
  1020
0
  1030
0
  0
HATCH
  5
1669
  100
AcDbEntity
  8
Bottom-Layer
  100
AcDbHatch
  10
0
  20
0
  30
0
  210
0
  220
0
  230
1
  2
SOLID
  70
1
  71
0
  91
1
  92
7
  72
1
  73
1
  93
2
  10
23.281170942341852
  20
48.663286766573606
  42
1
  10
25.08117094234185
  20
48.663286766573606
  42
1
  97
1
  330
1668
  75
0
  76
1
  47
0.8681437583925616
  98
1
  10
3.629517071192367
  20
33.92795499968543
  450
0
  451
0
  460
0
  461
0
  452
1
  462
1
  453
2
  463
0
  63
5
  421
255
  463
1
  63
7
  421
16777215
  470
LINEAR
  1001
ACAD
  1010
0
  1020
0
  1030
0
  0
HATCH
  5
1689
  100
AcDbEntity
  8
Bottom-Layer
  100
AcDbHatch
  10
0
  20
0
  30
0
  210
0
  220
0
  230
1
  2
SOLID
  70
1
  71
0
  91
1
  92
7
  72
1
  73
1
  93
2
  10
25.783075946151918
  20
48.663286766573606
  42
1
  10
27.583075946151915
  20
48.663286766573606
  42
1
  97
1
  330
1688
  75
0
  76
1
  47
0.8681437583925616
  98
1
  10
3.629517071192367
  20
33.92795499968543
  450
0
  451
0
  460
0
  461
0
  452
1
  462
1
  453
2
  463
0
  63
5
  421
255
  463
1
  63
7
  421
16777215
  470
LINEAR
  1001
ACAD
  1010
0
  1020
0
  1030
0
  0
HATCH
  5
1709
  100
AcDbEntity
  8
Bottom-Layer
  100
AcDbHatch
  10
0
  20
0
  30
0
  210
0
  220
0
  230
1
  2
SOLID
  70
1
  71
0
  91
1
  92
7
  72
1
  73
1
  93
2
  10
28.282440944881877
  20
48.663286766573606
  42
1
  10
30.082440944881874
  20
48.663286766573606
  42
1
  97
1
  330
1708
  75
0
  76
1
  47
0.8681437583925616
  98
1
  10
3.629517071192367
  20
33.92795499968543
  450
0
  451
0
  460
0
  461
0
  452
1
  462
1
  453
2
  463
0
  63
5
  421
255
  463
1
  63
7
  421
16777215
  470
LINEAR
  1001
ACAD
  1010
0
  1020
0
  1030
0
  0
HATCH
  5
1729
  100
AcDbEntity
  8
Bottom-Layer
  100
AcDbHatch
  10
0
  20
0
  30
0
  210
0
  220
0
  230
1
  2
SOLID
  70
1
  71
0
  91
1
  92
7
  72
1
  73
1
  93
2
  10
30.781805943611893
  20
48.663286766573606
  42
1
  10
32.58180594361189
  20
48.663286766573606
  42
1
  97
1
  330
1728
  75
0
  76
1
  47
0.8681437583925616
  98
1
  10
3.629517071192367
  20
33.92795499968543
  450
0
  451
0
  460
0
  461
0
  452
1
  462
1
  453
2
  463
0
  63
5
  421
255
  463
1
  63
7
  421
16777215
  470
LINEAR
  1001
ACAD
  1010
0
  1020
0
  1030
0
  0
HATCH
  5
1749
  100
AcDbEntity
  8
Bottom-Layer
  100
AcDbHatch
  10
0
  20
0
  30
0
  210
0
  220
0
  230
1
  2
SOLID
  70
1
  71
0
  91
1
  92
7
  72
1
  73
1
  93
2
  10
106.44098806197614
  20
40.73674625349258
  42
1
  10
107.96499110998225
  20
40.73674625349258
  42
1
  97
1
  330
1748
  75
0
  76
1
  47
0.8681437583925616
  98
1
  10
3.629517071192367
  20
33.92795499968543
  450
0
  451
0
  460
0
  461
0
  452
1
  462
1
  453
2
  463
0
  63
5
  421
255
  463
1
  63
7
  421
16777215
  470
LINEAR
  1001
ACAD
  1010
0
  1020
0
  1030
0
  0
HATCH
  5
1769
  100
AcDbEntity
  8
Bottom-Layer
  100
AcDbHatch
  10
0
  20
0
  30
0
  210
0
  220
0
  230
1
  2
SOLID
  70
1
  71
0
  91
1
  92
7
  72
1
  73
1
  93
2
  10
106.44098806197614
  20
43.27675133350283
  42
1
  10
107.96499110998225
  20
43.27675133350283
  42
1
  97
1
  330
1768
  75
0
  76
1
  47
0.8681437583925616
  98
1
  10
3.629517071192367
  20
33.92795499968543
  450
0
  451
0
  460
0
  461
0
  452
1
  462
1
  453
2
  463
0
  63
5
  421
255
  463
1
  63
7
  421
16777215
  470
LINEAR
  1001
ACAD
  1010
0
  1020
0
  1030
0
  0
HATCH
  5
1789
  100
AcDbEntity
  8
Bottom-Layer
  100
AcDbHatch
  10
0
  20
0
  30
0
  210
0
  220
0
  230
1
  2
SOLID
  70
1
  71
0
  91
1
  92
7
  72
1
  73
1
  93
2
  10
5.0351562103124285
  20
40.73674625349258
  42
1
  10
6.559159258318524
  20
40.73674625349258
  42
1
  97
1
  330
1788
  75
0
  76
1
  47
0.8681437583925616
  98
1
  10
3.629517071192367
  20
33.92795499968543
  450
0
  451
0
  460
0
  461
0
  452
1
  462
1
  453
2
  463
0
  63
5
  421
255
  463
1
  63
7
  421
16777215
  470
LINEAR
  1001
ACAD
  1010
0
  1020
0
  1030
0
  0
HATCH
  5
1809
  100
AcDbEntity
  8
Bottom-Layer
  100
AcDbHatch
  10
0
  20
0
  30
0
  210
0
  220
0
  230
1
  2
SOLID
  70
1
  71
0
  91
1
  92
7
  72
1
  73
1
  93
2
  10
5.0351562103124285
  20
43.27675133350283
  42
1
  10
6.559159258318524
  20
43.27675133350283
  42
1
  97
1
  330
1808
  75
0
  76
1
  47
0.8681437583925616
  98
1
  10
3.629517071192367
  20
33.92795499968543
  450
0
  451
0
  460
0
  461
0
  452
1
  462
1
  453
2
  463
0
  63
5
  421
255
  463
1
  63
7
  421
16777215
  470
LINEAR
  1001
ACAD
  1010
0
  1020
0
  1030
0
  0
HATCH
  5
1861
  100
AcDbEntity
  8
Bottom-Layer
  100
AcDbHatch
  10
0
  20
0
  30
0
  210
0
  220
0
  230
1
  2
SOLID
  70
1
  71
0
  91
1
  92
7
  72
1
  73
1
  93
2
  10
7.800474980949982
  20
12.420050800101649
  42
1
  10
10.599560579121178
  20
12.420050800101649
  42
1
  97
1
  330
1860
  75
0
  76
1
  47
0.8681437583925616
  98
1
  10
3.629517071192367
  20
33.92795499968543
  450
0
  451
0
  460
0
  461
0
  452
1
  462
1
  453
2
  463
0
  63
5
  421
255
  463
1
  63
7
  421
16777215
  470
LINEAR
  1001
ACAD
  1010
0
  1020
0
  1030
0
  0
HATCH
  5
1881
  100
AcDbEntity
  8
Bottom-Layer
  100
AcDbHatch
  10
0
  20
0
  30
0
  210
0
  220
0
  230
1
  2
SOLID
  70
1
  71
0
  91
1
  92
7
  72
1
  73
1
  93
2
  10
7.800474980949982
  20
17.500060960121914
  42
1
  10
10.599560579121178
  20
17.500060960121914
  42
1
  97
1
  330
1880
  75
0
  76
1
  47
0.8681437583925616
  98
1
  10
3.629517071192367
  20
33.92795499968543
  450
0
  451
0
  460
0
  461
0
  452
1
  462
1
  453
2
  463
0
  63
5
  421
255
  463
1
  63
7
  421
16777215
  470
LINEAR
  1001
ACAD
  1010
0
  1020
0
  1030
0
  0
HATCH
  5
1901
  100
AcDbEntity
  8
Bottom-Layer
  100
AcDbHatch
  10
0
  20
0
  30
0
  210
0
  220
0
  230
1
  2
SOLID
  70
1
  71
0
  91
1
  92
7
  72
1
  73
1
  93
2
  10
7.800474980949982
  20
22.580071120142293
  42
1
  10
10.599560579121178
  20
22.580071120142293
  42
1
  97
1
  330
1900
  75
0
  76
1
  47
0.8681437583925616
  98
1
  10
3.629517071192367
  20
33.92795499968543
  450
0
  451
0
  460
0
  461
0
  452
1
  462
1
  453
2
  463
0
  63
5
  421
255
  463
1
  63
7
  421
16777215
  470
LINEAR
  1001
ACAD
  1010
0
  1020
0
  1030
0
  0
HATCH
  5
1921
  100
AcDbEntity
  8
Bottom-Layer
  100
AcDbHatch
  10
0
  20
0
  30
0
  210
0
  220
0
  230
1
  2
SOLID
  70
1
  71
0
  91
1
  92
7
  72
0
  73
1
  93
4
  10
12.309017018034126
  20
9.3996799593599
  10
12.309017018034126
  20
7.5988163576327
  10
10.708813817627686
  20
7.5988163576327
  10
10.708813817627686
  20
9.3996799593599
  97
1
  330
1920
  75
0
  76
1
  47
0.4128176842155181
  98
1
  10
34.90568961886538
  20
22.81183545379326
  450
0
  451
0
  460
0
  461
0
  452
1
  462
1
  453
2
  463
0
  63
5
  421
255
  463
1
  63
7
  421
16777215
  470
LINEAR
  1001
ACAD
  1010
0
  1020
0
  1030
0
  0
HATCH
  5
1941
  100
AcDbEntity
  8
Bottom-Layer
  100
AcDbHatch
  10
0
  20
0
  30
0
  210
0
  220
0
  230
1
  2
SOLID
  70
1
  71
0
  91
1
  92
7
  72
1
  73
1
  93
2
  10
13.107848615697263
  20
8.499248158496357
  42
1
  10
14.908712217424467
  20
8.499248158496357
  42
1
  97
1
  330
1940
  75
0
  76
1
  47
0.8681437583925616
  98
1
  10
3.629517071192367
  20
33.92795499968543
  450
0
  451
0
  460
0
  461
0
  452
1
  462
1
  453
2
  463
0
  63
5
  421
255
  463
1
  63
7
  421
16777215
  470
LINEAR
  1001
ACAD
  1010
0
  1020
0
  1030
0
  0
HATCH
  5
1961
  100
AcDbEntity
  8
Bottom-Layer
  100
AcDbHatch
  10
0
  20
0
  30
0
  210
0
  220
0
  230
1
  2
SOLID
  70
1
  71
0
  91
1
  92
7
  72
1
  73
1
  93
2
  10
15.607213614427222
  20
8.499248158496357
  42
1
  10
17.408077216154425
  20
8.499248158496357
  42
1
  97
1
  330
1960
  75
0
  76
1
  47
0.8681437583925616
  98
1
  10
3.629517071192367
  20
33.92795499968543
  450
0
  451
0
  460
0
  461
0
  452
1
  462
1
  453
2
  463
0
  63
5
  421
255
  463
1
  63
7
  421
16777215
  470
LINEAR
  1001
ACAD
  1010
0
  1020
0
  1030
0
  0
HATCH
  5
1981
  100
AcDbEntity
  8
Bottom-Layer
  100
AcDbHatch
  10
0
  20
0
  30
0
  210
0
  220
0
  230
1
  2
SOLID
  70
1
  71
0
  91
1
  92
7
  72
1
  73
1
  93
2
  10
102.400665481331
  20
12.420050800101649
  42
1
  10
105.19975107950219
  20
12.420050800101649
  42
1
  97
1
  330
1980
  75
0
  76
1
  47
0.8681437583925616
  98
1
  10
3.629517071192367
  20
33.92795499968543
  450
0
  451
0
  460
0
  461
0
  452
1
  462
1
  453
2
  463
0
  63
5
  421
255
  463
1
  63
7
  421
16777215
  470
LINEAR
  1001
ACAD
  1010
0
  1020
0
  1030
0
  0
HATCH
  5
2001
  100
AcDbEntity
  8
Bottom-Layer
  100
AcDbHatch
  10
0
  20
0
  30
0
  210
0
  220
0
  230
1
  2
SOLID
  70
1
  71
0
  91
1
  92
7
  72
1
  73
1
  93
2
  10
102.400665481331
  20
17.500060960121914
  42
1
  10
105.19975107950219
  20
17.500060960121914
  42
1
  97
1
  330
2000
  75
0
  76
1
  47
0.8681437583925616
  98
1
  10
3.629517071192367
  20
33.92795499968543
  450
0
  451
0
  460
0
  461
0
  452
1
  462
1
  453
2
  463
0
  63
5
  421
255
  463
1
  63
7
  421
16777215
  470
LINEAR
  1001
ACAD
  1010
0
  1020
0
  1030
0
  0
HATCH
  5
2021
  100
AcDbEntity
  8
Bottom-Layer
  100
AcDbHatch
  10
0
  20
0
  30
0
  210
0
  220
0
  230
1
  2
SOLID
  70
1
  71
0
  91
1
  92
7
  72
1
  73
1
  93
2
  10
102.400665481331
  20
22.580071120142293
  42
1
  10
105.19975107950219
  20
22.580071120142293
  42
1
  97
1
  330
2020
  75
0
  76
1
  47
0.8681437583925616
  98
1
  10
3.629517071192367
  20
33.92795499968543
  450
0
  451
0
  460
0
  461
0
  452
1
  462
1
  453
2
  463
0
  63
5
  421
255
  463
1
  63
7
  421
16777215
  470
LINEAR
  1001
ACAD
  1010
0
  1020
0
  1030
0
  0
HATCH
  5
2041
  100
AcDbEntity
  8
Bottom-Layer
  100
AcDbHatch
  10
0
  20
0
  30
0
  210
0
  220
0
  230
1
  2
SOLID
  70
1
  71
0
  91
1
  92
7
  72
1
  73
1
  93
2
  10
71.43313182626359
  20
45.948856997714074
  42
1
  10
72.9571348742697
  20
45.948856997714074
  42
1
  97
1
  330
2040
  75
0
  76
1
  47
0.8681437583925616
  98
1
  10
3.629517071192367
  20
33.92795499968543
  450
0
  451
0
  460
0
  461
0
  452
1
  462
1
  453
2
  463
0
  63
5
  421
255
  463
1
  63
7
  421
16777215
  470
LINEAR
  1001
ACAD
  1010
0
  1020
0
  1030
0
  0
HATCH
  5
2061
  100
AcDbEntity
  8
Bottom-Layer
  100
AcDbHatch
  10
0
  20
0
  30
0
  210
0
  220
0
  230
1
  2
SOLID
  70
1
  71
0
  91
1
  92
7
  72
1
  73
1
  93
2
  10
68.89312674625346
  20
45.948856997714074
  42
1
  10
70.41712979425957
  20
45.948856997714074
  42
1
  97
1
  330
2060
  75
0
  76
1
  47
0.8681437583925616
  98
1
  10
3.629517071192367
  20
33.92795499968543
  450
0
  451
0
  460
0
  461
0
  452
1
  462
1
  453
2
  463
0
  63
5
  421
255
  463
1
  63
7
  421
16777215
  470
LINEAR
  1001
ACAD
  1010
0
  1020
0
  1030
0
  0
HATCH
  5
2081
  100
AcDbEntity
  8
Bottom-Layer
  100
AcDbHatch
  10
0
  20
0
  30
0
  210
0
  220
0
  230
1
  2
SOLID
  70
1
  71
0
  91
1
  92
7
  72
1
  73
1
  93
2
  10
71.43313182626359
  20
48.48886207772421
  42
1
  10
72.9571348742697
  20
48.48886207772421
  42
1
  97
1
  330
2080
  75
0
  76
1
  47
0.8681437583925616
  98
1
  10
3.629517071192367
  20
33.92795499968543
  450
0
  451
0
  460
0
  461
0
  452
1
  462
1
  453
2
  463
0
  63
5
  421
255
  463
1
  63
7
  421
16777215
  470
LINEAR
  1001
ACAD
  1010
0
  1020
0
  1030
0
  0
HATCH
  5
2101
  100
AcDbEntity
  8
Bottom-Layer
  100
AcDbHatch
  10
0
  20
0
  30
0
  210
0
  220
0
  230
1
  2
SOLID
  70
1
  71
0
  91
1
  92
7
  72
1
  73
1
  93
2
  10
68.89312674625346
  20
48.48886207772421
  42
1
  10
70.41712979425957
  20
48.48886207772421
  42
1
  97
1
  330
2100
  75
0
  76
1
  47
0.8681437583925616
  98
1
  10
3.629517071192367
  20
33.92795499968543
  450
0
  451
0
  460
0
  461
0
  452
1
  462
1
  453
2
  463
0
  63
5
  421
255
  463
1
  63
7
  421
16777215
  470
LINEAR
  1001
ACAD
  1010
0
  1020
0
  1030
0
  0
HATCH
  5
2121
  100
AcDbEntity
  8
Bottom-Layer
  100
AcDbHatch
  10
0
  20
0
  30
0
  210
0
  220
0
  230
1
  2
SOLID
  70
1
  71
0
  91
1
  92
7
  72
1
  73
1
  93
2
  10
71.43313182626359
  20
51.02886715773434
  42
1
  10
72.9571348742697
  20
51.02886715773434
  42
1
  97
1
  330
2120
  75
0
  76
1
  47
0.8681437583925616
  98
1
  10
3.629517071192367
  20
33.92795499968543
  450
0
  451
0
  460
0
  461
0
  452
1
  462
1
  453
2
  463
0
  63
5
  421
255
  463
1
  63
7
  421
16777215
  470
LINEAR
  1001
ACAD
  1010
0
  1020
0
  1030
0
  0
HATCH
  5
2141
  100
AcDbEntity
  8
Bottom-Layer
  100
AcDbHatch
  10
0
  20
0
  30
0
  210
0
  220
0
  230
1
  2
SOLID
  70
1
  71
0
  91
1
  92
7
  72
1
  73
1
  93
2
  10
68.89312674625346
  20
51.02886715773434
  42
1
  10
70.41712979425957
  20
51.02886715773434
  42
1
  97
1
  330
2140
  75
0
  76
1
  47
0.8681437583925616
  98
1
  10
3.629517071192367
  20
33.92795499968543
  450
0
  451
0
  460
0
  461
0
  452
1
  462
1
  453
2
  463
0
  63
5
  421
255
  463
1
  63
7
  421
16777215
  470
LINEAR
  1001
ACAD
  1010
0
  1020
0
  1030
0
  0
HATCH
  5
2161
  100
AcDbEntity
  8
Bottom-Layer
  100
AcDbHatch
  10
0
  20
0
  30
0
  210
0
  220
0
  230
1
  2
SOLID
  70
1
  71
0
  91
1
  92
7
  72
1
  73
1
  93
2
  10
71.43313182626359
  20
53.568872237744586
  42
1
  10
72.9571348742697
  20
53.568872237744586
  42
1
  97
1
  330
2160
  75
0
  76
1
  47
0.8681437583925616
  98
1
  10
3.629517071192367
  20
33.92795499968543
  450
0
  451
0
  460
0
  461
0
  452
1
  462
1
  453
2
  463
0
  63
5
  421
255
  463
1
  63
7
  421
16777215
  470
LINEAR
  1001
ACAD
  1010
0
  1020
0
  1030
0
  0
HATCH
  5
2181
  100
AcDbEntity
  8
Bottom-Layer
  100
AcDbHatch
  10
0
  20
0
  30
0
  210
0
  220
0
  230
1
  2
SOLID
  70
1
  71
0
  91
1
  92
7
  72
1
  73
1
  93
2
  10
68.89312674625346
  20
53.568872237744586
  42
1
  10
70.41712979425957
  20
53.568872237744586
  42
1
  97
1
  330
2180
  75
0
  76
1
  47
0.8681437583925616
  98
1
  10
3.629517071192367
  20
33.92795499968543
  450
0
  451
0
  460
0
  461
0
  452
1
  462
1
  453
2
  463
0
  63
5
  421
255
  463
1
  63
7
  421
16777215
  470
LINEAR
  1001
ACAD
  1010
0
  1020
0
  1030
0
  0
HATCH
  5
1623
  100
AcDbEntity
  8
Bottom-Solder-Mask-Layer
  100
AcDbHatch
  10
0
  20
0
  30
0
  210
0
  220
0
  230
1
  2
SOLID
  70
1
  71
0
  91
1
  92
7
  72
0
  73
1
  93
4
  10
15.656743713487458
  20
47.7366167132335
  10
15.656743713487458
  20
49.63908051816111
  10
17.35854711709419
  20
49.63908051816111
  10
17.35854711709419
  20
47.7366167132335
  97
1
  330
1622
  75
0
  76
1
  47
0.4128176842155181
  98
1
  10
34.90568961886538
  20
22.81183545379326
  450
0
  451
0
  460
0
  461
0
  452
1
  462
1
  453
2
  463
0
  63
5
  421
255
  463
1
  63
7
  421
16777215
  470
LINEAR
  1001
ACAD
  1010
0
  1020
0
  1030
0
  0
HATCH
  5
1643
  100
AcDbEntity
  8
Bottom-Solder-Mask-Layer
  100
AcDbHatch
  10
0
  20
0
  30
0
  210
0
  220
0
  230
1
  2
SOLID
  70
1
  71
0
  91
1
  92
7
  72
1
  73
1
  93
2
  10
13.05704851409706
  20
48.68784861569725
  42
1
  10
14.95951231902467
  20
48.68784861569725
  42
1
  97
1
  330
1642
  75
0
  76
1
  47
0.8681437583925616
  98
1
  10
3.629517071192367
  20
33.92795499968543
  450
0
  451
0
  460
0
  461
0
  452
1
  462
1
  453
2
  463
0
  63
5
  421
255
  463
1
  63
7
  421
16777215
  470
LINEAR
  1001
ACAD
  1010
0
  1020
0
  1030
0
  0
HATCH
  5
1663
  100
AcDbEntity
  8
Bottom-Solder-Mask-Layer
  100
AcDbHatch
  10
0
  20
0
  30
0
  210
0
  220
0
  230
1
  2
SOLID
  70
1
  71
0
  91
1
  92
7
  72
1
  73
1
  93
2
  10
10.557683515367044
  20
48.68784861569725
  42
1
  10
12.460147320294654
  20
48.68784861569725
  42
1
  97
1
  330
1662
  75
0
  76
1
  47
0.8681437583925616
  98
1
  10
3.629517071192367
  20
33.92795499968543
  450
0
  451
0
  460
0
  461
0
  452
1
  462
1
  453
2
  463
0
  63
5
  421
255
  463
1
  63
7
  421
16777215
  470
LINEAR
  1001
ACAD
  1010
0
  1020
0
  1030
0
  0
HATCH
  5
1683
  100
AcDbEntity
  8
Bottom-Solder-Mask-Layer
  100
AcDbHatch
  10
0
  20
0
  30
0
  210
0
  220
0
  230
1
  2
SOLID
  70
1
  71
0
  91
1
  92
7
  72
1
  73
1
  93
2
  10
23.230370840741646
  20
48.663286766573606
  42
1
  10
25.131971043942055
  20
48.663286766573606
  42
1
  97
1
  330
1682
  75
0
  76
1
  47
0.8681437583925616
  98
1
  10
3.629517071192367
  20
33.92795499968543
  450
0
  451
0
  460
0
  461
0
  452
1
  462
1
  453
2
  463
0
  63
5
  421
255
  463
1
  63
7
  421
16777215
  470
LINEAR
  1001
ACAD
  1010
0
  1020
0
  1030
0
  0
HATCH
  5
1703
  100
AcDbEntity
  8
Bottom-Solder-Mask-Layer
  100
AcDbHatch
  10
0
  20
0
  30
0
  210
0
  220
0
  230
1
  2
SOLID
  70
1
  71
0
  91
1
  92
7
  72
1
  73
1
  93
2
  10
25.73227584455171
  20
48.663286766573606
  42
1
  10
27.63387604775212
  20
48.663286766573606
  42
1
  97
1
  330
1702
  75
0
  76
1
  47
0.8681437583925616
  98
1
  10
3.629517071192367
  20
33.92795499968543
  450
0
  451
0
  460
0
  461
0
  452
1
  462
1
  453
2
  463
0
  63
5
  421
255
  463
1
  63
7
  421
16777215
  470
LINEAR
  1001
ACAD
  1010
0
  1020
0
  1030
0
  0
HATCH
  5
1723
  100
AcDbEntity
  8
Bottom-Solder-Mask-Layer
  100
AcDbHatch
  10
0
  20
0
  30
0
  210
0
  220
0
  230
1
  2
SOLID
  70
1
  71
0
  91
1
  92
7
  72
1
  73
1
  93
2
  10
28.23164084328167
  20
48.663286766573606
  42
1
  10
30.13324104648208
  20
48.663286766573606
  42
1
  97
1
  330
1722
  75
0
  76
1
  47
0.8681437583925616
  98
1
  10
3.629517071192367
  20
33.92795499968543
  450
0
  451
0
  460
0
  461
0
  452
1
  462
1
  453
2
  463
0
  63
5
  421
255
  463
1
  63
7
  421
16777215
  470
LINEAR
  1001
ACAD
  1010
0
  1020
0
  1030
0
  0
HATCH
  5
1743
  100
AcDbEntity
  8
Bottom-Solder-Mask-Layer
  100
AcDbHatch
  10
0
  20
0
  30
0
  210
0
  220
0
  230
1
  2
SOLID
  70
1
  71
0
  91
1
  92
7
  72
1
  73
1
  93
2
  10
30.731005842011687
  20
48.663286766573606
  42
1
  10
32.63260604521209
  20
48.663286766573606
  42
1
  97
1
  330
1742
  75
0
  76
1
  47
0.8681437583925616
  98
1
  10
3.629517071192367
  20
33.92795499968543
  450
0
  451
0
  460
0
  461
0
  452
1
  462
1
  453
2
  463
0
  63
5
  421
255
  463
1
  63
7
  421
16777215
  470
LINEAR
  1001
ACAD
  1010
0
  1020
0
  1030
0
  0
HATCH
  5
1763
  100
AcDbEntity
  8
Bottom-Solder-Mask-Layer
  100
AcDbHatch
  10
0
  20
0
  30
0
  210
0
  220
0
  230
1
  2
SOLID
  70
1
  71
0
  91
1
  92
7
  72
1
  73
1
  93
2
  10
106.39018796037594
  20
40.73674625349258
  42
1
  10
108.01579121158245
  20
40.73674625349258
  42
1
  97
1
  330
1762
  75
0
  76
1
  47
0.8681437583925616
  98
1
  10
3.629517071192367
  20
33.92795499968543
  450
0
  451
0
  460
0
  461
0
  452
1
  462
1
  453
2
  463
0
  63
5
  421
255
  463
1
  63
7
  421
16777215
  470
LINEAR
  1001
ACAD
  1010
0
  1020
0
  1030
0
  0
HATCH
  5
1783
  100
AcDbEntity
  8
Bottom-Solder-Mask-Layer
  100
AcDbHatch
  10
0
  20
0
  30
0
  210
0
  220
0
  230
1
  2
SOLID
  70
1
  71
0
  91
1
  92
7
  72
1
  73
1
  93
2
  10
106.39018796037594
  20
43.27675133350283
  42
1
  10
108.01579121158245
  20
43.27675133350283
  42
1
  97
1
  330
1782
  75
0
  76
1
  47
0.8681437583925616
  98
1
  10
3.629517071192367
  20
33.92795499968543
  450
0
  451
0
  460
0
  461
0
  452
1
  462
1
  453
2
  463
0
  63
5
  421
255
  463
1
  63
7
  421
16777215
  470
LINEAR
  1001
ACAD
  1010
0
  1020
0
  1030
0
  0
HATCH
  5
1803
  100
AcDbEntity
  8
Bottom-Solder-Mask-Layer
  100
AcDbHatch
  10
0
  20
0
  30
0
  210
0
  220
0
  230
1
  2
SOLID
  70
1
  71
0
  91
1
  92
7
  72
1
  73
1
  93
2
  10
4.984356108712225
  20
40.73674625349258
  42
1
  10
6.609959359918728
  20
40.73674625349258
  42
1
  97
1
  330
1802
  75
0
  76
1
  47
0.8681437583925616
  98
1
  10
3.629517071192367
  20
33.92795499968543
  450
0
  451
0
  460
0
  461
0
  452
1
  462
1
  453
2
  463
0
  63
5
  421
255
  463
1
  63
7
  421
16777215
  470
LINEAR
  1001
ACAD
  1010
0
  1020
0
  1030
0
  0
HATCH
  5
1823
  100
AcDbEntity
  8
Bottom-Solder-Mask-Layer
  100
AcDbHatch
  10
0
  20
0
  30
0
  210
0
  220
0
  230
1
  2
SOLID
  70
1
  71
0
  91
1
  92
7
  72
1
  73
1
  93
2
  10
4.984356108712225
  20
43.27675133350283
  42
1
  10
6.609959359918728
  20
43.27675133350283
  42
1
  97
1
  330
1822
  75
0
  76
1
  47
0.8681437583925616
  98
1
  10
3.629517071192367
  20
33.92795499968543
  450
0
  451
0
  460
0
  461
0
  452
1
  462
1
  453
2
  463
0
  63
5
  421
255
  463
1
  63
7
  421
16777215
  470
LINEAR
  1001
ACAD
  1010
0
  1020
0
  1030
0
  0
HATCH
  5
1875
  100
AcDbEntity
  8
Bottom-Solder-Mask-Layer
  100
AcDbHatch
  10
0
  20
0
  30
0
  210
0
  220
0
  230
1
  2
SOLID
  70
1
  71
0
  91
1
  92
7
  72
1
  73
1
  93
2
  10
7.7496748793497785
  20
12.420050800101649
  42
1
  10
10.65036068072138
  20
12.420050800101649
  42
1
  97
1
  330
1874
  75
0
  76
1
  47
0.8681437583925616
  98
1
  10
3.629517071192367
  20
33.92795499968543
  450
0
  451
0
  460
0
  461
0
  452
1
  462
1
  453
2
  463
0
  63
5
  421
255
  463
1
  63
7
  421
16777215
  470
LINEAR
  1001
ACAD
  1010
0
  1020
0
  1030
0
  0
HATCH
  5
1895
  100
AcDbEntity
  8
Bottom-Solder-Mask-Layer
  100
AcDbHatch
  10
0
  20
0
  30
0
  210
0
  220
0
  230
1
  2
SOLID
  70
1
  71
0
  91
1
  92
7
  72
1
  73
1
  93
2
  10
7.7496748793497785
  20
17.500060960121914
  42
1
  10
10.65036068072138
  20
17.500060960121914
  42
1
  97
1
  330
1894
  75
0
  76
1
  47
0.8681437583925616
  98
1
  10
3.629517071192367
  20
33.92795499968543
  450
0
  451
0
  460
0
  461
0
  452
1
  462
1
  453
2
  463
0
  63
5
  421
255
  463
1
  63
7
  421
16777215
  470
LINEAR
  1001
ACAD
  1010
0
  1020
0
  1030
0
  0
HATCH
  5
1915
  100
AcDbEntity
  8
Bottom-Solder-Mask-Layer
  100
AcDbHatch
  10
0
  20
0
  30
0
  210
0
  220
0
  230
1
  2
SOLID
  70
1
  71
0
  91
1
  92
7
  72
1
  73
1
  93
2
  10
7.7496748793497785
  20
22.580071120142293
  42
1
  10
10.65036068072138
  20
22.580071120142293
  42
1
  97
1
  330
1914
  75
0
  76
1
  47
0.8681437583925616
  98
1
  10
3.629517071192367
  20
33.92795499968543
  450
0
  451
0
  460
0
  461
0
  452
1
  462
1
  453
2
  463
0
  63
5
  421
255
  463
1
  63
7
  421
16777215
  470
LINEAR
  1001
ACAD
  1010
0
  1020
0
  1030
0
  0
HATCH
  5
1935
  100
AcDbEntity
  8
Bottom-Solder-Mask-Layer
  100
AcDbHatch
  10
0
  20
0
  30
0
  210
0
  220
0
  230
1
  2
SOLID
  70
1
  71
0
  91
1
  92
7
  72
0
  73
1
  93
4
  10
12.359817119634329
  20
9.450480060960103
  10
12.359817119634329
  20
7.548016256032497
  10
10.65801371602754
  20
7.548016256032497
  10
10.65801371602754
  20
9.450480060960103
  97
1
  330
1934
  75
0
  76
1
  47
0.4128176842155181
  98
1
  10
34.90568961886538
  20
22.81183545379326
  450
0
  451
0
  460
0
  461
0
  452
1
  462
1
  453
2
  463
0
  63
5
  421
255
  463
1
  63
7
  421
16777215
  470
LINEAR
  1001
ACAD
  1010
0
  1020
0
  1030
0
  0
HATCH
  5
1955
  100
AcDbEntity
  8
Bottom-Solder-Mask-Layer
  100
AcDbHatch
  10
0
  20
0
  30
0
  210
0
  220
0
  230
1
  2
SOLID
  70
1
  71
0
  91
1
  92
7
  72
1
  73
1
  93
2
  10
13.05704851409706
  20
8.499248158496357
  42
1
  10
14.95951231902467
  20
8.499248158496357
  42
1
  97
1
  330
1954
  75
0
  76
1
  47
0.8681437583925616
  98
1
  10
3.629517071192367
  20
33.92795499968543
  450
0
  451
0
  460
0
  461
0
  452
1
  462
1
  453
2
  463
0
  63
5
  421
255
  463
1
  63
7
  421
16777215
  470
LINEAR
  1001
ACAD
  1010
0
  1020
0
  1030
0
  0
HATCH
  5
1975
  100
AcDbEntity
  8
Bottom-Solder-Mask-Layer
  100
AcDbHatch
  10
0
  20
0
  30
0
  210
0
  220
0
  230
1
  2
SOLID
  70
1
  71
0
  91
1
  92
7
  72
1
  73
1
  93
2
  10
15.55641351282702
  20
8.499248158496357
  42
1
  10
17.45887731775463
  20
8.499248158496357
  42
1
  97
1
  330
1974
  75
0
  76
1
  47
0.8681437583925616
  98
1
  10
3.629517071192367
  20
33.92795499968543
  450
0
  451
0
  460
0
  461
0
  452
1
  462
1
  453
2
  463
0
  63
5
  421
255
  463
1
  63
7
  421
16777215
  470
LINEAR
  1001
ACAD
  1010
0
  1020
0
  1030
0
  0
HATCH
  5
1995
  100
AcDbEntity
  8
Bottom-Solder-Mask-Layer
  100
AcDbHatch
  10
0
  20
0
  30
0
  210
0
  220
0
  230
1
  2
SOLID
  70
1
  71
0
  91
1
  92
7
  72
1
  73
1
  93
2
  10
102.3498653797308
  20
12.420050800101649
  42
1
  10
105.2505511811024
  20
12.420050800101649
  42
1
  97
1
  330
1994
  75
0
  76
1
  47
0.8681437583925616
  98
1
  10
3.629517071192367
  20
33.92795499968543
  450
0
  451
0
  460
0
  461
0
  452
1
  462
1
  453
2
  463
0
  63
5
  421
255
  463
1
  63
7
  421
16777215
  470
LINEAR
  1001
ACAD
  1010
0
  1020
0
  1030
0
  0
HATCH
  5
2015
  100
AcDbEntity
  8
Bottom-Solder-Mask-Layer
  100
AcDbHatch
  10
0
  20
0
  30
0
  210
0
  220
0
  230
1
  2
SOLID
  70
1
  71
0
  91
1
  92
7
  72
1
  73
1
  93
2
  10
102.3498653797308
  20
17.500060960121914
  42
1
  10
105.2505511811024
  20
17.500060960121914
  42
1
  97
1
  330
2014
  75
0
  76
1
  47
0.8681437583925616
  98
1
  10
3.629517071192367
  20
33.92795499968543
  450
0
  451
0
  460
0
  461
0
  452
1
  462
1
  453
2
  463
0
  63
5
  421
255
  463
1
  63
7
  421
16777215
  470
LINEAR
  1001
ACAD
  1010
0
  1020
0
  1030
0
  0
HATCH
  5
2035
  100
AcDbEntity
  8
Bottom-Solder-Mask-Layer
  100
AcDbHatch
  10
0
  20
0
  30
0
  210
0
  220
0
  230
1
  2
SOLID
  70
1
  71
0
  91
1
  92
7
  72
1
  73
1
  93
2
  10
102.3498653797308
  20
22.580071120142293
  42
1
  10
105.2505511811024
  20
22.580071120142293
  42
1
  97
1
  330
2034
  75
0
  76
1
  47
0.8681437583925616
  98
1
  10
3.629517071192367
  20
33.92795499968543
  450
0
  451
0
  460
0
  461
0
  452
1
  462
1
  453
2
  463
0
  63
5
  421
255
  463
1
  63
7
  421
16777215
  470
LINEAR
  1001
ACAD
  1010
0
  1020
0
  1030
0
  0
HATCH
  5
2055
  100
AcDbEntity
  8
Bottom-Solder-Mask-Layer
  100
AcDbHatch
  10
0
  20
0
  30
0
  210
0
  220
0
  230
1
  2
SOLID
  70
1
  71
0
  91
1
  92
7
  72
1
  73
1
  93
2
  10
71.38213106426207
  20
45.948856997714074
  42
1
  10
73.00813563627122
  20
45.948856997714074
  42
1
  97
1
  330
2054
  75
0
  76
1
  47
0.8681437583925616
  98
1
  10
3.629517071192367
  20
33.92795499968543
  450
0
  451
0
  460
0
  461
0
  452
1
  462
1
  453
2
  463
0
  63
5
  421
255
  463
1
  63
7
  421
16777215
  470
LINEAR
  1001
ACAD
  1010
0
  1020
0
  1030
0
  0
HATCH
  5
2075
  100
AcDbEntity
  8
Bottom-Solder-Mask-Layer
  100
AcDbHatch
  10
0
  20
0
  30
0
  210
0
  220
0
  230
1
  2
SOLID
  70
1
  71
0
  91
1
  92
7
  72
1
  73
1
  93
2
  10
68.84212598425194
  20
45.948856997714074
  42
1
  10
70.46813055626109
  20
45.948856997714074
  42
1
  97
1
  330
2074
  75
0
  76
1
  47
0.8681437583925616
  98
1
  10
3.629517071192367
  20
33.92795499968543
  450
0
  451
0
  460
0
  461
0
  452
1
  462
1
  453
2
  463
0
  63
5
  421
255
  463
1
  63
7
  421
16777215
  470
LINEAR
  1001
ACAD
  1010
0
  1020
0
  1030
0
  0
HATCH
  5
2095
  100
AcDbEntity
  8
Bottom-Solder-Mask-Layer
  100
AcDbHatch
  10
0
  20
0
  30
0
  210
0
  220
0
  230
1
  2
SOLID
  70
1
  71
0
  91
1
  92
7
  72
1
  73
1
  93
2
  10
71.38213106426207
  20
48.48886207772421
  42
1
  10
73.00813563627122
  20
48.48886207772421
  42
1
  97
1
  330
2094
  75
0
  76
1
  47
0.8681437583925616
  98
1
  10
3.629517071192367
  20
33.92795499968543
  450
0
  451
0
  460
0
  461
0
  452
1
  462
1
  453
2
  463
0
  63
5
  421
255
  463
1
  63
7
  421
16777215
  470
LINEAR
  1001
ACAD
  1010
0
  1020
0
  1030
0
  0
HATCH
  5
2115
  100
AcDbEntity
  8
Bottom-Solder-Mask-Layer
  100
AcDbHatch
  10
0
  20
0
  30
0
  210
0
  220
0
  230
1
  2
SOLID
  70
1
  71
0
  91
1
  92
7
  72
1
  73
1
  93
2
  10
68.84212598425194
  20
48.48886207772421
  42
1
  10
70.46813055626109
  20
48.48886207772421
  42
1
  97
1
  330
2114
  75
0
  76
1
  47
0.8681437583925616
  98
1
  10
3.629517071192367
  20
33.92795499968543
  450
0
  451
0
  460
0
  461
0
  452
1
  462
1
  453
2
  463
0
  63
5
  421
255
  463
1
  63
7
  421
16777215
  470
LINEAR
  1001
ACAD
  1010
0
  1020
0
  1030
0
  0
HATCH
  5
2135
  100
AcDbEntity
  8
Bottom-Solder-Mask-Layer
  100
AcDbHatch
  10
0
  20
0
  30
0
  210
0
  220
0
  230
1
  2
SOLID
  70
1
  71
0
  91
1
  92
7
  72
1
  73
1
  93
2
  10
71.38213106426207
  20
51.02886715773434
  42
1
  10
73.00813563627122
  20
51.02886715773434
  42
1
  97
1
  330
2134
  75
0
  76
1
  47
0.8681437583925616
  98
1
  10
3.629517071192367
  20
33.92795499968543
  450
0
  451
0
  460
0
  461
0
  452
1
  462
1
  453
2
  463
0
  63
5
  421
255
  463
1
  63
7
  421
16777215
  470
LINEAR
  1001
ACAD
  1010
0
  1020
0
  1030
0
  0
HATCH
  5
2155
  100
AcDbEntity
  8
Bottom-Solder-Mask-Layer
  100
AcDbHatch
  10
0
  20
0
  30
0
  210
0
  220
0
  230
1
  2
SOLID
  70
1
  71
0
  91
1
  92
7
  72
1
  73
1
  93
2
  10
68.84212598425194
  20
51.02886715773434
  42
1
  10
70.46813055626109
  20
51.02886715773434
  42
1
  97
1
  330
2154
  75
0
  76
1
  47
0.8681437583925616
  98
1
  10
3.629517071192367
  20
33.92795499968543
  450
0
  451
0
  460
0
  461
0
  452
1
  462
1
  453
2
  463
0
  63
5
  421
255
  463
1
  63
7
  421
16777215
  470
LINEAR
  1001
ACAD
  1010
0
  1020
0
  1030
0
  0
HATCH
  5
2175
  100
AcDbEntity
  8
Bottom-Solder-Mask-Layer
  100
AcDbHatch
  10
0
  20
0
  30
0
  210
0
  220
0
  230
1
  2
SOLID
  70
1
  71
0
  91
1
  92
7
  72
1
  73
1
  93
2
  10
71.38213106426207
  20
53.568872237744586
  42
1
  10
73.00813563627122
  20
53.568872237744586
  42
1
  97
1
  330
2174
  75
0
  76
1
  47
0.8681437583925616
  98
1
  10
3.629517071192367
  20
33.92795499968543
  450
0
  451
0
  460
0
  461
0
  452
1
  462
1
  453
2
  463
0
  63
5
  421
255
  463
1
  63
7
  421
16777215
  470
LINEAR
  1001
ACAD
  1010
0
  1020
0
  1030
0
  0
HATCH
  5
2195
  100
AcDbEntity
  8
Bottom-Solder-Mask-Layer
  100
AcDbHatch
  10
0
  20
0
  30
0
  210
0
  220
0
  230
1
  2
SOLID
  70
1
  71
0
  91
1
  92
7
  72
1
  73
1
  93
2
  10
68.84212598425194
  20
53.568872237744586
  42
1
  10
70.46813055626109
  20
53.568872237744586
  42
1
  97
1
  330
2194
  75
0
  76
1
  47
0.8681437583925616
  98
1
  10
3.629517071192367
  20
33.92795499968543
  450
0
  451
0
  460
0
  461
0
  452
1
  462
1
  453
2
  463
0
  63
5
  421
255
  463
1
  63
7
  421
16777215
  470
LINEAR
  1001
ACAD
  1010
0
  1020
0
  1030
0
  0
HATCH
  5
1625
  100
AcDbEntity
  8
Bottom-Paste-Mask-Layer
  100
AcDbHatch
  10
0
  20
0
  30
0
  210
0
  220
0
  230
1
  2
SOLID
  70
1
  71
0
  91
1
  92
7
  72
0
  73
1
  93
4
  10
15.707543815087604
  20
47.787416814833705
  10
15.707543815087604
  20
49.588280416560906
  10
17.307747015494044
  20
49.588280416560906
  10
17.307747015494044
  20
47.787416814833705
  97
1
  330
1624
  75
0
  76
1
  47
0.4128176842155181
  98
1
  10
34.90568961886538
  20
22.81183545379326
  450
0
  451
0
  460
0
  461
0
  452
1
  462
1
  453
2
  463
0
  63
5
  421
255
  463
1
  63
7
  421
16777215
  470
LINEAR
  1001
ACAD
  1010
0
  1020
0
  1030
0
  0
HATCH
  5
1645
  100
AcDbEntity
  8
Bottom-Paste-Mask-Layer
  100
AcDbHatch
  10
0
  20
0
  30
0
  210
0
  220
0
  230
1
  2
SOLID
  70
1
  71
0
  91
1
  92
7
  72
1
  73
1
  93
2
  10
13.107848615697263
  20
48.68784861569725
  42
1
  10
14.908712217424467
  20
48.68784861569725
  42
1
  97
1
  330
1644
  75
0
  76
1
  47
0.8681437583925616
  98
1
  10
3.629517071192367
  20
33.92795499968543
  450
0
  451
0
  460
0
  461
0
  452
1
  462
1
  453
2
  463
0
  63
5
  421
255
  463
1
  63
7
  421
16777215
  470
LINEAR
  1001
ACAD
  1010
0
  1020
0
  1030
0
  0
HATCH
  5
1665
  100
AcDbEntity
  8
Bottom-Paste-Mask-Layer
  100
AcDbHatch
  10
0
  20
0
  30
0
  210
0
  220
0
  230
1
  2
SOLID
  70
1
  71
0
  91
1
  92
7
  72
1
  73
1
  93
2
  10
10.608483616967247
  20
48.68784861569725
  42
1
  10
12.409347218694451
  20
48.68784861569725
  42
1
  97
1
  330
1664
  75
0
  76
1
  47
0.8681437583925616
  98
1
  10
3.629517071192367
  20
33.92795499968543
  450
0
  451
0
  460
0
  461
0
  452
1
  462
1
  453
2
  463
0
  63
5
  421
255
  463
1
  63
7
  421
16777215
  470
LINEAR
  1001
ACAD
  1010
0
  1020
0
  1030
0
  0
HATCH
  5
1685
  100
AcDbEntity
  8
Bottom-Paste-Mask-Layer
  100
AcDbHatch
  10
0
  20
0
  30
0
  210
0
  220
0
  230
1
  2
SOLID
  70
1
  71
0
  91
1
  92
7
  72
1
  73
1
  93
2
  10
23.281170942341852
  20
48.663286766573606
  42
1
  10
25.08117094234185
  20
48.663286766573606
  42
1
  97
1
  330
1684
  75
0
  76
1
  47
0.8681437583925616
  98
1
  10
3.629517071192367
  20
33.92795499968543
  450
0
  451
0
  460
0
  461
0
  452
1
  462
1
  453
2
  463
0
  63
5
  421
255
  463
1
  63
7
  421
16777215
  470
LINEAR
  1001
ACAD
  1010
0
  1020
0
  1030
0
  0
HATCH
  5
1705
  100
AcDbEntity
  8
Bottom-Paste-Mask-Layer
  100
AcDbHatch
  10
0
  20
0
  30
0
  210
0
  220
0
  230
1
  2
SOLID
  70
1
  71
0
  91
1
  92
7
  72
1
  73
1
  93
2
  10
25.783075946151918
  20
48.663286766573606
  42
1
  10
27.583075946151915
  20
48.663286766573606
  42
1
  97
1
  330
1704
  75
0
  76
1
  47
0.8681437583925616
  98
1
  10
3.629517071192367
  20
33.92795499968543
  450
0
  451
0
  460
0
  461
0
  452
1
  462
1
  453
2
  463
0
  63
5
  421
255
  463
1
  63
7
  421
16777215
  470
LINEAR
  1001
ACAD
  1010
0
  1020
0
  1030
0
  0
HATCH
  5
1725
  100
AcDbEntity
  8
Bottom-Paste-Mask-Layer
  100
AcDbHatch
  10
0
  20
0
  30
0
  210
0
  220
0
  230
1
  2
SOLID
  70
1
  71
0
  91
1
  92
7
  72
1
  73
1
  93
2
  10
28.282440944881877
  20
48.663286766573606
  42
1
  10
30.082440944881874
  20
48.663286766573606
  42
1
  97
1
  330
1724
  75
0
  76
1
  47
0.8681437583925616
  98
1
  10
3.629517071192367
  20
33.92795499968543
  450
0
  451
0
  460
0
  461
0
  452
1
  462
1
  453
2
  463
0
  63
5
  421
255
  463
1
  63
7
  421
16777215
  470
LINEAR
  1001
ACAD
  1010
0
  1020
0
  1030
0
  0
HATCH
  5
1745
  100
AcDbEntity
  8
Bottom-Paste-Mask-Layer
  100
AcDbHatch
  10
0
  20
0
  30
0
  210
0
  220
0
  230
1
  2
SOLID
  70
1
  71
0
  91
1
  92
7
  72
1
  73
1
  93
2
  10
30.781805943611893
  20
48.663286766573606
  42
1
  10
32.58180594361189
  20
48.663286766573606
  42
1
  97
1
  330
1744
  75
0
  76
1
  47
0.8681437583925616
  98
1
  10
3.629517071192367
  20
33.92795499968543
  450
0
  451
0
  460
0
  461
0
  452
1
  462
1
  453
2
  463
0
  63
5
  421
255
  463
1
  63
7
  421
16777215
  470
LINEAR
  1001
ACAD
  1010
0
  1020
0
  1030
0
  0
HATCH
  5
1765
  100
AcDbEntity
  8
Bottom-Paste-Mask-Layer
  100
AcDbHatch
  10
0
  20
0
  30
0
  210
0
  220
0
  230
1
  2
SOLID
  70
1
  71
0
  91
1
  92
7
  72
1
  73
1
  93
2
  10
106.44098806197614
  20
40.73674625349258
  42
1
  10
107.96499110998225
  20
40.73674625349258
  42
1
  97
1
  330
1764
  75
0
  76
1
  47
0.8681437583925616
  98
1
  10
3.629517071192367
  20
33.92795499968543
  450
0
  451
0
  460
0
  461
0
  452
1
  462
1
  453
2
  463
0
  63
5
  421
255
  463
1
  63
7
  421
16777215
  470
LINEAR
  1001
ACAD
  1010
0
  1020
0
  1030
0
  0
HATCH
  5
1785
  100
AcDbEntity
  8
Bottom-Paste-Mask-Layer
  100
AcDbHatch
  10
0
  20
0
  30
0
  210
0
  220
0
  230
1
  2
SOLID
  70
1
  71
0
  91
1
  92
7
  72
1
  73
1
  93
2
  10
106.44098806197614
  20
43.27675133350283
  42
1
  10
107.96499110998225
  20
43.27675133350283
  42
1
  97
1
  330
1784
  75
0
  76
1
  47
0.8681437583925616
  98
1
  10
3.629517071192367
  20
33.92795499968543
  450
0
  451
0
  460
0
  461
0
  452
1
  462
1
  453
2
  463
0
  63
5
  421
255
  463
1
  63
7
  421
16777215
  470
LINEAR
  1001
ACAD
  1010
0
  1020
0
  1030
0
  0
HATCH
  5
1805
  100
AcDbEntity
  8
Bottom-Paste-Mask-Layer
  100
AcDbHatch
  10
0
  20
0
  30
0
  210
0
  220
0
  230
1
  2
SOLID
  70
1
  71
0
  91
1
  92
7
  72
1
  73
1
  93
2
  10
5.0351562103124285
  20
40.73674625349258
  42
1
  10
6.559159258318524
  20
40.73674625349258
  42
1
  97
1
  330
1804
  75
0
  76
1
  47
0.8681437583925616
  98
1
  10
3.629517071192367
  20
33.92795499968543
  450
0
  451
0
  460
0
  461
0
  452
1
  462
1
  453
2
  463
0
  63
5
  421
255
  463
1
  63
7
  421
16777215
  470
LINEAR
  1001
ACAD
  1010
0
  1020
0
  1030
0
  0
HATCH
  5
1825
  100
AcDbEntity
  8
Bottom-Paste-Mask-Layer
  100
AcDbHatch
  10
0
  20
0
  30
0
  210
0
  220
0
  230
1
  2
SOLID
  70
1
  71
0
  91
1
  92
7
  72
1
  73
1
  93
2
  10
5.0351562103124285
  20
43.27675133350283
  42
1
  10
6.559159258318524
  20
43.27675133350283
  42
1
  97
1
  330
1824
  75
0
  76
1
  47
0.8681437583925616
  98
1
  10
3.629517071192367
  20
33.92795499968543
  450
0
  451
0
  460
0
  461
0
  452
1
  462
1
  453
2
  463
0
  63
5
  421
255
  463
1
  63
7
  421
16777215
  470
LINEAR
  1001
ACAD
  1010
0
  1020
0
  1030
0
  0
HATCH
  5
1877
  100
AcDbEntity
  8
Bottom-Paste-Mask-Layer
  100
AcDbHatch
  10
0
  20
0
  30
0
  210
0
  220
0
  230
1
  2
SOLID
  70
1
  71
0
  91
1
  92
7
  72
1
  73
1
  93
2
  10
7.800474980949982
  20
12.420050800101649
  42
1
  10
10.599560579121178
  20
12.420050800101649
  42
1
  97
1
  330
1876
  75
0
  76
1
  47
0.8681437583925616
  98
1
  10
3.629517071192367
  20
33.92795499968543
  450
0
  451
0
  460
0
  461
0
  452
1
  462
1
  453
2
  463
0
  63
5
  421
255
  463
1
  63
7
  421
16777215
  470
LINEAR
  1001
ACAD
  1010
0
  1020
0
  1030
0
  0
HATCH
  5
1897
  100
AcDbEntity
  8
Bottom-Paste-Mask-Layer
  100
AcDbHatch
  10
0
  20
0
  30
0
  210
0
  220
0
  230
1
  2
SOLID
  70
1
  71
0
  91
1
  92
7
  72
1
  73
1
  93
2
  10
7.800474980949982
  20
17.500060960121914
  42
1
  10
10.599560579121178
  20
17.500060960121914
  42
1
  97
1
  330
1896
  75
0
  76
1
  47
0.8681437583925616
  98
1
  10
3.629517071192367
  20
33.92795499968543
  450
0
  451
0
  460
0
  461
0
  452
1
  462
1
  453
2
  463
0
  63
5
  421
255
  463
1
  63
7
  421
16777215
  470
LINEAR
  1001
ACAD
  1010
0
  1020
0
  1030
0
  0
HATCH
  5
1917
  100
AcDbEntity
  8
Bottom-Paste-Mask-Layer
  100
AcDbHatch
  10
0
  20
0
  30
0
  210
0
  220
0
  230
1
  2
SOLID
  70
1
  71
0
  91
1
  92
7
  72
1
  73
1
  93
2
  10
7.800474980949982
  20
22.580071120142293
  42
1
  10
10.599560579121178
  20
22.580071120142293
  42
1
  97
1
  330
1916
  75
0
  76
1
  47
0.8681437583925616
  98
1
  10
3.629517071192367
  20
33.92795499968543
  450
0
  451
0
  460
0
  461
0
  452
1
  462
1
  453
2
  463
0
  63
5
  421
255
  463
1
  63
7
  421
16777215
  470
LINEAR
  1001
ACAD
  1010
0
  1020
0
  1030
0
  0
HATCH
  5
1937
  100
AcDbEntity
  8
Bottom-Paste-Mask-Layer
  100
AcDbHatch
  10
0
  20
0
  30
0
  210
0
  220
0
  230
1
  2
SOLID
  70
1
  71
0
  91
1
  92
7
  72
0
  73
1
  93
4
  10
12.309017018034126
  20
9.3996799593599
  10
12.309017018034126
  20
7.5988163576327
  10
10.708813817627686
  20
7.5988163576327
  10
10.708813817627686
  20
9.3996799593599
  97
1
  330
1936
  75
0
  76
1
  47
0.4128176842155181
  98
1
  10
34.90568961886538
  20
22.81183545379326
  450
0
  451
0
  460
0
  461
0
  452
1
  462
1
  453
2
  463
0
  63
5
  421
255
  463
1
  63
7
  421
16777215
  470
LINEAR
  1001
ACAD
  1010
0
  1020
0
  1030
0
  0
HATCH
  5
1957
  100
AcDbEntity
  8
Bottom-Paste-Mask-Layer
  100
AcDbHatch
  10
0
  20
0
  30
0
  210
0
  220
0
  230
1
  2
SOLID
  70
1
  71
0
  91
1
  92
7
  72
1
  73
1
  93
2
  10
13.107848615697263
  20
8.499248158496357
  42
1
  10
14.908712217424467
  20
8.499248158496357
  42
1
  97
1
  330
1956
  75
0
  76
1
  47
0.8681437583925616
  98
1
  10
3.629517071192367
  20
33.92795499968543
  450
0
  451
0
  460
0
  461
0
  452
1
  462
1
  453
2
  463
0
  63
5
  421
255
  463
1
  63
7
  421
16777215
  470
LINEAR
  1001
ACAD
  1010
0
  1020
0
  1030
0
  0
HATCH
  5
1977
  100
AcDbEntity
  8
Bottom-Paste-Mask-Layer
  100
AcDbHatch
  10
0
  20
0
  30
0
  210
0
  220
0
  230
1
  2
SOLID
  70
1
  71
0
  91
1
  92
7
  72
1
  73
1
  93
2
  10
15.607213614427222
  20
8.499248158496357
  42
1
  10
17.408077216154425
  20
8.499248158496357
  42
1
  97
1
  330
1976
  75
0
  76
1
  47
0.8681437583925616
  98
1
  10
3.629517071192367
  20
33.92795499968543
  450
0
  451
0
  460
0
  461
0
  452
1
  462
1
  453
2
  463
0
  63
5
  421
255
  463
1
  63
7
  421
16777215
  470
LINEAR
  1001
ACAD
  1010
0
  1020
0
  1030
0
  0
HATCH
  5
1997
  100
AcDbEntity
  8
Bottom-Paste-Mask-Layer
  100
AcDbHatch
  10
0
  20
0
  30
0
  210
0
  220
0
  230
1
  2
SOLID
  70
1
  71
0
  91
1
  92
7
  72
1
  73
1
  93
2
  10
102.400665481331
  20
12.420050800101649
  42
1
  10
105.19975107950219
  20
12.420050800101649
  42
1
  97
1
  330
1996
  75
0
  76
1
  47
0.8681437583925616
  98
1
  10
3.629517071192367
  20
33.92795499968543
  450
0
  451
0
  460
0
  461
0
  452
1
  462
1
  453
2
  463
0
  63
5
  421
255
  463
1
  63
7
  421
16777215
  470
LINEAR
  1001
ACAD
  1010
0
  1020
0
  1030
0
  0
HATCH
  5
2017
  100
AcDbEntity
  8
Bottom-Paste-Mask-Layer
  100
AcDbHatch
  10
0
  20
0
  30
0
  210
0
  220
0
  230
1
  2
SOLID
  70
1
  71
0
  91
1
  92
7
  72
1
  73
1
  93
2
  10
102.400665481331
  20
17.500060960121914
  42
1
  10
105.19975107950219
  20
17.500060960121914
  42
1
  97
1
  330
2016
  75
0
  76
1
  47
0.8681437583925616
  98
1
  10
3.629517071192367
  20
33.92795499968543
  450
0
  451
0
  460
0
  461
0
  452
1
  462
1
  453
2
  463
0
  63
5
  421
255
  463
1
  63
7
  421
16777215
  470
LINEAR
  1001
ACAD
  1010
0
  1020
0
  1030
0
  0
HATCH
  5
2037
  100
AcDbEntity
  8
Bottom-Paste-Mask-Layer
  100
AcDbHatch
  10
0
  20
0
  30
0
  210
0
  220
0
  230
1
  2
SOLID
  70
1
  71
0
  91
1
  92
7
  72
1
  73
1
  93
2
  10
102.400665481331
  20
22.580071120142293
  42
1
  10
105.19975107950219
  20
22.580071120142293
  42
1
  97
1
  330
2036
  75
0
  76
1
  47
0.8681437583925616
  98
1
  10
3.629517071192367
  20
33.92795499968543
  450
0
  451
0
  460
0
  461
0
  452
1
  462
1
  453
2
  463
0
  63
5
  421
255
  463
1
  63
7
  421
16777215
  470
LINEAR
  1001
ACAD
  1010
0
  1020
0
  1030
0
  0
HATCH
  5
2057
  100
AcDbEntity
  8
Bottom-Paste-Mask-Layer
  100
AcDbHatch
  10
0
  20
0
  30
0
  210
0
  220
0
  230
1
  2
SOLID
  70
1
  71
0
  91
1
  92
7
  72
1
  73
1
  93
2
  10
71.43313182626359
  20
45.948856997714074
  42
1
  10
72.9571348742697
  20
45.948856997714074
  42
1
  97
1
  330
2056
  75
0
  76
1
  47
0.8681437583925616
  98
1
  10
3.629517071192367
  20
33.92795499968543
  450
0
  451
0
  460
0
  461
0
  452
1
  462
1
  453
2
  463
0
  63
5
  421
255
  463
1
  63
7
  421
16777215
  470
LINEAR
  1001
ACAD
  1010
0
  1020
0
  1030
0
  0
HATCH
  5
2077
  100
AcDbEntity
  8
Bottom-Paste-Mask-Layer
  100
AcDbHatch
  10
0
  20
0
  30
0
  210
0
  220
0
  230
1
  2
SOLID
  70
1
  71
0
  91
1
  92
7
  72
1
  73
1
  93
2
  10
68.89312674625346
  20
45.948856997714074
  42
1
  10
70.41712979425957
  20
45.948856997714074
  42
1
  97
1
  330
2076
  75
0
  76
1
  47
0.8681437583925616
  98
1
  10
3.629517071192367
  20
33.92795499968543
  450
0
  451
0
  460
0
  461
0
  452
1
  462
1
  453
2
  463
0
  63
5
  421
255
  463
1
  63
7
  421
16777215
  470
LINEAR
  1001
ACAD
  1010
0
  1020
0
  1030
0
  0
HATCH
  5
2097
  100
AcDbEntity
  8
Bottom-Paste-Mask-Layer
  100
AcDbHatch
  10
0
  20
0
  30
0
  210
0
  220
0
  230
1
  2
SOLID
  70
1
  71
0
  91
1
  92
7
  72
1
  73
1
  93
2
  10
71.43313182626359
  20
48.48886207772421
  42
1
  10
72.9571348742697
  20
48.48886207772421
  42
1
  97
1
  330
2096
  75
0
  76
1
  47
0.8681437583925616
  98
1
  10
3.629517071192367
  20
33.92795499968543
  450
0
  451
0
  460
0
  461
0
  452
1
  462
1
  453
2
  463
0
  63
5
  421
255
  463
1
  63
7
  421
16777215
  470
LINEAR
  1001
ACAD
  1010
0
  1020
0
  1030
0
  0
HATCH
  5
2117
  100
AcDbEntity
  8
Bottom-Paste-Mask-Layer
  100
AcDbHatch
  10
0
  20
0
  30
0
  210
0
  220
0
  230
1
  2
SOLID
  70
1
  71
0
  91
1
  92
7
  72
1
  73
1
  93
2
  10
68.89312674625346
  20
48.48886207772421
  42
1
  10
70.41712979425957
  20
48.48886207772421
  42
1
  97
1
  330
2116
  75
0
  76
1
  47
0.8681437583925616
  98
1
  10
3.629517071192367
  20
33.92795499968543
  450
0
  451
0
  460
0
  461
0
  452
1
  462
1
  453
2
  463
0
  63
5
  421
255
  463
1
  63
7
  421
16777215
  470
LINEAR
  1001
ACAD
  1010
0
  1020
0
  1030
0
  0
HATCH
  5
2137
  100
AcDbEntity
  8
Bottom-Paste-Mask-Layer
  100
AcDbHatch
  10
0
  20
0
  30
0
  210
0
  220
0
  230
1
  2
SOLID
  70
1
  71
0
  91
1
  92
7
  72
1
  73
1
  93
2
  10
71.43313182626359
  20
51.02886715773434
  42
1
  10
72.9571348742697
  20
51.02886715773434
  42
1
  97
1
  330
2136
  75
0
  76
1
  47
0.8681437583925616
  98
1
  10
3.629517071192367
  20
33.92795499968543
  450
0
  451
0
  460
0
  461
0
  452
1
  462
1
  453
2
  463
0
  63
5
  421
255
  463
1
  63
7
  421
16777215
  470
LINEAR
  1001
ACAD
  1010
0
  1020
0
  1030
0
  0
HATCH
  5
2157
  100
AcDbEntity
  8
Bottom-Paste-Mask-Layer
  100
AcDbHatch
  10
0
  20
0
  30
0
  210
0
  220
0
  230
1
  2
SOLID
  70
1
  71
0
  91
1
  92
7
  72
1
  73
1
  93
2
  10
68.89312674625346
  20
51.02886715773434
  42
1
  10
70.41712979425957
  20
51.02886715773434
  42
1
  97
1
  330
2156
  75
0
  76
1
  47
0.8681437583925616
  98
1
  10
3.629517071192367
  20
33.92795499968543
  450
0
  451
0
  460
0
  461
0
  452
1
  462
1
  453
2
  463
0
  63
5
  421
255
  463
1
  63
7
  421
16777215
  470
LINEAR
  1001
ACAD
  1010
0
  1020
0
  1030
0
  0
HATCH
  5
2177
  100
AcDbEntity
  8
Bottom-Paste-Mask-Layer
  100
AcDbHatch
  10
0
  20
0
  30
0
  210
0
  220
0
  230
1
  2
SOLID
  70
1
  71
0
  91
1
  92
7
  72
1
  73
1
  93
2
  10
71.43313182626359
  20
53.568872237744586
  42
1
  10
72.9571348742697
  20
53.568872237744586
  42
1
  97
1
  330
2176
  75
0
  76
1
  47
0.8681437583925616
  98
1
  10
3.629517071192367
  20
33.92795499968543
  450
0
  451
0
  460
0
  461
0
  452
1
  462
1
  453
2
  463
0
  63
5
  421
255
  463
1
  63
7
  421
16777215
  470
LINEAR
  1001
ACAD
  1010
0
  1020
0
  1030
0
  0
HATCH
  5
2197
  100
AcDbEntity
  8
Bottom-Paste-Mask-Layer
  100
AcDbHatch
  10
0
  20
0
  30
0
  210
0
  220
0
  230
1
  2
SOLID
  70
1
  71
0
  91
1
  92
7
  72
1
  73
1
  93
2
  10
68.89312674625346
  20
53.568872237744586
  42
1
  10
70.41712979425957
  20
53.568872237744586
  42
1
  97
1
  330
2196
  75
0
  76
1
  47
0.8681437583925616
  98
1
  10
3.629517071192367
  20
33.92795499968543
  450
0
  451
0
  460
0
  461
0
  452
1
  462
1
  453
2
  463
0
  63
5
  421
255
  463
1
  63
7
  421
16777215
  470
LINEAR
  1001
ACAD
  1010
0
  1020
0
  1030
0
  0
LWPOLYLINE
  5
1047
  100
AcDbEntity
  8
Top-Layer
  100
AcDbPolyline
  90
4
  70
1
  43
0.005080010160020321
  10
-12.25785115570227
  20
-15.226149352298648
  10
-12.25785115570227
  20
69.48611887223785
  10
124.73022352044717
  20
69.48611887223785
  10
124.73022352044717
  20
-15.226149352298648
  0
HATCH
  5
1522
  100
AcDbEntity
  8
Top-Layer
  100
AcDbHatch
  10
0
  20
0
  30
0
  210
0
  220
0
  230
1
  2
SOLID
  70
1
  71
0
  91
1
  92
7
  72
0
  73
1
  93
190
  10
0.35814071628141164
  20
0.35814071628158217
  10
0.35814071628141164
  20
4.828498615165813
  10
0.6827643761592412
  20
4.011032733458592
  10
1.1667867343180092
  20
3.276625935348534
  10
1.7899950631850743
  20
2.6559469787706576
  10
2.5263642423090573
  20
2.1749153578307414
  10
3.345143564910586
  20
1.8536189071998024
  10
4.21214088446834
  20
1.7054749360518144
  10
5.091150475501138
  20
1.7366699225111688
  10
5.945464981215082
  20
1.9459011669146093
  10
6.739408309226974
  20
2.324431192425436
  10
7.439825461783926
  20
2.8564526212343253
  10
8.017467085311466
  20
3.5197482891504706
  10
8.448210920632846
  20
4.28661903226191
  10
8.714069146214285
  20
5.125040401382876
  10
8.803939547879168
  20
6.000000000000114
  10
8.714069146214285
  20
6.874959598617352
  10
8.448210920632846
  20
7.713380967738317
  10
8.017467085311466
  20
8.480251710849757
  10
7.439825461783926
  20
9.143547378765902
  10
6.739408309226974
  20
9.675568807574791
  10
5.945464981215082
  20
10.054098833085732
  10
5.091150475501138
  20
10.263330077489059
  10
4.21214088446834
  20
10.294525063948413
  10
3.345143564910586
  20
10.146381092800425
  10
2.5263642423090573
  20
9.825084642169486
  10
1.7899950631850743
  20
9.34405302122957
  10
1.1667867343180092
  20
8.723374064651694
  10
0.6827643761592412
  20
7.988967266541636
  10
0.35814071628141164
  20
7.171501384834414
  10
0.3581407162814685
  20
59.641859283718645
  10
112.64185928371847
  20
59.641859283718645
  10
112.64185928371847
  20
7.170764793499643
  10
112.31735575337683
  20
7.9883368879504815
  10
111.83342009429163
  20
8.722865953879477
  10
111.21026391294873
  20
9.343674333721992
  10
110.47391337063578
  20
9.824833922283347
  10
109.6551221990058
  20
10.14624905585606
  10
108.78808726833319
  20
10.294495809014961
  10
107.90902035284654
  20
10.2633826457959
  10
107.05463574345782
  20
10.054209009626106
  10
106.26061687284692
  20
9.675711051979647
  10
105.56012599441198
  20
9.143696766402627
  10
104.9824191584475
  20
8.48038576656245
  10
104.55162433116874
  20
7.713481282536804
  10
104.28573368852204
  20
6.8750131334807065
  10
104.19585217170442
  20
6.000000000000114
  10
104.28573368852204
  20
5.1249868665196345
  10
104.55162433116874
  20
4.286518717463423
  10
104.9824191584475
  20
3.5196142334377782
  10
105.56012599441198
  20
2.856303233597714
  10
106.26061687284692
  20
2.324288948020694
  10
107.05463574345782
  20
1.945790990374121
  10
107.90902035284654
  20
1.7366173542044407
  10
108.78808726833319
  20
1.7055041909852662
  10
109.65512219900592
  20
1.853750944144167
  10
110.47391337063578
  20
2.175166077716881
  10
111.21026391294873
  20
2.656325666278235
  10
111.83342009429163
  20
3.27713404612075
  10
112.31735575337683
  20
4.011663112049746
  10
112.64185928371847
  20
4.829235206500584
  10
112.64185928371847
  20
0.35814071628158217
  10
92.15832359664734
  20
0.35814071628158217
  10
92.15832359664722
  20
40.300081280162544
  10
92.11034183879502
  20
40.47915163830328
  10
91.97925323850649
  20
40.61024023859193
  10
91.80018288036575
  20
40.65822199644413
  10
72.19963900469014
  20
40.65822199644413
  10
74.29679054628713
  20
42.75537353804111
  10
74.4671298980183
  20
43.05040994976764
  10
74.4671298980183
  20
43.39108865322976
  10
74.29679054628724
  20
43.686125064956286
  10
74.00175413456071
  20
43.856464416687345
  10
73.6610754310986
  20
43.856464416687345
  10
73.36603901937207
  20
43.686125064956286
  10
71.24066579591971
  20
41.560751841503816
  10
59.08811538419246
  20
41.560751841503816
  10
59.74271113815598
  20
42.169416146239655
  10
60.2574722118714
  20
42.90016156973138
  10
60.61019821364988
  20
43.721472841196714
  10
60.78567692990714
  20
44.597928805354286
  10
60.776340390894006
  20
45.491730050601745
  10
60.58259125880397
  20
46.36432910559847
  10
60.21278546193355
  20
47.17809289784259
  10
59.6828718238408
  20
47.89792577645403
  10
59.01570422942024
  20
48.49278310213958
  10
58.2400559924954
  20
48.93701012689394
  10
57.38937893285549
  20
49.211448420812644
  10
56.50036068072143
  20
49.30426212852433
  10
55.61134242858742
  20
49.211448420812644
  10
54.76066536894746
  20
48.93701012689394
  10
53.985017132022676
  20
48.49278310213958
  10
53.317849537602115
  20
47.89792577645403
  10
52.78793589950931
  20
47.17809289784259
  10
52.41813010263883
  20
46.36432910559847
  10
52.22438097054885
  20
45.491730050601745
  10
52.21504443153577
  20
44.597928805354286
  10
52.39052314779303
  20
43.721472841196714
  10
52.74324914957151
  20
42.90016156973138
  10
53.258010223286874
  20
42.169416146239655
  10
53.912605977250394
  20
41.560751841503816
  10
18.507132019676078
  20
41.560751841503816
  10
18.090129448365246
  20
41.97775441281476
  10
17.917227724075246
  20
42.31972127950894
  10
17.857675895351633
  20
42.698257835041886
  10
17.857675895351747
  20
43.338613157226405
  10
17.83886970564737
  20
43.45314198211918
  10
17.784426185754285
  20
43.555642848672505
  10
17.743157387886697
  20
43.61351437869041
  10
17.705618654364343
  20
43.67387223774449
  10
17.743157387886754
  20
43.73423009679857
  10
17.784426185754285
  20
43.79210162681659
  10
17.83886970564737
  20
43.894602493369916
  10
17.857675895351747
  20
44.00913131826269
  10
17.857675895351747
  20
45.71014732029471
  10
17.809694137499605
  20
45.88921767843533
  10
17.678605537211013
  20
46.020306278723865
  10
17.49953517907028
  20
46.068288036576064
  10
17.390002186866525
  20
46.068288036576064
  10
17.224053801467278
  20
46.31693907061924
  10
17.165786131572304
  20
46.61014732765227
  10
17.165786131572304
  20
46.88741680747614
  10
17.22765446870818
  20
47.18917983117717
  10
17.403276696152602
  20
47.44225185025607
  10
17.592771436303735
  20
47.57056236548863
  10
17.665887731775513
  20
47.787416814833705
  10
17.665887731775513
  20
49.588280416560906
  10
17.617905973923314
  20
49.76735077470164
  10
17.48681737363472
  20
49.898439374990176
  10
17.307747015494044
  20
49.94642113284226
  10
15.707543815087604
  20
49.94642113284226
  10
15.52847345694687
  20
49.898439374990176
  10
15.397384856658334
  20
49.76735077470164
  10
15.349403098806192
  20
49.588280416560906
  10
15.349403098806135
  20
47.787416814833705
  10
15.42251939427797
  20
47.57056236548851
  10
15.61201413442933
  20
47.44225185025584
  10
15.78763636187358
  20
47.18917983117706
  10
15.849504699009344
  20
46.88741680747614
  10
15.849504699009401
  20
45.2477698755398
  10
15.870946826883596
  20
45.081144217408905
  10
15.933876047752051
  20
44.92537583821672
  10
15.933876047752051
  20
44.00913131826269
  10
15.952682237456486
  20
43.894602493369916
  10
16.00712575734957
  20
43.79210162681659
  10
16.048394555217158
  20
43.73423009679857
  10
16.085933288739568
  20
43.67387223774449
  10
16.048394555217158
  20
43.61351437869041
  10
16.007125757349627
  20
43.555642848672505
  10
15.952682237456543
  20
43.45314198211918
  10
15.933876047752165
  20
43.338613157226405
  10
15.933876047752051
  20
41.637597155194385
  10
15.952682237456486
  20
41.52306833030161
  10
16.007125757349627
  20
41.420567463748284
  10
16.17845401316515
  20
41.09800764487932
  10
16.237635255270618
  20
40.73759706155465
  10
16.237635255270504
  20
23.135475936363946
  10
11.468802544899063
  20
18.36664322599256
  10
11.326135571071859
  20
18.153127010820754
  10
11.276037592075113
  20
17.901267462534975
  10
11.27603759207517
  20
10.299679966717576
  10
11.217769922180253
  20
10.006471709684433
  10
11.051821536780949
  20
9.75782067564137
  10
10.708813817627629
  20
9.75782067564137
  10
10.529743459486951
  20
9.70983891778917
  10
10.39865485919836
  20
9.578750317500635
  10
10.35067310134616
  20
9.3996799593599
  10
10.35067310134616
  20
7.5988163576327
  10
10.39865485919836
  20
7.4197459994919654
  10
10.529743459486951
  20
7.28865739920343
  10
10.708813817627629
  20
7.240675641351345
  10
12.30901701803407
  20
7.240675641351345
  10
12.488087376174803
  20
7.28865739920343
  10
12.619175976463396
  20
7.4197459994919654
  10
12.667157734315538
  20
7.5988163576327
  10
12.667157734315538
  20
9.3996799593599
  10
12.665925915989249
  20
9.429358423253007
  10
12.66223893464263
  20
9.45883273009781
  10
12.60982909394329
  20
9.87780529697045
  10
12.592319024638073
  20
10.299679923686767
  10
12.592319024638073
  20
17.628656651901338
  10
17.361151735009457
  20
22.397489362272722
  10
17.50381870883666
  20
22.61100557744453
  10
17.553916687833407
  20
22.86286512573031
  10
17.553916687833407
  20
40.65246411951625
  10
17.769145445584854
  20
40.437235361764806
  10
17.982661660756605
  20
40.2945683879376
  10
18.234521209042384
  20
40.244470408940856
  10
20.8419024638049
  20
40.244470408940856
  10
20.841902463804956
  20
0.35814071628158217
  97
1
  330
1521
  75
0
  76
1
  47
0.4128176842155181
  98
1
  10
34.90568961886538
  20
22.81183545379326
  450
0
  451
0
  460
0
  461
0
  452
1
  462
1
  453
2
  463
0
  63
5
  421
255
  463
1
  63
7
  421
16777215
  470
LINEAR
  1001
ACAD
  1010
0
  1020
0
  1030
0
  0
HATCH
  5
1524
  100
AcDbEntity
  8
Top-Layer
  100
AcDbHatch
  10
0
  20
0
  30
0
  210
0
  220
0
  230
1
  2
SOLID
  70
1
  71
0
  91
1
  92
7
  72
0
  73
1
  93
142
  10
5.862163074171633
  20
42.14642743814409
  10
5.913836998273155
  20
42.137833633679406
  10
5.96202570398998
  20
42.126364468076986
  10
6.001699841344987
  20
42.11320644185264
  10
6.031913168303959
  20
42.099465377768865
  10
6.052903646589641
  20
42.086445104343966
  10
6.078380472153185
  20
42.064777068750004
  10
6.120428148150381
  20
42.02272939275281
  10
6.333944363322075
  20
41.880062418925604
  10
6.585803911607911
  20
41.82996443992886
  10
12.434434841512086
  20
41.82996443992897
  10
12.728664144798415
  20
41.771273409006426
  10
12.977856191290982
  20
41.604184079640504
  10
13.093293614479364
  20
41.372803503957584
  10
13.334434848869705
  20
41.27945643891303
  10
14.541953263906521
  20
41.27945643891303
  10
14.721023622047198
  20
41.327438196765115
  10
14.85211222233579
  20
41.45852679705365
  10
14.90009398018799
  20
41.637597155194385
  10
14.90009398018799
  20
43.338613157226405
  10
14.881287790483611
  20
43.45314198211918
  10
14.826844270590527
  20
43.555642848672505
  10
14.78557547272294
  20
43.61351437869041
  10
14.74803673920053
  20
43.67387223774449
  10
14.78557547272294
  20
43.73423009679857
  10
14.82684427059047
  20
43.79210162681659
  10
14.881287790483611
  20
43.894602493369916
  10
14.900093980188046
  20
44.00913131826269
  10
14.90009398018799
  20
45.71014732029471
  10
14.85211222233579
  20
45.88921767843533
  10
14.721023622047198
  20
46.020306278723865
  10
14.541953263906521
  20
46.068288036576064
  10
13.334434848869705
  20
46.068288036576064
  10
13.155364490729028
  20
46.020306278723865
  10
13.024275890440435
  20
45.88921767843533
  10
12.976294132588237
  20
45.71014732029471
  10
12.976294132588237
  20
44.00913131826269
  10
12.995100322292672
  20
43.894602493369916
  10
13.04954384218587
  20
43.79210162681659
  10
13.0908126400534
  20
43.73423009679857
  10
13.128351373575867
  20
43.67387223774449
  10
13.0908126400534
  20
43.61351437869041
  10
13.049543842185813
  20
43.555642848672505
  10
13.000818905080678
  20
43.4688635879678
  10
12.977856191291096
  20
43.37202623278006
  10
12.728664144798415
  20
43.20493690341425
  10
12.434434841512086
  20
43.146245872491704
  10
12.041130853472339
  20
43.14624587249182
  10
12.094664314741692
  20
43.248084965799194
  10
12.113144526288977
  20
43.36164338328683
  10
12.113144526288977
  20
44.461668783337586
  10
12.106758229271179
  20
44.52900080534175
  10
12.087827096680826
  20
44.59393152377015
  10
12.063515852368141
  20
44.65818120419499
  10
12.041340689657261
  20
44.723199049387404
  10
12.130896092504884
  20
44.85030714998118
  10
12.243929457056367
  20
44.957078391024424
  10
12.346628929796111
  20
45.08267227498095
  10
12.383375666751363
  20
45.24069342138682
  10
12.38337566675142
  20
46.96868427736854
  10
12.373458371653555
  20
47.05238147922046
  10
12.3442557271336
  20
47.131443353046734
  10
12.255565071755143
  20
47.34016451596199
  10
12.196847903202695
  20
47.55921439685062
  10
12.217449457142664
  20
47.59161723681143
  10
12.255705072954242
  20
47.64020902949653
  10
12.308745656409485
  20
47.69971263146567
  10
12.418158394802106
  20
47.81762910905468
  10
12.432687760875922
  20
47.833068270147805
  10
12.446955001405343
  20
47.84874997992188
  10
12.683409182307628
  20
48.235619582619165
  10
12.76742988697822
  20
48.681174506667844
  10
12.688112936183472
  20
49.12759078154352
  10
12.455752057536415
  20
49.51693265089716
  10
12.10050296893553
  20
49.79867145583091
  10
11.668469779479892
  20
49.936243227521686
  10
11.215721613455173
  20
49.91179394698804
  10
9.955822804351726
  20
51.1716927560916
  10
9.742306589179975
  20
51.31435972991869
  10
9.490447040894196
  20
51.36445770891544
  10
6.781219202438422
  20
51.36445770891544
  10
6.781219202438422
  20
51.44882397764786
  10
6.73323744458628
  20
51.627894335788596
  10
6.6021488442976874
  20
51.75898293607713
  10
6.42307848615701
  20
51.80696469392933
  10
4.695087630175237
  20
51.80696469392933
  10
4.51601727203456
  20
51.75898293607713
  10
4.384928671745968
  20
51.627894335788596
  10
4.336946913893769
  20
51.44882397764786
  10
4.336946913893769
  20
49.963810007620054
  10
4.384928671745968
  20
49.78473964947932
  10
4.51601727203456
  20
49.653651049190785
  10
4.695087630175237
  20
49.6056692913387
  10
6.42307848615701
  20
49.6056692913387
  10
6.6021488442976874
  20
49.653651049190785
  10
6.73323744458628
  20
49.78473964947932
  10
6.781219202438422
  20
49.963810007620054
  10
6.781219202438422
  20
50.04817627635248
  10
9.21783623026056
  20
50.04817627635248
  10
10.284970086540056
  20
48.98104242007298
  10
10.255065051322902
  20
48.57910072050038
  10
10.353739526828406
  20
48.18831332450304
  10
10.570875834256412
  20
47.84874997992188
  10
10.58514307478697
  20
47.83306827014644
  10
10.599672440862037
  20
47.81762910905218
  10
10.709085179253236
  20
47.69971263146465
  10
10.762125762706717
  20
47.64020902949767
  10
10.79943659622802
  20
47.59281728716326
  10
10.726902503560211
  20
47.4507838577166
  10
10.626558646255091
  20
47.32682499364989
  10
10.540220980441973
  20
47.32682499364989
  10
10.361150622301295
  20
47.27884323579781
  10
10.230062022012703
  20
47.14775463550927
  10
10.182080264160504
  20
46.96868427736854
  10
10.182080264160504
  20
45.24069342138682
  10
10.218827001115812
  20
45.08267227498095
  10
10.321526473855556
  20
44.957078391024424
  10
10.420164258603279
  20
44.86646665315527
  10
10.50180686744261
  20
44.76028575072212
  10
10.472373738103386
  20
44.69542590062247
  10
10.439961976732377
  20
44.63200203301369
  10
10.407804961733007
  20
44.549519408921014
  10
10.39686309372621
  20
44.461668783337586
  10
10.396863093726097
  20
43.36164338328683
  10
10.415343305273382
  20
43.248084965799194
  10
10.468876766542735
  20
43.14624587249182
  10
6.9393661418117745
  20
43.14624587249182
  10
6.93607543413907
  20
43.16007206954373
  10
6.927481629674105
  20
43.21174599364679
  10
6.9151520658313075
  20
43.34608612396232
  10
6.808540643099036
  20
43.75823160338939
  10
6.555846417915973
  20
44.10083271288602
  10
6.193568208145564
  20
44.32440460377279
  10
5.774032996664857
  20
44.396654849426454
  10
5.3578378915401
  20
44.30714772044007
  10
5.00509756031704
  20
44.068811507501664
  10
4.766761347378463
  20
43.716071176278774
  10
4.677254218391852
  20
43.29987607115402
  10
4.7495044640452875
  20
42.88034085967331
  10
4.973076354931948
  20
42.51806264990273
  10
5.315677464428404
  20
42.26536842471944
  10
5.727822943855415
  20
42.15875700198694
  97
1
  330
1523
  75
0
  76
1
  47
0.4128176842155181
  98
1
  10
34.90568961886538
  20
22.81183545379326
  450
0
  451
0
  460
0
  461
0
  452
1
  462
1
  453
2
  463
0
  63
5
  421
255
  463
1
  63
7
  421
16777215
  470
LINEAR
  1001
ACAD
  1010
0
  1020
0
  1030
0
  0
HATCH
  5
1526
  100
AcDbEntity
  8
Top-Layer
  100
AcDbHatch
  10
0
  20
0
  30
0
  210
0
  220
0
  230
1
  2
SOLID
  70
1
  71
0
  91
1
  92
7
  72
0
  73
1
  93
122
  10
5.1390170180339965
  20
20.90292100584213
  10
5.189114997030742
  20
20.65106145755624
  10
5.3317819708578895
  20
20.437545242384545
  10
7.376682511156048
  20
18.392644702086272
  10
7.425923170411693
  20
18.338936170214424
  10
7.455686014287835
  20
18.299224583239834
  10
7.47425196428037
  20
18.26751849414279
  10
7.485436399712512
  20
18.241495497356482
  10
7.492402420678559
  20
18.21721008314603
  10
7.496776786395742
  20
18.190031985706923
  10
7.498662914212616
  20
18.1560010155863
  10
7.497560670310179
  20
18.11592668224398
  10
7.484401385975502
  20
17.99107874334254
  10
7.463944176823361
  20
17.83992174323282
  10
7.463015075027897
  20
17.832469582671706
  10
7.4622424333162485
  20
17.824999579193786
  10
7.446110861053171
  20
17.651255611705892
  10
7.445236381785378
  20
17.639866855280275
  10
7.444725525821809
  20
17.628456004606846
  10
7.4419924803557365
  20
17.533558874812343
  10
7.441844319855875
  20
17.523693429080822
  10
7.441967976805188
  20
17.513827645788297
  10
7.442334271345601
  20
17.499907753546495
  10
7.541012986773751
  20
16.919410948387394
  10
7.8258737046967894
  20
16.404077657144967
  10
8.264947898495393
  20
16.011741217314807
  10
8.808960416598325
  20
15.786431630688526
  10
9.396859391998305
  20
15.753434291370695
  10
9.962667795003142
  20
15.916452329537037
  10
10.442887712931736
  20
16.25719102722644
  10
10.783626410620911
  20
16.73741094515526
  10
10.946644448786856
  20
17.303219348160155
  10
10.913647109468798
  20
17.891118323560136
  10
10.688337522842119
  20
18.435130841662954
  10
10.296001083011788
  20
18.874205035461387
  10
9.780667791769076
  20
19.159065753384084
  10
9.200170986609976
  20
19.257744468811893
  10
9.186251094369425
  20
19.25811076335242
  10
9.176385311076672
  20
19.258234420301733
  10
9.16651986534481
  20
19.258086259801757
  10
9.071622735550534
  20
19.25535321433574
  10
9.060211884877162
  20
19.254842358372002
  10
9.048823128451716
  20
19.25396787910438
  10
8.875079160963821
  20
19.237836306841245
  10
8.867609157485902
  20
19.237063665129654
  10
8.86015699692473
  20
19.236134563334076
  10
8.708999996816488
  20
19.215677354182162
  10
8.584152057913002
  20
19.20251806984743
  10
8.54407772457165
  20
19.201415825944878
  10
8.510046754450286
  20
19.203301953761866
  10
8.48286865701209
  20
19.207676319478878
  10
8.458583242801012
  20
19.214642340445153
  10
8.43256024601419
  20
19.225826775877408
  10
8.400854156918342
  20
19.244392725869375
  10
8.361142569943354
  20
19.274155569745744
  10
8.307434038071392
  20
19.323396229001332
  10
6.455298450596956
  20
21.175531816475768
  10
6.455298450596956
  20
25.164406889944303
  10
6.535946935193749
  20
25.50748836282014
  10
6.760999807125188
  20
25.7787083472125
  10
6.8656671156100515
  20
25.904847002057977
  10
6.903175006350068
  20
26.064406908813794
  10
6.903175006350068
  20
27.792397764795624
  10
6.8656671156100515
  20
27.95195767155144
  10
6.760999807125131
  20
28.078096326396917
  10
6.608462523074252
  20
28.231492997442842
  10
6.5046096110600615
  20
28.421263212123108
  10
6.575195554042409
  20
28.60445519361963
  10
6.674488691250872
  20
28.77381442819126
  10
6.722781644088627
  20
28.87162113894601
  10
6.739392938785841
  20
28.979428498857033
  10
6.739392938785954
  20
30.079453898907786
  10
6.722781644088627
  20
30.187261258818694
  10
6.674488691250815
  20
30.285067969573674
  10
6.511396995481164
  20
30.615374178662364
  10
6.455298450596956
  20
30.97945390379607
  10
6.455298450596956
  20
39.6808935784245
  10
6.457993145375269
  20
39.714231614540154
  10
6.463629628443925
  20
39.73828767982377
  10
6.475275299446764
  20
39.769362573801686
  10
6.494026031711201
  20
39.80672232414179
  10
6.519988832541912
  20
39.84890435605064
  10
6.550451124647225
  20
39.89151874919776
  10
6.6367461401566175
  20
39.99525454939419
  10
6.852779804550892
  20
40.3620721507026
  10
6.916344350092004
  20
40.78300592854839
  10
6.818258810862062
  20
41.19725817510255
  10
6.57269020378925
  20
41.54499623169329
  10
6.215107310925305
  20
41.77599443842303
  10
5.7971577343139415
  20
41.85688849377709
  10
5.379208157702749
  20
41.77599443842189
  10
5.0216252648395425
  20
41.54499623169124
  10
4.77605665776764
  20
41.197258175099705
  10
4.677971118538835
  20
40.78300592854521
  10
4.741535664081198
  20
40.36207215069976
  10
4.957569328476438
  20
39.995254549391916
  10
5.043864343983671
  20
39.891518749197985
  10
5.074326636088472
  20
39.84890435605155
  10
5.100289436920207
  20
39.80672232414099
  10
5.119040169183847
  20
39.76936257380248
  10
5.130685840187027
  20
39.73828767982354
  10
5.136322323255854
  20
39.7142316145397
  10
5.1390170180339965
  20
39.68089357842507
  10
5.139017018034167
  20
30.979453787652574
  10
5.112855045742947
  20
30.571482516658193
  10
5.034797457673733
  20
30.17019456556102
  10
5.026045008125152
  20
30.125198926085545
  10
5.023111506223074
  20
30.079453898907786
  10
5.023111506223074
  20
28.979428498857033
  10
5.026045008125152
  20
28.933683471679274
  10
5.034797457673733
  20
28.888687832203914
  10
5.080008253967321
  20
28.690551009960814
  10
5.112526876922175
  20
28.48994005415034
  10
5.009354625650019
  20
28.259670242785205
  10
4.8386043920623365
  20
28.073893341130315
  10
4.73786908870602
  20
27.94886934946237
  10
4.7018796037592665
  20
27.792397764795624
  10
4.70187960375921
  20
26.064406908813794
  10
4.737869088705963
  20
25.907935324147047
  10
4.8386043920623365
  20
25.782911332479102
  10
5.059940746341113
  20
25.508207637568717
  10
5.139017018034167
  20
25.164407048595876
  97
1
  330
1525
  75
0
  76
1
  47
0.4128176842155181
  98
1
  10
34.90568961886538
  20
22.81183545379326
  450
0
  451
0
  460
0
  461
0
  452
1
  462
1
  453
2
  463
0
  63
5
  421
255
  463
1
  63
7
  421
16777215
  470
LINEAR
  1001
ACAD
  1010
0
  1020
0
  1030
0
  0
HATCH
  5
1528
  100
AcDbEntity
  8
Top-Layer
  100
AcDbHatch
  10
0
  20
0
  30
0
  210
0
  220
0
  230
1
  2
SOLID
  70
1
  71
0
  91
1
  92
7
  72
0
  73
1
  93
71
  10
16.79567945135892
  20
9.77850303039952
  10
16.781784807737665
  20
9.775409339459202
  10
16.720375873729495
  20
9.76810011103737
  10
16.640798945858876
  20
9.763530206464225
  10
16.480037271868923
  20
9.75751783202793
  10
16.459168814029965
  20
9.756886739346555
  10
16.438313696115983
  20
9.75590956620681
  10
15.973292236856253
  20
9.638489501117988
  10
15.585935887132337
  20
9.355668908539997
  10
15.332469415425464
  20
8.948499193337625
  10
15.24968347638628
  20
8.476081033700552
  10
15.349594447852155
  20
8.006985918571104
  10
15.6177002537803
  20
7.6093029970303405
  10
16.015383175328793
  20
7.341197191095603
  10
16.484478290467962
  20
7.241286219626318
  10
16.95689645011538
  20
7.324072158666013
  10
17.364066165327074
  20
7.577538630377148
  10
17.646886757912057
  20
7.964894980108625
  10
17.76430682300446
  20
8.429916439377962
  10
17.76528399614193
  20
8.450771557257895
  10
17.765915088822283
  20
8.47164001506269
  10
17.771927463258862
  20
8.632401689068047
  10
17.77649736783178
  20
8.711978616933266
  10
17.783806596253783
  20
8.773387550942857
  10
17.79371630670937
  20
8.817894871752856
  10
17.80822904187704
  20
8.856719151934726
  10
17.81166484686588
  20
8.86331660177791
  10
17.819612762071586
  20
8.875780377895921
  10
17.829821657605407
  20
8.889034758364232
  10
17.848503086546202
  20
8.909354302836505
  10
17.91919593109793
  20
8.98004714738829
  10
18.06186290492508
  20
9.193563362560099
  10
18.111960883921824
  20
9.445422910845878
  10
18.111960883921768
  20
10.916045212090467
  10
18.196327152654305
  20
10.916045212090467
  10
18.375397510794983
  20
10.964026969942665
  10
18.506486111083575
  20
11.0951155702312
  10
18.554467868935717
  20
11.274185928371935
  10
18.554467868935717
  20
13.00217678435365
  10
18.506486111083575
  20
13.181247142494271
  10
18.375397510794983
  20
13.312335742782807
  10
18.196327152654305
  20
13.360317500635006
  10
18.111960883921768
  20
13.360317500635006
  10
18.111960883921768
  20
13.721087122174367
  10
18.196327152654305
  20
13.721087122174367
  10
18.375397510794983
  20
13.769068880026452
  10
18.506486111083575
  20
13.900157480314988
  10
18.554467868935717
  20
14.079227838455722
  10
18.554467868935717
  20
15.807218694437438
  10
18.506486111083575
  20
15.986289052578172
  10
18.375397510794983
  20
16.117377652866708
  10
18.196327152654305
  20
16.165359410718906
  10
16.711313182626327
  20
16.165359410718906
  10
16.532242824485593
  20
16.117377652866708
  10
16.401154224197
  20
15.986289052578172
  10
16.35317246634486
  20
15.807218694437438
  10
16.35317246634486
  20
14.079227838455722
  10
16.401154224197
  20
13.900157480314988
  10
16.532242824485593
  20
13.769068880026452
  10
16.711313182626327
  20
13.721087122174367
  10
16.795679451358865
  20
13.721087122174367
  10
16.795679451358865
  20
13.360317500635006
  10
16.711313182626327
  20
13.360317500635006
  10
16.532242824485593
  20
13.312335742782807
  10
16.401154224197
  20
13.181247142494271
  10
16.35317246634486
  20
13.00217678435365
  10
16.35317246634486
  20
11.274185928371935
  10
16.401154224197
  20
11.0951155702312
  10
16.532242824485593
  20
10.964026969942665
  10
16.711313182626327
  20
10.916045212090467
  10
16.79567945135892
  20
10.916045212090467
  97
1
  330
1527
  75
0
  76
1
  47
0.4128176842155181
  98
1
  10
34.90568961886538
  20
22.81183545379326
  450
0
  451
0
  460
0
  461
0
  452
1
  462
1
  453
2
  463
0
  63
5
  421
255
  463
1
  63
7
  421
16777215
  470
LINEAR
  1001
ACAD
  1010
0
  1020
0
  1030
0
  0
HATCH
  5
1530
  100
AcDbEntity
  8
Top-Layer
  100
AcDbHatch
  10
0
  20
0
  30
0
  210
0
  220
0
  230
1
  2
SOLID
  70
1
  71
0
  91
1
  92
7
  72
0
  73
1
  93
135
  10
31.498841757683522
  20
56.939099568199254
  10
31.1321766936793
  20
56.86616535228279
  10
30.821333061842665
  20
56.65846627775625
  10
24.080239212778906
  20
49.9173724286926
  10
23.625550669826566
  20
49.792093293280004
  10
23.248939602882388
  20
49.508190779876145
  10
23.003328561749527
  20
49.1055597461301
  10
22.9232315681798
  20
48.64077914790869
  10
23.01990409898559
  20
48.17916138974795
  10
23.279761431690133
  20
47.785574424133415
  10
23.66628761166845
  20
47.51532630655777
  10
24.12516678682408
  20
47.40639313681413
  10
24.59191583880937
  20
47.474082540214226
  10
25.0009457498889
  20
47.70888259282094
  10
25.29477837419796
  20
48.07779846636595
  10
25.432123444246827
  20
48.528988963379334
  10
25.56237075301857
  20
48.091501901393144
  10
25.84013633509909
  20
47.7292788040362
  10
26.228857944409526
  20
47.489999048723234
  10
26.677368207982795
  20
47.405158997350554
  10
27.126629780360872
  20
47.48592613442918
  10
27.517506421409223
  20
47.7216690926067
  10
27.79854709162379
  20
48.08135705811674
  10
27.932758445516868
  20
48.51764435260702
  10
28.066310512550388
  20
48.08262256069486
  10
28.345876718137617
  20
47.723564277485934
  10
28.734883721479832
  20
47.48744213663906
  10
29.182440944881932
  20
47.40514605029216
  10
29.629998168284033
  20
47.48744213663906
  10
30.01900517162619
  20
47.72356427748605
  10
30.29857137721342
  20
48.08262256069497
  10
30.432123444246884
  20
48.517644352607135
  10
30.568278629368365
  20
48.07764610678407
  10
30.85366453286605
  20
47.7161332068099
  10
31.250034815518006
  20
47.48155424399931
  10
31.70426943144264
  20
47.40534660357707
  10
32.155493575703645
  20
47.49772334523243
  10
32.54323589538899
  20
47.74630448749372
  10
32.81553263157576
  20
48.11777612601395
  10
32.935891605731
  20
48.56235503701089
  10
34.1942744401959
  20
49.82073787147567
  10
62.21513119861538
  20
49.82073787147567
  10
66.76452076821812
  20
45.27134830187299
  10
67.07536440005475
  20
45.06364922734656
  10
67.44202946405898
  20
44.990715011429984
  10
68.73340585407522
  20
44.990715011429984
  10
68.88278356353806
  20
44.98457991146256
  10
69.02253969394798
  20
44.96881334771297
  10
69.15653724602561
  20
44.945798859306365
  10
69.59368346867325
  20
44.83040128789446
  10
70.04084001683515
  20
44.897217759657224
  10
70.42515804915155
  20
45.13536281944073
  10
70.68402610777167
  20
45.5060388878469
  10
70.77527051054102
  20
45.94885699771396
  10
70.68402610777179
  20
46.39167510758091
  10
70.42515804915166
  20
46.76235117598708
  10
70.04084001683538
  20
47.00049623577081
  10
69.59368346867353
  20
47.067312707533574
  10
69.15653724602583
  20
46.9519151361219
  10
69.02253969394962
  20
46.92890064771552
  10
68.88278356353698
  20
46.9131340839657
  10
68.7334058540747
  20
46.90699898399805
  10
67.83890486945683
  20
46.90699898399805
  10
63.289515299854145
  20
51.45638855360073
  10
63.1975652926389
  20
51.53727097588762
  10
63.09604976905945
  20
51.60576454152897
  10
63.18414567664428
  20
51.60576454152897
  10
66.97855683629024
  20
47.81135338188324
  10
67.28940046812687
  20
47.60365430735669
  10
67.6560655321311
  20
47.53072009144023
  10
68.73340585407522
  20
47.53072009144023
  10
68.88278356353806
  20
47.52458499147269
  10
69.02253969394798
  20
47.5088184277231
  10
69.15653724602561
  20
47.4858039393165
  10
69.59368346867325
  20
47.37040636790471
  10
70.04084001683515
  20
47.437222839667356
  10
70.42515804915155
  20
47.675367899450976
  10
70.68402610777167
  20
48.046043967857145
  10
70.77527051054102
  20
48.48886207772409
  10
70.68402610777179
  20
48.93168018759104
  10
70.42515804915166
  20
49.302356255997324
  10
70.04084001683538
  20
49.54050131578094
  10
69.59368346867353
  20
49.60731778754382
  10
69.15653724602583
  20
49.49192021613203
  10
69.02253969394962
  20
49.468905727725655
  10
68.88278356353698
  20
49.453139163975834
  10
68.7334058540747
  20
49.4470040640083
  10
68.05294093752894
  20
49.4470040640083
  10
64.31315683796072
  20
53.18678816357635
  10
64.35716320267943
  20
53.18678816357635
  10
67.19259290436224
  20
50.35135846189348
  10
67.50343653619899
  20
50.14365938736694
  10
67.87010160020316
  20
50.07072517145036
  10
68.73340585407522
  20
50.07072517145036
  10
68.88278356353806
  20
50.064590071482826
  10
69.02253969394798
  20
50.04882350773323
  10
69.15653724602561
  20
50.02580901932663
  10
69.59368346867325
  20
49.91041144791484
  10
70.04084001683515
  20
49.97722791967749
  10
70.42515804915155
  20
50.21537297946111
  10
70.68402610777167
  20
50.58604904786728
  10
70.77527051054102
  20
51.028867157734226
  10
70.68402610777179
  20
51.47168526760129
  10
70.42515804915166
  20
51.84236133600746
  10
70.04084001683538
  20
52.080506395791076
  10
69.59368346867353
  20
52.14732286755395
  10
69.15653724602583
  20
52.03192529614216
  10
69.02253969394962
  20
52.00891080773579
  10
68.88278356353698
  20
51.99314424398608
  10
68.7334058540747
  20
51.98700914401843
  10
68.26697700560106
  20
51.98700914401843
  10
65.4315473039182
  20
54.8224388457013
  10
65.29410049678012
  20
54.93636506332507
  10
65.13790474357768
  20
55.02281559563119
  10
66.84616752068808
  20
55.02281559563119
  10
68.32581960748274
  20
53.543163508836415
  10
68.42715366271142
  20
53.43315244242626
  10
68.51482646989837
  20
53.32318172743783
  10
68.59330006309631
  20
53.21216578006761
  10
68.8208094304702
  20
52.821456214336536
  10
69.18424317487523
  20
52.552513115476586
  10
69.62439191142812
  20
52.449151774988195
  10
70.06954811062798
  20
52.52821146959002
  10
70.44718844425512
  20
52.776812063745865
  10
70.69578903841108
  20
53.15445239737301
  10
70.77484873301302
  20
53.59960859657281
  10
70.67148739252451
  20
54.03975733312575
  10
70.40254429366468
  20
54.40319107753078
  10
70.0118347279336
  20
54.63070044490473
  10
69.90081878056367
  20
54.70917403810245
  10
69.79084806557546
  20
54.796846845289
  10
69.68083699916366
  20
54.898180900519264
  10
67.92055162192679
  20
56.65846627775613
  10
67.6097079900901
  20
56.86616535228268
  10
67.24304292608588
  20
56.939099568199254
  97
1
  330
1529
  75
0
  76
1
  47
0.4128176842155181
  98
1
  10
34.90568961886538
  20
22.81183545379326
  450
0
  451
0
  460
0
  461
0
  452
1
  462
1
  453
2
  463
0
  63
5
  421
255
  463
1
  63
7
  421
16777215
  470
LINEAR
  1001
ACAD
  1010
0
  1020
0
  1030
0
  0
HATCH
  5
1532
  100
AcDbEntity
  8
Top-Layer
  100
AcDbHatch
  10
0
  20
0
  30
0
  210
0
  220
0
  230
1
  2
SOLID
  70
1
  71
0
  91
1
  92
7
  72
0
  73
1
  93
71
  10
73.19491462393836
  20
54.32880332731543
  10
73.14833267609805
  20
54.333765992367034
  10
73.0999813024219
  20
54.34223750346382
  10
73.05319704541552
  20
54.353867553119585
  10
73.01120631147177
  20
54.367833654258334
  10
72.97720060818557
  20
54.38264101666516
  10
72.95417707750954
  20
54.39577483733888
  10
72.93041072110788
  20
54.4139082289297
  10
72.56331038301511
  20
54.62677786256472
  10
72.14336959404437
  20
54.68781779138476
  10
71.73085789481746
  20
54.58826761733815
  10
71.38497860938986
  20
54.34241469572885
  10
71.15537203513412
  20
53.98554362627908
  10
71.07499110998214
  20
53.56887223774436
  10
71.15537203513423
  20
53.152200849209635
  10
71.3849786093902
  20
52.79532977975987
  10
71.73085789481792
  20
52.54947685815068
  10
72.14336959404483
  20
52.4499266841043
  10
72.56331038301556
  20
52.51096661292456
  10
72.93041072110833
  20
52.7238362465597
  10
72.95417707750954
  20
52.74196963815018
  10
72.9772006081858
  20
52.75510345882401
  10
73.01120631147165
  20
52.76991082123061
  10
73.05319704541563
  20
52.78387692236947
  10
73.0999813024228
  20
52.795506972025464
  10
73.14833267609839
  20
52.80397848312214
  10
73.19491462393722
  20
52.80894114817352
  10
73.24320217514065
  20
52.81073025146054
  10
99.06488847430211
  20
52.81073025146054
  10
99.68542985144853
  20
52.190190744935876
  10
99.93141716566168
  20
52.02591480319222
  10
100.22151699616762
  20
51.96813563627188
  10
100.42318004349437
  20
51.934828089904386
  10
100.60342222021785
  20
51.83844274334126
  10
100.7063529051423
  20
51.783400021766056
  10
100.82151638303282
  20
51.764378968758024
  10
102.52253238506484
  20
51.764378968758024
  10
102.63706120995761
  20
51.7831851584624
  10
102.73956207651094
  20
51.837628678355486
  10
102.79671789427806
  20
51.878420013078426
  10
102.85630302260614
  20
51.91557284574617
  10
102.91588815093422
  20
51.87842001307854
  10
102.97304396870123
  20
51.837628678355486
  10
103.07554483525456
  20
51.78318515846229
  10
103.19007366014733
  20
51.76437896875791
  10
104.89108966217935
  20
51.764378968758024
  10
105.07016002032009
  20
51.81236072661022
  10
105.20124862060862
  20
51.94344932689876
  10
105.24923037846071
  20
52.12251968503949
  10
105.24923037846071
  20
53.33003810007631
  10
105.20124862060862
  20
53.50910845821693
  10
105.07016002032009
  20
53.640197058505464
  10
104.89108966217935
  20
53.68817881635766
  10
103.19007366014733
  20
53.68817881635766
  10
103.07554483525456
  20
53.669372626653285
  10
102.97304396870123
  20
53.6149291067602
  10
102.91588815093411
  20
53.57413777203726
  10
102.85630302260603
  20
53.53698493936963
  10
102.79671789427795
  20
53.57413777203726
  10
102.73956207651094
  20
53.6149291067602
  10
102.63706120995761
  20
53.669372626653285
  10
102.52253238506484
  20
53.68817881635766
  10
100.82151638303282
  20
53.68817881635766
  10
100.7063522615594
  20
53.66915754479123
  10
100.60342114197414
  20
53.614114213972016
  10
100.54377415803793
  20
53.57355097611128
  10
100.47986391460034
  20
53.540105202952304
  10
99.91500702942534
  20
54.104960385366326
  10
99.66904834750852
  20
54.2693043202579
  10
99.37892049784097
  20
54.32701422402852
  10
73.24320217514042
  20
54.32701422402852
  97
1
  330
1531
  75
0
  76
1
  47
0.4128176842155181
  98
1
  10
34.90568961886538
  20
22.81183545379326
  450
0
  451
0
  460
0
  461
0
  452
1
  462
1
  453
2
  463
0
  63
5
  421
255
  463
1
  63
7
  421
16777215
  470
LINEAR
  1001
ACAD
  1010
0
  1020
0
  1030
0
  0
HATCH
  5
1534
  100
AcDbEntity
  8
Top-Layer
  100
AcDbHatch
  10
0
  20
0
  30
0
  210
0
  220
0
  230
1
  2
SOLID
  70
1
  71
0
  91
1
  92
7
  72
0
  73
1
  93
16
  10
72.19513335026664
  20
44.828714757429566
  10
72.62379322751582
  20
44.91398050841383
  10
72.98719352426525
  20
45.156796823715354
  10
73.23000983956678
  20
45.5201971204649
  10
73.31527559055115
  20
45.948856997714074
  10
73.23000983956678
  20
46.37751687496325
  10
72.98719352426525
  20
46.74091717171268
  10
72.62379322751582
  20
46.983733487014206
  10
72.19513335026664
  20
47.06899923799847
  10
71.76647347301747
  20
46.983733487014206
  10
71.40307317626804
  20
46.74091717171268
  10
71.16025686096651
  20
46.37751687496325
  10
71.07499110998225
  20
45.948856997714074
  10
71.16025686096651
  20
45.5201971204649
  10
71.40307317626804
  20
45.156796823715354
  10
71.76647347301747
  20
44.91398050841383
  97
1
  330
1533
  75
0
  76
1
  47
0.4128176842155181
  98
1
  10
34.90568961886538
  20
22.81183545379326
  450
0
  451
0
  460
0
  461
0
  452
1
  462
1
  453
2
  463
0
  63
5
  421
255
  463
1
  63
7
  421
16777215
  470
LINEAR
  1001
ACAD
  1010
0
  1020
0
  1030
0
  0
HATCH
  5
1536
  100
AcDbEntity
  8
Top-Layer
  100
AcDbHatch
  10
0
  20
0
  30
0
  210
0
  220
0
  230
1
  2
SOLID
  70
1
  71
0
  91
1
  92
7
  72
0
  73
1
  93
183
  10
95.65107553485717
  20
48.954237841181794
  10
95.43755931968536
  20
49.096904815009
  10
95.18569977139958
  20
49.14700279400563
  10
73.2509860253353
  20
49.14700279400563
  10
73.21764798921907
  20
49.149697488784
  10
73.19359192393568
  20
49.155333971852656
  10
73.16251702995652
  20
49.16697964285595
  10
73.1251572796179
  20
49.18573037511965
  10
73.0829752477078
  20
49.21169317595104
  10
73.04036085456215
  20
49.24215546805533
  10
72.9366250543672
  20
49.32845048356353
  10
72.56980745305935
  20
49.544484147958656
  10
72.14887367521402
  20
49.608048693500905
  10
71.73462142865964
  20
49.509963154272214
  10
71.38688337206821
  20
49.264394547200254
  10
71.15588516533757
  20
48.90681165433716
  10
71.07499110998214
  20
48.48886207772614
  10
71.15588516533597
  20
48.07091250111489
  10
71.38688337206548
  20
47.71332960825089
  10
71.734621428656
  20
47.467761001177905
  10
72.14887367521004
  20
47.369675461947736
  10
72.5698074530556
  20
47.43324000748839
  10
72.93662505436413
  20
47.64927367188227
  10
73.04036085456238
  20
47.7355686873932
  10
73.08297524770802
  20
47.76603097949737
  10
73.12515727961755
  20
47.79199378032854
  10
73.16251702995731
  20
47.810744512592805
  10
73.19359192393557
  20
47.822390183595644
  10
73.21764798921907
  20
47.828026666664414
  10
73.2509860253353
  20
47.830721361442784
  10
76.70294079714091
  20
47.830721361442784
  10
76.79345003189309
  20
47.825683343781634
  10
76.89382293417594
  20
47.81750698819758
  10
76.90359502127563
  20
47.81684532952386
  10
76.91338154742101
  20
47.816451141135076
  10
76.94995699100588
  20
47.8157918346742
  10
76.98651267089832
  20
47.81716297509229
  10
76.99471869499695
  20
47.81776501365505
  10
77.00291655125176
  20
47.81846959492259
  10
77.09147249795211
  20
47.825683343781634
  10
77.18198173270429
  20
47.830721361442784
  10
94.91308896076583
  20
47.830721361442784
  10
102.47243983217362
  20
40.271370490035
  10
102.68595604734543
  20
40.128703516207906
  10
102.9378155956312
  20
40.07860553721116
  10
106.14713691090975
  20
40.07860553721116
  10
106.180474947027
  20
40.07591084243279
  10
106.20453101230993
  20
40.07027435936425
  10
106.23560590628864
  20
40.05862868836107
  10
106.27296565662829
  20
40.0398779560968
  10
106.31514768853714
  20
40.013915155266204
  10
106.3577620816846
  20
39.983452863160664
  10
106.40794793623621
  20
39.9417046037488
  10
106.44969619564739
  20
39.89151874919787
  10
106.48015848775282
  20
39.848904356050525
  10
106.50612128858353
  20
39.80672232414179
  10
106.52487202084768
  20
39.769362573801914
  10
106.53651769185086
  20
39.7382876798232
  10
106.54215417491952
  20
39.71423161454004
  10
106.54484886969766
  20
39.680893578425184
  10
106.54484886969777
  20
30.974348622403795
  10
106.49155422067923
  20
30.60673083413883
  10
106.33605870851278
  20
30.269381899712016
  10
106.29303992230331
  20
30.176052227049468
  10
106.27829565659141
  20
30.074348488696955
  10
106.27829565659141
  20
28.9743230886462
  10
106.29303992230331
  20
28.87261935029369
  10
106.33605870851278
  20
28.779289677631027
  10
106.42972210060162
  20
28.608004917879498
  10
106.49656353308723
  20
28.424583210211154
  10
106.42331300721509
  20
28.278114244588096
  10
106.3206328144035
  20
28.15053848107698
  10
106.21765049530103
  20
28.15053848107698
  10
106.03858013716041
  20
28.10255672322478
  10
105.90749153687187
  20
27.971468122936244
  10
105.85950977901967
  20
27.792397764795624
  10
105.85950977901967
  20
26.064406908813794
  10
105.90749153687187
  20
25.885336550673173
  10
106.03858013716041
  20
25.754247950384638
  10
106.21765049530103
  20
25.70626619253244
  10
106.3206328144035
  20
25.70626619253244
  10
106.48658119980286
  20
25.45761515848926
  10
106.54484886969777
  20
25.16440690145612
  10
106.54484886969766
  20
21.175453076318263
  10
104.69279202238027
  20
19.323396229000878
  10
104.63908349050934
  20
19.2741555697462
  10
104.5993719035335
  20
19.244392725869147
  10
104.56766581443782
  20
19.225826775877294
  10
104.54164281765048
  20
19.21464234044481
  10
104.5173574034406
  20
19.207676319478878
  10
104.49017930600183
  20
19.203301953761752
  10
104.45614833588087
  20
19.201415825944878
  10
104.416074002539
  20
19.20251806984743
  10
104.29122606363597
  20
19.215677354182162
  10
104.14006906352739
  20
19.236134563334076
  10
104.13261690296628
  20
19.237063665129654
  10
104.12514689948836
  20
19.237836306841245
  10
103.95140293200035
  20
19.25396787910438
  10
103.94001417557496
  20
19.254842358372002
  10
103.92860332490153
  20
19.25535321433574
  10
103.83370619510737
  20
19.258086259801757
  10
103.82384074937562
  20
19.258234420301733
  10
103.81397496608275
  20
19.25811076335242
  10
103.80005507384243
  20
19.257744468811893
  10
103.21955826868344
  20
19.15906575338431
  10
102.7042249774409
  20
18.87420503546184
  10
102.3118885376104
  20
18.43513084166375
  10
102.08657895098355
  20
17.89111832356116
  10
102.05358161166515
  20
17.303219348161292
  10
102.2165996498307
  20
16.737410945156512
  10
102.5573383475193
  20
16.257191027227464
  10
103.03755826544744
  20
15.91645232953772
  10
103.60336666845188
  20
15.753434291370922
  10
104.19126564385186
  20
15.786431630687957
  10
104.73527816195491
  20
16.01174121731367
  10
105.17435235575391
  20
16.404077657143148
  10
105.45921307367752
  20
16.919410948385007
  10
105.55789178910658
  20
17.499907753543766
  10
105.55825808364699
  20
17.51382764578807
  10
105.5583817405963
  20
17.523693429080822
  10
105.55823358009644
  20
17.533558874812684
  10
105.55550053463031
  20
17.628456004607074
  10
105.55498967866669
  20
17.63986685528039
  10
105.55411519939895
  20
17.651255611705892
  10
105.53798362713582
  20
17.824999579193786
  10
105.53721098542434
  20
17.832469582671706
  10
105.53628188362876
  20
17.83992174323282
  10
105.5158246744765
  20
17.991078743344247
  10
105.50266539014189
  20
18.1159266822433
  10
105.50156314623956
  20
18.156001015585503
  10
105.50344927405655
  20
18.190031985707606
  10
105.50782363977345
  20
18.21721008314546
  10
105.51478966073972
  20
18.241495497356595
  10
105.52597409617198
  20
18.26751849414336
  10
105.54454004616406
  20
18.299224583239607
  10
105.57430289004043
  20
18.33893617021431
  10
105.62354354929658
  20
18.392644702086727
  10
107.66836534943678
  20
20.437466502226926
  10
107.81103232326387
  20
20.650982717398733
  10
107.86113030226062
  20
20.902842265684512
  10
107.86113030226062
  20
25.164407018871998
  10
107.90314690511781
  20
25.547777646926875
  10
108.02720213704112
  20
25.912947104580894
  10
108.05230351268068
  20
25.986835591784484
  10
108.06080518161042
  20
26.064406908813794
  10
108.0608051816103
  20
27.792397764795624
  10
108.05230351268057
  20
27.869969081824934
  10
108.02720213704112
  20
27.943857569028523
  10
107.93829503111186
  20
28.1754760790825
  10
107.88264696286325
  20
28.41725056116138
  10
107.92132455573432
  20
28.645867308196102
  10
107.97916821223583
  20
28.87040168110491
  10
107.99070392649611
  20
28.921794305028925
  10
107.99457708915423
  20
28.9743230886462
  10
107.99457708915423
  20
30.074348488696955
  10
107.99070392649611
  20
30.126877272314232
  10
107.97916821223583
  20
30.17826989623825
  10
107.89080016688041
  20
30.571957437006404
  10
107.86113030226062
  20
30.974348404014222
  10
107.86113030226062
  20
39.680893578423934
  10
107.86382499703888
  20
39.71423161454004
  10
107.86946148010753
  20
39.73828767982309
  10
107.88110715111071
  20
39.76936257380203
  10
107.89985788337498
  20
39.80672232414179
  10
107.92582068420558
  20
39.84890435605064
  10
107.956282976311
  20
39.89151874919776
  10
108.04257799182056
  20
39.995254549394645
  10
108.25666287796042
  20
40.356626230033385
  10
108.32259425403248
  20
40.77144532758109
  10
108.23110172772152
  20
41.181385503302295
  10
107.9950497599769
  20
41.52880642749221
  10
107.6476288357864
  20
41.76485839523605
  10
107.23768866006498
  20
41.856350921546095
  10
106.82286956251738
  20
41.79041954547313
  10
106.46149788187921
  20
41.57633465933236
  10
106.35776208168471
  20
41.49003964382439
  10
106.31514768853714
  20
41.45957735171885
  10
106.27296565662851
  20
41.43361455088825
  10
106.23560590628864
  20
41.414863818623985
  10
106.20453101231004
  20
41.40321814762092
  10
106.18047494702665
  20
41.39758166455226
  10
106.14713691091191
  20
41.39488696977412
  10
103.21042640626496
  20
41.39488696977412
  97
1
  330
1535
  75
0
  76
1
  47
0.4128176842155181
  98
1
  10
34.90568961886538
  20
22.81183545379326
  450
0
  451
0
  460
0
  461
0
  452
1
  462
1
  453
2
  463
0
  63
5
  421
255
  463
1
  63
7
  421
16777215
  470
LINEAR
  1001
ACAD
  1010
0
  1020
0
  1030
0
  0
HATCH
  5
1538
  100
AcDbEntity
  8
Top-Layer
  100
AcDbHatch
  10
0
  20
0
  30
0
  210
0
  220
0
  230
1
  2
SOLID
  70
1
  71
0
  91
1
  92
7
  72
0
  73
1
  93
67
  10
106.54484886969766
  20
44.33260400857
  10
106.54215417491952
  20
44.29926597245526
  10
106.53651769185075
  20
44.27520990717176
  10
106.5248720208478
  20
44.2441350131935
  10
106.50612128858353
  20
44.20677526285351
  10
106.48015848775293
  20
44.164593230944774
  10
106.44969619564728
  20
44.12197883779743
  10
106.36340118014112
  20
44.018243037604634
  10
106.14736751574532
  20
43.65142543629702
  10
106.0838029702025
  20
43.23049165845168
  10
106.18188850943073
  20
42.81623941189696
  10
106.42745711650224
  20
42.46850135530508
  10
106.78504000936533
  20
42.23750314857398
  10
107.20298958597647
  20
42.15660909321832
  10
107.62093916258806
  20
42.237503148572046
  10
107.97852205545217
  20
42.46850135530144
  10
108.22409066252538
  20
42.816239411892184
  10
108.32217620175555
  20
43.23049165844634
  10
108.25861165621478
  20
43.65142543629213
  10
108.04257799182056
  20
44.01824303760077
  10
107.95628297631112
  20
44.12197883779743
  10
107.92582068420558
  20
44.16459323094466
  10
107.89985788337509
  20
44.20677526285351
  10
107.88110715111048
  20
44.24413501319373
  10
107.86946148010765
  20
44.27520990717153
  10
107.86382499703888
  20
44.29926597245526
  10
107.86113030226062
  20
44.332604008571366
  10
107.86113030226062
  20
46.85303530607064
  10
107.8110323781163
  20
47.104894721930805
  10
107.66836555214508
  20
47.31841086681982
  10
105.48167692829048
  20
49.505101395629936
  10
105.30878007589928
  20
49.84706562321901
  10
105.24923037846071
  20
50.22559790460639
  10
105.24923037846071
  20
50.37245618491238
  10
105.20124862060862
  20
50.551526543053114
  10
105.07016002032009
  20
50.68261514334165
  10
104.89108966217935
  20
50.730596901193735
  10
103.19007366014733
  20
50.730596901193735
  10
103.07554483525456
  20
50.71179071148936
  10
102.97304396870123
  20
50.657347191596386
  10
102.91588815093422
  20
50.61655585687333
  10
102.85630302260614
  20
50.5794030242057
  10
102.79671789427806
  20
50.61655585687345
  10
102.73956207651094
  20
50.657347191596386
  10
102.63706120995761
  20
50.71179071148936
  10
102.52253238506484
  20
50.730596901193735
  10
100.82151638303282
  20
50.730596901193735
  10
100.64244602489208
  20
50.68261514334165
  10
100.51135742460355
  20
50.551526543053114
  10
100.46337566675146
  20
50.37245618491238
  10
100.46337566675146
  20
49.164937769875564
  10
100.51135742460355
  20
48.98586741173483
  10
100.64244602489208
  20
48.854778811446295
  10
100.82151638303282
  20
48.80679705359421
  10
102.52253238506484
  20
48.80679705359421
  10
102.63706120995761
  20
48.82560324329859
  10
102.73956207651094
  20
48.88004676319156
  10
102.79671789427795
  20
48.9208380979145
  10
102.85630302260603
  20
48.95799093058224
  10
102.91588815093411
  20
48.9208380979145
  10
102.97304396870123
  20
48.88004676319156
  10
103.07554483525456
  20
48.82560324329859
  10
103.19007366014733
  20
48.80679705359421
  10
103.83042898233185
  20
48.80679705359432
  10
104.20896420681498
  20
48.747245654301764
  10
104.55093013475488
  20
48.574345135330645
  10
106.54484886969766
  20
46.58042466336599
  97
1
  330
1537
  75
0
  76
1
  47
0.4128176842155181
  98
1
  10
34.90568961886538
  20
22.81183545379326
  450
0
  451
0
  460
0
  461
0
  452
1
  462
1
  453
2
  463
0
  63
5
  421
255
  463
1
  63
7
  421
16777215
  470
LINEAR
  1001
ACAD
  1010
0
  1020
0
  1030
0
  0
LWPOLYLINE
  5
1539
  100
AcDbEntity
  8
Top-Layer
  100
AcDbPolyline
  90
2
  70
0
  43
1.2000025400050804
  10
67.44202946405898
  20
45.948856997714074
  10
69.65512827025651
  20
45.948856997714074
  0
LWPOLYLINE
  5
1540
  100
AcDbEntity
  8
Top-Layer
  100
AcDbPolyline
  90
2
  70
0
  43
1.2000025400050804
  10
62.61200660401329
  20
50.77887985775965
  10
67.44202946405898
  20
45.948856997714074
  0
LWPOLYLINE
  5
1541
  100
AcDbEntity
  8
Top-Layer
  100
AcDbPolyline
  90
2
  70
0
  43
1.2000025400050804
  10
69.65512827025651
  20
48.48886207772421
  10
67.6560655321311
  20
48.48886207772421
  0
LWPOLYLINE
  5
1542
  100
AcDbEntity
  8
Top-Layer
  100
AcDbPolyline
  90
2
  70
0
  43
1.2000025400050804
  10
67.6560655321311
  20
48.48886207772421
  10
63.581021082042184
  20
52.56390652781306
  0
LWPOLYLINE
  5
1543
  100
AcDbEntity
  8
Top-Layer
  100
AcDbPolyline
  90
2
  70
0
  43
1.2000025400050804
  10
69.65512827025651
  20
51.02886715773434
  10
67.87010160020316
  20
51.02886715773434
  0
LWPOLYLINE
  5
1544
  100
AcDbEntity
  8
Top-Layer
  100
AcDbPolyline
  90
2
  70
0
  43
1.2000025400050804
  10
67.87010160020316
  20
51.02886715773434
  10
64.75403860807728
  20
54.14493014986044
  0
LWPOLYLINE
  5
1545
  100
AcDbEntity
  8
Top-Layer
  100
AcDbPolyline
  90
2
  70
0
  43
1.2000025400050804
  10
24.181170942341907
  20
48.663286766573606
  10
31.498841757683522
  20
55.98095758191528
  0
LWPOLYLINE
  5
1546
  100
AcDbEntity
  8
Top-Layer
  100
AcDbPolyline
  90
2
  70
0
  43
1.2000025400050804
  10
67.24304292608588
  20
55.98095758191528
  10
69.65512827025651
  20
53.568872237744586
  0
LWPOLYLINE
  5
1547
  100
AcDbEntity
  8
Top-Layer
  100
AcDbPolyline
  90
2
  70
0
  43
1.2000025400050804
  10
31.498841757683522
  20
55.98095758191528
  10
67.24304292608588
  20
55.98095758191528
  0
LWPOLYLINE
  5
1551
  100
AcDbEntity
  8
Top-Layer
  100
AcDbPolyline
  90
2
  70
0
  43
0.6000000000000001
  10
13.93819405638817
  20
44.8596393192787
  10
13.93819405638817
  20
42.488105156210395
  0
LWPOLYLINE
  5
1552
  100
AcDbEntity
  8
Top-Layer
  100
AcDbPolyline
  90
2
  70
0
  43
0.6000000000000001
  10
13.93819405638817
  20
42.488105156210395
  10
6.585803911607911
  20
42.488105156210395
  0
LWPOLYLINE
  5
1553
  100
AcDbEntity
  8
Top-Layer
  100
AcDbPolyline
  90
2
  70
0
  43
0.6000000000000001
  10
6.585803911607911
  20
42.488105156210395
  10
5.797157734315476
  20
43.27675133350283
  0
LWPOLYLINE
  5
1554
  100
AcDbEntity
  8
Top-Layer
  100
AcDbPolyline
  90
2
  70
0
  43
0.8000025400050801
  10
72.19513335026664
  20
53.568872237744586
  10
99.37892049784097
  20
53.568872237744586
  0
LWPOLYLINE
  5
1555
  100
AcDbEntity
  8
Top-Layer
  100
AcDbPolyline
  90
2
  70
0
  43
0.8000025400050801
  10
99.37892049784097
  20
53.568872237744586
  10
100.22151638303279
  20
52.72627889255773
  0
LWPOLYLINE
  5
1556
  100
AcDbEntity
  8
Top-Layer
  100
AcDbPolyline
  90
2
  70
0
  43
0.8000025400050801
  10
100.22151638303279
  20
52.72627889255773
  10
101.67202438404883
  20
52.72627889255773
  0
LWPOLYLINE
  5
1557
  100
AcDbEntity
  8
Top-Layer
  100
AcDbPolyline
  90
2
  70
0
  43
0.6000000000000001
  10
104.04058166116334
  20
52.72627889255773
  10
101.67202438404883
  20
52.72627889255773
  0
LWPOLYLINE
  5
1558
  100
AcDbEntity
  8
Top-Layer
  100
AcDbPolyline
  90
2
  70
0
  43
0.6000000000000001
  10
107.2029895859792
  20
43.27675133350283
  10
107.2029895859792
  20
46.85303530607064
  0
LWPOLYLINE
  5
1559
  100
AcDbEntity
  8
Top-Layer
  100
AcDbPolyline
  90
2
  70
0
  43
0.6000000000000001
  10
104.287330454661
  20
49.768696977393915
  10
104.04058166116334
  20
49.768696977393915
  0
LWPOLYLINE
  5
1560
  100
AcDbEntity
  8
Top-Layer
  100
AcDbPolyline
  90
2
  70
0
  43
0.6000000000000001
  10
107.2029895859792
  20
46.85303530607064
  10
104.287330454661
  20
49.768696977393915
  0
LWPOLYLINE
  5
1561
  100
AcDbEntity
  8
Top-Layer
  100
AcDbPolyline
  90
2
  70
0
  43
0.6000000000000001
  10
104.04058166116334
  20
49.768696977393915
  10
101.67202438404883
  20
49.768696977393915
  0
LWPOLYLINE
  5
1562
  100
AcDbEntity
  8
Top-Layer
  100
AcDbPolyline
  90
2
  70
0
  43
0.6000000000000001
  10
95.18569977139958
  20
48.48886207772421
  10
102.9378155956312
  20
40.73674625349258
  0
LWPOLYLINE
  5
1563
  100
AcDbEntity
  8
Top-Layer
  100
AcDbPolyline
  90
2
  70
0
  43
0.6000000000000001
  10
102.9378155956312
  20
40.73674625349258
  10
107.2029895859792
  20
40.73674625349258
  0
LWPOLYLINE
  5
1571
  100
AcDbEntity
  8
Top-Layer
  100
AcDbPolyline
  90
2
  70
0
  43
0.6000000000000001
  10
16.895775971551927
  20
42.241356362712736
  10
16.895775971551927
  20
42.488105156210395
  0
LWPOLYLINE
  5
1572
  100
AcDbEntity
  8
Top-Layer
  100
AcDbPolyline
  90
2
  70
0
  43
0.6000000000000001
  10
16.50764541529088
  20
48.68784861569725
  10
16.50764541529088
  20
45.2477698755398
  0
LWPOLYLINE
  5
1573
  100
AcDbEntity
  8
Top-Layer
  100
AcDbPolyline
  90
2
  70
0
  43
0.6000000000000001
  10
16.50764541529088
  20
45.2477698755398
  10
16.895775971551927
  20
44.8596393192787
  0
LWPOLYLINE
  5
1574
  100
AcDbEntity
  8
Top-Layer
  100
AcDbPolyline
  90
2
  70
0
  43
0.6000000000000001
  10
16.895775971551927
  20
44.8596393192787
  10
16.895775971551927
  20
42.488105156210395
  0
LWPOLYLINE
  5
1581
  100
AcDbEntity
  8
Top-Layer
  100
AcDbPolyline
  90
2
  70
0
  43
1.2000025400050804
  10
32.16471932943858
  20
54.14493014986044
  10
26.683075946151916
  20
48.663286766573606
  0
LWPOLYLINE
  5
1582
  100
AcDbEntity
  8
Top-Layer
  100
AcDbPolyline
  90
2
  70
0
  43
1.2000025400050804
  10
32.16471932943858
  20
54.14493014986044
  10
64.75403860807728
  20
54.14493014986044
  0
LWPOLYLINE
  5
1583
  100
AcDbEntity
  8
Top-Layer
  100
AcDbPolyline
  90
2
  70
0
  43
1.2000025400050804
  10
33.0830607061215
  20
52.56390652781306
  10
29.182440944881876
  20
48.663286766573606
  0
LWPOLYLINE
  5
1584
  100
AcDbEntity
  8
Top-Layer
  100
AcDbPolyline
  90
2
  70
0
  43
1.2000025400050804
  10
33.0830607061215
  20
52.56390652781306
  10
63.581021082042184
  20
52.56390652781306
  0
LWPOLYLINE
  5
1585
  100
AcDbEntity
  8
Top-Layer
  100
AcDbPolyline
  90
2
  70
0
  43
1.2000025400050804
  10
31.68180594361189
  20
48.663286766573606
  10
33.797399034798104
  20
50.77887985775965
  0
LWPOLYLINE
  5
1586
  100
AcDbEntity
  8
Top-Layer
  100
AcDbPolyline
  90
2
  70
0
  43
1.2000025400050804
  10
33.797399034798104
  20
50.77887985775965
  10
62.61200660401329
  20
50.77887985775965
  0
LWPOLYLINE
  5
1587
  100
AcDbEntity
  8
Top-Layer
  100
AcDbPolyline
  90
2
  70
0
  43
0.6000000000000001
  10
73.83141478282965
  20
43.2207493014987
  10
71.51327660655323
  20
40.90261112522239
  0
LWPOLYLINE
  5
1588
  100
AcDbEntity
  8
Top-Layer
  100
AcDbPolyline
  90
2
  70
0
  43
0.6000000000000001
  10
71.51327660655323
  20
40.90261112522239
  10
18.234521209042384
  20
40.90261112522239
  0
LWPOLYLINE
  5
1589
  100
AcDbEntity
  8
Top-Layer
  100
AcDbPolyline
  90
2
  70
0
  43
0.6000000000000001
  10
18.234521209042384
  20
40.90261112522239
  10
16.895775971551927
  20
42.241356362712736
  0
LWPOLYLINE
  5
1590
  100
AcDbEntity
  8
Top-Layer
  100
AcDbPolyline
  90
2
  70
0
  43
0.6000000000000001
  10
5.797157734315476
  20
40.73674625349258
  10
5.797157734315476
  20
20.90292100584213
  0
LWPOLYLINE
  5
1591
  100
AcDbEntity
  8
Top-Layer
  100
AcDbPolyline
  90
2
  70
0
  43
0.6000000000000001
  10
5.797157734315476
  20
20.90292100584213
  10
9.20001778003558
  20
17.500060960121914
  0
LWPOLYLINE
  5
1592
  100
AcDbEntity
  8
Top-Layer
  100
AcDbPolyline
  90
2
  70
0
  43
0.6000000000000001
  10
107.2029895859792
  20
40.73674625349258
  10
107.2029895859792
  20
20.902842265684512
  0
LWPOLYLINE
  5
1593
  100
AcDbEntity
  8
Top-Layer
  100
AcDbPolyline
  90
2
  70
0
  43
0.6000000000000001
  10
107.2029895859792
  20
20.902842265684512
  10
103.8002082804166
  20
17.500060960121914
  0
LWPOLYLINE
  5
1594
  100
AcDbEntity
  8
Top-Layer
  100
AcDbPolyline
  90
2
  70
0
  43
0.6000000000000001
  10
72.19513335026664
  20
48.48886207772421
  10
95.18569977139958
  20
48.48886207772421
  0
LWPOLYLINE
  5
1595
  100
AcDbEntity
  8
Top-Layer
  100
AcDbPolyline
  90
2
  70
0
  43
0.6000000000000001
  10
11.508915417830849
  20
48.68784861569725
  10
11.508915417830849
  20
46.33087630175271
  0
LWPOLYLINE
  5
1596
  100
AcDbEntity
  8
Top-Layer
  100
AcDbPolyline
  90
2
  70
0
  43
0.6000000000000001
  10
11.508915417830849
  20
46.33087630175271
  10
11.282727965455933
  20
46.10468884937768
  0
LWPOLYLINE
  5
1597
  100
AcDbEntity
  8
Top-Layer
  100
AcDbPolyline
  90
2
  70
0
  43
0.6000000000000001
  10
11.282727965455933
  20
46.10468884937768
  10
11.282727965455933
  20
43.93938023876058
  0
LWPOLYLINE
  5
1598
  100
AcDbEntity
  8
Top-Layer
  100
AcDbPolyline
  90
2
  70
0
  43
0.6000000000000001
  10
11.282727965455933
  20
43.93938023876058
  10
11.255003810007679
  20
43.91165608331221
  0
LWPOLYLINE
  5
1599
  100
AcDbEntity
  8
Top-Layer
  100
AcDbPolyline
  90
2
  70
0
  43
0.6000000000000001
  10
16.895775971551927
  20
42.241356362712736
  10
16.895775971551927
  20
22.86286512573031
  0
LWPOLYLINE
  5
1600
  100
AcDbEntity
  8
Top-Layer
  100
AcDbPolyline
  90
2
  70
0
  43
0.6000000000000001
  10
16.50764541529088
  20
8.499248158496357
  10
17.453820167640345
  20
9.445422910845878
  0
LWPOLYLINE
  5
1601
  100
AcDbEntity
  8
Top-Layer
  100
AcDbPolyline
  90
2
  70
0
  43
0.6000000000000001
  10
11.934178308356593
  20
8.924511049022158
  10
11.508915417830849
  20
8.499248158496357
  0
LWPOLYLINE
  5
1602
  100
AcDbEntity
  8
Top-Layer
  100
AcDbPolyline
  90
2
  70
0
  43
0.6000000000000001
  10
11.934178308356593
  20
17.901267462534975
  10
16.895775971551927
  20
22.86286512573031
  0
LWPOLYLINE
  5
1603
  100
AcDbEntity
  8
Top-Layer
  100
AcDbPolyline
  90
2
  70
0
  43
0.6000000000000001
  10
11.934178308356593
  20
17.901267462534975
  10
11.934178308356593
  20
8.924511049022158
  0
LWPOLYLINE
  5
1604
  100
AcDbEntity
  8
Top-Layer
  100
AcDbPolyline
  90
2
  70
0
  43
0.6000000000000001
  10
17.453820167640345
  20
14.94322326644658
  10
17.453820167640345
  20
12.138181356362793
  0
LWPOLYLINE
  5
1605
  100
AcDbEntity
  8
Top-Layer
  100
AcDbPolyline
  90
2
  70
0
  43
0.6000000000000001
  10
17.453820167640345
  20
9.445422910845878
  10
17.453820167640345
  20
12.138181356362793
  0
LWPOLYLINE
  5
1606
  100
AcDbEntity
  8
Top-Layer
  100
AcDbPolyline
  90
2
  70
0
  43
0.6000000000000001
  10
11.508915417830849
  20
48.68784861569725
  10
9.490447040894082
  20
50.70631699263413
  0
LWPOLYLINE
  5
1607
  100
AcDbEntity
  8
Top-Layer
  100
AcDbPolyline
  90
2
  70
0
  43
0.6000000000000001
  10
9.490447040894082
  20
50.70631699263413
  10
5.559083058166095
  20
50.70631699263413
  0
HATCH
  5
1611
  100
AcDbEntity
  8
Top-Layer
  100
AcDbHatch
  10
0
  20
0
  30
0
  210
0
  220
0
  230
1
  2
SOLID
  70
1
  71
0
  91
1
  92
7
  72
0
  73
1
  93
4
  10
15.707543815087604
  20
47.787416814833705
  10
15.707543815087604
  20
49.588280416560906
  10
17.307747015494044
  20
49.588280416560906
  10
17.307747015494044
  20
47.787416814833705
  97
1
  330
1610
  75
0
  76
1
  47
0.4128176842155181
  98
1
  10
34.90568961886538
  20
22.81183545379326
  450
0
  451
0
  460
0
  461
0
  452
1
  462
1
  453
2
  463
0
  63
5
  421
255
  463
1
  63
7
  421
16777215
  470
LINEAR
  1001
ACAD
  1010
0
  1020
0
  1030
0
  0
HATCH
  5
1631
  100
AcDbEntity
  8
Top-Layer
  100
AcDbHatch
  10
0
  20
0
  30
0
  210
0
  220
0
  230
1
  2
SOLID
  70
1
  71
0
  91
1
  92
7
  72
1
  73
1
  93
2
  10
13.107848615697263
  20
48.68784861569725
  42
1
  10
14.908712217424467
  20
48.68784861569725
  42
1
  97
1
  330
1630
  75
0
  76
1
  47
0.8681437583925616
  98
1
  10
3.629517071192367
  20
33.92795499968543
  450
0
  451
0
  460
0
  461
0
  452
1
  462
1
  453
2
  463
0
  63
5
  421
255
  463
1
  63
7
  421
16777215
  470
LINEAR
  1001
ACAD
  1010
0
  1020
0
  1030
0
  0
HATCH
  5
1651
  100
AcDbEntity
  8
Top-Layer
  100
AcDbHatch
  10
0
  20
0
  30
0
  210
0
  220
0
  230
1
  2
SOLID
  70
1
  71
0
  91
1
  92
7
  72
1
  73
1
  93
2
  10
10.608483616967247
  20
48.68784861569725
  42
1
  10
12.409347218694451
  20
48.68784861569725
  42
1
  97
1
  330
1650
  75
0
  76
1
  47
0.8681437583925616
  98
1
  10
3.629517071192367
  20
33.92795499968543
  450
0
  451
0
  460
0
  461
0
  452
1
  462
1
  453
2
  463
0
  63
5
  421
255
  463
1
  63
7
  421
16777215
  470
LINEAR
  1001
ACAD
  1010
0
  1020
0
  1030
0
  0
HATCH
  5
1671
  100
AcDbEntity
  8
Top-Layer
  100
AcDbHatch
  10
0
  20
0
  30
0
  210
0
  220
0
  230
1
  2
SOLID
  70
1
  71
0
  91
1
  92
7
  72
1
  73
1
  93
2
  10
23.281170942341852
  20
48.663286766573606
  42
1
  10
25.08117094234185
  20
48.663286766573606
  42
1
  97
1
  330
1670
  75
0
  76
1
  47
0.8681437583925616
  98
1
  10
3.629517071192367
  20
33.92795499968543
  450
0
  451
0
  460
0
  461
0
  452
1
  462
1
  453
2
  463
0
  63
5
  421
255
  463
1
  63
7
  421
16777215
  470
LINEAR
  1001
ACAD
  1010
0
  1020
0
  1030
0
  0
HATCH
  5
1691
  100
AcDbEntity
  8
Top-Layer
  100
AcDbHatch
  10
0
  20
0
  30
0
  210
0
  220
0
  230
1
  2
SOLID
  70
1
  71
0
  91
1
  92
7
  72
1
  73
1
  93
2
  10
25.783075946151918
  20
48.663286766573606
  42
1
  10
27.583075946151915
  20
48.663286766573606
  42
1
  97
1
  330
1690
  75
0
  76
1
  47
0.8681437583925616
  98
1
  10
3.629517071192367
  20
33.92795499968543
  450
0
  451
0
  460
0
  461
0
  452
1
  462
1
  453
2
  463
0
  63
5
  421
255
  463
1
  63
7
  421
16777215
  470
LINEAR
  1001
ACAD
  1010
0
  1020
0
  1030
0
  0
HATCH
  5
1711
  100
AcDbEntity
  8
Top-Layer
  100
AcDbHatch
  10
0
  20
0
  30
0
  210
0
  220
0
  230
1
  2
SOLID
  70
1
  71
0
  91
1
  92
7
  72
1
  73
1
  93
2
  10
28.282440944881877
  20
48.663286766573606
  42
1
  10
30.082440944881874
  20
48.663286766573606
  42
1
  97
1
  330
1710
  75
0
  76
1
  47
0.8681437583925616
  98
1
  10
3.629517071192367
  20
33.92795499968543
  450
0
  451
0
  460
0
  461
0
  452
1
  462
1
  453
2
  463
0
  63
5
  421
255
  463
1
  63
7
  421
16777215
  470
LINEAR
  1001
ACAD
  1010
0
  1020
0
  1030
0
  0
HATCH
  5
1731
  100
AcDbEntity
  8
Top-Layer
  100
AcDbHatch
  10
0
  20
0
  30
0
  210
0
  220
0
  230
1
  2
SOLID
  70
1
  71
0
  91
1
  92
7
  72
1
  73
1
  93
2
  10
30.781805943611893
  20
48.663286766573606
  42
1
  10
32.58180594361189
  20
48.663286766573606
  42
1
  97
1
  330
1730
  75
0
  76
1
  47
0.8681437583925616
  98
1
  10
3.629517071192367
  20
33.92795499968543
  450
0
  451
0
  460
0
  461
0
  452
1
  462
1
  453
2
  463
0
  63
5
  421
255
  463
1
  63
7
  421
16777215
  470
LINEAR
  1001
ACAD
  1010
0
  1020
0
  1030
0
  0
HATCH
  5
1751
  100
AcDbEntity
  8
Top-Layer
  100
AcDbHatch
  10
0
  20
0
  30
0
  210
0
  220
0
  230
1
  2
SOLID
  70
1
  71
0
  91
1
  92
7
  72
1
  73
1
  93
2
  10
106.44098806197614
  20
40.73674625349258
  42
1
  10
107.96499110998225
  20
40.73674625349258
  42
1
  97
1
  330
1750
  75
0
  76
1
  47
0.8681437583925616
  98
1
  10
3.629517071192367
  20
33.92795499968543
  450
0
  451
0
  460
0
  461
0
  452
1
  462
1
  453
2
  463
0
  63
5
  421
255
  463
1
  63
7
  421
16777215
  470
LINEAR
  1001
ACAD
  1010
0
  1020
0
  1030
0
  0
HATCH
  5
1771
  100
AcDbEntity
  8
Top-Layer
  100
AcDbHatch
  10
0
  20
0
  30
0
  210
0
  220
0
  230
1
  2
SOLID
  70
1
  71
0
  91
1
  92
7
  72
1
  73
1
  93
2
  10
106.44098806197614
  20
43.27675133350283
  42
1
  10
107.96499110998225
  20
43.27675133350283
  42
1
  97
1
  330
1770
  75
0
  76
1
  47
0.8681437583925616
  98
1
  10
3.629517071192367
  20
33.92795499968543
  450
0
  451
0
  460
0
  461
0
  452
1
  462
1
  453
2
  463
0
  63
5
  421
255
  463
1
  63
7
  421
16777215
  470
LINEAR
  1001
ACAD
  1010
0
  1020
0
  1030
0
  0
HATCH
  5
1791
  100
AcDbEntity
  8
Top-Layer
  100
AcDbHatch
  10
0
  20
0
  30
0
  210
0
  220
0
  230
1
  2
SOLID
  70
1
  71
0
  91
1
  92
7
  72
1
  73
1
  93
2
  10
5.0351562103124285
  20
40.73674625349258
  42
1
  10
6.559159258318524
  20
40.73674625349258
  42
1
  97
1
  330
1790
  75
0
  76
1
  47
0.8681437583925616
  98
1
  10
3.629517071192367
  20
33.92795499968543
  450
0
  451
0
  460
0
  461
0
  452
1
  462
1
  453
2
  463
0
  63
5
  421
255
  463
1
  63
7
  421
16777215
  470
LINEAR
  1001
ACAD
  1010
0
  1020
0
  1030
0
  0
HATCH
  5
1811
  100
AcDbEntity
  8
Top-Layer
  100
AcDbHatch
  10
0
  20
0
  30
0
  210
0
  220
0
  230
1
  2
SOLID
  70
1
  71
0
  91
1
  92
7
  72
1
  73
1
  93
2
  10
5.0351562103124285
  20
43.27675133350283
  42
1
  10
6.559159258318524
  20
43.27675133350283
  42
1
  97
1
  330
1810
  75
0
  76
1
  47
0.8681437583925616
  98
1
  10
3.629517071192367
  20
33.92795499968543
  450
0
  451
0
  460
0
  461
0
  452
1
  462
1
  453
2
  463
0
  63
5
  421
255
  463
1
  63
7
  421
16777215
  470
LINEAR
  1001
ACAD
  1010
0
  1020
0
  1030
0
  0
HATCH
  5
1829
  100
AcDbEntity
  8
Top-Layer
  100
AcDbHatch
  10
0
  20
0
  30
0
  210
0
  220
0
  230
1
  2
SOLID
  70
1
  71
0
  91
1
  92
7
  72
0
  73
1
  93
4
  10
16.292016764033463
  20
41.637597155194385
  10
16.292016764033463
  20
43.338613157226405
  10
17.49953517907028
  20
43.338613157226405
  10
17.49953517907028
  20
41.637597155194385
  97
1
  330
1828
  75
0
  76
1
  47
0.4128176842155181
  98
1
  10
34.90568961886538
  20
22.81183545379326
  450
0
  451
0
  460
0
  461
0
  452
1
  462
1
  453
2
  463
0
  63
5
  421
255
  463
1
  63
7
  421
16777215
  470
LINEAR
  1001
ACAD
  1010
0
  1020
0
  1030
0
  0
HATCH
  5
1833
  100
AcDbEntity
  8
Top-Layer
  100
AcDbHatch
  10
0
  20
0
  30
0
  210
0
  220
0
  230
1
  2
SOLID
  70
1
  71
0
  91
1
  92
7
  72
0
  73
1
  93
4
  10
13.334434848869705
  20
41.637597155194385
  10
13.334434848869705
  20
43.338613157226405
  10
14.541953263906521
  20
43.338613157226405
  10
14.541953263906521
  20
41.637597155194385
  97
1
  330
1832
  75
0
  76
1
  47
0.4128176842155181
  98
1
  10
34.90568961886538
  20
22.81183545379326
  450
0
  451
0
  460
0
  461
0
  452
1
  462
1
  453
2
  463
0
  63
5
  421
255
  463
1
  63
7
  421
16777215
  470
LINEAR
  1001
ACAD
  1010
0
  1020
0
  1030
0
  0
HATCH
  5
1837
  100
AcDbEntity
  8
Top-Layer
  100
AcDbHatch
  10
0
  20
0
  30
0
  210
0
  220
0
  230
1
  2
SOLID
  70
1
  71
0
  91
1
  92
7
  72
0
  73
1
  93
4
  10
16.292016764033463
  20
44.00913131826269
  10
16.292016764033463
  20
45.71014732029471
  10
17.49953517907028
  20
45.71014732029471
  10
17.49953517907028
  20
44.00913131826269
  97
1
  330
1836
  75
0
  76
1
  47
0.4128176842155181
  98
1
  10
34.90568961886538
  20
22.81183545379326
  450
0
  451
0
  460
0
  461
0
  452
1
  462
1
  453
2
  463
0
  63
5
  421
255
  463
1
  63
7
  421
16777215
  470
LINEAR
  1001
ACAD
  1010
0
  1020
0
  1030
0
  0
HATCH
  5
1841
  100
AcDbEntity
  8
Top-Layer
  100
AcDbHatch
  10
0
  20
0
  30
0
  210
0
  220
0
  230
1
  2
SOLID
  70
1
  71
0
  91
1
  92
7
  72
0
  73
1
  93
4
  10
13.334434848869705
  20
44.00913131826269
  10
13.334434848869705
  20
45.71014732029471
  10
14.541953263906521
  20
45.71014732029471
  10
14.541953263906521
  20
44.00913131826269
  97
1
  330
1840
  75
0
  76
1
  47
0.4128176842155181
  98
1
  10
34.90568961886538
  20
22.81183545379326
  450
0
  451
0
  460
0
  461
0
  452
1
  462
1
  453
2
  463
0
  63
5
  421
255
  463
1
  63
7
  421
16777215
  470
LINEAR
  1001
ACAD
  1010
0
  1020
0
  1030
0
  0
HATCH
  5
1845
  100
AcDbEntity
  8
Top-Layer
  100
AcDbHatch
  10
0
  20
0
  30
0
  210
0
  220
0
  230
1
  2
SOLID
  70
1
  71
0
  91
1
  92
7
  72
0
  73
1
  93
4
  10
104.89108966217924
  20
52.12251968503949
  10
103.19007366014722
  20
52.12251968503949
  10
103.19007366014722
  20
53.33003810007631
  10
104.89108966217924
  20
53.33003810007631
  97
1
  330
1844
  75
0
  76
1
  47
0.4128176842155181
  98
1
  10
34.90568961886538
  20
22.81183545379326
  450
0
  451
0
  460
0
  461
0
  452
1
  462
1
  453
2
  463
0
  63
5
  421
255
  463
1
  63
7
  421
16777215
  470
LINEAR
  1001
ACAD
  1010
0
  1020
0
  1030
0
  0
HATCH
  5
1849
  100
AcDbEntity
  8
Top-Layer
  100
AcDbHatch
  10
0
  20
0
  30
0
  210
0
  220
0
  230
1
  2
SOLID
  70
1
  71
0
  91
1
  92
7
  72
0
  73
1
  93
4
  10
104.89108966217924
  20
49.164937769875564
  10
103.19007366014722
  20
49.164937769875564
  10
103.19007366014722
  20
50.37245618491238
  10
104.89108966217924
  20
50.37245618491238
  97
1
  330
1848
  75
0
  76
1
  47
0.4128176842155181
  98
1
  10
34.90568961886538
  20
22.81183545379326
  450
0
  451
0
  460
0
  461
0
  452
1
  462
1
  453
2
  463
0
  63
5
  421
255
  463
1
  63
7
  421
16777215
  470
LINEAR
  1001
ACAD
  1010
0
  1020
0
  1030
0
  0
HATCH
  5
1853
  100
AcDbEntity
  8
Top-Layer
  100
AcDbHatch
  10
0
  20
0
  30
0
  210
0
  220
0
  230
1
  2
SOLID
  70
1
  71
0
  91
1
  92
7
  72
0
  73
1
  93
4
  10
102.52253238506484
  20
52.12251968503949
  10
100.82151638303282
  20
52.12251968503949
  10
100.82151638303282
  20
53.33003810007631
  10
102.52253238506484
  20
53.33003810007631
  97
1
  330
1852
  75
0
  76
1
  47
0.4128176842155181
  98
1
  10
34.90568961886538
  20
22.81183545379326
  450
0
  451
0
  460
0
  461
0
  452
1
  462
1
  453
2
  463
0
  63
5
  421
255
  463
1
  63
7
  421
16777215
  470
LINEAR
  1001
ACAD
  1010
0
  1020
0
  1030
0
  0
HATCH
  5
1857
  100
AcDbEntity
  8
Top-Layer
  100
AcDbHatch
  10
0
  20
0
  30
0
  210
0
  220
0
  230
1
  2
SOLID
  70
1
  71
0
  91
1
  92
7
  72
0
  73
1
  93
4
  10
102.52253238506484
  20
49.164937769875564
  10
100.82151638303282
  20
49.164937769875564
  10
100.82151638303282
  20
50.37245618491238
  10
102.52253238506484
  20
50.37245618491238
  97
1
  330
1856
  75
0
  76
1
  47
0.4128176842155181
  98
1
  10
34.90568961886538
  20
22.81183545379326
  450
0
  451
0
  460
0
  461
0
  452
1
  462
1
  453
2
  463
0
  63
5
  421
255
  463
1
  63
7
  421
16777215
  470
LINEAR
  1001
ACAD
  1010
0
  1020
0
  1030
0
  0
HATCH
  5
1863
  100
AcDbEntity
  8
Top-Layer
  100
AcDbHatch
  10
0
  20
0
  30
0
  210
0
  220
0
  230
1
  2
SOLID
  70
1
  71
0
  91
1
  92
7
  72
1
  73
1
  93
2
  10
7.800474980949982
  20
12.420050800101649
  42
1
  10
10.599560579121178
  20
12.420050800101649
  42
1
  97
1
  330
1862
  75
0
  76
1
  47
0.8681437583925616
  98
1
  10
3.629517071192367
  20
33.92795499968543
  450
0
  451
0
  460
0
  461
0
  452
1
  462
1
  453
2
  463
0
  63
5
  421
255
  463
1
  63
7
  421
16777215
  470
LINEAR
  1001
ACAD
  1010
0
  1020
0
  1030
0
  0
HATCH
  5
1883
  100
AcDbEntity
  8
Top-Layer
  100
AcDbHatch
  10
0
  20
0
  30
0
  210
0
  220
0
  230
1
  2
SOLID
  70
1
  71
0
  91
1
  92
7
  72
1
  73
1
  93
2
  10
7.800474980949982
  20
17.500060960121914
  42
1
  10
10.599560579121178
  20
17.500060960121914
  42
1
  97
1
  330
1882
  75
0
  76
1
  47
0.8681437583925616
  98
1
  10
3.629517071192367
  20
33.92795499968543
  450
0
  451
0
  460
0
  461
0
  452
1
  462
1
  453
2
  463
0
  63
5
  421
255
  463
1
  63
7
  421
16777215
  470
LINEAR
  1001
ACAD
  1010
0
  1020
0
  1030
0
  0
HATCH
  5
1903
  100
AcDbEntity
  8
Top-Layer
  100
AcDbHatch
  10
0
  20
0
  30
0
  210
0
  220
0
  230
1
  2
SOLID
  70
1
  71
0
  91
1
  92
7
  72
1
  73
1
  93
2
  10
7.800474980949982
  20
22.580071120142293
  42
1
  10
10.599560579121178
  20
22.580071120142293
  42
1
  97
1
  330
1902
  75
0
  76
1
  47
0.8681437583925616
  98
1
  10
3.629517071192367
  20
33.92795499968543
  450
0
  451
0
  460
0
  461
0
  452
1
  462
1
  453
2
  463
0
  63
5
  421
255
  463
1
  63
7
  421
16777215
  470
LINEAR
  1001
ACAD
  1010
0
  1020
0
  1030
0
  0
HATCH
  5
1923
  100
AcDbEntity
  8
Top-Layer
  100
AcDbHatch
  10
0
  20
0
  30
0
  210
0
  220
0
  230
1
  2
SOLID
  70
1
  71
0
  91
1
  92
7
  72
0
  73
1
  93
4
  10
12.309017018034126
  20
9.3996799593599
  10
12.309017018034126
  20
7.5988163576327
  10
10.708813817627686
  20
7.5988163576327
  10
10.708813817627686
  20
9.3996799593599
  97
1
  330
1922
  75
0
  76
1
  47
0.4128176842155181
  98
1
  10
34.90568961886538
  20
22.81183545379326
  450
0
  451
0
  460
0
  461
0
  452
1
  462
1
  453
2
  463
0
  63
5
  421
255
  463
1
  63
7
  421
16777215
  470
LINEAR
  1001
ACAD
  1010
0
  1020
0
  1030
0
  0
HATCH
  5
1943
  100
AcDbEntity
  8
Top-Layer
  100
AcDbHatch
  10
0
  20
0
  30
0
  210
0
  220
0
  230
1
  2
SOLID
  70
1
  71
0
  91
1
  92
7
  72
1
  73
1
  93
2
  10
13.107848615697263
  20
8.499248158496357
  42
1
  10
14.908712217424467
  20
8.499248158496357
  42
1
  97
1
  330
1942
  75
0
  76
1
  47
0.8681437583925616
  98
1
  10
3.629517071192367
  20
33.92795499968543
  450
0
  451
0
  460
0
  461
0
  452
1
  462
1
  453
2
  463
0
  63
5
  421
255
  463
1
  63
7
  421
16777215
  470
LINEAR
  1001
ACAD
  1010
0
  1020
0
  1030
0
  0
HATCH
  5
1963
  100
AcDbEntity
  8
Top-Layer
  100
AcDbHatch
  10
0
  20
0
  30
0
  210
0
  220
0
  230
1
  2
SOLID
  70
1
  71
0
  91
1
  92
7
  72
1
  73
1
  93
2
  10
15.607213614427222
  20
8.499248158496357
  42
1
  10
17.408077216154425
  20
8.499248158496357
  42
1
  97
1
  330
1962
  75
0
  76
1
  47
0.8681437583925616
  98
1
  10
3.629517071192367
  20
33.92795499968543
  450
0
  451
0
  460
0
  461
0
  452
1
  462
1
  453
2
  463
0
  63
5
  421
255
  463
1
  63
7
  421
16777215
  470
LINEAR
  1001
ACAD
  1010
0
  1020
0
  1030
0
  0
HATCH
  5
1983
  100
AcDbEntity
  8
Top-Layer
  100
AcDbHatch
  10
0
  20
0
  30
0
  210
0
  220
0
  230
1
  2
SOLID
  70
1
  71
0
  91
1
  92
7
  72
1
  73
1
  93
2
  10
102.400665481331
  20
12.420050800101649
  42
1
  10
105.19975107950219
  20
12.420050800101649
  42
1
  97
1
  330
1982
  75
0
  76
1
  47
0.8681437583925616
  98
1
  10
3.629517071192367
  20
33.92795499968543
  450
0
  451
0
  460
0
  461
0
  452
1
  462
1
  453
2
  463
0
  63
5
  421
255
  463
1
  63
7
  421
16777215
  470
LINEAR
  1001
ACAD
  1010
0
  1020
0
  1030
0
  0
HATCH
  5
2003
  100
AcDbEntity
  8
Top-Layer
  100
AcDbHatch
  10
0
  20
0
  30
0
  210
0
  220
0
  230
1
  2
SOLID
  70
1
  71
0
  91
1
  92
7
  72
1
  73
1
  93
2
  10
102.400665481331
  20
17.500060960121914
  42
1
  10
105.19975107950219
  20
17.500060960121914
  42
1
  97
1
  330
2002
  75
0
  76
1
  47
0.8681437583925616
  98
1
  10
3.629517071192367
  20
33.92795499968543
  450
0
  451
0
  460
0
  461
0
  452
1
  462
1
  453
2
  463
0
  63
5
  421
255
  463
1
  63
7
  421
16777215
  470
LINEAR
  1001
ACAD
  1010
0
  1020
0
  1030
0
  0
HATCH
  5
2023
  100
AcDbEntity
  8
Top-Layer
  100
AcDbHatch
  10
0
  20
0
  30
0
  210
0
  220
0
  230
1
  2
SOLID
  70
1
  71
0
  91
1
  92
7
  72
1
  73
1
  93
2
  10
102.400665481331
  20
22.580071120142293
  42
1
  10
105.19975107950219
  20
22.580071120142293
  42
1
  97
1
  330
2022
  75
0
  76
1
  47
0.8681437583925616
  98
1
  10
3.629517071192367
  20
33.92795499968543
  450
0
  451
0
  460
0
  461
0
  452
1
  462
1
  453
2
  463
0
  63
5
  421
255
  463
1
  63
7
  421
16777215
  470
LINEAR
  1001
ACAD
  1010
0
  1020
0
  1030
0
  0
HATCH
  5
2043
  100
AcDbEntity
  8
Top-Layer
  100
AcDbHatch
  10
0
  20
0
  30
0
  210
0
  220
0
  230
1
  2
SOLID
  70
1
  71
0
  91
1
  92
7
  72
1
  73
1
  93
2
  10
71.43313182626359
  20
45.948856997714074
  42
1
  10
72.9571348742697
  20
45.948856997714074
  42
1
  97
1
  330
2042
  75
0
  76
1
  47
0.8681437583925616
  98
1
  10
3.629517071192367
  20
33.92795499968543
  450
0
  451
0
  460
0
  461
0
  452
1
  462
1
  453
2
  463
0
  63
5
  421
255
  463
1
  63
7
  421
16777215
  470
LINEAR
  1001
ACAD
  1010
0
  1020
0
  1030
0
  0
HATCH
  5
2063
  100
AcDbEntity
  8
Top-Layer
  100
AcDbHatch
  10
0
  20
0
  30
0
  210
0
  220
0
  230
1
  2
SOLID
  70
1
  71
0
  91
1
  92
7
  72
1
  73
1
  93
2
  10
68.89312674625346
  20
45.948856997714074
  42
1
  10
70.41712979425957
  20
45.948856997714074
  42
1
  97
1
  330
2062
  75
0
  76
1
  47
0.8681437583925616
  98
1
  10
3.629517071192367
  20
33.92795499968543
  450
0
  451
0
  460
0
  461
0
  452
1
  462
1
  453
2
  463
0
  63
5
  421
255
  463
1
  63
7
  421
16777215
  470
LINEAR
  1001
ACAD
  1010
0
  1020
0
  1030
0
  0
HATCH
  5
2083
  100
AcDbEntity
  8
Top-Layer
  100
AcDbHatch
  10
0
  20
0
  30
0
  210
0
  220
0
  230
1
  2
SOLID
  70
1
  71
0
  91
1
  92
7
  72
1
  73
1
  93
2
  10
71.43313182626359
  20
48.48886207772421
  42
1
  10
72.9571348742697
  20
48.48886207772421
  42
1
  97
1
  330
2082
  75
0
  76
1
  47
0.8681437583925616
  98
1
  10
3.629517071192367
  20
33.92795499968543
  450
0
  451
0
  460
0
  461
0
  452
1
  462
1
  453
2
  463
0
  63
5
  421
255
  463
1
  63
7
  421
16777215
  470
LINEAR
  1001
ACAD
  1010
0
  1020
0
  1030
0
  0
HATCH
  5
2103
  100
AcDbEntity
  8
Top-Layer
  100
AcDbHatch
  10
0
  20
0
  30
0
  210
0
  220
0
  230
1
  2
SOLID
  70
1
  71
0
  91
1
  92
7
  72
1
  73
1
  93
2
  10
68.89312674625346
  20
48.48886207772421
  42
1
  10
70.41712979425957
  20
48.48886207772421
  42
1
  97
1
  330
2102
  75
0
  76
1
  47
0.8681437583925616
  98
1
  10
3.629517071192367
  20
33.92795499968543
  450
0
  451
0
  460
0
  461
0
  452
1
  462
1
  453
2
  463
0
  63
5
  421
255
  463
1
  63
7
  421
16777215
  470
LINEAR
  1001
ACAD
  1010
0
  1020
0
  1030
0
  0
HATCH
  5
2123
  100
AcDbEntity
  8
Top-Layer
  100
AcDbHatch
  10
0
  20
0
  30
0
  210
0
  220
0
  230
1
  2
SOLID
  70
1
  71
0
  91
1
  92
7
  72
1
  73
1
  93
2
  10
71.43313182626359
  20
51.02886715773434
  42
1
  10
72.9571348742697
  20
51.02886715773434
  42
1
  97
1
  330
2122
  75
0
  76
1
  47
0.8681437583925616
  98
1
  10
3.629517071192367
  20
33.92795499968543
  450
0
  451
0
  460
0
  461
0
  452
1
  462
1
  453
2
  463
0
  63
5
  421
255
  463
1
  63
7
  421
16777215
  470
LINEAR
  1001
ACAD
  1010
0
  1020
0
  1030
0
  0
HATCH
  5
2143
  100
AcDbEntity
  8
Top-Layer
  100
AcDbHatch
  10
0
  20
0
  30
0
  210
0
  220
0
  230
1
  2
SOLID
  70
1
  71
0
  91
1
  92
7
  72
1
  73
1
  93
2
  10
68.89312674625346
  20
51.02886715773434
  42
1
  10
70.41712979425957
  20
51.02886715773434
  42
1
  97
1
  330
2142
  75
0
  76
1
  47
0.8681437583925616
  98
1
  10
3.629517071192367
  20
33.92795499968543
  450
0
  451
0
  460
0
  461
0
  452
1
  462
1
  453
2
  463
0
  63
5
  421
255
  463
1
  63
7
  421
16777215
  470
LINEAR
  1001
ACAD
  1010
0
  1020
0
  1030
0
  0
HATCH
  5
2163
  100
AcDbEntity
  8
Top-Layer
  100
AcDbHatch
  10
0
  20
0
  30
0
  210
0
  220
0
  230
1
  2
SOLID
  70
1
  71
0
  91
1
  92
7
  72
1
  73
1
  93
2
  10
71.43313182626359
  20
53.568872237744586
  42
1
  10
72.9571348742697
  20
53.568872237744586
  42
1
  97
1
  330
2162
  75
0
  76
1
  47
0.8681437583925616
  98
1
  10
3.629517071192367
  20
33.92795499968543
  450
0
  451
0
  460
0
  461
0
  452
1
  462
1
  453
2
  463
0
  63
5
  421
255
  463
1
  63
7
  421
16777215
  470
LINEAR
  1001
ACAD
  1010
0
  1020
0
  1030
0
  0
HATCH
  5
2183
  100
AcDbEntity
  8
Top-Layer
  100
AcDbHatch
  10
0
  20
0
  30
0
  210
0
  220
0
  230
1
  2
SOLID
  70
1
  71
0
  91
1
  92
7
  72
1
  73
1
  93
2
  10
68.89312674625346
  20
53.568872237744586
  42
1
  10
70.41712979425957
  20
53.568872237744586
  42
1
  97
1
  330
2182
  75
0
  76
1
  47
0.8681437583925616
  98
1
  10
3.629517071192367
  20
33.92795499968543
  450
0
  451
0
  460
0
  461
0
  452
1
  462
1
  453
2
  463
0
  63
5
  421
255
  463
1
  63
7
  421
16777215
  470
LINEAR
  1001
ACAD
  1010
0
  1020
0
  1030
0
  0
HATCH
  5
2201
  100
AcDbEntity
  8
Top-Layer
  100
AcDbHatch
  10
0
  20
0
  30
0
  210
0
  220
0
  230
1
  2
SOLID
  70
1
  71
0
  91
1
  92
7
  72
0
  73
1
  93
4
  10
11.755003810007452
  20
44.461668783337586
  10
11.755003810007452
  20
43.36164338328683
  10
10.755003810007508
  20
43.36164338328683
  10
10.755003810007508
  20
44.461668783337586
  97
1
  330
2200
  75
0
  76
1
  47
0.4128176842155181
  98
1
  10
34.90568961886538
  20
22.81183545379326
  450
0
  451
0
  460
0
  461
0
  452
1
  462
1
  453
2
  463
0
  63
5
  421
255
  463
1
  63
7
  421
16777215
  470
LINEAR
  1001
ACAD
  1010
0
  1020
0
  1030
0
  0
HATCH
  5
2207
  100
AcDbEntity
  8
Top-Layer
  100
AcDbHatch
  10
0
  20
0
  30
0
  210
0
  220
0
  230
1
  2
SOLID
  70
1
  71
0
  91
1
  92
7
  72
0
  73
1
  93
4
  10
10.155207010414017
  20
44.461668783337586
  10
10.155207010414017
  20
43.36164338328683
  10
9.155207010414017
  20
43.36164338328683
  10
9.155207010414017
  20
44.461668783337586
  97
1
  330
2206
  75
0
  76
1
  47
0.4128176842155181
  98
1
  10
34.90568961886538
  20
22.81183545379326
  450
0
  451
0
  460
0
  461
0
  452
1
  462
1
  453
2
  463
0
  63
5
  421
255
  463
1
  63
7
  421
16777215
  470
LINEAR
  1001
ACAD
  1010
0
  1020
0
  1030
0
  0
HATCH
  5
2213
  100
AcDbEntity
  8
Top-Layer
  100
AcDbHatch
  10
0
  20
0
  30
0
  210
0
  220
0
  230
1
  2
SOLID
  70
1
  71
0
  91
1
  92
7
  72
0
  73
1
  93
4
  10
5.381252222504486
  20
28.979428498857033
  10
5.381252222504486
  20
30.079453898907786
  10
6.381252222504486
  20
30.079453898907786
  10
6.381252222504486
  20
28.979428498857033
  97
1
  330
2212
  75
0
  76
1
  47
0.4128176842155181
  98
1
  10
34.90568961886538
  20
22.81183545379326
  450
0
  451
0
  460
0
  461
0
  452
1
  462
1
  453
2
  463
0
  63
5
  421
255
  463
1
  63
7
  421
16777215
  470
LINEAR
  1001
ACAD
  1010
0
  1020
0
  1030
0
  0
HATCH
  5
2219
  100
AcDbEntity
  8
Top-Layer
  100
AcDbHatch
  10
0
  20
0
  30
0
  210
0
  220
0
  230
1
  2
SOLID
  70
1
  71
0
  91
1
  92
7
  72
0
  73
1
  93
4
  10
6.981049022098091
  20
28.979428498857033
  10
6.981049022098091
  20
30.079453898907786
  10
7.981049022098034
  20
30.079453898907786
  10
7.981049022098034
  20
28.979428498857033
  97
1
  330
2218
  75
0
  76
1
  47
0.4128176842155181
  98
1
  10
34.90568961886538
  20
22.81183545379326
  450
0
  451
0
  460
0
  461
0
  452
1
  462
1
  453
2
  463
0
  63
5
  421
255
  463
1
  63
7
  421
16777215
  470
LINEAR
  1001
ACAD
  1010
0
  1020
0
  1030
0
  0
HATCH
  5
2225
  100
AcDbEntity
  8
Top-Layer
  100
AcDbHatch
  10
0
  20
0
  30
0
  210
0
  220
0
  230
1
  2
SOLID
  70
1
  71
0
  91
1
  92
7
  72
0
  73
1
  93
4
  10
107.63643637287288
  20
30.07434848869684
  10
107.63643637287288
  20
28.974323088646088
  10
106.63643637287299
  20
28.974323088646088
  10
106.63643637287299
  20
30.07434848869684
  97
1
  330
2224
  75
0
  76
1
  47
0.4128176842155181
  98
1
  10
34.90568961886538
  20
22.81183545379326
  450
0
  451
0
  460
0
  461
0
  452
1
  462
1
  453
2
  463
0
  63
5
  421
255
  463
1
  63
7
  421
16777215
  470
LINEAR
  1001
ACAD
  1010
0
  1020
0
  1030
0
  0
HATCH
  5
2231
  100
AcDbEntity
  8
Top-Layer
  100
AcDbHatch
  10
0
  20
0
  30
0
  210
0
  220
0
  230
1
  2
SOLID
  70
1
  71
0
  91
1
  92
7
  72
0
  73
1
  93
4
  10
106.03663957327939
  20
30.07434848869684
  10
106.03663957327939
  20
28.974323088646088
  10
105.03663957327939
  20
28.974323088646088
  10
105.03663957327939
  20
30.07434848869684
  97
1
  330
2230
  75
0
  76
1
  47
0.4128176842155181
  98
1
  10
34.90568961886538
  20
22.81183545379326
  450
0
  451
0
  460
0
  461
0
  452
1
  462
1
  453
2
  463
0
  63
5
  421
255
  463
1
  63
7
  421
16777215
  470
LINEAR
  1001
ACAD
  1010
0
  1020
0
  1030
0
  0
HATCH
  5
2237
  100
AcDbEntity
  8
Top-Layer
  100
AcDbHatch
  10
0
  20
0
  30
0
  210
0
  220
0
  230
1
  2
SOLID
  70
1
  71
0
  91
1
  92
7
  72
0
  73
1
  93
4
  10
10.540220980441973
  20
45.24069342138682
  10
10.540220980441973
  20
46.96868427736854
  10
12.025234950469951
  20
46.96868427736854
  10
12.025234950469951
  20
45.24069342138682
  97
1
  330
2236
  75
0
  76
1
  47
0.4128176842155181
  98
1
  10
34.90568961886538
  20
22.81183545379326
  450
0
  451
0
  460
0
  461
0
  452
1
  462
1
  453
2
  463
0
  63
5
  421
255
  463
1
  63
7
  421
16777215
  470
LINEAR
  1001
ACAD
  1010
0
  1020
0
  1030
0
  0
HATCH
  5
2241
  100
AcDbEntity
  8
Top-Layer
  100
AcDbHatch
  10
0
  20
0
  30
0
  210
0
  220
0
  230
1
  2
SOLID
  70
1
  71
0
  91
1
  92
7
  72
0
  73
1
  93
4
  10
7.355054610109221
  20
45.24069342138682
  10
7.355054610109221
  20
46.96868427736854
  10
8.8400685801372
  20
46.96868427736854
  10
8.8400685801372
  20
45.24069342138682
  97
1
  330
2240
  75
0
  76
1
  47
0.4128176842155181
  98
1
  10
34.90568961886538
  20
22.81183545379326
  450
0
  451
0
  460
0
  461
0
  452
1
  462
1
  453
2
  463
0
  63
5
  421
255
  463
1
  63
7
  421
16777215
  470
LINEAR
  1001
ACAD
  1010
0
  1020
0
  1030
0
  0
HATCH
  5
2245
  100
AcDbEntity
  8
Top-Layer
  100
AcDbHatch
  10
0
  20
0
  30
0
  210
0
  220
0
  230
1
  2
SOLID
  70
1
  71
0
  91
1
  92
7
  72
0
  73
1
  93
4
  10
6.5450342900686564
  20
27.792397764795624
  10
6.5450342900686564
  20
26.064406908813794
  10
5.060020320040735
  20
26.064406908813794
  10
5.060020320040735
  20
27.792397764795624
  97
1
  330
2244
  75
0
  76
1
  47
0.4128176842155181
  98
1
  10
34.90568961886538
  20
22.81183545379326
  450
0
  451
0
  460
0
  461
0
  452
1
  462
1
  453
2
  463
0
  63
5
  421
255
  463
1
  63
7
  421
16777215
  470
LINEAR
  1001
ACAD
  1010
0
  1020
0
  1030
0
  0
HATCH
  5
2249
  100
AcDbEntity
  8
Top-Layer
  100
AcDbHatch
  10
0
  20
0
  30
0
  210
0
  220
0
  230
1
  2
SOLID
  70
1
  71
0
  91
1
  92
7
  72
0
  73
1
  93
4
  10
9.730200660401408
  20
27.792397764795624
  10
9.730200660401408
  20
26.064406908813794
  10
8.24518669037343
  20
26.064406908813794
  10
8.24518669037343
  20
27.792397764795624
  97
1
  330
2248
  75
0
  76
1
  47
0.4128176842155181
  98
1
  10
34.90568961886538
  20
22.81183545379326
  450
0
  451
0
  460
0
  461
0
  452
1
  462
1
  453
2
  463
0
  63
5
  421
255
  463
1
  63
7
  421
16777215
  470
LINEAR
  1001
ACAD
  1010
0
  1020
0
  1030
0
  0
HATCH
  5
2253
  100
AcDbEntity
  8
Top-Layer
  100
AcDbHatch
  10
0
  20
0
  30
0
  210
0
  220
0
  230
1
  2
SOLID
  70
1
  71
0
  91
1
  92
7
  72
0
  73
1
  93
4
  10
106.21765049530103
  20
26.064406908813794
  10
106.21765049530103
  20
27.792397764795624
  10
107.70266446532895
  20
27.792397764795624
  10
107.70266446532895
  20
26.064406908813794
  97
1
  330
2252
  75
0
  76
1
  47
0.4128176842155181
  98
1
  10
34.90568961886538
  20
22.81183545379326
  450
0
  451
0
  460
0
  461
0
  452
1
  462
1
  453
2
  463
0
  63
5
  421
255
  463
1
  63
7
  421
16777215
  470
LINEAR
  1001
ACAD
  1010
0
  1020
0
  1030
0
  0
HATCH
  5
2257
  100
AcDbEntity
  8
Top-Layer
  100
AcDbHatch
  10
0
  20
0
  30
0
  210
0
  220
0
  230
1
  2
SOLID
  70
1
  71
0
  91
1
  92
7
  72
0
  73
1
  93
4
  10
103.03248412496833
  20
26.064406908813794
  10
103.03248412496833
  20
27.792397764795624
  10
104.51749809499614
  20
27.792397764795624
  10
104.51749809499614
  20
26.064406908813794
  97
1
  330
2256
  75
0
  76
1
  47
0.4128176842155181
  98
1
  10
34.90568961886538
  20
22.81183545379326
  450
0
  451
0
  460
0
  461
0
  452
1
  462
1
  453
2
  463
0
  63
5
  421
255
  463
1
  63
7
  421
16777215
  470
LINEAR
  1001
ACAD
  1010
0
  1020
0
  1030
0
  0
HATCH
  5
2261
  100
AcDbEntity
  8
Top-Layer
  100
AcDbHatch
  10
0
  20
0
  30
0
  210
0
  220
0
  230
1
  2
SOLID
  70
1
  71
0
  91
1
  92
7
  72
0
  73
1
  93
4
  10
16.711313182626327
  20
11.274185928371935
  10
16.711313182626327
  20
13.00217678435365
  10
18.196327152654305
  20
13.00217678435365
  10
18.196327152654305
  20
11.274185928371935
  97
1
  330
2260
  75
0
  76
1
  47
0.4128176842155181
  98
1
  10
34.90568961886538
  20
22.81183545379326
  450
0
  451
0
  460
0
  461
0
  452
1
  462
1
  453
2
  463
0
  63
5
  421
255
  463
1
  63
7
  421
16777215
  470
LINEAR
  1001
ACAD
  1010
0
  1020
0
  1030
0
  0
HATCH
  5
2265
  100
AcDbEntity
  8
Top-Layer
  100
AcDbHatch
  10
0
  20
0
  30
0
  210
0
  220
0
  230
1
  2
SOLID
  70
1
  71
0
  91
1
  92
7
  72
0
  73
1
  93
4
  10
13.526146812293575
  20
11.274185928371935
  10
13.526146812293575
  20
13.00217678435365
  10
15.011160782321554
  20
13.00217678435365
  10
15.011160782321554
  20
11.274185928371935
  97
1
  330
2264
  75
0
  76
1
  47
0.4128176842155181
  98
1
  10
34.90568961886538
  20
22.81183545379326
  450
0
  451
0
  460
0
  461
0
  452
1
  462
1
  453
2
  463
0
  63
5
  421
255
  463
1
  63
7
  421
16777215
  470
LINEAR
  1001
ACAD
  1010
0
  1020
0
  1030
0
  0
HATCH
  5
2269
  100
AcDbEntity
  8
Top-Layer
  100
AcDbHatch
  10
0
  20
0
  30
0
  210
0
  220
0
  230
1
  2
SOLID
  70
1
  71
0
  91
1
  92
7
  72
0
  73
1
  93
4
  10
16.711313182626327
  20
14.079227838455722
  10
16.711313182626327
  20
15.807218694437438
  10
18.196327152654305
  20
15.807218694437438
  10
18.196327152654305
  20
14.079227838455722
  97
1
  330
2268
  75
0
  76
1
  47
0.4128176842155181
  98
1
  10
34.90568961886538
  20
22.81183545379326
  450
0
  451
0
  460
0
  461
0
  452
1
  462
1
  453
2
  463
0
  63
5
  421
255
  463
1
  63
7
  421
16777215
  470
LINEAR
  1001
ACAD
  1010
0
  1020
0
  1030
0
  0
HATCH
  5
2273
  100
AcDbEntity
  8
Top-Layer
  100
AcDbHatch
  10
0
  20
0
  30
0
  210
0
  220
0
  230
1
  2
SOLID
  70
1
  71
0
  91
1
  92
7
  72
0
  73
1
  93
4
  10
13.526146812293575
  20
14.079227838455722
  10
13.526146812293575
  20
15.807218694437438
  10
15.011160782321554
  20
15.807218694437438
  10
15.011160782321554
  20
14.079227838455722
  97
1
  330
2272
  75
0
  76
1
  47
0.4128176842155181
  98
1
  10
34.90568961886538
  20
22.81183545379326
  450
0
  451
0
  460
0
  461
0
  452
1
  462
1
  453
2
  463
0
  63
5
  421
255
  463
1
  63
7
  421
16777215
  470
LINEAR
  1001
ACAD
  1010
0
  1020
0
  1030
0
  0
HATCH
  5
2277
  100
AcDbEntity
  8
Top-Layer
  100
AcDbHatch
  10
0
  20
0
  30
0
  210
0
  220
0
  230
1
  2
SOLID
  70
1
  71
0
  91
1
  92
7
  72
0
  73
1
  93
4
  10
6.4230784861568395
  20
49.963810007620054
  10
4.695087630175124
  20
49.963810007620054
  10
4.695087630175124
  20
51.44882397764809
  10
6.4230784861568395
  20
51.44882397764809
  97
1
  330
2276
  75
0
  76
1
  47
0.4128176842155181
  98
1
  10
34.90568961886538
  20
22.81183545379326
  450
0
  451
0
  460
0
  461
0
  452
1
  462
1
  453
2
  463
0
  63
5
  421
255
  463
1
  63
7
  421
16777215
  470
LINEAR
  1001
ACAD
  1010
0
  1020
0
  1030
0
  0
HATCH
  5
2281
  100
AcDbEntity
  8
Top-Layer
  100
AcDbHatch
  10
0
  20
0
  30
0
  210
0
  220
0
  230
1
  2
SOLID
  70
1
  71
0
  91
1
  92
7
  72
0
  73
1
  93
4
  10
6.423078486157124
  20
46.77864363728736
  10
4.695087630175351
  20
46.77864363728736
  10
4.695087630175351
  20
48.263657607315395
  10
6.423078486157124
  20
48.263657607315395
  97
1
  330
2280
  75
0
  76
1
  47
0.4128176842155181
  98
1
  10
34.90568961886538
  20
22.81183545379326
  450
0
  451
0
  460
0
  461
0
  452
1
  462
1
  453
2
  463
0
  63
5
  421
255
  463
1
  63
7
  421
16777215
  470
LINEAR
  1001
ACAD
  1010
0
  1020
0
  1030
0
  0
LWPOLYLINE
  5
1049
  100
AcDbEntity
  8
Top-Silkscreen-Layer
  100
AcDbPolyline
  90
4
  70
0
  43
0.1
  10
102.29998983997967
  20
22.65002286000299
  42
1
  10
103.29998983997967
  20
22.65002286000299
  10
103.29998983997967
  20
22.650022860088484
  42
1
  10
102.29998983997967
  20
22.650022860088484
  0
LWPOLYLINE
  5
1050
  100
AcDbEntity
  8
Top-Silkscreen-Layer
  100
AcDbPolyline
  90
4
  70
0
  43
0.1
  10
102.29998983997967
  20
12.349974599906545
  42
1
  10
103.29998983997967
  20
12.349974599906545
  10
103.29998983997967
  20
12.349974599992038
  42
1
  10
102.29998983997967
  20
12.349974599992038
  0
LWPOLYLINE
  5
1051
  100
AcDbEntity
  8
Top-Silkscreen-Layer
  100
AcDbPolyline
  90
4
  70
0
  43
0.1
  10
9.700012700025411
  20
22.65002286000299
  42
1
  10
10.700012700025411
  20
22.65002286000299
  10
10.700012700025411
  20
22.650022860088484
  42
1
  10
9.700012700025411
  20
22.650022860088484
  0
LWPOLYLINE
  5
1052
  100
AcDbEntity
  8
Top-Silkscreen-Layer
  100
AcDbPolyline
  90
4
  70
0
  43
0.1
  10
9.700012700025411
  20
12.349974599906545
  42
1
  10
10.700012700025411
  20
12.349974599906545
  10
10.700012700025411
  20
12.349974599992038
  42
1
  10
9.700012700025411
  20
12.349974599992038
  0
LWPOLYLINE
  5
1053
  100
AcDbEntity
  8
Top-Silkscreen-Layer
  100
AcDbPolyline
  90
4
  70
0
  43
0.1
  10
13.500000000000057
  20
9.499999999957254
  42
1
  10
14.500000000000057
  20
9.499999999957254
  10
14.500000000000057
  20
9.500000000042746
  42
1
  10
13.500000000000057
  20
9.500000000042746
  0
LWPOLYLINE
  5
1054
  100
AcDbEntity
  8
Top-Silkscreen-Layer
  100
AcDbPolyline
  90
4
  70
0
  43
0.1
  10
16.0400101600203
  20
9.499999999957254
  42
1
  10
17.0400101600203
  20
9.499999999957254
  10
17.0400101600203
  20
9.500000000042746
  42
1
  10
16.0400101600203
  20
9.500000000042746
  0
LWPOLYLINE
  5
1055
  100
AcDbEntity
  8
Top-Silkscreen-Layer
  100
AcDbPolyline
  90
4
  70
0
  43
0.1
  10
10.959992379984783
  20
9.499999999957254
  42
1
  10
11.959992379984783
  20
9.499999999957254
  10
11.959992379984783
  20
9.500000000042746
  42
1
  10
10.959992379984783
  20
9.500000000042746
  0
LWPOLYLINE
  5
1056
  100
AcDbEntity
  8
Top-Silkscreen-Layer
  100
AcDbPolyline
  90
4
  70
0
  43
0.1
  10
13.500000000000057
  20
48.49999999995737
  42
1
  10
14.500000000000057
  20
48.49999999995737
  10
14.500000000000057
  20
48.50000000004286
  42
1
  10
13.500000000000057
  20
48.50000000004286
  0
LWPOLYLINE
  5
1057
  100
AcDbEntity
  8
Top-Silkscreen-Layer
  100
AcDbPolyline
  90
4
  70
0
  43
0.1
  10
16.0400101600203
  20
48.49999999995737
  42
1
  10
17.0400101600203
  20
48.49999999995737
  10
17.0400101600203
  20
48.50000000004286
  42
1
  10
16.0400101600203
  20
48.50000000004286
  0
LWPOLYLINE
  5
1058
  100
AcDbEntity
  8
Top-Silkscreen-Layer
  100
AcDbPolyline
  90
4
  70
0
  43
0.1
  10
10.959992379984783
  20
48.49999999995737
  42
1
  10
11.959992379984783
  20
48.49999999995737
  10
11.959992379984783
  20
48.50000000004286
  42
1
  10
10.959992379984783
  20
48.50000000004286
  0
LWPOLYLINE
  5
1062
  100
AcDbEntity
  8
Top-Silkscreen-Layer
  100
AcDbPolyline
  90
4
  70
0
  43
0.1
  10
28.70001270002541
  20
48.49999999995737
  42
1
  10
29.700012700025354
  20
48.49999999995737
  10
29.700012700025354
  20
48.50000000004286
  42
1
  10
28.70001270002541
  20
48.50000000004286
  0
LWPOLYLINE
  5
1063
  100
AcDbEntity
  8
Top-Silkscreen-Layer
  100
AcDbPolyline
  90
4
  70
0
  43
0.1
  10
31.200012700025525
  20
48.49999999995737
  42
1
  10
32.20001270002547
  20
48.49999999995737
  10
32.20001270002547
  20
48.50000000004286
  42
1
  10
31.200012700025525
  20
48.50000000004286
  0
LWPOLYLINE
  5
1064
  100
AcDbEntity
  8
Top-Silkscreen-Layer
  100
AcDbPolyline
  90
4
  70
0
  43
0.1
  10
23.700012700025468
  20
48.49999999995737
  42
1
  10
24.70001270002541
  20
48.49999999995737
  10
24.70001270002541
  20
48.50000000004286
  42
1
  10
23.700012700025468
  20
48.50000000004286
  0
LWPOLYLINE
  5
1065
  100
AcDbEntity
  8
Top-Silkscreen-Layer
  100
AcDbPolyline
  90
4
  70
0
  43
0.1
  10
26.20001270002541
  20
48.49999999995737
  42
1
  10
27.200012700025354
  20
48.49999999995737
  10
27.200012700025354
  20
48.50000000004286
  42
1
  10
26.20001270002541
  20
48.50000000004286
  0
LWPOLYLINE
  5
1066
  100
AcDbEntity
  8
Top-Silkscreen-Layer
  100
AcDbPolyline
  90
4
  70
0
  43
0.1
  10
71.66001524003053
  20
50.47000000014032
  42
1
  10
72.68001524003051
  20
50.46999999994921
  10
72.68001524003051
  20
50.46999999985985
  42
1
  10
71.66001524003053
  20
50.470000000050845
  0
LWPOLYLINE
  5
1067
  100
AcDbEntity
  8
Top-Silkscreen-Layer
  100
AcDbPolyline
  90
4
  70
0
  43
0.1
  10
71.66001524003053
  20
53.01001016016062
  42
1
  10
72.68001524003051
  20
53.01001015996951
  10
72.68001524003051
  20
53.01001015988015
  42
1
  10
71.66001524003053
  20
53.01001016007115
  0
LWPOLYLINE
  5
1068
  100
AcDbEntity
  8
Top-Silkscreen-Layer
  100
AcDbPolyline
  90
4
  70
0
  43
0.1
  10
71.66001524003053
  20
45.39001524017078
  42
1
  10
72.68001524003051
  20
45.39001523997979
  10
72.68001524003051
  20
45.39001523989032
  42
1
  10
71.66001524003053
  20
45.390015240081425
  0
LWPOLYLINE
  5
1069
  100
AcDbEntity
  8
Top-Silkscreen-Layer
  100
AcDbPolyline
  90
4
  70
0
  43
0.1
  10
71.66001524003053
  20
47.929992380124986
  42
1
  10
72.68001524003051
  20
47.92999237993388
  10
72.68001524003051
  20
47.92999237984452
  42
1
  10
71.66001524003053
  20
47.92999238003563
  0
LWPOLYLINE
  5
1070
  100
AcDbEntity
  8
Top-Silkscreen-Layer
  100
AcDbPolyline
  90
4
  70
0
  43
0.1
  10
69.12000508001017
  20
45.39001524017078
  42
1
  10
70.14000508001016
  20
45.39001523997979
  10
70.14000508001016
  20
45.39001523989032
  42
1
  10
69.12000508001017
  20
45.390015240081425
  0
LWPOLYLINE
  5
1071
  100
AcDbEntity
  8
Top-Silkscreen-Layer
  100
AcDbPolyline
  90
4
  70
0
  43
0.1
  10
69.12000508001017
  20
47.929992380124986
  42
1
  10
70.14000508001016
  20
47.92999237993388
  10
70.14000508001016
  20
47.92999237984452
  42
1
  10
69.12000508001017
  20
47.92999238003563
  0
LWPOLYLINE
  5
1072
  100
AcDbEntity
  8
Top-Silkscreen-Layer
  100
AcDbPolyline
  90
4
  70
0
  43
0.1
  10
69.12000508001017
  20
50.47000000014032
  42
1
  10
70.14000508001016
  20
50.46999999994921
  10
70.14000508001016
  20
50.46999999985985
  42
1
  10
69.12000508001017
  20
50.470000000050845
  0
LWPOLYLINE
  5
1073
  100
AcDbEntity
  8
Top-Silkscreen-Layer
  100
AcDbPolyline
  90
4
  70
0
  43
0.1
  10
69.12000508001017
  20
53.01001016016062
  42
1
  10
70.14000508001016
  20
53.01001015996951
  10
70.14000508001016
  20
53.01001015988015
  42
1
  10
69.12000508001017
  20
53.01001016007115
  0
LWPOLYLINE
  5
1112
  100
AcDbEntity
  8
Top-Silkscreen-Layer
  100
AcDbPolyline
  90
2
  70
0
  43
0.1
  10
102.79998983997967
  20
16.84997459994929
  10
102.79998983997967
  20
18.150022860045738
  0
LWPOLYLINE
  5
1113
  100
AcDbEntity
  8
Top-Silkscreen-Layer
  100
AcDbPolyline
  90
2
  70
0
  43
0.1
  10
103.45001270002541
  20
17.500000000000114
  10
102.14999491998987
  20
17.500000000000114
  0
LWPOLYLINE
  5
1114
  100
AcDbEntity
  8
Top-Silkscreen-Layer
  100
AcDbPolyline
  90
2
  70
0
  43
0.1
  10
102.79998983997967
  20
22
  10
102.79998983997967
  20
23.299987299974532
  0
LWPOLYLINE
  5
1115
  100
AcDbEntity
  8
Top-Silkscreen-Layer
  100
AcDbPolyline
  90
2
  70
0
  43
0.1
  10
103.45001270002541
  20
22.650022860045738
  10
102.14999491998987
  20
22.650022860045738
  0
LWPOLYLINE
  5
1116
  100
AcDbEntity
  8
Top-Silkscreen-Layer
  100
AcDbPolyline
  90
2
  70
0
  43
0.1
  10
102.79998983997967
  20
11.700012700025468
  10
102.79998983997967
  20
13.000000000000114
  0
LWPOLYLINE
  5
1117
  100
AcDbEntity
  8
Top-Silkscreen-Layer
  100
AcDbPolyline
  90
2
  70
0
  43
0.1
  10
103.45001270002541
  20
12.349974599949292
  10
102.14999491998987
  20
12.349974599949292
  0
LWPOLYLINE
  5
1118
  100
AcDbEntity
  8
Top-Silkscreen-Layer
  100
AcDbPolyline
  90
2
  70
0
  43
0.1
  10
10.200012700025411
  20
16.84997459994929
  10
10.200012700025411
  20
18.150022860045738
  0
LWPOLYLINE
  5
1119
  100
AcDbEntity
  8
Top-Silkscreen-Layer
  100
AcDbPolyline
  90
2
  70
0
  43
0.1
  10
10.850007620015276
  20
17.500000000000114
  10
9.549989839979673
  20
17.500000000000114
  0
LWPOLYLINE
  5
1120
  100
AcDbEntity
  8
Top-Silkscreen-Layer
  100
AcDbPolyline
  90
2
  70
0
  43
0.1
  10
10.200012700025411
  20
22
  10
10.200012700025411
  20
23.299987299974532
  0
LWPOLYLINE
  5
1121
  100
AcDbEntity
  8
Top-Silkscreen-Layer
  100
AcDbPolyline
  90
2
  70
0
  43
0.1
  10
10.850007620015276
  20
22.650022860045738
  10
9.549989839979673
  20
22.650022860045738
  0
LWPOLYLINE
  5
1122
  100
AcDbEntity
  8
Top-Silkscreen-Layer
  100
AcDbPolyline
  90
2
  70
0
  43
0.1
  10
10.200012700025411
  20
11.700012700025468
  10
10.200012700025411
  20
13.000000000000114
  0
LWPOLYLINE
  5
1123
  100
AcDbEntity
  8
Top-Silkscreen-Layer
  100
AcDbPolyline
  90
2
  70
0
  43
0.1
  10
10.850007620015276
  20
12.349974599949292
  10
9.549989839979673
  20
12.349974599949292
  0
LWPOLYLINE
  5
1124
  100
AcDbEntity
  8
Top-Silkscreen-Layer
  100
AcDbPolyline
  90
2
  70
0
  43
0.1
  10
14.000000000000057
  20
8.849974599949178
  10
14.000000000000057
  20
10.150022860045851
  0
LWPOLYLINE
  5
1125
  100
AcDbEntity
  8
Top-Silkscreen-Layer
  100
AcDbPolyline
  90
2
  70
0
  43
0.1
  10
14.649994919989865
  20
9.5
  10
13.35000762001522
  20
9.5
  0
LWPOLYLINE
  5
1126
  100
AcDbEntity
  8
Top-Silkscreen-Layer
  100
AcDbPolyline
  90
2
  70
0
  43
0.1
  10
16.5400101600203
  20
8.849974599949178
  10
16.5400101600203
  20
10.150022860045851
  0
LWPOLYLINE
  5
1127
  100
AcDbEntity
  8
Top-Silkscreen-Layer
  100
AcDbPolyline
  90
2
  70
0
  43
0.1
  10
17.190002540005025
  20
9.5
  10
15.890015240030493
  20
9.5
  0
LWPOLYLINE
  5
1128
  100
AcDbEntity
  8
Top-Silkscreen-Layer
  100
AcDbPolyline
  90
2
  70
0
  43
0.1
  10
11.459992379984783
  20
8.849974599949178
  10
11.459992379984783
  20
10.150022860045851
  0
LWPOLYLINE
  5
1129
  100
AcDbEntity
  8
Top-Silkscreen-Layer
  100
AcDbPolyline
  90
2
  70
0
  43
0.1
  10
12.109984759969507
  20
9.5
  10
10.81000000000006
  20
9.5
  0
LWPOLYLINE
  5
1130
  100
AcDbEntity
  8
Top-Silkscreen-Layer
  100
AcDbPolyline
  90
2
  70
0
  43
0.1
  10
14.000000000000057
  20
47.850005080010305
  10
14.000000000000057
  20
49.14999491998992
  0
LWPOLYLINE
  5
1131
  100
AcDbEntity
  8
Top-Silkscreen-Layer
  100
AcDbPolyline
  90
2
  70
0
  43
0.1
  10
14.649994919989865
  20
48.500000000000114
  10
13.35000762001522
  20
48.500000000000114
  0
LWPOLYLINE
  5
1132
  100
AcDbEntity
  8
Top-Silkscreen-Layer
  100
AcDbPolyline
  90
2
  70
0
  43
0.1
  10
16.5400101600203
  20
47.850005080010305
  10
16.5400101600203
  20
49.14999491998992
  0
LWPOLYLINE
  5
1133
  100
AcDbEntity
  8
Top-Silkscreen-Layer
  100
AcDbPolyline
  90
2
  70
0
  43
0.1
  10
17.190002540005025
  20
48.500000000000114
  10
15.890015240030493
  20
48.500000000000114
  0
LWPOLYLINE
  5
1134
  100
AcDbEntity
  8
Top-Silkscreen-Layer
  100
AcDbPolyline
  90
2
  70
0
  43
0.1
  10
11.459992379984783
  20
47.850005080010305
  10
11.459992379984783
  20
49.14999491998992
  0
LWPOLYLINE
  5
1135
  100
AcDbEntity
  8
Top-Silkscreen-Layer
  100
AcDbPolyline
  90
2
  70
0
  43
0.1
  10
12.109984759969507
  20
48.500000000000114
  10
10.81000000000006
  20
48.500000000000114
  0
LWPOLYLINE
  5
1136
  100
AcDbEntity
  8
Top-Silkscreen-Layer
  100
AcDbPolyline
  90
2
  70
0
  43
0.1
  10
29.200012700025354
  20
47.850005080010305
  10
29.200012700025354
  20
49.14999491998992
  0
LWPOLYLINE
  5
1137
  100
AcDbEntity
  8
Top-Silkscreen-Layer
  100
AcDbPolyline
  90
2
  70
0
  43
0.1
  10
29.85000762001522
  20
48.500000000000114
  10
28.54998983997973
  20
48.500000000000114
  0
LWPOLYLINE
  5
1138
  100
AcDbEntity
  8
Top-Silkscreen-Layer
  100
AcDbPolyline
  90
2
  70
0
  43
0.1
  10
31.700012700025468
  20
47.850005080010305
  10
31.700012700025468
  20
49.14999491998992
  0
LWPOLYLINE
  5
1139
  100
AcDbEntity
  8
Top-Silkscreen-Layer
  100
AcDbPolyline
  90
2
  70
0
  43
0.1
  10
32.350007620015276
  20
48.500000000000114
  10
31.049989839979673
  20
48.500000000000114
  0
LWPOLYLINE
  5
1140
  100
AcDbEntity
  8
Top-Silkscreen-Layer
  100
AcDbPolyline
  90
2
  70
0
  43
0.1
  10
24.200012700025468
  20
47.850005080010305
  10
24.200012700025468
  20
49.14999491998992
  0
LWPOLYLINE
  5
1141
  100
AcDbEntity
  8
Top-Silkscreen-Layer
  100
AcDbPolyline
  90
2
  70
0
  43
0.1
  10
24.850007620015276
  20
48.500000000000114
  10
23.549989839979673
  20
48.500000000000114
  0
LWPOLYLINE
  5
1142
  100
AcDbEntity
  8
Top-Silkscreen-Layer
  100
AcDbPolyline
  90
2
  70
0
  43
0.1
  10
26.700012700025354
  20
47.850005080010305
  10
26.700012700025354
  20
49.14999491998992
  0
LWPOLYLINE
  5
1143
  100
AcDbEntity
  8
Top-Silkscreen-Layer
  100
AcDbPolyline
  90
2
  70
0
  43
0.1
  10
27.350007620015276
  20
48.500000000000114
  10
26.049989839979617
  20
48.500000000000114
  0
LWPOLYLINE
  5
1144
  100
AcDbEntity
  8
Top-Silkscreen-Layer
  100
AcDbPolyline
  90
2
  70
0
  43
0.1
  10
72.17001524003052
  20
49.80700787401577
  10
72.17001524003052
  20
51.13299466598937
  0
LWPOLYLINE
  5
1145
  100
AcDbEntity
  8
Top-Silkscreen-Layer
  100
AcDbPolyline
  90
2
  70
0
  43
0.1
  10
72.83300990601987
  20
50.47000000000003
  10
71.50699009398016
  20
50.47000000000003
  0
LWPOLYLINE
  5
1146
  100
AcDbEntity
  8
Top-Silkscreen-Layer
  100
AcDbPolyline
  90
2
  70
0
  43
0.1
  10
72.17001524003052
  20
52.346985013970084
  10
72.17001524003052
  20
53.673004826009674
  0
LWPOLYLINE
  5
1147
  100
AcDbEntity
  8
Top-Silkscreen-Layer
  100
AcDbPolyline
  90
2
  70
0
  43
0.1
  10
72.83300990601987
  20
53.01001016002033
  10
71.50699009398016
  20
53.01001016002033
  0
LWPOLYLINE
  5
1148
  100
AcDbEntity
  8
Top-Silkscreen-Layer
  100
AcDbPolyline
  90
2
  70
0
  43
0.1
  10
72.17001524003052
  20
44.72699009398025
  10
72.17001524003052
  20
46.05300990601984
  0
LWPOLYLINE
  5
1149
  100
AcDbEntity
  8
Top-Silkscreen-Layer
  100
AcDbPolyline
  90
2
  70
0
  43
0.1
  10
72.83300990601987
  20
45.39001524003061
  10
71.50699009398016
  20
45.39001524003061
  0
LWPOLYLINE
  5
1150
  100
AcDbEntity
  8
Top-Silkscreen-Layer
  100
AcDbPolyline
  90
2
  70
0
  43
0.1
  10
72.17001524003052
  20
47.266997713995465
  10
72.17001524003052
  20
48.592987045974155
  0
LWPOLYLINE
  5
1151
  100
AcDbEntity
  8
Top-Silkscreen-Layer
  100
AcDbPolyline
  90
2
  70
0
  43
0.1
  10
72.83300990601987
  20
47.9299923799847
  10
71.50699009398016
  20
47.9299923799847
  0
LWPOLYLINE
  5
1152
  100
AcDbEntity
  8
Top-Silkscreen-Layer
  100
AcDbPolyline
  90
2
  70
0
  43
0.1
  10
69.63000508001016
  20
44.72699009398025
  10
69.63000508001016
  20
46.05300990601984
  0
LWPOLYLINE
  5
1153
  100
AcDbEntity
  8
Top-Silkscreen-Layer
  100
AcDbPolyline
  90
2
  70
0
  43
0.1
  10
70.29299974599951
  20
45.39001524003061
  10
68.96701041402082
  20
45.39001524003061
  0
LWPOLYLINE
  5
1154
  100
AcDbEntity
  8
Top-Silkscreen-Layer
  100
AcDbPolyline
  90
2
  70
0
  43
0.1
  10
69.63000508001016
  20
47.266997713995465
  10
69.63000508001016
  20
48.592987045974155
  0
LWPOLYLINE
  5
1155
  100
AcDbEntity
  8
Top-Silkscreen-Layer
  100
AcDbPolyline
  90
2
  70
0
  43
0.1
  10
70.29299974599951
  20
47.9299923799847
  10
68.96701041402082
  20
47.9299923799847
  0
LWPOLYLINE
  5
1156
  100
AcDbEntity
  8
Top-Silkscreen-Layer
  100
AcDbPolyline
  90
2
  70
0
  43
0.1
  10
69.63000508001016
  20
49.80700787401577
  10
69.63000508001016
  20
51.13299466598937
  0
LWPOLYLINE
  5
1157
  100
AcDbEntity
  8
Top-Silkscreen-Layer
  100
AcDbPolyline
  90
2
  70
0
  43
0.1
  10
70.29299974599951
  20
50.47000000000003
  10
68.96701041402082
  20
50.47000000000003
  0
LWPOLYLINE
  5
1158
  100
AcDbEntity
  8
Top-Silkscreen-Layer
  100
AcDbPolyline
  90
2
  70
0
  43
0.1
  10
69.63000508001016
  20
52.346985013970084
  10
69.63000508001016
  20
53.673004826009674
  0
LWPOLYLINE
  5
1159
  100
AcDbEntity
  8
Top-Silkscreen-Layer
  100
AcDbPolyline
  90
2
  70
0
  43
0.1
  10
70.29299974599951
  20
53.01001016002033
  10
68.96701041402082
  20
53.01001016002033
  0
LWPOLYLINE
  5
1168
  100
AcDbEntity
  8
Top-Silkscreen-Layer
  100
AcDbPolyline
  90
2
  70
0
  43
0.25400050800101603
  10
12.009296418592896
  20
56.2875438150877
  10
12.009296418592896
  20
53.788178816357686
  0
LWPOLYLINE
  5
1169
  100
AcDbEntity
  8
Top-Silkscreen-Layer
  100
AcDbPolyline
  90
2
  70
0
  43
0.25400050800101603
  10
16.007264414528834
  20
53.788178816357686
  10
17.008026416052815
  20
53.788178816357686
  0
LWPOLYLINE
  5
1170
  100
AcDbEntity
  8
Top-Silkscreen-Layer
  100
AcDbPolyline
  90
2
  70
0
  43
0.25400050800101603
  10
11.008534417068859
  20
53.788178816357686
  10
12.00675641351279
  20
53.788178816357686
  0
LWPOLYLINE
  5
1171
  100
AcDbEntity
  8
Top-Silkscreen-Layer
  100
AcDbPolyline
  90
2
  70
0
  43
0.25400050800101603
  10
17.008026416052815
  20
56.2875438150877
  10
17.008026416052815
  20
53.788178816357686
  0
LWPOLYLINE
  5
1172
  100
AcDbEntity
  8
Top-Silkscreen-Layer
  100
AcDbPolyline
  90
2
  70
0
  43
0.25400050800101603
  10
16.007264414528834
  20
56.2875438150877
  10
16.007264414528834
  20
53.788178816357686
  0
LWPOLYLINE
  5
1173
  100
AcDbEntity
  8
Top-Silkscreen-Layer
  100
AcDbPolyline
  90
2
  70
0
  43
0.25400050800101603
  10
11.008534417068859
  20
56.2875438150877
  10
11.008534417068859
  20
53.788178816357686
  0
LWPOLYLINE
  5
1174
  100
AcDbEntity
  8
Top-Silkscreen-Layer
  100
AcDbPolyline
  90
2
  70
0
  43
0.25400050800101603
  10
19.00701041402084
  20
56.2875438150877
  10
9.009550419100833
  20
56.2875438150877
  0
LWPOLYLINE
  5
1175
  100
AcDbEntity
  8
Top-Silkscreen-Layer
  100
AcDbPolyline
  90
2
  70
0
  43
0.25400050800101603
  10
17.65826771653542
  20
49.28728981457971
  10
19.00701041402084
  20
49.28728981457971
  0
LWPOLYLINE
  5
1176
  100
AcDbEntity
  8
Top-Silkscreen-Layer
  100
AcDbPolyline
  90
2
  70
0
  43
0.25400050800101603
  10
14.958242316484643
  20
49.28728981457971
  10
15.357023114046228
  20
49.28728981457971
  0
LWPOLYLINE
  5
1177
  100
AcDbEntity
  8
Top-Silkscreen-Layer
  100
AcDbPolyline
  90
2
  70
0
  43
0.25400050800101603
  10
12.458877317754684
  20
49.28728981457971
  10
13.05831851663703
  20
49.28728981457971
  0
LWPOLYLINE
  5
1178
  100
AcDbEntity
  8
Top-Silkscreen-Layer
  100
AcDbPolyline
  90
2
  70
0
  43
0.25400050800101603
  10
9.009550419100833
  20
49.28728981457971
  10
10.508153416306868
  20
49.28728981457971
  0
LWPOLYLINE
  5
1179
  100
AcDbEntity
  8
Top-Silkscreen-Layer
  100
AcDbPolyline
  90
2
  70
0
  43
0.25400050800101603
  10
19.00701041402084
  20
49.28728981457971
  10
19.00701041402084
  20
56.2875438150877
  0
LWPOLYLINE
  5
1180
  100
AcDbEntity
  8
Top-Silkscreen-Layer
  100
AcDbPolyline
  90
2
  70
0
  43
0.25400050800101603
  10
9.009550419100833
  20
49.28728981457971
  10
9.009550419100833
  20
56.2875438150877
  0
LWPOLYLINE
  5
1181
  100
AcDbEntity
  8
Top-Silkscreen-Layer
  100
AcDbPolyline
  90
2
  70
0
  43
0.25400050800101603
  10
21.699585979171957
  20
49.156301752603554
  10
21.699585979171957
  20
56.156301752603554
  0
LWPOLYLINE
  5
1182
  100
AcDbEntity
  8
Top-Silkscreen-Layer
  100
AcDbPolyline
  90
2
  70
0
  43
0.25400050800101603
  10
21.699585979171957
  20
56.156301752603554
  10
34.18879095758189
  20
56.156301752603554
  0
LWPOLYLINE
  5
1183
  100
AcDbEntity
  8
Top-Silkscreen-Layer
  100
AcDbPolyline
  90
2
  70
0
  43
0.25400050800101603
  10
34.18879095758189
  20
49.12048768097543
  10
34.18879095758189
  20
56.12048768097543
  0
LWPOLYLINE
  5
1184
  100
AcDbEntity
  8
Top-Silkscreen-Layer
  100
AcDbPolyline
  90
2
  70
0
  43
0.25400050800101603
  10
21.699585979171957
  20
49.14588773177559
  10
22.664787909575864
  20
49.14588773177559
  0
LWPOLYLINE
  5
1185
  100
AcDbEntity
  8
Top-Silkscreen-Layer
  100
AcDbPolyline
  90
2
  70
0
  43
0.25400050800101603
  10
22.664787909575864
  20
49.14588773177559
  10
23.09658877317753
  20
49.14588773177559
  0
LWPOLYLINE
  5
1186
  100
AcDbEntity
  8
Top-Silkscreen-Layer
  100
AcDbPolyline
  90
2
  70
0
  43
0.25400050800101603
  10
23.09658877317753
  20
49.14588773177559
  10
23.09658877317753
  20
49.73008890017775
  0
LWPOLYLINE
  5
1187
  100
AcDbEntity
  8
Top-Silkscreen-Layer
  100
AcDbPolyline
  90
2
  70
0
  43
0.25400050800101603
  10
23.09658877317753
  20
49.73008890017775
  10
25.230193040386098
  20
49.73008890017775
  0
LWPOLYLINE
  5
1188
  100
AcDbEntity
  8
Top-Silkscreen-Layer
  100
AcDbPolyline
  90
2
  70
0
  43
0.25400050800101603
  10
25.230193040386098
  20
49.73008890017775
  10
25.230193040386098
  20
49.19668783337568
  0
LWPOLYLINE
  5
1189
  100
AcDbEntity
  8
Top-Silkscreen-Layer
  100
AcDbPolyline
  90
2
  70
0
  43
0.25400050800101603
  10
25.230193040386098
  20
49.19668783337568
  10
25.636593853187662
  20
49.19668783337568
  0
LWPOLYLINE
  5
1190
  100
AcDbEntity
  8
Top-Silkscreen-Layer
  100
AcDbPolyline
  90
2
  70
0
  43
0.25400050800101603
  10
25.636593853187662
  20
49.19668783337568
  10
25.636593853187662
  20
49.653888747777614
  0
LWPOLYLINE
  5
1191
  100
AcDbEntity
  8
Top-Silkscreen-Layer
  100
AcDbPolyline
  90
2
  70
0
  43
0.25400050800101603
  10
25.255593091186142
  20
49.19668783337568
  10
25.636593853187662
  20
49.19668783337568
  0
LWPOLYLINE
  5
1192
  100
AcDbEntity
  8
Top-Silkscreen-Layer
  100
AcDbPolyline
  90
2
  70
0
  43
0.25400050800101603
  10
25.636593853187662
  20
49.19668783337568
  10
25.636593853187662
  20
49.73008890017775
  0
LWPOLYLINE
  5
1193
  100
AcDbEntity
  8
Top-Silkscreen-Layer
  100
AcDbPolyline
  90
2
  70
0
  43
0.25400050800101603
  10
25.636593853187662
  20
49.73008890017775
  10
27.693997967995927
  20
49.73008890017775
  0
LWPOLYLINE
  5
1194
  100
AcDbEntity
  8
Top-Silkscreen-Layer
  100
AcDbPolyline
  90
2
  70
0
  43
0.25400050800101603
  10
27.693997967995927
  20
49.73008890017775
  10
27.693997967995927
  20
49.20430784861583
  0
LWPOLYLINE
  5
1195
  100
AcDbEntity
  8
Top-Silkscreen-Layer
  100
AcDbPolyline
  90
2
  70
0
  43
0.25400050800101603
  10
27.693997967995927
  20
49.20430784861583
  10
28.1537388874778
  20
49.20430784861583
  0
LWPOLYLINE
  5
1196
  100
AcDbEntity
  8
Top-Silkscreen-Layer
  100
AcDbPolyline
  90
2
  70
0
  43
0.25400050800101603
  10
28.1537388874778
  20
49.20430784861583
  10
28.1537388874778
  20
49.66150876301754
  0
LWPOLYLINE
  5
1197
  100
AcDbEntity
  8
Top-Silkscreen-Layer
  100
AcDbPolyline
  90
2
  70
0
  43
0.25400050800101603
  10
27.693997967995927
  20
49.19668783337568
  10
28.15119888239775
  20
49.19668783337568
  0
LWPOLYLINE
  5
1198
  100
AcDbEntity
  8
Top-Silkscreen-Layer
  100
AcDbPolyline
  90
2
  70
0
  43
0.25400050800101603
  10
28.15119888239775
  20
49.19668783337568
  10
28.15119888239775
  20
49.73008890017775
  0
LWPOLYLINE
  5
1199
  100
AcDbEntity
  8
Top-Silkscreen-Layer
  100
AcDbPolyline
  90
2
  70
0
  43
0.25400050800101603
  10
28.15119888239775
  20
49.73008890017775
  10
30.21114300228595
  20
49.73008890017775
  0
LWPOLYLINE
  5
1200
  100
AcDbEntity
  8
Top-Silkscreen-Layer
  100
AcDbPolyline
  90
2
  70
0
  43
0.25400050800101603
  10
30.21114300228595
  20
49.73008890017775
  10
30.21114300228595
  20
49.24748793497599
  0
LWPOLYLINE
  5
1201
  100
AcDbEntity
  8
Top-Silkscreen-Layer
  100
AcDbPolyline
  90
2
  70
0
  43
0.25400050800101603
  10
30.21114300228595
  20
49.24748793497599
  10
30.61754381508763
  20
49.24748793497599
  0
LWPOLYLINE
  5
1202
  100
AcDbEntity
  8
Top-Silkscreen-Layer
  100
AcDbPolyline
  90
2
  70
0
  43
0.25400050800101603
  10
30.61754381508763
  20
49.24748793497599
  10
30.61754381508763
  20
49.7046888493777
  0
LWPOLYLINE
  5
1203
  100
AcDbEntity
  8
Top-Silkscreen-Layer
  100
AcDbPolyline
  90
2
  70
0
  43
0.25400050800101603
  10
30.6073837947676
  20
49.73008890017775
  10
31.21190500380999
  20
49.73008890017775
  0
LWPOLYLINE
  5
1204
  100
AcDbEntity
  8
Top-Silkscreen-Layer
  100
AcDbPolyline
  90
2
  70
0
  43
0.25400050800101603
  10
31.21190500380999
  20
49.73008890017775
  10
32.76638811277627
  20
49.73008890017775
  0
LWPOLYLINE
  5
1205
  100
AcDbEntity
  8
Top-Silkscreen-Layer
  100
AcDbPolyline
  90
2
  70
0
  43
0.25400050800101603
  10
32.76638811277627
  20
49.73008890017775
  10
32.76638811277627
  20
49.12048768097543
  0
LWPOLYLINE
  5
1206
  100
AcDbEntity
  8
Top-Silkscreen-Layer
  100
AcDbPolyline
  90
2
  70
0
  43
0.25400050800101603
  10
32.76638811277627
  20
49.12048768097543
  10
34.18879095758189
  20
49.12048768097543
  0
LWPOLYLINE
  5
1217
  100
AcDbEntity
  8
Top-Silkscreen-Layer
  100
AcDbPolyline
  90
2
  70
0
  43
0.25400050800101603
  10
108.20298958597908
  20
42.37527813055635
  10
107.40364998729996
  20
42.36664211328434
  0
LWPOLYLINE
  5
1218
  100
AcDbEntity
  8
Top-Silkscreen-Layer
  100
AcDbPolyline
  90
2
  70
0
  43
0.25400050800101603
  10
107.40364998729996
  20
42.36664211328434
  10
108.20298958597908
  20
42.37527813055635
  0
LWPOLYLINE
  5
1219
  100
AcDbEntity
  8
Top-Silkscreen-Layer
  100
AcDbPolyline
  90
2
  70
0
  43
0.25400050800101603
  10
108.20298958597908
  20
42.37527813055635
  10
108.90298958597913
  20
42.37527813055635
  0
LWPOLYLINE
  5
1220
  100
AcDbEntity
  8
Top-Silkscreen-Layer
  100
AcDbPolyline
  90
2
  70
0
  43
0.25400050800101603
  10
108.20298958597908
  20
43.10672339344683
  10
108.20298958597908
  20
41.70672339344685
  0
LWPOLYLINE
  5
1221
  100
AcDbEntity
  8
Top-Silkscreen-Layer
  100
AcDbPolyline
  90
2
  70
0
  43
0.25400050800101603
  10
106.26643891287785
  20
40.406723393446896
  10
106.00298958597915
  20
40.406723393446896
  0
LWPOLYLINE
  5
1222
  100
AcDbEntity
  8
Top-Silkscreen-Layer
  100
AcDbPolyline
  90
2
  70
0
  43
0.25400050800101603
  10
108.40298958597913
  20
40.406723393446896
  10
108.13954025908043
  20
40.406723393446896
  0
LWPOLYLINE
  5
1223
  100
AcDbEntity
  8
Top-Silkscreen-Layer
  100
AcDbPolyline
  90
2
  70
0
  43
0.25400050800101603
  10
108.40298958597913
  20
40.406723393446896
  42
3.141
  10
106.00298958597915
  20
40.406723393446896
  0
LWPOLYLINE
  5
1230
  100
AcDbEntity
  8
Top-Silkscreen-Layer
  100
AcDbPolyline
  90
2
  70
0
  43
0.25400050800101603
  10
6.797157734315476
  20
42.37527813055635
  10
5.997818135636294
  20
42.36664211328434
  0
LWPOLYLINE
  5
1231
  100
AcDbEntity
  8
Top-Silkscreen-Layer
  100
AcDbPolyline
  90
2
  70
0
  43
0.25400050800101603
  10
5.997818135636294
  20
42.36664211328434
  10
6.797157734315476
  20
42.37527813055635
  0
LWPOLYLINE
  5
1232
  100
AcDbEntity
  8
Top-Silkscreen-Layer
  100
AcDbPolyline
  90
2
  70
0
  43
0.25400050800101603
  10
6.797157734315476
  20
42.37527813055635
  10
7.497157734315465
  20
42.37527813055635
  0
LWPOLYLINE
  5
1233
  100
AcDbEntity
  8
Top-Silkscreen-Layer
  100
AcDbPolyline
  90
2
  70
0
  43
0.25400050800101603
  10
6.797157734315476
  20
43.10672339344683
  10
6.797157734315476
  20
41.70672339344685
  0
LWPOLYLINE
  5
1234
  100
AcDbEntity
  8
Top-Silkscreen-Layer
  100
AcDbPolyline
  90
2
  70
0
  43
0.25400050800101603
  10
4.860607061214125
  20
40.406723393446896
  10
4.597157734315488
  20
40.406723393446896
  0
LWPOLYLINE
  5
1235
  100
AcDbEntity
  8
Top-Silkscreen-Layer
  100
AcDbPolyline
  90
2
  70
0
  43
0.25400050800101603
  10
6.997157734315522
  20
40.406723393446896
  10
6.733708407416827
  20
40.406723393446896
  0
LWPOLYLINE
  5
1236
  100
AcDbEntity
  8
Top-Silkscreen-Layer
  100
AcDbPolyline
  90
2
  70
0
  43
0.25400050800101603
  10
6.997157734315522
  20
40.406723393446896
  42
3.141
  10
4.597157734315488
  20
40.406723393446896
  0
LWPOLYLINE
  5
1243
  100
AcDbEntity
  8
Top-Silkscreen-Layer
  100
AcDbPolyline
  90
2
  70
0
  43
0.15240030480060962
  10
16.36819151638298
  20
41.40900939801884
  10
17.72811023622046
  20
41.40900939801884
  0
LWPOLYLINE
  5
1244
  100
AcDbEntity
  8
Top-Silkscreen-Layer
  100
AcDbPolyline
  90
2
  70
0
  43
0.15240030480060962
  10
17.72811023622046
  20
41.40900939801884
  10
17.72811023622046
  20
43.56720091440184
  0
LWPOLYLINE
  5
1245
  100
AcDbEntity
  8
Top-Silkscreen-Layer
  100
AcDbPolyline
  90
2
  70
0
  43
0.15240030480060962
  10
17.72811023622046
  20
43.56720091440184
  10
16.36819151638298
  20
43.56720091440184
  0
LWPOLYLINE
  5
1246
  100
AcDbEntity
  8
Top-Silkscreen-Layer
  100
AcDbPolyline
  90
2
  70
0
  43
0.15240030480060962
  10
14.465778511557005
  20
41.40900939801884
  10
13.105859791719581
  20
41.40900939801884
  0
LWPOLYLINE
  5
1247
  100
AcDbEntity
  8
Top-Silkscreen-Layer
  100
AcDbPolyline
  90
2
  70
0
  43
0.15240030480060962
  10
13.105859791719581
  20
41.40900939801884
  10
13.105859791719581
  20
43.56720091440184
  0
LWPOLYLINE
  5
1248
  100
AcDbEntity
  8
Top-Silkscreen-Layer
  100
AcDbPolyline
  90
2
  70
0
  43
0.15240030480060962
  10
13.105859791719581
  20
43.56720091440184
  10
14.465778511557005
  20
43.56720091440184
  0
LWPOLYLINE
  5
1257
  100
AcDbEntity
  8
Top-Silkscreen-Layer
  100
AcDbPolyline
  90
2
  70
0
  43
0.15240030480060962
  10
16.36819151638298
  20
43.78054356108714
  10
17.72811023622046
  20
43.78054356108714
  0
LWPOLYLINE
  5
1258
  100
AcDbEntity
  8
Top-Silkscreen-Layer
  100
AcDbPolyline
  90
2
  70
0
  43
0.15240030480060962
  10
17.72811023622046
  20
43.78054356108714
  10
17.72811023622046
  20
45.93873507747014
  0
LWPOLYLINE
  5
1259
  100
AcDbEntity
  8
Top-Silkscreen-Layer
  100
AcDbPolyline
  90
2
  70
0
  43
0.15240030480060962
  10
17.72811023622046
  20
45.93873507747014
  10
16.36819151638298
  20
45.93873507747014
  0
LWPOLYLINE
  5
1260
  100
AcDbEntity
  8
Top-Silkscreen-Layer
  100
AcDbPolyline
  90
2
  70
0
  43
0.15240030480060962
  10
14.465778511557005
  20
43.78054356108714
  10
13.105859791719581
  20
43.78054356108714
  0
LWPOLYLINE
  5
1261
  100
AcDbEntity
  8
Top-Silkscreen-Layer
  100
AcDbPolyline
  90
2
  70
0
  43
0.15240030480060962
  10
13.105859791719581
  20
43.78054356108714
  10
13.105859791719581
  20
45.93873507747014
  0
LWPOLYLINE
  5
1262
  100
AcDbEntity
  8
Top-Silkscreen-Layer
  100
AcDbPolyline
  90
2
  70
0
  43
0.15240030480060962
  10
13.105859791719581
  20
45.93873507747014
  10
14.465778511557005
  20
45.93873507747014
  0
LWPOLYLINE
  5
1271
  100
AcDbEntity
  8
Top-Silkscreen-Layer
  100
AcDbPolyline
  90
2
  70
0
  43
0.15240030480060962
  10
105.1196774193549
  20
52.19869443738901
  10
105.1196774193549
  20
53.55861315722632
  0
LWPOLYLINE
  5
1272
  100
AcDbEntity
  8
Top-Silkscreen-Layer
  100
AcDbPolyline
  90
2
  70
0
  43
0.15240030480060962
  10
105.1196774193549
  20
53.55861315722632
  10
102.9614859029719
  20
53.55861315722632
  0
LWPOLYLINE
  5
1273
  100
AcDbEntity
  8
Top-Silkscreen-Layer
  100
AcDbPolyline
  90
2
  70
0
  43
0.15240030480060962
  10
102.9614859029719
  20
53.55861315722632
  10
102.9614859029719
  20
52.19869443738901
  0
LWPOLYLINE
  5
1274
  100
AcDbEntity
  8
Top-Silkscreen-Layer
  100
AcDbPolyline
  90
2
  70
0
  43
0.15240030480060962
  10
105.1196774193549
  20
50.296281432562864
  10
105.1196774193549
  20
48.93636271272544
  0
LWPOLYLINE
  5
1275
  100
AcDbEntity
  8
Top-Silkscreen-Layer
  100
AcDbPolyline
  90
2
  70
0
  43
0.15240030480060962
  10
105.1196774193549
  20
48.93636271272544
  10
102.9614859029719
  20
48.93636271272544
  0
LWPOLYLINE
  5
1276
  100
AcDbEntity
  8
Top-Silkscreen-Layer
  100
AcDbPolyline
  90
2
  70
0
  43
0.15240030480060962
  10
102.9614859029719
  20
48.93636271272544
  10
102.9614859029719
  20
50.296281432562864
  0
LWPOLYLINE
  5
1285
  100
AcDbEntity
  8
Top-Silkscreen-Layer
  100
AcDbPolyline
  90
2
  70
0
  43
0.15240030480060962
  10
102.75112014224027
  20
52.19869443738901
  10
102.75112014224027
  20
53.55861315722632
  0
LWPOLYLINE
  5
1286
  100
AcDbEntity
  8
Top-Silkscreen-Layer
  100
AcDbPolyline
  90
2
  70
0
  43
0.15240030480060962
  10
102.75112014224027
  20
53.55861315722632
  10
100.59292862585727
  20
53.55861315722632
  0
LWPOLYLINE
  5
1287
  100
AcDbEntity
  8
Top-Silkscreen-Layer
  100
AcDbPolyline
  90
2
  70
0
  43
0.15240030480060962
  10
100.59292862585727
  20
53.55861315722632
  10
100.59292862585727
  20
52.19869443738901
  0
LWPOLYLINE
  5
1288
  100
AcDbEntity
  8
Top-Silkscreen-Layer
  100
AcDbPolyline
  90
2
  70
0
  43
0.15240030480060962
  10
102.75112014224027
  20
50.296281432562864
  10
102.75112014224027
  20
48.93636271272544
  0
LWPOLYLINE
  5
1289
  100
AcDbEntity
  8
Top-Silkscreen-Layer
  100
AcDbPolyline
  90
2
  70
0
  43
0.15240030480060962
  10
102.75112014224027
  20
48.93636271272544
  10
100.59292862585727
  20
48.93636271272544
  0
LWPOLYLINE
  5
1290
  100
AcDbEntity
  8
Top-Silkscreen-Layer
  100
AcDbPolyline
  90
2
  70
0
  43
0.15240030480060962
  10
100.59292862585727
  20
48.93636271272544
  10
100.59292862585727
  20
50.296281432562864
  0
LWPOLYLINE
  5
1299
  100
AcDbEntity
  8
Top-Silkscreen-Layer
  100
AcDbPolyline
  90
2
  70
0
  43
0.25400050800101603
  10
6.400932181864391
  20
11.150048260096582
  10
6.400932181864391
  20
23.85007366014736
  0
LWPOLYLINE
  5
1300
  100
AcDbEntity
  8
Top-Silkscreen-Layer
  100
AcDbPolyline
  90
2
  70
0
  43
0.25400050800101603
  10
11.999103378206769
  20
11.150048260096582
  10
11.999103378206769
  20
23.85007366014736
  0
LWPOLYLINE
  5
1301
  100
AcDbEntity
  8
Top-Silkscreen-Layer
  100
AcDbPolyline
  90
2
  70
0
  43
0.25400050800101603
  10
6.400932181864391
  20
23.85007366014736
  10
8.178935737871484
  20
23.85007366014736
  0
LWPOLYLINE
  5
1302
  100
AcDbEntity
  8
Top-Silkscreen-Layer
  100
AcDbPolyline
  90
2
  70
0
  43
0.25400050800101603
  10
10.221099822199676
  20
23.85007366014736
  10
11.999103378206769
  20
23.85007366014736
  0
LWPOLYLINE
  5
1303
  100
AcDbEntity
  8
Top-Silkscreen-Layer
  100
AcDbPolyline
  90
2
  70
0
  43
0.25400050800101603
  10
6.400932181864391
  20
11.150048260096582
  10
8.178935737871484
  20
11.150048260096582
  0
LWPOLYLINE
  5
1304
  100
AcDbEntity
  8
Top-Silkscreen-Layer
  100
AcDbPolyline
  90
2
  70
0
  43
0.25400050800101603
  10
10.221099822199676
  20
11.150048260096582
  10
11.999103378206769
  20
11.150048260096582
  0
LWPOLYLINE
  5
1305
  100
AcDbEntity
  8
Top-Silkscreen-Layer
  100
AcDbPolyline
  90
2
  70
0
  43
0.25400050800101603
  10
16.007264414528834
  20
0.8995529591059039
  10
16.007264414528834
  20
3.39891795783592
  0
LWPOLYLINE
  5
1306
  100
AcDbEntity
  8
Top-Silkscreen-Layer
  100
AcDbPolyline
  90
2
  70
0
  43
0.25400050800101603
  10
12.009296418592896
  20
3.39891795783592
  10
11.008534417068859
  20
3.39891795783592
  0
LWPOLYLINE
  5
1307
  100
AcDbEntity
  8
Top-Silkscreen-Layer
  100
AcDbPolyline
  90
2
  70
0
  43
0.25400050800101603
  10
17.008026416052815
  20
3.39891795783592
  10
16.009804419608884
  20
3.39891795783592
  0
LWPOLYLINE
  5
1308
  100
AcDbEntity
  8
Top-Silkscreen-Layer
  100
AcDbPolyline
  90
2
  70
0
  43
0.25400050800101603
  10
11.008534417068859
  20
0.8995529591059039
  10
11.008534417068859
  20
3.39891795783592
  0
LWPOLYLINE
  5
1309
  100
AcDbEntity
  8
Top-Silkscreen-Layer
  100
AcDbPolyline
  90
2
  70
0
  43
0.25400050800101603
  10
12.009296418592896
  20
0.8995529591059039
  10
12.009296418592896
  20
3.39891795783592
  0
LWPOLYLINE
  5
1310
  100
AcDbEntity
  8
Top-Silkscreen-Layer
  100
AcDbPolyline
  90
2
  70
0
  43
0.25400050800101603
  10
17.008026416052815
  20
0.8995529591059039
  10
17.008026416052815
  20
3.39891795783592
  0
LWPOLYLINE
  5
1311
  100
AcDbEntity
  8
Top-Silkscreen-Layer
  100
AcDbPolyline
  90
2
  70
0
  43
0.25400050800101603
  10
9.009550419100833
  20
0.8995529591059039
  10
19.00701041402084
  20
0.8995529591059039
  0
LWPOLYLINE
  5
1312
  100
AcDbEntity
  8
Top-Silkscreen-Layer
  100
AcDbPolyline
  90
2
  70
0
  43
0.25400050800101603
  10
10.358293116586253
  20
7.899806959613898
  10
9.009550419100833
  20
7.899806959613898
  0
LWPOLYLINE
  5
1313
  100
AcDbEntity
  8
Top-Silkscreen-Layer
  100
AcDbPolyline
  90
2
  70
0
  43
0.25400050800101603
  10
13.05831851663703
  20
7.899806959613898
  10
12.659537719075445
  20
7.899806959613898
  0
LWPOLYLINE
  5
1314
  100
AcDbEntity
  8
Top-Silkscreen-Layer
  100
AcDbPolyline
  90
2
  70
0
  43
0.25400050800101603
  10
15.557683515366989
  20
7.899806959613898
  10
14.958242316484643
  20
7.899806959613898
  0
LWPOLYLINE
  5
1315
  100
AcDbEntity
  8
Top-Silkscreen-Layer
  100
AcDbPolyline
  90
2
  70
0
  43
0.25400050800101603
  10
19.00701041402084
  20
7.899806959613898
  10
17.508407416814862
  20
7.899806959613898
  0
LWPOLYLINE
  5
1316
  100
AcDbEntity
  8
Top-Silkscreen-Layer
  100
AcDbPolyline
  90
2
  70
0
  43
0.25400050800101603
  10
9.009550419100833
  20
7.899806959613898
  10
9.009550419100833
  20
0.8995529591059039
  0
LWPOLYLINE
  5
1317
  100
AcDbEntity
  8
Top-Silkscreen-Layer
  100
AcDbPolyline
  90
2
  70
0
  43
0.25400050800101603
  10
19.00701041402084
  20
7.899806959613898
  10
19.00701041402084
  20
0.8995529591059039
  0
LWPOLYLINE
  5
1318
  100
AcDbEntity
  8
Top-Silkscreen-Layer
  100
AcDbPolyline
  90
2
  70
0
  43
0.25400050800101603
  10
101.00112268224535
  20
11.150048260096582
  10
101.00112268224535
  20
23.85007366014736
  0
LWPOLYLINE
  5
1319
  100
AcDbEntity
  8
Top-Silkscreen-Layer
  100
AcDbPolyline
  90
2
  70
0
  43
0.25400050800101603
  10
106.59929387858773
  20
11.150048260096582
  10
106.59929387858773
  20
23.85007366014736
  0
LWPOLYLINE
  5
1320
  100
AcDbEntity
  8
Top-Silkscreen-Layer
  100
AcDbPolyline
  90
2
  70
0
  43
0.25400050800101603
  10
101.00112268224535
  20
23.85007366014736
  10
102.77912623825245
  20
23.85007366014736
  0
LWPOLYLINE
  5
1321
  100
AcDbEntity
  8
Top-Silkscreen-Layer
  100
AcDbPolyline
  90
2
  70
0
  43
0.25400050800101603
  10
104.82129032258064
  20
23.85007366014736
  10
106.59929387858773
  20
23.85007366014736
  0
LWPOLYLINE
  5
1322
  100
AcDbEntity
  8
Top-Silkscreen-Layer
  100
AcDbPolyline
  90
2
  70
0
  43
0.25400050800101603
  10
101.00112268224535
  20
11.150048260096582
  10
102.77912623825245
  20
11.150048260096582
  0
LWPOLYLINE
  5
1323
  100
AcDbEntity
  8
Top-Silkscreen-Layer
  100
AcDbPolyline
  90
2
  70
0
  43
0.25400050800101603
  10
104.82129032258064
  20
11.150048260096582
  10
106.59929387858773
  20
11.150048260096582
  0
LWPOLYLINE
  5
1324
  100
AcDbEntity
  8
Top-Silkscreen-Layer
  100
AcDbPolyline
  90
2
  70
0
  43
0.25400050800101603
  10
74.69805435610868
  20
58.74895859791718
  10
83.4981559563119
  20
58.74895859791718
  0
LWPOLYLINE
  5
1325
  100
AcDbEntity
  8
Top-Silkscreen-Layer
  100
AcDbPolyline
  90
2
  70
0
  43
0.25400050800101603
  10
83.4981559563119
  20
58.74895859791718
  10
83.4981559563119
  20
40.985179070358186
  0
LWPOLYLINE
  5
1326
  100
AcDbEntity
  8
Top-Silkscreen-Layer
  100
AcDbPolyline
  90
2
  70
0
  43
0.25400050800101603
  10
83.4981559563119
  20
40.985179070358186
  10
74.69805435610868
  20
40.985179070358186
  0
LWPOLYLINE
  5
1327
  100
AcDbEntity
  8
Top-Silkscreen-Layer
  100
AcDbPolyline
  90
2
  70
0
  43
0.25400050800101603
  10
74.70973837947673
  20
40.96511303022612
  10
74.70973837947673
  20
58.72508255016521
  0
LWPOLYLINE
  5
1328
  100
AcDbEntity
  8
Top-Silkscreen-Layer
  100
AcDbPolyline
  90
2
  70
0
  43
0.25400050800101603
  10
74.65893827787653
  20
41.47844805689624
  10
74.22713741427486
  20
41.47844805689624
  0
LWPOLYLINE
  5
1329
  100
AcDbEntity
  8
Top-Silkscreen-Layer
  100
AcDbPolyline
  90
2
  70
0
  43
0.25400050800101603
  10
74.22713741427486
  20
41.47844805689624
  10
74.22713741427486
  20
42.062649225298514
  0
LWPOLYLINE
  5
1330
  100
AcDbEntity
  8
Top-Silkscreen-Layer
  100
AcDbPolyline
  90
2
  70
0
  43
0.25400050800101603
  10
74.22713741427486
  20
42.062649225298514
  10
74.63353822707637
  20
42.062649225298514
  0
LWPOLYLINE
  5
1331
  100
AcDbEntity
  8
Top-Silkscreen-Layer
  100
AcDbPolyline
  90
2
  70
0
  43
0.25400050800101603
  10
74.58273812547628
  20
42.85005080010171
  10
73.94773685547369
  20
43.4850520701043
  0
LWPOLYLINE
  5
1332
  100
AcDbEntity
  8
Top-Silkscreen-Layer
  100
AcDbPolyline
  90
2
  70
0
  43
0.25400050800101603
  10
73.94773685547369
  20
43.4850520701043
  10
74.63353822707637
  20
44.17085344170698
  0
LWPOLYLINE
  5
1333
  100
AcDbEntity
  8
Top-Silkscreen-Layer
  100
AcDbPolyline
  90
2
  70
0
  43
0.25400050800101603
  10
74.63353822707637
  20
44.17085344170698
  10
74.65893827787653
  20
44.17085344170698
  0
LWPOLYLINE
  5
1334
  100
AcDbEntity
  8
Top-Silkscreen-Layer
  100
AcDbPolyline
  90
2
  70
0
  43
0.25400050800101603
  10
74.73513843027689
  20
57.65828041656084
  10
74.30333756667511
  20
57.65828041656084
  0
LWPOLYLINE
  5
1335
  100
AcDbEntity
  8
Top-Silkscreen-Layer
  100
AcDbPolyline
  90
2
  70
0
  43
0.25400050800101603
  10
74.30333756667511
  20
57.65828041656084
  10
74.30333756667511
  20
58.24248158496323
  0
LWPOLYLINE
  5
1336
  100
AcDbEntity
  8
Top-Silkscreen-Layer
  100
AcDbPolyline
  90
2
  70
0
  43
0.25400050800101603
  10
74.30333756667511
  20
58.24248158496323
  10
74.70973837947673
  20
58.24248158496323
  0
LWPOLYLINE
  5
1337
  100
AcDbEntity
  8
Top-Silkscreen-Layer
  100
AcDbPolyline
  90
2
  70
0
  43
0.25400050800101603
  10
81.61855219710452
  20
47.320459740919546
  10
81.61855219710452
  20
52.400469900939925
  0
LWPOLYLINE
  5
1338
  100
AcDbEntity
  8
Top-Silkscreen-Layer
  100
AcDbPolyline
  90
2
  70
0
  43
0.25400050800101603
  10
81.61855219710452
  20
52.400469900939925
  10
83.4473558547117
  20
52.400469900939925
  0
LWPOLYLINE
  5
1339
  100
AcDbEntity
  8
Top-Silkscreen-Layer
  100
AcDbPolyline
  90
2
  70
0
  43
0.25400050800101603
  10
83.4473558547117
  20
52.400469900939925
  10
83.47275590551197
  20
52.42586995173997
  0
LWPOLYLINE
  5
1340
  100
AcDbEntity
  8
Top-Silkscreen-Layer
  100
AcDbPolyline
  90
2
  70
0
  43
0.25400050800101603
  10
81.61855219710452
  20
47.26965963931934
  10
83.42195580391154
  20
47.26965963931934
  0
LWPOLYLINE
  5
1341
  100
AcDbEntity
  8
Top-Silkscreen-Layer
  100
AcDbPolyline
  90
2
  70
0
  43
0.25400050800101603
  10
83.42195580391154
  20
47.26965963931934
  10
83.4473558547117
  20
47.244259588519185
  0
LWPOLYLINE
  5
1360
  100
AcDbEntity
  8
Top-Silkscreen-Layer
  100
AcDbPolyline
  90
2
  70
0
  43
0.2
  10
8.90516891033775
  20
44.71168148336301
  10
8.90516891033775
  20
43.11163068326141
  0
LWPOLYLINE
  5
1361
  100
AcDbEntity
  8
Top-Silkscreen-Layer
  100
AcDbPolyline
  90
2
  70
0
  43
0.2
  10
10.755791211582391
  20
43.11673609347213
  10
12.00575311150618
  20
43.11673609347213
  0
LWPOLYLINE
  5
1362
  100
AcDbEntity
  8
Top-Silkscreen-Layer
  100
AcDbPolyline
  90
2
  70
0
  43
0.2
  10
10.755791211582391
  20
44.71678689357384
  10
12.00575311150618
  20
44.71678689357384
  0
LWPOLYLINE
  5
1363
  100
AcDbEntity
  8
Top-Silkscreen-Layer
  100
AcDbPolyline
  90
2
  70
0
  43
0.2
  10
8.90516891033775
  20
43.11163068326141
  10
10.15520701041396
  20
43.11163068326141
  0
LWPOLYLINE
  5
1364
  100
AcDbEntity
  8
Top-Silkscreen-Layer
  100
AcDbPolyline
  90
2
  70
0
  43
0.2
  10
8.90516891033775
  20
44.71168148336301
  10
10.15520701041396
  20
44.71168148336301
  0
LWPOLYLINE
  5
1365
  100
AcDbEntity
  8
Top-Silkscreen-Layer
  100
AcDbPolyline
  90
2
  70
0
  43
0.2
  10
12.00575311150618
  20
44.71678689357384
  10
12.00575311150618
  20
43.11673609347213
  0
LWPOLYLINE
  5
1367
  100
AcDbEntity
  8
Top-Silkscreen-Layer
  100
AcDbPolyline
  90
2
  70
0
  43
0.2
  10
8.231087122174245
  20
28.72941579883161
  10
8.231087122174245
  20
30.32946659893321
  0
LWPOLYLINE
  5
1368
  100
AcDbEntity
  8
Top-Silkscreen-Layer
  100
AcDbPolyline
  90
2
  70
0
  43
0.2
  10
6.38046482092966
  20
30.324361188722378
  10
5.130502921005814
  20
30.324361188722378
  0
LWPOLYLINE
  5
1369
  100
AcDbEntity
  8
Top-Silkscreen-Layer
  100
AcDbPolyline
  90
2
  70
0
  43
0.2
  10
6.38046482092966
  20
28.724310388620665
  10
5.130502921005814
  20
28.724310388620665
  0
LWPOLYLINE
  5
1370
  100
AcDbEntity
  8
Top-Silkscreen-Layer
  100
AcDbPolyline
  90
2
  70
0
  43
0.2
  10
8.231087122174245
  20
30.32946659893321
  10
6.981049022098091
  20
30.32946659893321
  0
LWPOLYLINE
  5
1371
  100
AcDbEntity
  8
Top-Silkscreen-Layer
  100
AcDbPolyline
  90
2
  70
0
  43
0.2
  10
8.231087122174245
  20
28.72941579883161
  10
6.981049022098091
  20
28.72941579883161
  0
LWPOLYLINE
  5
1372
  100
AcDbEntity
  8
Top-Silkscreen-Layer
  100
AcDbPolyline
  90
2
  70
0
  43
0.2
  10
5.130502921005814
  20
28.724310388620665
  10
5.130502921005814
  20
30.324361188722378
  0
LWPOLYLINE
  5
1374
  100
AcDbEntity
  8
Top-Silkscreen-Layer
  100
AcDbPolyline
  90
2
  70
0
  43
0.2
  10
104.786601473203
  20
30.324361188722378
  10
104.786601473203
  20
28.724310388620893
  0
LWPOLYLINE
  5
1375
  100
AcDbEntity
  8
Top-Silkscreen-Layer
  100
AcDbPolyline
  90
2
  70
0
  43
0.2
  10
106.63722377444759
  20
28.72941579883161
  10
107.88718567437144
  20
28.72941579883161
  0
LWPOLYLINE
  5
1376
  100
AcDbEntity
  8
Top-Silkscreen-Layer
  100
AcDbPolyline
  90
2
  70
0
  43
0.2
  10
106.63722377444759
  20
30.329466598933323
  10
107.88718567437144
  20
30.329466598933323
  0
LWPOLYLINE
  5
1377
  100
AcDbEntity
  8
Top-Silkscreen-Layer
  100
AcDbPolyline
  90
2
  70
0
  43
0.2
  10
104.786601473203
  20
28.724310388620893
  10
106.03663957327927
  20
28.724310388620893
  0
LWPOLYLINE
  5
1378
  100
AcDbEntity
  8
Top-Silkscreen-Layer
  100
AcDbPolyline
  90
2
  70
0
  43
0.2
  10
104.786601473203
  20
30.324361188722378
  10
106.03663957327927
  20
30.324361188722378
  0
LWPOLYLINE
  5
1379
  100
AcDbEntity
  8
Top-Silkscreen-Layer
  100
AcDbPolyline
  90
2
  70
0
  43
0.2
  10
107.88718567437144
  20
30.329466598933323
  10
107.88718567437144
  20
28.72941579883161
  0
LWPOLYLINE
  5
1381
  100
AcDbEntity
  8
Top-Silkscreen-Layer
  100
AcDbPolyline
  90
2
  70
0
  43
0.15240030480060962
  10
12.101346202692412
  20
47.197297434594816
  10
10.616357632715335
  20
47.197297434594816
  0
LWPOLYLINE
  5
1382
  100
AcDbEntity
  8
Top-Silkscreen-Layer
  100
AcDbPolyline
  90
2
  70
0
  43
0.15240030480060962
  10
10.616357632715335
  20
45.012080264160545
  10
12.101346202692412
  20
45.012080264160545
  0
LWPOLYLINE
  5
1383
  100
AcDbEntity
  8
Top-Silkscreen-Layer
  100
AcDbPolyline
  90
2
  70
0
  43
0.15240030480060962
  10
12.253746507493076
  20
45.16448056896115
  10
12.253746507493076
  20
47.04489712979421
  0
LWPOLYLINE
  5
1384
  100
AcDbEntity
  8
Top-Silkscreen-Layer
  100
AcDbPolyline
  90
2
  70
0
  43
0.15240030480060962
  10
7.27894335788676
  20
47.197297434594816
  10
8.763931927863894
  20
47.197297434594816
  0
LWPOLYLINE
  5
1385
  100
AcDbEntity
  8
Top-Silkscreen-Layer
  100
AcDbPolyline
  90
2
  70
0
  43
0.15240030480060962
  10
8.763931927863894
  20
45.012080264160545
  10
7.27894335788676
  20
45.012080264160545
  0
LWPOLYLINE
  5
1386
  100
AcDbEntity
  8
Top-Silkscreen-Layer
  100
AcDbPolyline
  90
2
  70
0
  43
0.15240030480060962
  10
7.126543053086095
  20
45.16448056896115
  10
7.126543053086095
  20
47.04489712979421
  0
LWPOLYLINE
  5
1387
  100
AcDbEntity
  8
Top-Silkscreen-Layer
  100
AcDbPolyline
  90
2
  70
0
  43
0.15240030480060962
  10
12.101346202692412
  20
45.012080264160545
  42
0.414
  10
12.25374650749302
  20
45.16448056896115
  0
LWPOLYLINE
  5
1388
  100
AcDbEntity
  8
Top-Silkscreen-Layer
  100
AcDbPolyline
  90
2
  70
0
  43
0.15240030480060962
  10
12.25374650749302
  20
47.04489712979421
  42
0.414
  10
12.101346202692412
  20
47.197297434594816
  0
LWPOLYLINE
  5
1389
  100
AcDbEntity
  8
Top-Silkscreen-Layer
  100
AcDbPolyline
  90
2
  70
0
  43
0.15240030480060962
  10
7.27894335788676
  20
45.012080264160545
  42
-0.414
  10
7.126543053086152
  20
45.16448056896115
  0
LWPOLYLINE
  5
1390
  100
AcDbEntity
  8
Top-Silkscreen-Layer
  100
AcDbPolyline
  90
2
  70
0
  43
0.15240030480060962
  10
7.126543053086152
  20
47.04489712979421
  42
-0.414
  10
7.27894335788676
  20
47.197297434594816
  0
LWPOLYLINE
  5
1399
  100
AcDbEntity
  8
Top-Silkscreen-Layer
  100
AcDbPolyline
  90
2
  70
0
  43
0.15240030480060962
  10
4.983909067818161
  20
25.83579375158763
  10
6.468897637795294
  20
25.83579375158763
  0
LWPOLYLINE
  5
1400
  100
AcDbEntity
  8
Top-Silkscreen-Layer
  100
AcDbPolyline
  90
2
  70
0
  43
0.15240030480060962
  10
6.468897637795294
  20
28.021010922021787
  10
4.983909067818161
  20
28.021010922021787
  0
LWPOLYLINE
  5
1401
  100
AcDbEntity
  8
Top-Silkscreen-Layer
  100
AcDbPolyline
  90
2
  70
0
  43
0.15240030480060962
  10
4.831508763017496
  20
27.868610617221293
  10
4.831508763017496
  20
25.988194056388238
  0
LWPOLYLINE
  5
1402
  100
AcDbEntity
  8
Top-Silkscreen-Layer
  100
AcDbPolyline
  90
2
  70
0
  43
0.15240030480060962
  10
9.806311912623812
  20
25.83579375158763
  10
8.321323342646735
  20
25.83579375158763
  0
LWPOLYLINE
  5
1403
  100
AcDbEntity
  8
Top-Silkscreen-Layer
  100
AcDbPolyline
  90
2
  70
0
  43
0.15240030480060962
  10
8.321323342646735
  20
28.021010922021787
  10
9.806311912623812
  20
28.021010922021787
  0
LWPOLYLINE
  5
1404
  100
AcDbEntity
  8
Top-Silkscreen-Layer
  100
AcDbPolyline
  90
2
  70
0
  43
0.15240030480060962
  10
9.958712217424477
  20
27.868610617221293
  10
9.958712217424477
  20
25.988194056388238
  0
LWPOLYLINE
  5
1405
  100
AcDbEntity
  8
Top-Silkscreen-Layer
  100
AcDbPolyline
  90
2
  70
0
  43
0.15240030480060962
  10
4.983909067818161
  20
28.021010922021787
  42
0.414
  10
4.8315087630176095
  20
27.868610617221293
  0
LWPOLYLINE
  5
1406
  100
AcDbEntity
  8
Top-Silkscreen-Layer
  100
AcDbPolyline
  90
2
  70
0
  43
0.15240030480060962
  10
4.8315087630176095
  20
25.988194056388238
  42
0.414
  10
4.983909067818161
  20
25.83579375158763
  0
LWPOLYLINE
  5
1407
  100
AcDbEntity
  8
Top-Silkscreen-Layer
  100
AcDbPolyline
  90
2
  70
0
  43
0.15240030480060962
  10
9.806311912623812
  20
28.021010922021787
  42
-0.414
  10
9.95871221742442
  20
27.868610617221293
  0
LWPOLYLINE
  5
1408
  100
AcDbEntity
  8
Top-Silkscreen-Layer
  100
AcDbPolyline
  90
2
  70
0
  43
0.15240030480060962
  10
9.95871221742442
  20
25.988194056388238
  42
-0.414
  10
9.806311912623812
  20
25.83579375158763
  0
LWPOLYLINE
  5
1417
  100
AcDbEntity
  8
Top-Silkscreen-Layer
  100
AcDbPolyline
  90
2
  70
0
  43
0.15240030480060962
  10
107.77877571755147
  20
28.021010922021787
  10
106.29378714757428
  20
28.021010922021787
  0
LWPOLYLINE
  5
1418
  100
AcDbEntity
  8
Top-Silkscreen-Layer
  100
AcDbPolyline
  90
2
  70
0
  43
0.15240030480060962
  10
106.29378714757428
  20
25.83579375158763
  10
107.77877571755147
  20
25.83579375158763
  0
LWPOLYLINE
  5
1419
  100
AcDbEntity
  8
Top-Silkscreen-Layer
  100
AcDbPolyline
  90
2
  70
0
  43
0.15240030480060962
  10
107.93117602235208
  20
25.988194056388238
  10
107.93117602235208
  20
27.868610617221293
  0
LWPOLYLINE
  5
1420
  100
AcDbEntity
  8
Top-Silkscreen-Layer
  100
AcDbPolyline
  90
2
  70
0
  43
0.15240030480060962
  10
102.9563728727457
  20
28.021010922021787
  10
104.44136144272301
  20
28.021010922021787
  0
LWPOLYLINE
  5
1421
  100
AcDbEntity
  8
Top-Silkscreen-Layer
  100
AcDbPolyline
  90
2
  70
0
  43
0.15240030480060962
  10
104.44136144272301
  20
25.83579375158763
  10
102.9563728727457
  20
25.83579375158763
  0
LWPOLYLINE
  5
1422
  100
AcDbEntity
  8
Top-Silkscreen-Layer
  100
AcDbPolyline
  90
2
  70
0
  43
0.15240030480060962
  10
102.8039725679451
  20
25.988194056388238
  10
102.8039725679451
  20
27.868610617221293
  0
LWPOLYLINE
  5
1423
  100
AcDbEntity
  8
Top-Silkscreen-Layer
  100
AcDbPolyline
  90
2
  70
0
  43
0.15240030480060962
  10
107.77877571755147
  20
25.83579375158763
  42
0.414
  10
107.93117602235208
  20
25.988194056388238
  0
LWPOLYLINE
  5
1424
  100
AcDbEntity
  8
Top-Silkscreen-Layer
  100
AcDbPolyline
  90
2
  70
0
  43
0.15240030480060962
  10
107.93117602235208
  20
27.868610617221293
  42
0.414
  10
107.77877571755147
  20
28.021010922021787
  0
LWPOLYLINE
  5
1425
  100
AcDbEntity
  8
Top-Silkscreen-Layer
  100
AcDbPolyline
  90
2
  70
0
  43
0.15240030480060962
  10
102.9563728727457
  20
25.83579375158763
  42
-0.414
  10
102.8039725679451
  20
25.988194056388238
  0
LWPOLYLINE
  5
1426
  100
AcDbEntity
  8
Top-Silkscreen-Layer
  100
AcDbPolyline
  90
2
  70
0
  43
0.15240030480060962
  10
102.8039725679451
  20
27.868610617221293
  42
-0.414
  10
102.9563728727457
  20
28.021010922021787
  0
LWPOLYLINE
  5
1435
  100
AcDbEntity
  8
Top-Silkscreen-Layer
  100
AcDbPolyline
  90
2
  70
0
  43
0.15240030480060962
  10
18.272438404876766
  20
13.230789941579815
  10
16.787449834899633
  20
13.230789941579815
  0
LWPOLYLINE
  5
1436
  100
AcDbEntity
  8
Top-Silkscreen-Layer
  100
AcDbPolyline
  90
2
  70
0
  43
0.15240030480060962
  10
16.787449834899633
  20
11.045572771145657
  10
18.272438404876766
  20
11.045572771145657
  0
LWPOLYLINE
  5
1437
  100
AcDbEntity
  8
Top-Silkscreen-Layer
  100
AcDbPolyline
  90
2
  70
0
  43
0.15240030480060962
  10
18.42483870967743
  20
11.197973075946265
  10
18.42483870967743
  20
13.07838963677932
  0
LWPOLYLINE
  5
1438
  100
AcDbEntity
  8
Top-Silkscreen-Layer
  100
AcDbPolyline
  90
2
  70
0
  43
0.15240030480060962
  10
13.450035560071115
  20
13.230789941579815
  10
14.935024130048191
  20
13.230789941579815
  0
LWPOLYLINE
  5
1439
  100
AcDbEntity
  8
Top-Silkscreen-Layer
  100
AcDbPolyline
  90
2
  70
0
  43
0.15240030480060962
  10
14.935024130048191
  20
11.045572771145657
  10
13.450035560071115
  20
11.045572771145657
  0
LWPOLYLINE
  5
1440
  100
AcDbEntity
  8
Top-Silkscreen-Layer
  100
AcDbPolyline
  90
2
  70
0
  43
0.15240030480060962
  10
13.29763525527045
  20
11.197973075946265
  10
13.29763525527045
  20
13.07838963677932
  0
LWPOLYLINE
  5
1441
  100
AcDbEntity
  8
Top-Silkscreen-Layer
  100
AcDbPolyline
  90
2
  70
0
  43
0.15240030480060962
  10
18.272438404876766
  20
11.045572771145657
  42
0.414
  10
18.424838709677374
  20
11.197973075946265
  0
LWPOLYLINE
  5
1442
  100
AcDbEntity
  8
Top-Silkscreen-Layer
  100
AcDbPolyline
  90
2
  70
0
  43
0.15240030480060962
  10
18.424838709677374
  20
13.07838963677932
  42
0.414
  10
18.272438404876766
  20
13.230789941579815
  0
LWPOLYLINE
  5
1443
  100
AcDbEntity
  8
Top-Silkscreen-Layer
  100
AcDbPolyline
  90
2
  70
0
  43
0.15240030480060962
  10
13.450035560071115
  20
11.045572771145657
  42
-0.414
  10
13.297635255270507
  20
11.197973075946265
  0
LWPOLYLINE
  5
1444
  100
AcDbEntity
  8
Top-Silkscreen-Layer
  100
AcDbPolyline
  90
2
  70
0
  43
0.15240030480060962
  10
13.297635255270507
  20
13.07838963677932
  42
-0.414
  10
13.450035560071115
  20
13.230789941579815
  0
LWPOLYLINE
  5
1453
  100
AcDbEntity
  8
Top-Silkscreen-Layer
  100
AcDbPolyline
  90
2
  70
0
  43
0.15240030480060962
  10
18.272438404876766
  20
16.035831851663715
  10
16.787449834899633
  20
16.035831851663715
  0
LWPOLYLINE
  5
1454
  100
AcDbEntity
  8
Top-Silkscreen-Layer
  100
AcDbPolyline
  90
2
  70
0
  43
0.15240030480060962
  10
16.787449834899633
  20
13.850614681229445
  10
18.272438404876766
  20
13.850614681229445
  0
LWPOLYLINE
  5
1455
  100
AcDbEntity
  8
Top-Silkscreen-Layer
  100
AcDbPolyline
  90
2
  70
0
  43
0.15240030480060962
  10
18.42483870967743
  20
14.003014986030053
  10
18.42483870967743
  20
15.883431546863108
  0
LWPOLYLINE
  5
1456
  100
AcDbEntity
  8
Top-Silkscreen-Layer
  100
AcDbPolyline
  90
2
  70
0
  43
0.15240030480060962
  10
13.450035560071115
  20
16.035831851663715
  10
14.935024130048191
  20
16.035831851663715
  0
LWPOLYLINE
  5
1457
  100
AcDbEntity
  8
Top-Silkscreen-Layer
  100
AcDbPolyline
  90
2
  70
0
  43
0.15240030480060962
  10
14.935024130048191
  20
13.850614681229445
  10
13.450035560071115
  20
13.850614681229445
  0
LWPOLYLINE
  5
1458
  100
AcDbEntity
  8
Top-Silkscreen-Layer
  100
AcDbPolyline
  90
2
  70
0
  43
0.15240030480060962
  10
13.29763525527045
  20
14.003014986030053
  10
13.29763525527045
  20
15.883431546863108
  0
LWPOLYLINE
  5
1459
  100
AcDbEntity
  8
Top-Silkscreen-Layer
  100
AcDbPolyline
  90
2
  70
0
  43
0.15240030480060962
  10
18.272438404876766
  20
13.850614681229445
  42
0.414
  10
18.424838709677374
  20
14.003014986030053
  0
LWPOLYLINE
  5
1460
  100
AcDbEntity
  8
Top-Silkscreen-Layer
  100
AcDbPolyline
  90
2
  70
0
  43
0.15240030480060962
  10
18.424838709677374
  20
15.883431546863108
  42
0.414
  10
18.272438404876766
  20
16.035831851663715
  0
LWPOLYLINE
  5
1461
  100
AcDbEntity
  8
Top-Silkscreen-Layer
  100
AcDbPolyline
  90
2
  70
0
  43
0.15240030480060962
  10
13.450035560071115
  20
13.850614681229445
  42
-0.414
  10
13.297635255270507
  20
14.003014986030053
  0
LWPOLYLINE
  5
1462
  100
AcDbEntity
  8
Top-Silkscreen-Layer
  100
AcDbPolyline
  90
2
  70
0
  43
0.15240030480060962
  10
13.297635255270507
  20
15.883431546863108
  42
-0.414
  10
13.450035560071115
  20
16.035831851663715
  0
LWPOLYLINE
  5
1471
  100
AcDbEntity
  8
Top-Silkscreen-Layer
  100
AcDbPolyline
  90
2
  70
0
  43
0.15240030480060962
  10
4.46647447294896
  20
51.52493522987061
  10
4.46647447294896
  20
50.03994665989342
  0
LWPOLYLINE
  5
1472
  100
AcDbEntity
  8
Top-Silkscreen-Layer
  100
AcDbPolyline
  90
2
  70
0
  43
0.15240030480060962
  10
6.6516916433832876
  20
50.03994665989342
  10
6.6516916433832876
  20
51.52493522987061
  0
LWPOLYLINE
  5
1473
  100
AcDbEntity
  8
Top-Silkscreen-Layer
  100
AcDbPolyline
  90
2
  70
0
  43
0.15240030480060962
  10
6.49929133858268
  20
51.677335534671215
  10
4.618874777749511
  20
51.677335534671215
  0
LWPOLYLINE
  5
1474
  100
AcDbEntity
  8
Top-Silkscreen-Layer
  100
AcDbPolyline
  90
2
  70
0
  43
0.15240030480060962
  10
4.46647447294896
  20
46.70253238506484
  10
4.46647447294896
  20
48.18752095504203
  0
LWPOLYLINE
  5
1475
  100
AcDbEntity
  8
Top-Silkscreen-Layer
  100
AcDbPolyline
  90
2
  70
0
  43
0.15240030480060962
  10
6.6516916433832876
  20
48.18752095504203
  10
6.6516916433832876
  20
46.70253238506484
  0
LWPOLYLINE
  5
1476
  100
AcDbEntity
  8
Top-Silkscreen-Layer
  100
AcDbPolyline
  90
2
  70
0
  43
0.15240030480060962
  10
6.49929133858268
  20
46.550132080264234
  10
4.618874777749511
  20
46.550132080264234
  0
LWPOLYLINE
  5
1477
  100
AcDbEntity
  8
Top-Silkscreen-Layer
  100
AcDbPolyline
  90
2
  70
0
  43
0.15240030480060962
  10
6.6516916433832876
  20
51.52493522987061
  42
0.414
  10
6.49929133858268
  20
51.677335534671215
  0
LWPOLYLINE
  5
1478
  100
AcDbEntity
  8
Top-Silkscreen-Layer
  100
AcDbPolyline
  90
2
  70
0
  43
0.15240030480060962
  10
4.618874777749511
  20
51.677335534671215
  42
0.414
  10
4.46647447294896
  20
51.52493522987061
  0
LWPOLYLINE
  5
1479
  100
AcDbEntity
  8
Top-Silkscreen-Layer
  100
AcDbPolyline
  90
2
  70
0
  43
0.15240030480060962
  10
6.6516916433832876
  20
46.70253238506484
  42
-0.414
  10
6.49929133858268
  20
46.550132080264234
  0
LWPOLYLINE
  5
1480
  100
AcDbEntity
  8
Top-Silkscreen-Layer
  100
AcDbPolyline
  90
2
  70
0
  43
0.15240030480060962
  10
4.618874777749511
  20
46.550132080264234
  42
-0.414
  10
4.46647447294896
  20
46.70253238506484
  0
TEXT
  5
2718
  100
AcDbEntity
  8
Top-Silkscreen-Layer
  7
Times New Roman
  461
1.400003556007112
  100
AcDbText
  10
33.48981203962404
  20
41.94573025146053
  11
33.48981203962404
  21
41.94573025146053
  40
1.5484887816442572
  1
20250905
  50
360
  71
1
  72
0
  41
1.1
  100
AcDbText
  73
1
  0
TEXT
  5
2719
  100
AcDbEntity
  8
Top-Silkscreen-Layer
  7
Times New Roman
  461
1.400003556007112
  100
AcDbText
  10
32.87780289560584
  20
43.985760731521395
  11
32.87780289560584
  21
43.985760731521395
  40
1.5484887816442572
  1
X轴限位转接板
  50
360
  71
1
  72
0
  41
1.1
  100
AcDbText
  73
1
  0
TEXT
  5
2720
  100
AcDbEntity
  8
Top-Silkscreen-Layer
  7
Times New Roman
  461
1.400003556007112
  100
AcDbText
  10
37.58756159512325
  20
46.61469646939304
  11
37.58756159512325
  21
46.61469646939304
  40
1.5484887816442572
  1
X轴限位
  50
360
  71
1
  72
0
  41
1.1
  100
AcDbText
  73
1
  0
TEXT
  5
2721
  100
AcDbEntity
  8
Top-Silkscreen-Layer
  7
default
  461
0.910001778003556
  100
AcDbText
  10
9.621455422910856
  20
51.584874269748525
  11
9.621455422910856
  21
51.584874269748525
  40
0.9100017780035361
  1
P1
  50
360
  71
1
  72
0
  41
1.1
  100
AcDbText
  73
1
  0
TEXT
  5
2722
  100
AcDbEntity
  8
Top-Silkscreen-Layer
  7
default
  461
0.910001778003556
  100
AcDbText
  10
22.52464820929646
  20
52.09488188976377
  11
22.52464820929646
  21
52.09488188976377
  40
0.9100017780035361
  1
P3
  50
0
  71
1
  72
0
  41
1.1
  100
AcDbText
  73
1
  0
TEXT
  5
2723
  100
AcDbEntity
  8
Top-Silkscreen-Layer
  7
default
  461
0.910001778003556
  100
AcDbText
  10
103.41700025400047
  20
41.74462534925078
  11
103.41700025400047
  21
41.74462534925078
  40
0.9100017780035361
  1
D1
  50
360
  71
1
  72
0
  41
1.1
  100
AcDbText
  73
1
  0
TEXT
  5
2724
  100
AcDbEntity
  8
Top-Silkscreen-Layer
  7
default
  461
0.910001778003556
  100
AcDbText
  10
5.5080822961645595
  20
37.68956311912632
  11
5.5080822961645595
  21
37.68956311912632
  40
0.9100017780035361
  1
D2
  50
360
  71
1
  72
0
  41
1.1
  100
AcDbText
  73
1
  0
TEXT
  5
2725
  100
AcDbEntity
  8
Top-Silkscreen-Layer
  7
default
  461
0.910001778003556
  100
AcDbText
  10
18.05426974853947
  20
41.820624841249696
  11
18.05426974853947
  21
41.820624841249696
  40
0.9100017780035361
  1
R4
  50
720
  71
1
  72
0
  41
1.1
  100
AcDbText
  73
1
  0
TEXT
  5
2726
  100
AcDbEntity
  8
Top-Silkscreen-Layer
  7
default
  461
0.910001778003556
  100
AcDbText
  10
18.003268986537933
  20
44.268661417322846
  11
18.003268986537933
  21
44.268661417322846
  40
0.9100017780035361
  1
R3
  50
720
  71
1
  72
0
  41
1.1
  100
AcDbText
  73
1
  0
TEXT
  5
2727
  100
AcDbEntity
  8
Top-Silkscreen-Layer
  7
default
  461
0.910001778003556
  100
AcDbText
  10
103.33716027432064
  20
53.68840487680984
  11
103.33716027432064
  21
53.68840487680984
  40
0.9100017780035361
  1
R2
  50
360
  71
1
  72
0
  41
1.1
  100
AcDbText
  73
1
  0
TEXT
  5
2728
  100
AcDbEntity
  8
Top-Silkscreen-Layer
  7
default
  461
0.910001778003556
  100
AcDbText
  10
101.09312674625352
  20
53.637404114808305
  11
101.09312674625352
  21
53.637404114808305
  40
0.9100017780035361
  1
R1
  50
360
  71
1
  72
0
  41
1.1
  100
AcDbText
  73
1
  0
TEXT
  5
2729
  100
AcDbEntity
  8
Top-Silkscreen-Layer
  7
default
  461
0.910001778003556
  100
AcDbText
  10
8.16012192024391
  20
19.2782880365761
  11
8.16012192024391
  21
19.2782880365761
  40
0.9100017780035361
  1
SW1
  50
360
  71
1
  72
0
  41
1.1
  100
AcDbText
  73
1
  0
TEXT
  5
2730
  100
AcDbEntity
  8
Top-Silkscreen-Layer
  7
default
  461
0.910001778003556
  100
AcDbText
  10
12.90744221488444
  20
2.260609601219244
  11
12.90744221488444
  21
2.260609601219244
  40
0.9100017780035361
  1
P2
  50
0
  71
1
  72
0
  41
1.1
  100
AcDbText
  73
1
  0
TEXT
  5
2731
  100
AcDbEntity
  8
Top-Silkscreen-Layer
  7
default
  461
0.910001778003556
  100
AcDbText
  10
102.5625323850648
  20
19.227287274574564
  11
102.5625323850648
  21
19.227287274574564
  40
0.9100017780035361
  1
SW2
  50
360
  71
1
  72
0
  41
1.1
  100
AcDbText
  73
1
  0
TEXT
  5
2732
  100
AcDbEntity
  8
Top-Silkscreen-Layer
  7
default
  461
0.8001016002032005
  100
AcDbText
  10
78.64317500635008
  20
55.69283210566425
  11
78.64317500635008
  21
55.69283210566425
  40
0.8001016002032005
  1
P4
  50
360
  71
1
  72
0
  41
1.1
  100
AcDbText
  73
1
  0
TEXT
  5
2733
  100
AcDbEntity
  8
Top-Silkscreen-Layer
  7
default
  461
0.910001778003556
  100
AcDbText
  10
9.7921463042926
  20
41.41261874523752
  11
9.7921463042926
  21
41.41261874523752
  40
0.9100017780035361
  1
R5
  50
360
  71
1
  72
0
  41
1.1
  100
AcDbText
  73
1
  0
TEXT
  5
2734
  100
AcDbEntity
  8
Top-Silkscreen-Layer
  7
default
  461
0.910001778003556
  100
AcDbText
  10
9.027134874269677
  20
28.96843281686563
  11
9.027134874269677
  21
28.96843281686563
  40
0.9100017780035361
  1
R6
  50
720
  71
1
  72
0
  41
1.1
  100
AcDbText
  73
1
  0
TEXT
  5
2735
  100
AcDbEntity
  8
Top-Silkscreen-Layer
  7
default
  461
0.910001778003556
  100
AcDbText
  10
102.97053848107697
  20
28.86643129286267
  11
102.97053848107697
  21
28.86643129286267
  40
0.9100017780035361
  1
R7
  50
1080
  71
1
  72
0
  41
1.1
  100
AcDbText
  73
1
  0
TEXT
  5
2736
  100
AcDbEntity
  8
Top-Silkscreen-Layer
  7
default
  461
0.910001778003556
  100
AcDbText
  10
5.457081534163024
  20
45.033672847345656
  11
5.457081534163024
  21
45.033672847345656
  40
0.9100017780035361
  1
C1
  50
720
  71
1
  72
0
  41
1.1
  100
AcDbText
  73
1
  0
TEXT
  5
2737
  100
AcDbEntity
  8
Top-Silkscreen-Layer
  7
default
  461
0.910001778003556
  100
AcDbText
  10
10.35315468630938
  20
26.112390144780306
  11
10.35315468630938
  21
26.112390144780306
  40
0.9100017780035361
  1
C2
  50
1080
  71
1
  72
0
  41
1.1
  100
AcDbText
  73
1
  0
TEXT
  5
2738
  100
AcDbEntity
  8
Top-Silkscreen-Layer
  7
default
  461
0.910001778003556
  100
AcDbText
  10
100.87950723901457
  20
26.673398526797087
  11
100.87950723901457
  21
26.673398526797087
  40
0.9100017780035361
  1
C3
  50
1080
  71
1
  72
0
  41
1.1
  100
AcDbText
  73
1
  0
TEXT
  5
2739
  100
AcDbEntity
  8
Top-Silkscreen-Layer
  7
default
  461
0.910001778003556
  100
AcDbText
  10
18.870281940563927
  20
11.577172974346013
  11
18.870281940563927
  21
11.577172974346013
  40
0.9100017780035361
  1
C4
  50
720
  71
1
  72
0
  41
1.1
  100
AcDbText
  73
1
  0
TEXT
  5
2740
  100
AcDbEntity
  8
Top-Silkscreen-Layer
  7
default
  461
0.910001778003556
  100
AcDbText
  10
18.921282702565406
  20
14.229212598425306
  11
18.921282702565406
  21
14.229212598425306
  40
0.9100017780035361
  1
C5
  50
720
  71
1
  72
0
  41
1.1
  100
AcDbText
  73
1
  0
TEXT
  5
2741
  100
AcDbEntity
  8
Top-Silkscreen-Layer
  7
default
  461
0.910001778003556
  100
AcDbText
  10
2.6520396240792365
  20
46.971701803403676
  11
2.6520396240792365
  21
46.971701803403676
  40
0.9100017780035361
  1
C6
  50
1080
  71
1
  72
0
  41
1.1
  100
AcDbText
  73
1
  0
LWPOLYLINE
  5
2783
  100
AcDbEntity
  8
Top-Silkscreen-Layer
  100
AcDbPolyline
  90
2
  70
0
  43
0.25400050800101603
  10
12.009296418592896
  20
56.2875438150877
  10
12.009296418592896
  20
53.788178816357686
  0
LWPOLYLINE
  5
2784
  100
AcDbEntity
  8
Top-Silkscreen-Layer
  100
AcDbPolyline
  90
2
  70
0
  43
0.25400050800101603
  10
16.007264414528834
  20
53.788178816357686
  10
17.008026416052815
  20
53.788178816357686
  0
LWPOLYLINE
  5
2785
  100
AcDbEntity
  8
Top-Silkscreen-Layer
  100
AcDbPolyline
  90
2
  70
0
  43
0.25400050800101603
  10
11.008534417068859
  20
53.788178816357686
  10
12.00675641351279
  20
53.788178816357686
  0
LWPOLYLINE
  5
2786
  100
AcDbEntity
  8
Top-Silkscreen-Layer
  100
AcDbPolyline
  90
2
  70
0
  43
0.25400050800101603
  10
17.008026416052815
  20
56.2875438150877
  10
17.008026416052815
  20
53.788178816357686
  0
LWPOLYLINE
  5
2787
  100
AcDbEntity
  8
Top-Silkscreen-Layer
  100
AcDbPolyline
  90
2
  70
0
  43
0.25400050800101603
  10
16.007264414528834
  20
56.2875438150877
  10
16.007264414528834
  20
53.788178816357686
  0
LWPOLYLINE
  5
2788
  100
AcDbEntity
  8
Top-Silkscreen-Layer
  100
AcDbPolyline
  90
2
  70
0
  43
0.25400050800101603
  10
11.008534417068859
  20
56.2875438150877
  10
11.008534417068859
  20
53.788178816357686
  0
LWPOLYLINE
  5
2789
  100
AcDbEntity
  8
Top-Silkscreen-Layer
  100
AcDbPolyline
  90
2
  70
0
  43
0.25400050800101603
  10
19.00701041402084
  20
56.2875438150877
  10
9.009550419100833
  20
56.2875438150877
  0
LWPOLYLINE
  5
2790
  100
AcDbEntity
  8
Top-Silkscreen-Layer
  100
AcDbPolyline
  90
2
  70
0
  43
0.25400050800101603
  10
17.65826771653542
  20
49.28728981457971
  10
19.00701041402084
  20
49.28728981457971
  0
LWPOLYLINE
  5
2791
  100
AcDbEntity
  8
Top-Silkscreen-Layer
  100
AcDbPolyline
  90
2
  70
0
  43
0.25400050800101603
  10
14.958242316484643
  20
49.28728981457971
  10
15.357023114046228
  20
49.28728981457971
  0
LWPOLYLINE
  5
2792
  100
AcDbEntity
  8
Top-Silkscreen-Layer
  100
AcDbPolyline
  90
2
  70
0
  43
0.25400050800101603
  10
12.458877317754684
  20
49.28728981457971
  10
13.05831851663703
  20
49.28728981457971
  0
LWPOLYLINE
  5
2793
  100
AcDbEntity
  8
Top-Silkscreen-Layer
  100
AcDbPolyline
  90
2
  70
0
  43
0.25400050800101603
  10
9.009550419100833
  20
49.28728981457971
  10
10.508153416306868
  20
49.28728981457971
  0
LWPOLYLINE
  5
2794
  100
AcDbEntity
  8
Top-Silkscreen-Layer
  100
AcDbPolyline
  90
2
  70
0
  43
0.25400050800101603
  10
19.00701041402084
  20
49.28728981457971
  10
19.00701041402084
  20
56.2875438150877
  0
LWPOLYLINE
  5
2795
  100
AcDbEntity
  8
Top-Silkscreen-Layer
  100
AcDbPolyline
  90
2
  70
0
  43
0.25400050800101603
  10
9.009550419100833
  20
49.28728981457971
  10
9.009550419100833
  20
56.2875438150877
  0
LWPOLYLINE
  5
2799
  100
AcDbEntity
  8
Top-Silkscreen-Layer
  100
AcDbPolyline
  90
2
  70
0
  43
0.25400050800101603
  10
21.699585979171957
  20
49.156301752603554
  10
21.699585979171957
  20
56.156301752603554
  0
LWPOLYLINE
  5
2800
  100
AcDbEntity
  8
Top-Silkscreen-Layer
  100
AcDbPolyline
  90
2
  70
0
  43
0.25400050800101603
  10
21.699585979171957
  20
56.156301752603554
  10
34.18879095758189
  20
56.156301752603554
  0
LWPOLYLINE
  5
2801
  100
AcDbEntity
  8
Top-Silkscreen-Layer
  100
AcDbPolyline
  90
2
  70
0
  43
0.25400050800101603
  10
34.18879095758189
  20
49.12048768097543
  10
34.18879095758189
  20
56.12048768097543
  0
LWPOLYLINE
  5
2802
  100
AcDbEntity
  8
Top-Silkscreen-Layer
  100
AcDbPolyline
  90
2
  70
0
  43
0.25400050800101603
  10
21.699585979171957
  20
49.14588773177559
  10
22.664787909575864
  20
49.14588773177559
  0
LWPOLYLINE
  5
2803
  100
AcDbEntity
  8
Top-Silkscreen-Layer
  100
AcDbPolyline
  90
2
  70
0
  43
0.25400050800101603
  10
22.664787909575864
  20
49.14588773177559
  10
23.09658877317753
  20
49.14588773177559
  0
LWPOLYLINE
  5
2804
  100
AcDbEntity
  8
Top-Silkscreen-Layer
  100
AcDbPolyline
  90
2
  70
0
  43
0.25400050800101603
  10
23.09658877317753
  20
49.14588773177559
  10
23.09658877317753
  20
49.73008890017775
  0
LWPOLYLINE
  5
2805
  100
AcDbEntity
  8
Top-Silkscreen-Layer
  100
AcDbPolyline
  90
2
  70
0
  43
0.25400050800101603
  10
23.09658877317753
  20
49.73008890017775
  10
25.230193040386098
  20
49.73008890017775
  0
LWPOLYLINE
  5
2806
  100
AcDbEntity
  8
Top-Silkscreen-Layer
  100
AcDbPolyline
  90
2
  70
0
  43
0.25400050800101603
  10
25.230193040386098
  20
49.73008890017775
  10
25.230193040386098
  20
49.19668783337568
  0
LWPOLYLINE
  5
2807
  100
AcDbEntity
  8
Top-Silkscreen-Layer
  100
AcDbPolyline
  90
2
  70
0
  43
0.25400050800101603
  10
25.230193040386098
  20
49.19668783337568
  10
25.636593853187662
  20
49.19668783337568
  0
LWPOLYLINE
  5
2808
  100
AcDbEntity
  8
Top-Silkscreen-Layer
  100
AcDbPolyline
  90
2
  70
0
  43
0.25400050800101603
  10
25.636593853187662
  20
49.19668783337568
  10
25.636593853187662
  20
49.653888747777614
  0
LWPOLYLINE
  5
2809
  100
AcDbEntity
  8
Top-Silkscreen-Layer
  100
AcDbPolyline
  90
2
  70
0
  43
0.25400050800101603
  10
25.255593091186142
  20
49.19668783337568
  10
25.636593853187662
  20
49.19668783337568
  0
LWPOLYLINE
  5
2810
  100
AcDbEntity
  8
Top-Silkscreen-Layer
  100
AcDbPolyline
  90
2
  70
0
  43
0.25400050800101603
  10
25.636593853187662
  20
49.19668783337568
  10
25.636593853187662
  20
49.73008890017775
  0
LWPOLYLINE
  5
2811
  100
AcDbEntity
  8
Top-Silkscreen-Layer
  100
AcDbPolyline
  90
2
  70
0
  43
0.25400050800101603
  10
25.636593853187662
  20
49.73008890017775
  10
27.693997967995927
  20
49.73008890017775
  0
LWPOLYLINE
  5
2812
  100
AcDbEntity
  8
Top-Silkscreen-Layer
  100
AcDbPolyline
  90
2
  70
0
  43
0.25400050800101603
  10
27.693997967995927
  20
49.73008890017775
  10
27.693997967995927
  20
49.20430784861583
  0
LWPOLYLINE
  5
2813
  100
AcDbEntity
  8
Top-Silkscreen-Layer
  100
AcDbPolyline
  90
2
  70
0
  43
0.25400050800101603
  10
27.693997967995927
  20
49.20430784861583
  10
28.1537388874778
  20
49.20430784861583
  0
LWPOLYLINE
  5
2814
  100
AcDbEntity
  8
Top-Silkscreen-Layer
  100
AcDbPolyline
  90
2
  70
0
  43
0.25400050800101603
  10
28.1537388874778
  20
49.20430784861583
  10
28.1537388874778
  20
49.66150876301754
  0
LWPOLYLINE
  5
2815
  100
AcDbEntity
  8
Top-Silkscreen-Layer
  100
AcDbPolyline
  90
2
  70
0
  43
0.25400050800101603
  10
27.693997967995927
  20
49.19668783337568
  10
28.15119888239775
  20
49.19668783337568
  0
LWPOLYLINE
  5
2816
  100
AcDbEntity
  8
Top-Silkscreen-Layer
  100
AcDbPolyline
  90
2
  70
0
  43
0.25400050800101603
  10
28.15119888239775
  20
49.19668783337568
  10
28.15119888239775
  20
49.73008890017775
  0
LWPOLYLINE
  5
2817
  100
AcDbEntity
  8
Top-Silkscreen-Layer
  100
AcDbPolyline
  90
2
  70
0
  43
0.25400050800101603
  10
28.15119888239775
  20
49.73008890017775
  10
30.21114300228595
  20
49.73008890017775
  0
LWPOLYLINE
  5
2818
  100
AcDbEntity
  8
Top-Silkscreen-Layer
  100
AcDbPolyline
  90
2
  70
0
  43
0.25400050800101603
  10
30.21114300228595
  20
49.73008890017775
  10
30.21114300228595
  20
49.24748793497599
  0
LWPOLYLINE
  5
2819
  100
AcDbEntity
  8
Top-Silkscreen-Layer
  100
AcDbPolyline
  90
2
  70
0
  43
0.25400050800101603
  10
30.21114300228595
  20
49.24748793497599
  10
30.61754381508763
  20
49.24748793497599
  0
LWPOLYLINE
  5
2820
  100
AcDbEntity
  8
Top-Silkscreen-Layer
  100
AcDbPolyline
  90
2
  70
0
  43
0.25400050800101603
  10
30.61754381508763
  20
49.24748793497599
  10
30.61754381508763
  20
49.7046888493777
  0
LWPOLYLINE
  5
2821
  100
AcDbEntity
  8
Top-Silkscreen-Layer
  100
AcDbPolyline
  90
2
  70
0
  43
0.25400050800101603
  10
30.6073837947676
  20
49.73008890017775
  10
31.21190500380999
  20
49.73008890017775
  0
LWPOLYLINE
  5
2822
  100
AcDbEntity
  8
Top-Silkscreen-Layer
  100
AcDbPolyline
  90
2
  70
0
  43
0.25400050800101603
  10
31.21190500380999
  20
49.73008890017775
  10
32.76638811277627
  20
49.73008890017775
  0
LWPOLYLINE
  5
2823
  100
AcDbEntity
  8
Top-Silkscreen-Layer
  100
AcDbPolyline
  90
2
  70
0
  43
0.25400050800101603
  10
32.76638811277627
  20
49.73008890017775
  10
32.76638811277627
  20
49.12048768097543
  0
LWPOLYLINE
  5
2824
  100
AcDbEntity
  8
Top-Silkscreen-Layer
  100
AcDbPolyline
  90
2
  70
0
  43
0.25400050800101603
  10
32.76638811277627
  20
49.12048768097543
  10
34.18879095758189
  20
49.12048768097543
  0
LWPOLYLINE
  5
2830
  100
AcDbEntity
  8
Top-Silkscreen-Layer
  100
AcDbPolyline
  90
2
  70
0
  43
0.25400050800101603
  10
108.20298958597908
  20
42.37527813055635
  10
107.40364998729996
  20
42.36664211328434
  0
LWPOLYLINE
  5
2831
  100
AcDbEntity
  8
Top-Silkscreen-Layer
  100
AcDbPolyline
  90
2
  70
0
  43
0.25400050800101603
  10
107.40364998729996
  20
42.36664211328434
  10
108.20298958597908
  20
42.37527813055635
  0
LWPOLYLINE
  5
2832
  100
AcDbEntity
  8
Top-Silkscreen-Layer
  100
AcDbPolyline
  90
2
  70
0
  43
0.25400050800101603
  10
108.20298958597908
  20
42.37527813055635
  10
108.90298958597913
  20
42.37527813055635
  0
LWPOLYLINE
  5
2833
  100
AcDbEntity
  8
Top-Silkscreen-Layer
  100
AcDbPolyline
  90
2
  70
0
  43
0.25400050800101603
  10
108.20298958597908
  20
43.10672339344683
  10
108.20298958597908
  20
41.70672339344685
  0
LWPOLYLINE
  5
2834
  100
AcDbEntity
  8
Top-Silkscreen-Layer
  100
AcDbPolyline
  90
2
  70
0
  43
0.25400050800101603
  10
106.26643891287785
  20
40.406723393446896
  10
106.00298958597915
  20
40.406723393446896
  0
LWPOLYLINE
  5
2835
  100
AcDbEntity
  8
Top-Silkscreen-Layer
  100
AcDbPolyline
  90
2
  70
0
  43
0.25400050800101603
  10
108.40298958597913
  20
40.406723393446896
  10
108.13954025908043
  20
40.406723393446896
  0
LWPOLYLINE
  5
2836
  100
AcDbEntity
  8
Top-Silkscreen-Layer
  100
AcDbPolyline
  90
2
  70
0
  43
0.25400050800101603
  10
108.40298958597913
  20
40.406723393446896
  42
3.141
  10
106.00298958597915
  20
40.406723393446896
  0
LWPOLYLINE
  5
2842
  100
AcDbEntity
  8
Top-Silkscreen-Layer
  100
AcDbPolyline
  90
2
  70
0
  43
0.25400050800101603
  10
6.797157734315476
  20
42.37527813055635
  10
5.997818135636294
  20
42.36664211328434
  0
LWPOLYLINE
  5
2843
  100
AcDbEntity
  8
Top-Silkscreen-Layer
  100
AcDbPolyline
  90
2
  70
0
  43
0.25400050800101603
  10
5.997818135636294
  20
42.36664211328434
  10
6.797157734315476
  20
42.37527813055635
  0
LWPOLYLINE
  5
2844
  100
AcDbEntity
  8
Top-Silkscreen-Layer
  100
AcDbPolyline
  90
2
  70
0
  43
0.25400050800101603
  10
6.797157734315476
  20
42.37527813055635
  10
7.497157734315465
  20
42.37527813055635
  0
LWPOLYLINE
  5
2845
  100
AcDbEntity
  8
Top-Silkscreen-Layer
  100
AcDbPolyline
  90
2
  70
0
  43
0.25400050800101603
  10
6.797157734315476
  20
43.10672339344683
  10
6.797157734315476
  20
41.70672339344685
  0
LWPOLYLINE
  5
2846
  100
AcDbEntity
  8
Top-Silkscreen-Layer
  100
AcDbPolyline
  90
2
  70
0
  43
0.25400050800101603
  10
4.860607061214125
  20
40.406723393446896
  10
4.597157734315488
  20
40.406723393446896
  0
LWPOLYLINE
  5
2847
  100
AcDbEntity
  8
Top-Silkscreen-Layer
  100
AcDbPolyline
  90
2
  70
0
  43
0.25400050800101603
  10
6.997157734315522
  20
40.406723393446896
  10
6.733708407416827
  20
40.406723393446896
  0
LWPOLYLINE
  5
2848
  100
AcDbEntity
  8
Top-Silkscreen-Layer
  100
AcDbPolyline
  90
2
  70
0
  43
0.25400050800101603
  10
6.997157734315522
  20
40.406723393446896
  42
3.141
  10
4.597157734315488
  20
40.406723393446896
  0
LWPOLYLINE
  5
2854
  100
AcDbEntity
  8
Top-Silkscreen-Layer
  100
AcDbPolyline
  90
2
  70
0
  43
0.15240030480060962
  10
16.36819151638298
  20
41.40900939801884
  10
17.72811023622046
  20
41.40900939801884
  0
LWPOLYLINE
  5
2855
  100
AcDbEntity
  8
Top-Silkscreen-Layer
  100
AcDbPolyline
  90
2
  70
0
  43
0.15240030480060962
  10
17.72811023622046
  20
41.40900939801884
  10
17.72811023622046
  20
43.56720091440184
  0
LWPOLYLINE
  5
2856
  100
AcDbEntity
  8
Top-Silkscreen-Layer
  100
AcDbPolyline
  90
2
  70
0
  43
0.15240030480060962
  10
17.72811023622046
  20
43.56720091440184
  10
16.36819151638298
  20
43.56720091440184
  0
LWPOLYLINE
  5
2857
  100
AcDbEntity
  8
Top-Silkscreen-Layer
  100
AcDbPolyline
  90
2
  70
0
  43
0.15240030480060962
  10
14.465778511557005
  20
41.40900939801884
  10
13.105859791719581
  20
41.40900939801884
  0
LWPOLYLINE
  5
2858
  100
AcDbEntity
  8
Top-Silkscreen-Layer
  100
AcDbPolyline
  90
2
  70
0
  43
0.15240030480060962
  10
13.105859791719581
  20
41.40900939801884
  10
13.105859791719581
  20
43.56720091440184
  0
LWPOLYLINE
  5
2859
  100
AcDbEntity
  8
Top-Silkscreen-Layer
  100
AcDbPolyline
  90
2
  70
0
  43
0.15240030480060962
  10
13.105859791719581
  20
43.56720091440184
  10
14.465778511557005
  20
43.56720091440184
  0
LWPOLYLINE
  5
2864
  100
AcDbEntity
  8
Top-Silkscreen-Layer
  100
AcDbPolyline
  90
2
  70
0
  43
0.15240030480060962
  10
16.36819151638298
  20
43.78054356108714
  10
17.72811023622046
  20
43.78054356108714
  0
LWPOLYLINE
  5
2865
  100
AcDbEntity
  8
Top-Silkscreen-Layer
  100
AcDbPolyline
  90
2
  70
0
  43
0.15240030480060962
  10
17.72811023622046
  20
43.78054356108714
  10
17.72811023622046
  20
45.93873507747014
  0
LWPOLYLINE
  5
2866
  100
AcDbEntity
  8
Top-Silkscreen-Layer
  100
AcDbPolyline
  90
2
  70
0
  43
0.15240030480060962
  10
17.72811023622046
  20
45.93873507747014
  10
16.36819151638298
  20
45.93873507747014
  0
LWPOLYLINE
  5
2867
  100
AcDbEntity
  8
Top-Silkscreen-Layer
  100
AcDbPolyline
  90
2
  70
0
  43
0.15240030480060962
  10
14.465778511557005
  20
43.78054356108714
  10
13.105859791719581
  20
43.78054356108714
  0
LWPOLYLINE
  5
2868
  100
AcDbEntity
  8
Top-Silkscreen-Layer
  100
AcDbPolyline
  90
2
  70
0
  43
0.15240030480060962
  10
13.105859791719581
  20
43.78054356108714
  10
13.105859791719581
  20
45.93873507747014
  0
LWPOLYLINE
  5
2869
  100
AcDbEntity
  8
Top-Silkscreen-Layer
  100
AcDbPolyline
  90
2
  70
0
  43
0.15240030480060962
  10
13.105859791719581
  20
45.93873507747014
  10
14.465778511557005
  20
45.93873507747014
  0
LWPOLYLINE
  5
2874
  100
AcDbEntity
  8
Top-Silkscreen-Layer
  100
AcDbPolyline
  90
2
  70
0
  43
0.15240030480060962
  10
105.1196774193549
  20
52.19869443738901
  10
105.1196774193549
  20
53.55861315722632
  0
LWPOLYLINE
  5
2875
  100
AcDbEntity
  8
Top-Silkscreen-Layer
  100
AcDbPolyline
  90
2
  70
0
  43
0.15240030480060962
  10
105.1196774193549
  20
53.55861315722632
  10
102.9614859029719
  20
53.55861315722632
  0
LWPOLYLINE
  5
2876
  100
AcDbEntity
  8
Top-Silkscreen-Layer
  100
AcDbPolyline
  90
2
  70
0
  43
0.15240030480060962
  10
102.9614859029719
  20
53.55861315722632
  10
102.9614859029719
  20
52.19869443738901
  0
LWPOLYLINE
  5
2877
  100
AcDbEntity
  8
Top-Silkscreen-Layer
  100
AcDbPolyline
  90
2
  70
0
  43
0.15240030480060962
  10
105.1196774193549
  20
50.296281432562864
  10
105.1196774193549
  20
48.93636271272544
  0
LWPOLYLINE
  5
2878
  100
AcDbEntity
  8
Top-Silkscreen-Layer
  100
AcDbPolyline
  90
2
  70
0
  43
0.15240030480060962
  10
105.1196774193549
  20
48.93636271272544
  10
102.9614859029719
  20
48.93636271272544
  0
LWPOLYLINE
  5
2879
  100
AcDbEntity
  8
Top-Silkscreen-Layer
  100
AcDbPolyline
  90
2
  70
0
  43
0.15240030480060962
  10
102.9614859029719
  20
48.93636271272544
  10
102.9614859029719
  20
50.296281432562864
  0
LWPOLYLINE
  5
2884
  100
AcDbEntity
  8
Top-Silkscreen-Layer
  100
AcDbPolyline
  90
2
  70
0
  43
0.15240030480060962
  10
102.75112014224027
  20
52.19869443738901
  10
102.75112014224027
  20
53.55861315722632
  0
LWPOLYLINE
  5
2885
  100
AcDbEntity
  8
Top-Silkscreen-Layer
  100
AcDbPolyline
  90
2
  70
0
  43
0.15240030480060962
  10
102.75112014224027
  20
53.55861315722632
  10
100.59292862585727
  20
53.55861315722632
  0
LWPOLYLINE
  5
2886
  100
AcDbEntity
  8
Top-Silkscreen-Layer
  100
AcDbPolyline
  90
2
  70
0
  43
0.15240030480060962
  10
100.59292862585727
  20
53.55861315722632
  10
100.59292862585727
  20
52.19869443738901
  0
LWPOLYLINE
  5
2887
  100
AcDbEntity
  8
Top-Silkscreen-Layer
  100
AcDbPolyline
  90
2
  70
0
  43
0.15240030480060962
  10
102.75112014224027
  20
50.296281432562864
  10
102.75112014224027
  20
48.93636271272544
  0
LWPOLYLINE
  5
2888
  100
AcDbEntity
  8
Top-Silkscreen-Layer
  100
AcDbPolyline
  90
2
  70
0
  43
0.15240030480060962
  10
102.75112014224027
  20
48.93636271272544
  10
100.59292862585727
  20
48.93636271272544
  0
LWPOLYLINE
  5
2889
  100
AcDbEntity
  8
Top-Silkscreen-Layer
  100
AcDbPolyline
  90
2
  70
0
  43
0.15240030480060962
  10
100.59292862585727
  20
48.93636271272544
  10
100.59292862585727
  20
50.296281432562864
  0
LWPOLYLINE
  5
2894
  100
AcDbEntity
  8
Top-Silkscreen-Layer
  100
AcDbPolyline
  90
2
  70
0
  43
0.25400050800101603
  10
6.400932181864391
  20
11.150048260096582
  10
6.400932181864391
  20
23.85007366014736
  0
LWPOLYLINE
  5
2895
  100
AcDbEntity
  8
Top-Silkscreen-Layer
  100
AcDbPolyline
  90
2
  70
0
  43
0.25400050800101603
  10
11.999103378206769
  20
11.150048260096582
  10
11.999103378206769
  20
23.85007366014736
  0
LWPOLYLINE
  5
2896
  100
AcDbEntity
  8
Top-Silkscreen-Layer
  100
AcDbPolyline
  90
2
  70
0
  43
0.25400050800101603
  10
6.400932181864391
  20
23.85007366014736
  10
8.178935737871484
  20
23.85007366014736
  0
LWPOLYLINE
  5
2897
  100
AcDbEntity
  8
Top-Silkscreen-Layer
  100
AcDbPolyline
  90
2
  70
0
  43
0.25400050800101603
  10
10.221099822199676
  20
23.85007366014736
  10
11.999103378206769
  20
23.85007366014736
  0
LWPOLYLINE
  5
2898
  100
AcDbEntity
  8
Top-Silkscreen-Layer
  100
AcDbPolyline
  90
2
  70
0
  43
0.25400050800101603
  10
6.400932181864391
  20
11.150048260096582
  10
8.178935737871484
  20
11.150048260096582
  0
LWPOLYLINE
  5
2899
  100
AcDbEntity
  8
Top-Silkscreen-Layer
  100
AcDbPolyline
  90
2
  70
0
  43
0.25400050800101603
  10
10.221099822199676
  20
11.150048260096582
  10
11.999103378206769
  20
11.150048260096582
  0
LWPOLYLINE
  5
2903
  100
AcDbEntity
  8
Top-Silkscreen-Layer
  100
AcDbPolyline
  90
2
  70
0
  43
0.25400050800101603
  10
16.007264414528834
  20
0.8995529591059039
  10
16.007264414528834
  20
3.39891795783592
  0
LWPOLYLINE
  5
2904
  100
AcDbEntity
  8
Top-Silkscreen-Layer
  100
AcDbPolyline
  90
2
  70
0
  43
0.25400050800101603
  10
12.009296418592896
  20
3.39891795783592
  10
11.008534417068859
  20
3.39891795783592
  0
LWPOLYLINE
  5
2905
  100
AcDbEntity
  8
Top-Silkscreen-Layer
  100
AcDbPolyline
  90
2
  70
0
  43
0.25400050800101603
  10
17.008026416052815
  20
3.39891795783592
  10
16.009804419608884
  20
3.39891795783592
  0
LWPOLYLINE
  5
2906
  100
AcDbEntity
  8
Top-Silkscreen-Layer
  100
AcDbPolyline
  90
2
  70
0
  43
0.25400050800101603
  10
11.008534417068859
  20
0.8995529591059039
  10
11.008534417068859
  20
3.39891795783592
  0
LWPOLYLINE
  5
2907
  100
AcDbEntity
  8
Top-Silkscreen-Layer
  100
AcDbPolyline
  90
2
  70
0
  43
0.25400050800101603
  10
12.009296418592896
  20
0.8995529591059039
  10
12.009296418592896
  20
3.39891795783592
  0
LWPOLYLINE
  5
2908
  100
AcDbEntity
  8
Top-Silkscreen-Layer
  100
AcDbPolyline
  90
2
  70
0
  43
0.25400050800101603
  10
17.008026416052815
  20
0.8995529591059039
  10
17.008026416052815
  20
3.39891795783592
  0
LWPOLYLINE
  5
2909
  100
AcDbEntity
  8
Top-Silkscreen-Layer
  100
AcDbPolyline
  90
2
  70
0
  43
0.25400050800101603
  10
9.009550419100833
  20
0.8995529591059039
  10
19.00701041402084
  20
0.8995529591059039
  0
LWPOLYLINE
  5
2910
  100
AcDbEntity
  8
Top-Silkscreen-Layer
  100
AcDbPolyline
  90
2
  70
0
  43
0.25400050800101603
  10
10.358293116586253
  20
7.899806959613898
  10
9.009550419100833
  20
7.899806959613898
  0
LWPOLYLINE
  5
2911
  100
AcDbEntity
  8
Top-Silkscreen-Layer
  100
AcDbPolyline
  90
2
  70
0
  43
0.25400050800101603
  10
13.05831851663703
  20
7.899806959613898
  10
12.659537719075445
  20
7.899806959613898
  0
LWPOLYLINE
  5
2912
  100
AcDbEntity
  8
Top-Silkscreen-Layer
  100
AcDbPolyline
  90
2
  70
0
  43
0.25400050800101603
  10
15.557683515366989
  20
7.899806959613898
  10
14.958242316484643
  20
7.899806959613898
  0
LWPOLYLINE
  5
2913
  100
AcDbEntity
  8
Top-Silkscreen-Layer
  100
AcDbPolyline
  90
2
  70
0
  43
0.25400050800101603
  10
19.00701041402084
  20
7.899806959613898
  10
17.508407416814862
  20
7.899806959613898
  0
LWPOLYLINE
  5
2914
  100
AcDbEntity
  8
Top-Silkscreen-Layer
  100
AcDbPolyline
  90
2
  70
0
  43
0.25400050800101603
  10
9.009550419100833
  20
7.899806959613898
  10
9.009550419100833
  20
0.8995529591059039
  0
LWPOLYLINE
  5
2915
  100
AcDbEntity
  8
Top-Silkscreen-Layer
  100
AcDbPolyline
  90
2
  70
0
  43
0.25400050800101603
  10
19.00701041402084
  20
7.899806959613898
  10
19.00701041402084
  20
0.8995529591059039
  0
LWPOLYLINE
  5
2919
  100
AcDbEntity
  8
Top-Silkscreen-Layer
  100
AcDbPolyline
  90
2
  70
0
  43
0.25400050800101603
  10
101.00112268224535
  20
11.150048260096582
  10
101.00112268224535
  20
23.85007366014736
  0
LWPOLYLINE
  5
2920
  100
AcDbEntity
  8
Top-Silkscreen-Layer
  100
AcDbPolyline
  90
2
  70
0
  43
0.25400050800101603
  10
106.59929387858773
  20
11.150048260096582
  10
106.59929387858773
  20
23.85007366014736
  0
LWPOLYLINE
  5
2921
  100
AcDbEntity
  8
Top-Silkscreen-Layer
  100
AcDbPolyline
  90
2
  70
0
  43
0.25400050800101603
  10
101.00112268224535
  20
23.85007366014736
  10
102.77912623825245
  20
23.85007366014736
  0
LWPOLYLINE
  5
2922
  100
AcDbEntity
  8
Top-Silkscreen-Layer
  100
AcDbPolyline
  90
2
  70
0
  43
0.25400050800101603
  10
104.82129032258064
  20
23.85007366014736
  10
106.59929387858773
  20
23.85007366014736
  0
LWPOLYLINE
  5
2923
  100
AcDbEntity
  8
Top-Silkscreen-Layer
  100
AcDbPolyline
  90
2
  70
0
  43
0.25400050800101603
  10
101.00112268224535
  20
11.150048260096582
  10
102.77912623825245
  20
11.150048260096582
  0
LWPOLYLINE
  5
2924
  100
AcDbEntity
  8
Top-Silkscreen-Layer
  100
AcDbPolyline
  90
2
  70
0
  43
0.25400050800101603
  10
104.82129032258064
  20
11.150048260096582
  10
106.59929387858773
  20
11.150048260096582
  0
LWPOLYLINE
  5
2928
  100
AcDbEntity
  8
Top-Silkscreen-Layer
  100
AcDbPolyline
  90
2
  70
0
  43
0.25400050800101603
  10
74.69805435610868
  20
58.74895859791718
  10
83.4981559563119
  20
58.74895859791718
  0
LWPOLYLINE
  5
2929
  100
AcDbEntity
  8
Top-Silkscreen-Layer
  100
AcDbPolyline
  90
2
  70
0
  43
0.25400050800101603
  10
83.4981559563119
  20
58.74895859791718
  10
83.4981559563119
  20
40.985179070358186
  0
LWPOLYLINE
  5
2930
  100
AcDbEntity
  8
Top-Silkscreen-Layer
  100
AcDbPolyline
  90
2
  70
0
  43
0.25400050800101603
  10
83.4981559563119
  20
40.985179070358186
  10
74.69805435610868
  20
40.985179070358186
  0
LWPOLYLINE
  5
2931
  100
AcDbEntity
  8
Top-Silkscreen-Layer
  100
AcDbPolyline
  90
2
  70
0
  43
0.25400050800101603
  10
74.70973837947673
  20
40.96511303022612
  10
74.70973837947673
  20
58.72508255016521
  0
LWPOLYLINE
  5
2932
  100
AcDbEntity
  8
Top-Silkscreen-Layer
  100
AcDbPolyline
  90
2
  70
0
  43
0.25400050800101603
  10
74.65893827787653
  20
41.47844805689624
  10
74.22713741427486
  20
41.47844805689624
  0
LWPOLYLINE
  5
2933
  100
AcDbEntity
  8
Top-Silkscreen-Layer
  100
AcDbPolyline
  90
2
  70
0
  43
0.25400050800101603
  10
74.22713741427486
  20
41.47844805689624
  10
74.22713741427486
  20
42.062649225298514
  0
LWPOLYLINE
  5
2934
  100
AcDbEntity
  8
Top-Silkscreen-Layer
  100
AcDbPolyline
  90
2
  70
0
  43
0.25400050800101603
  10
74.22713741427486
  20
42.062649225298514
  10
74.63353822707637
  20
42.062649225298514
  0
LWPOLYLINE
  5
2935
  100
AcDbEntity
  8
Top-Silkscreen-Layer
  100
AcDbPolyline
  90
2
  70
0
  43
0.25400050800101603
  10
74.58273812547628
  20
42.85005080010171
  10
73.94773685547369
  20
43.4850520701043
  0
LWPOLYLINE
  5
2936
  100
AcDbEntity
  8
Top-Silkscreen-Layer
  100
AcDbPolyline
  90
2
  70
0
  43
0.25400050800101603
  10
73.94773685547369
  20
43.4850520701043
  10
74.63353822707637
  20
44.17085344170698
  0
LWPOLYLINE
  5
2937
  100
AcDbEntity
  8
Top-Silkscreen-Layer
  100
AcDbPolyline
  90
2
  70
0
  43
0.25400050800101603
  10
74.63353822707637
  20
44.17085344170698
  10
74.65893827787653
  20
44.17085344170698
  0
LWPOLYLINE
  5
2938
  100
AcDbEntity
  8
Top-Silkscreen-Layer
  100
AcDbPolyline
  90
2
  70
0
  43
0.25400050800101603
  10
74.73513843027689
  20
57.65828041656084
  10
74.30333756667511
  20
57.65828041656084
  0
LWPOLYLINE
  5
2939
  100
AcDbEntity
  8
Top-Silkscreen-Layer
  100
AcDbPolyline
  90
2
  70
0
  43
0.25400050800101603
  10
74.30333756667511
  20
57.65828041656084
  10
74.30333756667511
  20
58.24248158496323
  0
LWPOLYLINE
  5
2940
  100
AcDbEntity
  8
Top-Silkscreen-Layer
  100
AcDbPolyline
  90
2
  70
0
  43
0.25400050800101603
  10
74.30333756667511
  20
58.24248158496323
  10
74.70973837947673
  20
58.24248158496323
  0
LWPOLYLINE
  5
2941
  100
AcDbEntity
  8
Top-Silkscreen-Layer
  100
AcDbPolyline
  90
2
  70
0
  43
0.25400050800101603
  10
81.61855219710452
  20
47.320459740919546
  10
81.61855219710452
  20
52.400469900939925
  0
LWPOLYLINE
  5
2942
  100
AcDbEntity
  8
Top-Silkscreen-Layer
  100
AcDbPolyline
  90
2
  70
0
  43
0.25400050800101603
  10
81.61855219710452
  20
52.400469900939925
  10
83.4473558547117
  20
52.400469900939925
  0
LWPOLYLINE
  5
2943
  100
AcDbEntity
  8
Top-Silkscreen-Layer
  100
AcDbPolyline
  90
2
  70
0
  43
0.25400050800101603
  10
83.4473558547117
  20
52.400469900939925
  10
83.47275590551197
  20
52.42586995173997
  0
LWPOLYLINE
  5
2944
  100
AcDbEntity
  8
Top-Silkscreen-Layer
  100
AcDbPolyline
  90
2
  70
0
  43
0.25400050800101603
  10
81.61855219710452
  20
47.26965963931934
  10
83.42195580391154
  20
47.26965963931934
  0
LWPOLYLINE
  5
2945
  100
AcDbEntity
  8
Top-Silkscreen-Layer
  100
AcDbPolyline
  90
2
  70
0
  43
0.25400050800101603
  10
83.42195580391154
  20
47.26965963931934
  10
83.4473558547117
  20
47.244259588519185
  0
LWPOLYLINE
  5
2955
  100
AcDbEntity
  8
Top-Silkscreen-Layer
  100
AcDbPolyline
  90
2
  70
0
  43
0.2
  10
8.90516891033775
  20
44.71168148336301
  10
8.90516891033775
  20
43.11163068326141
  0
LWPOLYLINE
  5
2956
  100
AcDbEntity
  8
Top-Silkscreen-Layer
  100
AcDbPolyline
  90
2
  70
0
  43
0.2
  10
10.755791211582391
  20
43.11673609347213
  10
12.00575311150618
  20
43.11673609347213
  0
LWPOLYLINE
  5
2957
  100
AcDbEntity
  8
Top-Silkscreen-Layer
  100
AcDbPolyline
  90
2
  70
0
  43
0.2
  10
10.755791211582391
  20
44.71678689357384
  10
12.00575311150618
  20
44.71678689357384
  0
LWPOLYLINE
  5
2958
  100
AcDbEntity
  8
Top-Silkscreen-Layer
  100
AcDbPolyline
  90
2
  70
0
  43
0.2
  10
8.90516891033775
  20
43.11163068326141
  10
10.15520701041396
  20
43.11163068326141
  0
LWPOLYLINE
  5
2959
  100
AcDbEntity
  8
Top-Silkscreen-Layer
  100
AcDbPolyline
  90
2
  70
0
  43
0.2
  10
8.90516891033775
  20
44.71168148336301
  10
10.15520701041396
  20
44.71168148336301
  0
LWPOLYLINE
  5
2960
  100
AcDbEntity
  8
Top-Silkscreen-Layer
  100
AcDbPolyline
  90
2
  70
0
  43
0.2
  10
12.00575311150618
  20
44.71678689357384
  10
12.00575311150618
  20
43.11673609347213
  0
LWPOLYLINE
  5
2962
  100
AcDbEntity
  8
Top-Silkscreen-Layer
  100
AcDbPolyline
  90
2
  70
0
  43
0.2
  10
8.231087122174245
  20
28.72941579883161
  10
8.231087122174245
  20
30.32946659893321
  0
LWPOLYLINE
  5
2963
  100
AcDbEntity
  8
Top-Silkscreen-Layer
  100
AcDbPolyline
  90
2
  70
0
  43
0.2
  10
6.38046482092966
  20
30.324361188722378
  10
5.130502921005814
  20
30.324361188722378
  0
LWPOLYLINE
  5
2964
  100
AcDbEntity
  8
Top-Silkscreen-Layer
  100
AcDbPolyline
  90
2
  70
0
  43
0.2
  10
6.38046482092966
  20
28.724310388620665
  10
5.130502921005814
  20
28.724310388620665
  0
LWPOLYLINE
  5
2965
  100
AcDbEntity
  8
Top-Silkscreen-Layer
  100
AcDbPolyline
  90
2
  70
0
  43
0.2
  10
8.231087122174245
  20
30.32946659893321
  10
6.981049022098091
  20
30.32946659893321
  0
LWPOLYLINE
  5
2966
  100
AcDbEntity
  8
Top-Silkscreen-Layer
  100
AcDbPolyline
  90
2
  70
0
  43
0.2
  10
8.231087122174245
  20
28.72941579883161
  10
6.981049022098091
  20
28.72941579883161
  0
LWPOLYLINE
  5
2967
  100
AcDbEntity
  8
Top-Silkscreen-Layer
  100
AcDbPolyline
  90
2
  70
0
  43
0.2
  10
5.130502921005814
  20
28.724310388620665
  10
5.130502921005814
  20
30.324361188722378
  0
LWPOLYLINE
  5
2969
  100
AcDbEntity
  8
Top-Silkscreen-Layer
  100
AcDbPolyline
  90
2
  70
0
  43
0.2
  10
104.786601473203
  20
30.324361188722378
  10
104.786601473203
  20
28.724310388620893
  0
LWPOLYLINE
  5
2970
  100
AcDbEntity
  8
Top-Silkscreen-Layer
  100
AcDbPolyline
  90
2
  70
0
  43
0.2
  10
106.63722377444759
  20
28.72941579883161
  10
107.88718567437144
  20
28.72941579883161
  0
LWPOLYLINE
  5
2971
  100
AcDbEntity
  8
Top-Silkscreen-Layer
  100
AcDbPolyline
  90
2
  70
0
  43
0.2
  10
106.63722377444759
  20
30.329466598933323
  10
107.88718567437144
  20
30.329466598933323
  0
LWPOLYLINE
  5
2972
  100
AcDbEntity
  8
Top-Silkscreen-Layer
  100
AcDbPolyline
  90
2
  70
0
  43
0.2
  10
104.786601473203
  20
28.724310388620893
  10
106.03663957327927
  20
28.724310388620893
  0
LWPOLYLINE
  5
2973
  100
AcDbEntity
  8
Top-Silkscreen-Layer
  100
AcDbPolyline
  90
2
  70
0
  43
0.2
  10
104.786601473203
  20
30.324361188722378
  10
106.03663957327927
  20
30.324361188722378
  0
LWPOLYLINE
  5
2974
  100
AcDbEntity
  8
Top-Silkscreen-Layer
  100
AcDbPolyline
  90
2
  70
0
  43
0.2
  10
107.88718567437144
  20
30.329466598933323
  10
107.88718567437144
  20
28.72941579883161
  0
LWPOLYLINE
  5
2976
  100
AcDbEntity
  8
Top-Silkscreen-Layer
  100
AcDbPolyline
  90
2
  70
0
  43
0.15240030480060962
  10
12.101346202692412
  20
47.197297434594816
  10
10.616357632715335
  20
47.197297434594816
  0
LWPOLYLINE
  5
2977
  100
AcDbEntity
  8
Top-Silkscreen-Layer
  100
AcDbPolyline
  90
2
  70
0
  43
0.15240030480060962
  10
10.616357632715335
  20
45.012080264160545
  10
12.101346202692412
  20
45.012080264160545
  0
LWPOLYLINE
  5
2978
  100
AcDbEntity
  8
Top-Silkscreen-Layer
  100
AcDbPolyline
  90
2
  70
0
  43
0.15240030480060962
  10
12.253746507493076
  20
45.16448056896115
  10
12.253746507493076
  20
47.04489712979421
  0
LWPOLYLINE
  5
2979
  100
AcDbEntity
  8
Top-Silkscreen-Layer
  100
AcDbPolyline
  90
2
  70
0
  43
0.15240030480060962
  10
7.27894335788676
  20
47.197297434594816
  10
8.763931927863894
  20
47.197297434594816
  0
LWPOLYLINE
  5
2980
  100
AcDbEntity
  8
Top-Silkscreen-Layer
  100
AcDbPolyline
  90
2
  70
0
  43
0.15240030480060962
  10
8.763931927863894
  20
45.012080264160545
  10
7.27894335788676
  20
45.012080264160545
  0
LWPOLYLINE
  5
2981
  100
AcDbEntity
  8
Top-Silkscreen-Layer
  100
AcDbPolyline
  90
2
  70
0
  43
0.15240030480060962
  10
7.126543053086095
  20
45.16448056896115
  10
7.126543053086095
  20
47.04489712979421
  0
LWPOLYLINE
  5
2982
  100
AcDbEntity
  8
Top-Silkscreen-Layer
  100
AcDbPolyline
  90
2
  70
0
  43
0.15240030480060962
  10
12.101346202692412
  20
45.012080264160545
  42
0.414
  10
12.25374650749302
  20
45.16448056896115
  0
LWPOLYLINE
  5
2983
  100
AcDbEntity
  8
Top-Silkscreen-Layer
  100
AcDbPolyline
  90
2
  70
0
  43
0.15240030480060962
  10
12.25374650749302
  20
47.04489712979421
  42
0.414
  10
12.101346202692412
  20
47.197297434594816
  0
LWPOLYLINE
  5
2984
  100
AcDbEntity
  8
Top-Silkscreen-Layer
  100
AcDbPolyline
  90
2
  70
0
  43
0.15240030480060962
  10
7.27894335788676
  20
45.012080264160545
  42
-0.414
  10
7.126543053086152
  20
45.16448056896115
  0
LWPOLYLINE
  5
2985
  100
AcDbEntity
  8
Top-Silkscreen-Layer
  100
AcDbPolyline
  90
2
  70
0
  43
0.15240030480060962
  10
7.126543053086152
  20
47.04489712979421
  42
-0.414
  10
7.27894335788676
  20
47.197297434594816
  0
LWPOLYLINE
  5
2990
  100
AcDbEntity
  8
Top-Silkscreen-Layer
  100
AcDbPolyline
  90
2
  70
0
  43
0.15240030480060962
  10
4.983909067818161
  20
25.83579375158763
  10
6.468897637795294
  20
25.83579375158763
  0
LWPOLYLINE
  5
2991
  100
AcDbEntity
  8
Top-Silkscreen-Layer
  100
AcDbPolyline
  90
2
  70
0
  43
0.15240030480060962
  10
6.468897637795294
  20
28.021010922021787
  10
4.983909067818161
  20
28.021010922021787
  0
LWPOLYLINE
  5
2992
  100
AcDbEntity
  8
Top-Silkscreen-Layer
  100
AcDbPolyline
  90
2
  70
0
  43
0.15240030480060962
  10
4.831508763017496
  20
27.868610617221293
  10
4.831508763017496
  20
25.988194056388238
  0
LWPOLYLINE
  5
2993
  100
AcDbEntity
  8
Top-Silkscreen-Layer
  100
AcDbPolyline
  90
2
  70
0
  43
0.15240030480060962
  10
9.806311912623812
  20
25.83579375158763
  10
8.321323342646735
  20
25.83579375158763
  0
LWPOLYLINE
  5
2994
  100
AcDbEntity
  8
Top-Silkscreen-Layer
  100
AcDbPolyline
  90
2
  70
0
  43
0.15240030480060962
  10
8.321323342646735
  20
28.021010922021787
  10
9.806311912623812
  20
28.021010922021787
  0
LWPOLYLINE
  5
2995
  100
AcDbEntity
  8
Top-Silkscreen-Layer
  100
AcDbPolyline
  90
2
  70
0
  43
0.15240030480060962
  10
9.958712217424477
  20
27.868610617221293
  10
9.958712217424477
  20
25.988194056388238
  0
LWPOLYLINE
  5
2996
  100
AcDbEntity
  8
Top-Silkscreen-Layer
  100
AcDbPolyline
  90
2
  70
0
  43
0.15240030480060962
  10
4.983909067818161
  20
28.021010922021787
  42
0.414
  10
4.8315087630176095
  20
27.868610617221293
  0
LWPOLYLINE
  5
2997
  100
AcDbEntity
  8
Top-Silkscreen-Layer
  100
AcDbPolyline
  90
2
  70
0
  43
0.15240030480060962
  10
4.8315087630176095
  20
25.988194056388238
  42
0.414
  10
4.983909067818161
  20
25.83579375158763
  0
LWPOLYLINE
  5
2998
  100
AcDbEntity
  8
Top-Silkscreen-Layer
  100
AcDbPolyline
  90
2
  70
0
  43
0.15240030480060962
  10
9.806311912623812
  20
28.021010922021787
  42
-0.414
  10
9.95871221742442
  20
27.868610617221293
  0
LWPOLYLINE
  5
2999
  100
AcDbEntity
  8
Top-Silkscreen-Layer
  100
AcDbPolyline
  90
2
  70
0
  43
0.15240030480060962
  10
9.95871221742442
  20
25.988194056388238
  42
-0.414
  10
9.806311912623812
  20
25.83579375158763
  0
LWPOLYLINE
  5
3004
  100
AcDbEntity
  8
Top-Silkscreen-Layer
  100
AcDbPolyline
  90
2
  70
0
  43
0.15240030480060962
  10
107.77877571755147
  20
28.021010922021787
  10
106.29378714757428
  20
28.021010922021787
  0
LWPOLYLINE
  5
3005
  100
AcDbEntity
  8
Top-Silkscreen-Layer
  100
AcDbPolyline
  90
2
  70
0
  43
0.15240030480060962
  10
106.29378714757428
  20
25.83579375158763
  10
107.77877571755147
  20
25.83579375158763
  0
LWPOLYLINE
  5
3006
  100
AcDbEntity
  8
Top-Silkscreen-Layer
  100
AcDbPolyline
  90
2
  70
0
  43
0.15240030480060962
  10
107.93117602235208
  20
25.988194056388238
  10
107.93117602235208
  20
27.868610617221293
  0
LWPOLYLINE
  5
3007
  100
AcDbEntity
  8
Top-Silkscreen-Layer
  100
AcDbPolyline
  90
2
  70
0
  43
0.15240030480060962
  10
102.9563728727457
  20
28.021010922021787
  10
104.44136144272301
  20
28.021010922021787
  0
LWPOLYLINE
  5
3008
  100
AcDbEntity
  8
Top-Silkscreen-Layer
  100
AcDbPolyline
  90
2
  70
0
  43
0.15240030480060962
  10
104.44136144272301
  20
25.83579375158763
  10
102.9563728727457
  20
25.83579375158763
  0
LWPOLYLINE
  5
3009
  100
AcDbEntity
  8
Top-Silkscreen-Layer
  100
AcDbPolyline
  90
2
  70
0
  43
0.15240030480060962
  10
102.8039725679451
  20
25.988194056388238
  10
102.8039725679451
  20
27.868610617221293
  0
LWPOLYLINE
  5
3010
  100
AcDbEntity
  8
Top-Silkscreen-Layer
  100
AcDbPolyline
  90
2
  70
0
  43
0.15240030480060962
  10
107.77877571755147
  20
25.83579375158763
  42
0.414
  10
107.93117602235208
  20
25.988194056388238
  0
LWPOLYLINE
  5
3011
  100
AcDbEntity
  8
Top-Silkscreen-Layer
  100
AcDbPolyline
  90
2
  70
0
  43
0.15240030480060962
  10
107.93117602235208
  20
27.868610617221293
  42
0.414
  10
107.77877571755147
  20
28.021010922021787
  0
LWPOLYLINE
  5
3012
  100
AcDbEntity
  8
Top-Silkscreen-Layer
  100
AcDbPolyline
  90
2
  70
0
  43
0.15240030480060962
  10
102.9563728727457
  20
25.83579375158763
  42
-0.414
  10
102.8039725679451
  20
25.988194056388238
  0
LWPOLYLINE
  5
3013
  100
AcDbEntity
  8
Top-Silkscreen-Layer
  100
AcDbPolyline
  90
2
  70
0
  43
0.15240030480060962
  10
102.8039725679451
  20
27.868610617221293
  42
-0.414
  10
102.9563728727457
  20
28.021010922021787
  0
LWPOLYLINE
  5
3018
  100
AcDbEntity
  8
Top-Silkscreen-Layer
  100
AcDbPolyline
  90
2
  70
0
  43
0.15240030480060962
  10
18.272438404876766
  20
13.230789941579815
  10
16.787449834899633
  20
13.230789941579815
  0
LWPOLYLINE
  5
3019
  100
AcDbEntity
  8
Top-Silkscreen-Layer
  100
AcDbPolyline
  90
2
  70
0
  43
0.15240030480060962
  10
16.787449834899633
  20
11.045572771145657
  10
18.272438404876766
  20
11.045572771145657
  0
LWPOLYLINE
  5
3020
  100
AcDbEntity
  8
Top-Silkscreen-Layer
  100
AcDbPolyline
  90
2
  70
0
  43
0.15240030480060962
  10
18.42483870967743
  20
11.197973075946265
  10
18.42483870967743
  20
13.07838963677932
  0
LWPOLYLINE
  5
3021
  100
AcDbEntity
  8
Top-Silkscreen-Layer
  100
AcDbPolyline
  90
2
  70
0
  43
0.15240030480060962
  10
13.450035560071115
  20
13.230789941579815
  10
14.935024130048191
  20
13.230789941579815
  0
LWPOLYLINE
  5
3022
  100
AcDbEntity
  8
Top-Silkscreen-Layer
  100
AcDbPolyline
  90
2
  70
0
  43
0.15240030480060962
  10
14.935024130048191
  20
11.045572771145657
  10
13.450035560071115
  20
11.045572771145657
  0
LWPOLYLINE
  5
3023
  100
AcDbEntity
  8
Top-Silkscreen-Layer
  100
AcDbPolyline
  90
2
  70
0
  43
0.15240030480060962
  10
13.29763525527045
  20
11.197973075946265
  10
13.29763525527045
  20
13.07838963677932
  0
LWPOLYLINE
  5
3024
  100
AcDbEntity
  8
Top-Silkscreen-Layer
  100
AcDbPolyline
  90
2
  70
0
  43
0.15240030480060962
  10
18.272438404876766
  20
11.045572771145657
  42
0.414
  10
18.424838709677374
  20
11.197973075946265
  0
LWPOLYLINE
  5
3025
  100
AcDbEntity
  8
Top-Silkscreen-Layer
  100
AcDbPolyline
  90
2
  70
0
  43
0.15240030480060962
  10
18.424838709677374
  20
13.07838963677932
  42
0.414
  10
18.272438404876766
  20
13.230789941579815
  0
LWPOLYLINE
  5
3026
  100
AcDbEntity
  8
Top-Silkscreen-Layer
  100
AcDbPolyline
  90
2
  70
0
  43
0.15240030480060962
  10
13.450035560071115
  20
11.045572771145657
  42
-0.414
  10
13.297635255270507
  20
11.197973075946265
  0
LWPOLYLINE
  5
3027
  100
AcDbEntity
  8
Top-Silkscreen-Layer
  100
AcDbPolyline
  90
2
  70
0
  43
0.15240030480060962
  10
13.297635255270507
  20
13.07838963677932
  42
-0.414
  10
13.450035560071115
  20
13.230789941579815
  0
LWPOLYLINE
  5
3032
  100
AcDbEntity
  8
Top-Silkscreen-Layer
  100
AcDbPolyline
  90
2
  70
0
  43
0.15240030480060962
  10
18.272438404876766
  20
16.035831851663715
  10
16.787449834899633
  20
16.035831851663715
  0
LWPOLYLINE
  5
3033
  100
AcDbEntity
  8
Top-Silkscreen-Layer
  100
AcDbPolyline
  90
2
  70
0
  43
0.15240030480060962
  10
16.787449834899633
  20
13.850614681229445
  10
18.272438404876766
  20
13.850614681229445
  0
LWPOLYLINE
  5
3034
  100
AcDbEntity
  8
Top-Silkscreen-Layer
  100
AcDbPolyline
  90
2
  70
0
  43
0.15240030480060962
  10
18.42483870967743
  20
14.003014986030053
  10
18.42483870967743
  20
15.883431546863108
  0
LWPOLYLINE
  5
3035
  100
AcDbEntity
  8
Top-Silkscreen-Layer
  100
AcDbPolyline
  90
2
  70
0
  43
0.15240030480060962
  10
13.450035560071115
  20
16.035831851663715
  10
14.935024130048191
  20
16.035831851663715
  0
LWPOLYLINE
  5
3036
  100
AcDbEntity
  8
Top-Silkscreen-Layer
  100
AcDbPolyline
  90
2
  70
0
  43
0.15240030480060962
  10
14.935024130048191
  20
13.850614681229445
  10
13.450035560071115
  20
13.850614681229445
  0
LWPOLYLINE
  5
3037
  100
AcDbEntity
  8
Top-Silkscreen-Layer
  100
AcDbPolyline
  90
2
  70
0
  43
0.15240030480060962
  10
13.29763525527045
  20
14.003014986030053
  10
13.29763525527045
  20
15.883431546863108
  0
LWPOLYLINE
  5
3038
  100
AcDbEntity
  8
Top-Silkscreen-Layer
  100
AcDbPolyline
  90
2
  70
0
  43
0.15240030480060962
  10
18.272438404876766
  20
13.850614681229445
  42
0.414
  10
18.424838709677374
  20
14.003014986030053
  0
LWPOLYLINE
  5
3039
  100
AcDbEntity
  8
Top-Silkscreen-Layer
  100
AcDbPolyline
  90
2
  70
0
  43
0.15240030480060962
  10
18.424838709677374
  20
15.883431546863108
  42
0.414
  10
18.272438404876766
  20
16.035831851663715
  0
LWPOLYLINE
  5
3040
  100
AcDbEntity
  8
Top-Silkscreen-Layer
  100
AcDbPolyline
  90
2
  70
0
  43
0.15240030480060962
  10
13.450035560071115
  20
13.850614681229445
  42
-0.414
  10
13.297635255270507
  20
14.003014986030053
  0
LWPOLYLINE
  5
3041
  100
AcDbEntity
  8
Top-Silkscreen-Layer
  100
AcDbPolyline
  90
2
  70
0
  43
0.15240030480060962
  10
13.297635255270507
  20
15.883431546863108
  42
-0.414
  10
13.450035560071115
  20
16.035831851663715
  0
LWPOLYLINE
  5
3046
  100
AcDbEntity
  8
Top-Silkscreen-Layer
  100
AcDbPolyline
  90
2
  70
0
  43
0.15240030480060962
  10
4.46647447294896
  20
51.52493522987061
  10
4.46647447294896
  20
50.03994665989342
  0
LWPOLYLINE
  5
3047
  100
AcDbEntity
  8
Top-Silkscreen-Layer
  100
AcDbPolyline
  90
2
  70
0
  43
0.15240030480060962
  10
6.6516916433832876
  20
50.03994665989342
  10
6.6516916433832876
  20
51.52493522987061
  0
LWPOLYLINE
  5
3048
  100
AcDbEntity
  8
Top-Silkscreen-Layer
  100
AcDbPolyline
  90
2
  70
0
  43
0.15240030480060962
  10
6.49929133858268
  20
51.677335534671215
  10
4.618874777749511
  20
51.677335534671215
  0
LWPOLYLINE
  5
3049
  100
AcDbEntity
  8
Top-Silkscreen-Layer
  100
AcDbPolyline
  90
2
  70
0
  43
0.15240030480060962
  10
4.46647447294896
  20
46.70253238506484
  10
4.46647447294896
  20
48.18752095504203
  0
LWPOLYLINE
  5
3050
  100
AcDbEntity
  8
Top-Silkscreen-Layer
  100
AcDbPolyline
  90
2
  70
0
  43
0.15240030480060962
  10
6.6516916433832876
  20
48.18752095504203
  10
6.6516916433832876
  20
46.70253238506484
  0
LWPOLYLINE
  5
3051
  100
AcDbEntity
  8
Top-Silkscreen-Layer
  100
AcDbPolyline
  90
2
  70
0
  43
0.15240030480060962
  10
6.49929133858268
  20
46.550132080264234
  10
4.618874777749511
  20
46.550132080264234
  0
LWPOLYLINE
  5
3052
  100
AcDbEntity
  8
Top-Silkscreen-Layer
  100
AcDbPolyline
  90
2
  70
0
  43
0.15240030480060962
  10
6.6516916433832876
  20
51.52493522987061
  42
0.414
  10
6.49929133858268
  20
51.677335534671215
  0
LWPOLYLINE
  5
3053
  100
AcDbEntity
  8
Top-Silkscreen-Layer
  100
AcDbPolyline
  90
2
  70
0
  43
0.15240030480060962
  10
4.618874777749511
  20
51.677335534671215
  42
0.414
  10
4.46647447294896
  20
51.52493522987061
  0
LWPOLYLINE
  5
3054
  100
AcDbEntity
  8
Top-Silkscreen-Layer
  100
AcDbPolyline
  90
2
  70
0
  43
0.15240030480060962
  10
6.6516916433832876
  20
46.70253238506484
  42
-0.414
  10
6.49929133858268
  20
46.550132080264234
  0
LWPOLYLINE
  5
3055
  100
AcDbEntity
  8
Top-Silkscreen-Layer
  100
AcDbPolyline
  90
2
  70
0
  43
0.15240030480060962
  10
4.618874777749511
  20
46.550132080264234
  42
-0.414
  10
4.46647447294896
  20
46.70253238506484
  0
HATCH
  5
1619
  100
AcDbEntity
  8
Top-Solder-Mask-Layer
  100
AcDbHatch
  10
0
  20
0
  30
0
  210
0
  220
0
  230
1
  2
SOLID
  70
1
  71
0
  91
1
  92
7
  72
0
  73
1
  93
4
  10
15.656743713487458
  20
47.7366167132335
  10
15.656743713487458
  20
49.63908051816111
  10
17.35854711709419
  20
49.63908051816111
  10
17.35854711709419
  20
47.7366167132335
  97
1
  330
1618
  75
0
  76
1
  47
0.4128176842155181
  98
1
  10
34.90568961886538
  20
22.81183545379326
  450
0
  451
0
  460
0
  461
0
  452
1
  462
1
  453
2
  463
0
  63
5
  421
255
  463
1
  63
7
  421
16777215
  470
LINEAR
  1001
ACAD
  1010
0
  1020
0
  1030
0
  0
HATCH
  5
1639
  100
AcDbEntity
  8
Top-Solder-Mask-Layer
  100
AcDbHatch
  10
0
  20
0
  30
0
  210
0
  220
0
  230
1
  2
SOLID
  70
1
  71
0
  91
1
  92
7
  72
1
  73
1
  93
2
  10
13.05704851409706
  20
48.68784861569725
  42
1
  10
14.95951231902467
  20
48.68784861569725
  42
1
  97
1
  330
1638
  75
0
  76
1
  47
0.8681437583925616
  98
1
  10
3.629517071192367
  20
33.92795499968543
  450
0
  451
0
  460
0
  461
0
  452
1
  462
1
  453
2
  463
0
  63
5
  421
255
  463
1
  63
7
  421
16777215
  470
LINEAR
  1001
ACAD
  1010
0
  1020
0
  1030
0
  0
HATCH
  5
1659
  100
AcDbEntity
  8
Top-Solder-Mask-Layer
  100
AcDbHatch
  10
0
  20
0
  30
0
  210
0
  220
0
  230
1
  2
SOLID
  70
1
  71
0
  91
1
  92
7
  72
1
  73
1
  93
2
  10
10.557683515367044
  20
48.68784861569725
  42
1
  10
12.460147320294654
  20
48.68784861569725
  42
1
  97
1
  330
1658
  75
0
  76
1
  47
0.8681437583925616
  98
1
  10
3.629517071192367
  20
33.92795499968543
  450
0
  451
0
  460
0
  461
0
  452
1
  462
1
  453
2
  463
0
  63
5
  421
255
  463
1
  63
7
  421
16777215
  470
LINEAR
  1001
ACAD
  1010
0
  1020
0
  1030
0
  0
HATCH
  5
1679
  100
AcDbEntity
  8
Top-Solder-Mask-Layer
  100
AcDbHatch
  10
0
  20
0
  30
0
  210
0
  220
0
  230
1
  2
SOLID
  70
1
  71
0
  91
1
  92
7
  72
1
  73
1
  93
2
  10
23.230370840741646
  20
48.663286766573606
  42
1
  10
25.131971043942055
  20
48.663286766573606
  42
1
  97
1
  330
1678
  75
0
  76
1
  47
0.8681437583925616
  98
1
  10
3.629517071192367
  20
33.92795499968543
  450
0
  451
0
  460
0
  461
0
  452
1
  462
1
  453
2
  463
0
  63
5
  421
255
  463
1
  63
7
  421
16777215
  470
LINEAR
  1001
ACAD
  1010
0
  1020
0
  1030
0
  0
HATCH
  5
1699
  100
AcDbEntity
  8
Top-Solder-Mask-Layer
  100
AcDbHatch
  10
0
  20
0
  30
0
  210
0
  220
0
  230
1
  2
SOLID
  70
1
  71
0
  91
1
  92
7
  72
1
  73
1
  93
2
  10
25.73227584455171
  20
48.663286766573606
  42
1
  10
27.63387604775212
  20
48.663286766573606
  42
1
  97
1
  330
1698
  75
0
  76
1
  47
0.8681437583925616
  98
1
  10
3.629517071192367
  20
33.92795499968543
  450
0
  451
0
  460
0
  461
0
  452
1
  462
1
  453
2
  463
0
  63
5
  421
255
  463
1
  63
7
  421
16777215
  470
LINEAR
  1001
ACAD
  1010
0
  1020
0
  1030
0
  0
HATCH
  5
1719
  100
AcDbEntity
  8
Top-Solder-Mask-Layer
  100
AcDbHatch
  10
0
  20
0
  30
0
  210
0
  220
0
  230
1
  2
SOLID
  70
1
  71
0
  91
1
  92
7
  72
1
  73
1
  93
2
  10
28.23164084328167
  20
48.663286766573606
  42
1
  10
30.13324104648208
  20
48.663286766573606
  42
1
  97
1
  330
1718
  75
0
  76
1
  47
0.8681437583925616
  98
1
  10
3.629517071192367
  20
33.92795499968543
  450
0
  451
0
  460
0
  461
0
  452
1
  462
1
  453
2
  463
0
  63
5
  421
255
  463
1
  63
7
  421
16777215
  470
LINEAR
  1001
ACAD
  1010
0
  1020
0
  1030
0
  0
HATCH
  5
1739
  100
AcDbEntity
  8
Top-Solder-Mask-Layer
  100
AcDbHatch
  10
0
  20
0
  30
0
  210
0
  220
0
  230
1
  2
SOLID
  70
1
  71
0
  91
1
  92
7
  72
1
  73
1
  93
2
  10
30.731005842011687
  20
48.663286766573606
  42
1
  10
32.63260604521209
  20
48.663286766573606
  42
1
  97
1
  330
1738
  75
0
  76
1
  47
0.8681437583925616
  98
1
  10
3.629517071192367
  20
33.92795499968543
  450
0
  451
0
  460
0
  461
0
  452
1
  462
1
  453
2
  463
0
  63
5
  421
255
  463
1
  63
7
  421
16777215
  470
LINEAR
  1001
ACAD
  1010
0
  1020
0
  1030
0
  0
HATCH
  5
1759
  100
AcDbEntity
  8
Top-Solder-Mask-Layer
  100
AcDbHatch
  10
0
  20
0
  30
0
  210
0
  220
0
  230
1
  2
SOLID
  70
1
  71
0
  91
1
  92
7
  72
1
  73
1
  93
2
  10
106.39018796037594
  20
40.73674625349258
  42
1
  10
108.01579121158245
  20
40.73674625349258
  42
1
  97
1
  330
1758
  75
0
  76
1
  47
0.8681437583925616
  98
1
  10
3.629517071192367
  20
33.92795499968543
  450
0
  451
0
  460
0
  461
0
  452
1
  462
1
  453
2
  463
0
  63
5
  421
255
  463
1
  63
7
  421
16777215
  470
LINEAR
  1001
ACAD
  1010
0
  1020
0
  1030
0
  0
HATCH
  5
1779
  100
AcDbEntity
  8
Top-Solder-Mask-Layer
  100
AcDbHatch
  10
0
  20
0
  30
0
  210
0
  220
0
  230
1
  2
SOLID
  70
1
  71
0
  91
1
  92
7
  72
1
  73
1
  93
2
  10
106.39018796037594
  20
43.27675133350283
  42
1
  10
108.01579121158245
  20
43.27675133350283
  42
1
  97
1
  330
1778
  75
0
  76
1
  47
0.8681437583925616
  98
1
  10
3.629517071192367
  20
33.92795499968543
  450
0
  451
0
  460
0
  461
0
  452
1
  462
1
  453
2
  463
0
  63
5
  421
255
  463
1
  63
7
  421
16777215
  470
LINEAR
  1001
ACAD
  1010
0
  1020
0
  1030
0
  0
HATCH
  5
1799
  100
AcDbEntity
  8
Top-Solder-Mask-Layer
  100
AcDbHatch
  10
0
  20
0
  30
0
  210
0
  220
0
  230
1
  2
SOLID
  70
1
  71
0
  91
1
  92
7
  72
1
  73
1
  93
2
  10
4.984356108712225
  20
40.73674625349258
  42
1
  10
6.609959359918728
  20
40.73674625349258
  42
1
  97
1
  330
1798
  75
0
  76
1
  47
0.8681437583925616
  98
1
  10
3.629517071192367
  20
33.92795499968543
  450
0
  451
0
  460
0
  461
0
  452
1
  462
1
  453
2
  463
0
  63
5
  421
255
  463
1
  63
7
  421
16777215
  470
LINEAR
  1001
ACAD
  1010
0
  1020
0
  1030
0
  0
HATCH
  5
1819
  100
AcDbEntity
  8
Top-Solder-Mask-Layer
  100
AcDbHatch
  10
0
  20
0
  30
0
  210
0
  220
0
  230
1
  2
SOLID
  70
1
  71
0
  91
1
  92
7
  72
1
  73
1
  93
2
  10
4.984356108712225
  20
43.27675133350283
  42
1
  10
6.609959359918728
  20
43.27675133350283
  42
1
  97
1
  330
1818
  75
0
  76
1
  47
0.8681437583925616
  98
1
  10
3.629517071192367
  20
33.92795499968543
  450
0
  451
0
  460
0
  461
0
  452
1
  462
1
  453
2
  463
0
  63
5
  421
255
  463
1
  63
7
  421
16777215
  470
LINEAR
  1001
ACAD
  1010
0
  1020
0
  1030
0
  0
HATCH
  5
1831
  100
AcDbEntity
  8
Top-Solder-Mask-Layer
  100
AcDbHatch
  10
0
  20
0
  30
0
  210
0
  220
0
  230
1
  2
SOLID
  70
1
  71
0
  91
1
  92
7
  72
0
  73
1
  93
4
  10
16.24121666243326
  20
41.58679705359418
  10
16.24121666243326
  20
43.389413258826494
  10
17.55033528067048
  20
43.389413258826494
  10
17.55033528067048
  20
41.58679705359418
  97
1
  330
1830
  75
0
  76
1
  47
0.4128176842155181
  98
1
  10
34.90568961886538
  20
22.81183545379326
  450
0
  451
0
  460
0
  461
0
  452
1
  462
1
  453
2
  463
0
  63
5
  421
255
  463
1
  63
7
  421
16777215
  470
LINEAR
  1001
ACAD
  1010
0
  1020
0
  1030
0
  0
HATCH
  5
1835
  100
AcDbEntity
  8
Top-Solder-Mask-Layer
  100
AcDbHatch
  10
0
  20
0
  30
0
  210
0
  220
0
  230
1
  2
SOLID
  70
1
  71
0
  91
1
  92
7
  72
0
  73
1
  93
4
  10
13.283634747269502
  20
41.58679705359418
  10
13.283634747269502
  20
43.389413258826494
  10
14.592753365506724
  20
43.389413258826494
  10
14.592753365506724
  20
41.58679705359418
  97
1
  330
1834
  75
0
  76
1
  47
0.4128176842155181
  98
1
  10
34.90568961886538
  20
22.81183545379326
  450
0
  451
0
  460
0
  461
0
  452
1
  462
1
  453
2
  463
0
  63
5
  421
255
  463
1
  63
7
  421
16777215
  470
LINEAR
  1001
ACAD
  1010
0
  1020
0
  1030
0
  0
HATCH
  5
1839
  100
AcDbEntity
  8
Top-Solder-Mask-Layer
  100
AcDbHatch
  10
0
  20
0
  30
0
  210
0
  220
0
  230
1
  2
SOLID
  70
1
  71
0
  91
1
  92
7
  72
0
  73
1
  93
4
  10
16.24121666243326
  20
43.958331216662486
  10
16.24121666243326
  20
45.7609474218948
  10
17.55033528067048
  20
45.7609474218948
  10
17.55033528067048
  20
43.958331216662486
  97
1
  330
1838
  75
0
  76
1
  47
0.4128176842155181
  98
1
  10
34.90568961886538
  20
22.81183545379326
  450
0
  451
0
  460
0
  461
0
  452
1
  462
1
  453
2
  463
0
  63
5
  421
255
  463
1
  63
7
  421
16777215
  470
LINEAR
  1001
ACAD
  1010
0
  1020
0
  1030
0
  0
HATCH
  5
1843
  100
AcDbEntity
  8
Top-Solder-Mask-Layer
  100
AcDbHatch
  10
0
  20
0
  30
0
  210
0
  220
0
  230
1
  2
SOLID
  70
1
  71
0
  91
1
  92
7
  72
0
  73
1
  93
4
  10
13.283634747269502
  20
43.958331216662486
  10
13.283634747269502
  20
45.7609474218948
  10
14.592753365506724
  20
45.7609474218948
  10
14.592753365506724
  20
43.958331216662486
  97
1
  330
1842
  75
0
  76
1
  47
0.4128176842155181
  98
1
  10
34.90568961886538
  20
22.81183545379326
  450
0
  451
0
  460
0
  461
0
  452
1
  462
1
  453
2
  463
0
  63
5
  421
255
  463
1
  63
7
  421
16777215
  470
LINEAR
  1001
ACAD
  1010
0
  1020
0
  1030
0
  0
HATCH
  5
1847
  100
AcDbEntity
  8
Top-Solder-Mask-Layer
  100
AcDbHatch
  10
0
  20
0
  30
0
  210
0
  220
0
  230
1
  2
SOLID
  70
1
  71
0
  91
1
  92
7
  72
0
  73
1
  93
4
  10
104.94188976377944
  20
52.071719583439176
  10
103.13927355854713
  20
52.071719583439176
  10
103.13927355854713
  20
53.38083820167651
  10
104.94188976377944
  20
53.38083820167651
  97
1
  330
1846
  75
0
  76
1
  47
0.4128176842155181
  98
1
  10
34.90568961886538
  20
22.81183545379326
  450
0
  451
0
  460
0
  461
0
  452
1
  462
1
  453
2
  463
0
  63
5
  421
255
  463
1
  63
7
  421
16777215
  470
LINEAR
  1001
ACAD
  1010
0
  1020
0
  1030
0
  0
HATCH
  5
1851
  100
AcDbEntity
  8
Top-Solder-Mask-Layer
  100
AcDbHatch
  10
0
  20
0
  30
0
  210
0
  220
0
  230
1
  2
SOLID
  70
1
  71
0
  91
1
  92
7
  72
0
  73
1
  93
4
  10
104.94188976377944
  20
49.11413766827525
  10
103.13927355854713
  20
49.11413766827525
  10
103.13927355854713
  20
50.4232562865127
  10
104.94188976377944
  20
50.4232562865127
  97
1
  330
1850
  75
0
  76
1
  47
0.4128176842155181
  98
1
  10
34.90568961886538
  20
22.81183545379326
  450
0
  451
0
  460
0
  461
0
  452
1
  462
1
  453
2
  463
0
  63
5
  421
255
  463
1
  63
7
  421
16777215
  470
LINEAR
  1001
ACAD
  1010
0
  1020
0
  1030
0
  0
HATCH
  5
1855
  100
AcDbEntity
  8
Top-Solder-Mask-Layer
  100
AcDbHatch
  10
0
  20
0
  30
0
  210
0
  220
0
  230
1
  2
SOLID
  70
1
  71
0
  91
1
  92
7
  72
0
  73
1
  93
4
  10
102.57333248666492
  20
52.071719583439176
  10
100.77071628143261
  20
52.071719583439176
  10
100.77071628143261
  20
53.38083820167651
  10
102.57333248666492
  20
53.38083820167651
  97
1
  330
1854
  75
0
  76
1
  47
0.4128176842155181
  98
1
  10
34.90568961886538
  20
22.81183545379326
  450
0
  451
0
  460
0
  461
0
  452
1
  462
1
  453
2
  463
0
  63
5
  421
255
  463
1
  63
7
  421
16777215
  470
LINEAR
  1001
ACAD
  1010
0
  1020
0
  1030
0
  0
HATCH
  5
1859
  100
AcDbEntity
  8
Top-Solder-Mask-Layer
  100
AcDbHatch
  10
0
  20
0
  30
0
  210
0
  220
0
  230
1
  2
SOLID
  70
1
  71
0
  91
1
  92
7
  72
0
  73
1
  93
4
  10
102.57333248666492
  20
49.11413766827525
  10
100.77071628143261
  20
49.11413766827525
  10
100.77071628143261
  20
50.4232562865127
  10
102.57333248666492
  20
50.4232562865127
  97
1
  330
1858
  75
0
  76
1
  47
0.4128176842155181
  98
1
  10
34.90568961886538
  20
22.81183545379326
  450
0
  451
0
  460
0
  461
0
  452
1
  462
1
  453
2
  463
0
  63
5
  421
255
  463
1
  63
7
  421
16777215
  470
LINEAR
  1001
ACAD
  1010
0
  1020
0
  1030
0
  0
HATCH
  5
1871
  100
AcDbEntity
  8
Top-Solder-Mask-Layer
  100
AcDbHatch
  10
0
  20
0
  30
0
  210
0
  220
0
  230
1
  2
SOLID
  70
1
  71
0
  91
1
  92
7
  72
1
  73
1
  93
2
  10
7.7496748793497785
  20
12.420050800101649
  42
1
  10
10.65036068072138
  20
12.420050800101649
  42
1
  97
1
  330
1870
  75
0
  76
1
  47
0.8681437583925616
  98
1
  10
3.629517071192367
  20
33.92795499968543
  450
0
  451
0
  460
0
  461
0
  452
1
  462
1
  453
2
  463
0
  63
5
  421
255
  463
1
  63
7
  421
16777215
  470
LINEAR
  1001
ACAD
  1010
0
  1020
0
  1030
0
  0
HATCH
  5
1891
  100
AcDbEntity
  8
Top-Solder-Mask-Layer
  100
AcDbHatch
  10
0
  20
0
  30
0
  210
0
  220
0
  230
1
  2
SOLID
  70
1
  71
0
  91
1
  92
7
  72
1
  73
1
  93
2
  10
7.7496748793497785
  20
17.500060960121914
  42
1
  10
10.65036068072138
  20
17.500060960121914
  42
1
  97
1
  330
1890
  75
0
  76
1
  47
0.8681437583925616
  98
1
  10
3.629517071192367
  20
33.92795499968543
  450
0
  451
0
  460
0
  461
0
  452
1
  462
1
  453
2
  463
0
  63
5
  421
255
  463
1
  63
7
  421
16777215
  470
LINEAR
  1001
ACAD
  1010
0
  1020
0
  1030
0
  0
HATCH
  5
1911
  100
AcDbEntity
  8
Top-Solder-Mask-Layer
  100
AcDbHatch
  10
0
  20
0
  30
0
  210
0
  220
0
  230
1
  2
SOLID
  70
1
  71
0
  91
1
  92
7
  72
1
  73
1
  93
2
  10
7.7496748793497785
  20
22.580071120142293
  42
1
  10
10.65036068072138
  20
22.580071120142293
  42
1
  97
1
  330
1910
  75
0
  76
1
  47
0.8681437583925616
  98
1
  10
3.629517071192367
  20
33.92795499968543
  450
0
  451
0
  460
0
  461
0
  452
1
  462
1
  453
2
  463
0
  63
5
  421
255
  463
1
  63
7
  421
16777215
  470
LINEAR
  1001
ACAD
  1010
0
  1020
0
  1030
0
  0
HATCH
  5
1931
  100
AcDbEntity
  8
Top-Solder-Mask-Layer
  100
AcDbHatch
  10
0
  20
0
  30
0
  210
0
  220
0
  230
1
  2
SOLID
  70
1
  71
0
  91
1
  92
7
  72
0
  73
1
  93
4
  10
12.359817119634329
  20
9.450480060960103
  10
12.359817119634329
  20
7.548016256032497
  10
10.65801371602754
  20
7.548016256032497
  10
10.65801371602754
  20
9.450480060960103
  97
1
  330
1930
  75
0
  76
1
  47
0.4128176842155181
  98
1
  10
34.90568961886538
  20
22.81183545379326
  450
0
  451
0
  460
0
  461
0
  452
1
  462
1
  453
2
  463
0
  63
5
  421
255
  463
1
  63
7
  421
16777215
  470
LINEAR
  1001
ACAD
  1010
0
  1020
0
  1030
0
  0
HATCH
  5
1951
  100
AcDbEntity
  8
Top-Solder-Mask-Layer
  100
AcDbHatch
  10
0
  20
0
  30
0
  210
0
  220
0
  230
1
  2
SOLID
  70
1
  71
0
  91
1
  92
7
  72
1
  73
1
  93
2
  10
13.05704851409706
  20
8.499248158496357
  42
1
  10
14.95951231902467
  20
8.499248158496357
  42
1
  97
1
  330
1950
  75
0
  76
1
  47
0.8681437583925616
  98
1
  10
3.629517071192367
  20
33.92795499968543
  450
0
  451
0
  460
0
  461
0
  452
1
  462
1
  453
2
  463
0
  63
5
  421
255
  463
1
  63
7
  421
16777215
  470
LINEAR
  1001
ACAD
  1010
0
  1020
0
  1030
0
  0
HATCH
  5
1971
  100
AcDbEntity
  8
Top-Solder-Mask-Layer
  100
AcDbHatch
  10
0
  20
0
  30
0
  210
0
  220
0
  230
1
  2
SOLID
  70
1
  71
0
  91
1
  92
7
  72
1
  73
1
  93
2
  10
15.55641351282702
  20
8.499248158496357
  42
1
  10
17.45887731775463
  20
8.499248158496357
  42
1
  97
1
  330
1970
  75
0
  76
1
  47
0.8681437583925616
  98
1
  10
3.629517071192367
  20
33.92795499968543
  450
0
  451
0
  460
0
  461
0
  452
1
  462
1
  453
2
  463
0
  63
5
  421
255
  463
1
  63
7
  421
16777215
  470
LINEAR
  1001
ACAD
  1010
0
  1020
0
  1030
0
  0
HATCH
  5
1991
  100
AcDbEntity
  8
Top-Solder-Mask-Layer
  100
AcDbHatch
  10
0
  20
0
  30
0
  210
0
  220
0
  230
1
  2
SOLID
  70
1
  71
0
  91
1
  92
7
  72
1
  73
1
  93
2
  10
102.3498653797308
  20
12.420050800101649
  42
1
  10
105.2505511811024
  20
12.420050800101649
  42
1
  97
1
  330
1990
  75
0
  76
1
  47
0.8681437583925616
  98
1
  10
3.629517071192367
  20
33.92795499968543
  450
0
  451
0
  460
0
  461
0
  452
1
  462
1
  453
2
  463
0
  63
5
  421
255
  463
1
  63
7
  421
16777215
  470
LINEAR
  1001
ACAD
  1010
0
  1020
0
  1030
0
  0
HATCH
  5
2011
  100
AcDbEntity
  8
Top-Solder-Mask-Layer
  100
AcDbHatch
  10
0
  20
0
  30
0
  210
0
  220
0
  230
1
  2
SOLID
  70
1
  71
0
  91
1
  92
7
  72
1
  73
1
  93
2
  10
102.3498653797308
  20
17.500060960121914
  42
1
  10
105.2505511811024
  20
17.500060960121914
  42
1
  97
1
  330
2010
  75
0
  76
1
  47
0.8681437583925616
  98
1
  10
3.629517071192367
  20
33.92795499968543
  450
0
  451
0
  460
0
  461
0
  452
1
  462
1
  453
2
  463
0
  63
5
  421
255
  463
1
  63
7
  421
16777215
  470
LINEAR
  1001
ACAD
  1010
0
  1020
0
  1030
0
  0
HATCH
  5
2031
  100
AcDbEntity
  8
Top-Solder-Mask-Layer
  100
AcDbHatch
  10
0
  20
0
  30
0
  210
0
  220
0
  230
1
  2
SOLID
  70
1
  71
0
  91
1
  92
7
  72
1
  73
1
  93
2
  10
102.3498653797308
  20
22.580071120142293
  42
1
  10
105.2505511811024
  20
22.580071120142293
  42
1
  97
1
  330
2030
  75
0
  76
1
  47
0.8681437583925616
  98
1
  10
3.629517071192367
  20
33.92795499968543
  450
0
  451
0
  460
0
  461
0
  452
1
  462
1
  453
2
  463
0
  63
5
  421
255
  463
1
  63
7
  421
16777215
  470
LINEAR
  1001
ACAD
  1010
0
  1020
0
  1030
0
  0
HATCH
  5
2051
  100
AcDbEntity
  8
Top-Solder-Mask-Layer
  100
AcDbHatch
  10
0
  20
0
  30
0
  210
0
  220
0
  230
1
  2
SOLID
  70
1
  71
0
  91
1
  92
7
  72
1
  73
1
  93
2
  10
71.38213106426207
  20
45.948856997714074
  42
1
  10
73.00813563627122
  20
45.948856997714074
  42
1
  97
1
  330
2050
  75
0
  76
1
  47
0.8681437583925616
  98
1
  10
3.629517071192367
  20
33.92795499968543
  450
0
  451
0
  460
0
  461
0
  452
1
  462
1
  453
2
  463
0
  63
5
  421
255
  463
1
  63
7
  421
16777215
  470
LINEAR
  1001
ACAD
  1010
0
  1020
0
  1030
0
  0
HATCH
  5
2071
  100
AcDbEntity
  8
Top-Solder-Mask-Layer
  100
AcDbHatch
  10
0
  20
0
  30
0
  210
0
  220
0
  230
1
  2
SOLID
  70
1
  71
0
  91
1
  92
7
  72
1
  73
1
  93
2
  10
68.84212598425194
  20
45.948856997714074
  42
1
  10
70.46813055626109
  20
45.948856997714074
  42
1
  97
1
  330
2070
  75
0
  76
1
  47
0.8681437583925616
  98
1
  10
3.629517071192367
  20
33.92795499968543
  450
0
  451
0
  460
0
  461
0
  452
1
  462
1
  453
2
  463
0
  63
5
  421
255
  463
1
  63
7
  421
16777215
  470
LINEAR
  1001
ACAD
  1010
0
  1020
0
  1030
0
  0
HATCH
  5
2091
  100
AcDbEntity
  8
Top-Solder-Mask-Layer
  100
AcDbHatch
  10
0
  20
0
  30
0
  210
0
  220
0
  230
1
  2
SOLID
  70
1
  71
0
  91
1
  92
7
  72
1
  73
1
  93
2
  10
71.38213106426207
  20
48.48886207772421
  42
1
  10
73.00813563627122
  20
48.48886207772421
  42
1
  97
1
  330
2090
  75
0
  76
1
  47
0.8681437583925616
  98
1
  10
3.629517071192367
  20
33.92795499968543
  450
0
  451
0
  460
0
  461
0
  452
1
  462
1
  453
2
  463
0
  63
5
  421
255
  463
1
  63
7
  421
16777215
  470
LINEAR
  1001
ACAD
  1010
0
  1020
0
  1030
0
  0
HATCH
  5
2111
  100
AcDbEntity
  8
Top-Solder-Mask-Layer
  100
AcDbHatch
  10
0
  20
0
  30
0
  210
0
  220
0
  230
1
  2
SOLID
  70
1
  71
0
  91
1
  92
7
  72
1
  73
1
  93
2
  10
68.84212598425194
  20
48.48886207772421
  42
1
  10
70.46813055626109
  20
48.48886207772421
  42
1
  97
1
  330
2110
  75
0
  76
1
  47
0.8681437583925616
  98
1
  10
3.629517071192367
  20
33.92795499968543
  450
0
  451
0
  460
0
  461
0
  452
1
  462
1
  453
2
  463
0
  63
5
  421
255
  463
1
  63
7
  421
16777215
  470
LINEAR
  1001
ACAD
  1010
0
  1020
0
  1030
0
  0
HATCH
  5
2131
  100
AcDbEntity
  8
Top-Solder-Mask-Layer
  100
AcDbHatch
  10
0
  20
0
  30
0
  210
0
  220
0
  230
1
  2
SOLID
  70
1
  71
0
  91
1
  92
7
  72
1
  73
1
  93
2
  10
71.38213106426207
  20
51.02886715773434
  42
1
  10
73.00813563627122
  20
51.02886715773434
  42
1
  97
1
  330
2130
  75
0
  76
1
  47
0.8681437583925616
  98
1
  10
3.629517071192367
  20
33.92795499968543
  450
0
  451
0
  460
0
  461
0
  452
1
  462
1
  453
2
  463
0
  63
5
  421
255
  463
1
  63
7
  421
16777215
  470
LINEAR
  1001
ACAD
  1010
0
  1020
0
  1030
0
  0
HATCH
  5
2151
  100
AcDbEntity
  8
Top-Solder-Mask-Layer
  100
AcDbHatch
  10
0
  20
0
  30
0
  210
0
  220
0
  230
1
  2
SOLID
  70
1
  71
0
  91
1
  92
7
  72
1
  73
1
  93
2
  10
68.84212598425194
  20
51.02886715773434
  42
1
  10
70.46813055626109
  20
51.02886715773434
  42
1
  97
1
  330
2150
  75
0
  76
1
  47
0.8681437583925616
  98
1
  10
3.629517071192367
  20
33.92795499968543
  450
0
  451
0
  460
0
  461
0
  452
1
  462
1
  453
2
  463
0
  63
5
  421
255
  463
1
  63
7
  421
16777215
  470
LINEAR
  1001
ACAD
  1010
0
  1020
0
  1030
0
  0
HATCH
  5
2171
  100
AcDbEntity
  8
Top-Solder-Mask-Layer
  100
AcDbHatch
  10
0
  20
0
  30
0
  210
0
  220
0
  230
1
  2
SOLID
  70
1
  71
0
  91
1
  92
7
  72
1
  73
1
  93
2
  10
71.38213106426207
  20
53.568872237744586
  42
1
  10
73.00813563627122
  20
53.568872237744586
  42
1
  97
1
  330
2170
  75
0
  76
1
  47
0.8681437583925616
  98
1
  10
3.629517071192367
  20
33.92795499968543
  450
0
  451
0
  460
0
  461
0
  452
1
  462
1
  453
2
  463
0
  63
5
  421
255
  463
1
  63
7
  421
16777215
  470
LINEAR
  1001
ACAD
  1010
0
  1020
0
  1030
0
  0
HATCH
  5
2191
  100
AcDbEntity
  8
Top-Solder-Mask-Layer
  100
AcDbHatch
  10
0
  20
0
  30
0
  210
0
  220
0
  230
1
  2
SOLID
  70
1
  71
0
  91
1
  92
7
  72
1
  73
1
  93
2
  10
68.84212598425194
  20
53.568872237744586
  42
1
  10
70.46813055626109
  20
53.568872237744586
  42
1
  97
1
  330
2190
  75
0
  76
1
  47
0.8681437583925616
  98
1
  10
3.629517071192367
  20
33.92795499968543
  450
0
  451
0
  460
0
  461
0
  452
1
  462
1
  453
2
  463
0
  63
5
  421
255
  463
1
  63
7
  421
16777215
  470
LINEAR
  1001
ACAD
  1010
0
  1020
0
  1030
0
  0
HATCH
  5
2203
  100
AcDbEntity
  8
Top-Solder-Mask-Layer
  100
AcDbHatch
  10
0
  20
0
  30
0
  210
0
  220
0
  230
1
  2
SOLID
  70
1
  71
0
  91
1
  92
7
  72
0
  73
1
  93
4
  10
11.806004572009044
  20
44.51266954533912
  10
11.806004572009044
  20
43.31064262128518
  10
10.704003048005973
  20
43.31064262128518
  10
10.704003048005973
  20
44.51266954533912
  97
1
  330
2202
  75
0
  76
1
  47
0.4128176842155181
  98
1
  10
34.90568961886538
  20
22.81183545379326
  450
0
  451
0
  460
0
  461
0
  452
1
  462
1
  453
2
  463
0
  63
5
  421
255
  463
1
  63
7
  421
16777215
  470
LINEAR
  1001
ACAD
  1010
0
  1020
0
  1030
0
  0
HATCH
  5
2209
  100
AcDbEntity
  8
Top-Solder-Mask-Layer
  100
AcDbHatch
  10
0
  20
0
  30
0
  210
0
  220
0
  230
1
  2
SOLID
  70
1
  71
0
  91
1
  92
7
  72
0
  73
1
  93
4
  10
10.206207772415553
  20
44.51266954533912
  10
10.206207772415553
  20
43.31064262128518
  10
9.104206248412481
  20
43.31064262128518
  10
9.104206248412481
  20
44.51266954533912
  97
1
  330
2208
  75
0
  76
1
  47
0.4128176842155181
  98
1
  10
34.90568961886538
  20
22.81183545379326
  450
0
  451
0
  460
0
  461
0
  452
1
  462
1
  453
2
  463
0
  63
5
  421
255
  463
1
  63
7
  421
16777215
  470
LINEAR
  1001
ACAD
  1010
0
  1020
0
  1030
0
  0
HATCH
  5
2215
  100
AcDbEntity
  8
Top-Solder-Mask-Layer
  100
AcDbHatch
  10
0
  20
0
  30
0
  210
0
  220
0
  230
1
  2
SOLID
  70
1
  71
0
  91
1
  92
7
  72
0
  73
1
  93
4
  10
5.33025146050295
  20
28.928427736855383
  10
5.33025146050295
  20
30.130454660909322
  10
6.432252984506022
  20
30.130454660909322
  10
6.432252984506022
  20
28.928427736855383
  97
1
  330
2214
  75
0
  76
1
  47
0.4128176842155181
  98
1
  10
34.90568961886538
  20
22.81183545379326
  450
0
  451
0
  460
0
  461
0
  452
1
  462
1
  453
2
  463
0
  63
5
  421
255
  463
1
  63
7
  421
16777215
  470
LINEAR
  1001
ACAD
  1010
0
  1020
0
  1030
0
  0
HATCH
  5
2221
  100
AcDbEntity
  8
Top-Solder-Mask-Layer
  100
AcDbHatch
  10
0
  20
0
  30
0
  210
0
  220
0
  230
1
  2
SOLID
  70
1
  71
0
  91
1
  92
7
  72
0
  73
1
  93
4
  10
6.930048260096555
  20
28.928427736855383
  10
6.930048260096555
  20
30.130454660909322
  10
8.032049784099627
  20
30.130454660909322
  10
8.032049784099627
  20
28.928427736855383
  97
1
  330
2220
  75
0
  76
1
  47
0.4128176842155181
  98
1
  10
34.90568961886538
  20
22.81183545379326
  450
0
  451
0
  460
0
  461
0
  452
1
  462
1
  453
2
  463
0
  63
5
  421
255
  463
1
  63
7
  421
16777215
  470
LINEAR
  1001
ACAD
  1010
0
  1020
0
  1030
0
  0
HATCH
  5
2227
  100
AcDbEntity
  8
Top-Solder-Mask-Layer
  100
AcDbHatch
  10
0
  20
0
  30
0
  210
0
  220
0
  230
1
  2
SOLID
  70
1
  71
0
  91
1
  92
7
  72
0
  73
1
  93
4
  10
107.68743713487441
  20
30.12534925069849
  10
107.68743713487441
  20
28.923322326644552
  10
106.58543561087146
  20
28.923322326644552
  10
106.58543561087146
  20
30.12534925069849
  97
1
  330
2226
  75
0
  76
1
  47
0.4128176842155181
  98
1
  10
34.90568961886538
  20
22.81183545379326
  450
0
  451
0
  460
0
  461
0
  452
1
  462
1
  453
2
  463
0
  63
5
  421
255
  463
1
  63
7
  421
16777215
  470
LINEAR
  1001
ACAD
  1010
0
  1020
0
  1030
0
  0
HATCH
  5
2233
  100
AcDbEntity
  8
Top-Solder-Mask-Layer
  100
AcDbHatch
  10
0
  20
0
  30
0
  210
0
  220
0
  230
1
  2
SOLID
  70
1
  71
0
  91
1
  92
7
  72
0
  73
1
  93
4
  10
106.08764033528092
  20
30.12534925069849
  10
106.08764033528092
  20
28.923322326644552
  10
104.98563881127797
  20
28.923322326644552
  10
104.98563881127797
  20
30.12534925069849
  97
1
  330
2232
  75
0
  76
1
  47
0.4128176842155181
  98
1
  10
34.90568961886538
  20
22.81183545379326
  450
0
  451
0
  460
0
  461
0
  452
1
  462
1
  453
2
  463
0
  63
5
  421
255
  463
1
  63
7
  421
16777215
  470
LINEAR
  1001
ACAD
  1010
0
  1020
0
  1030
0
  0
HATCH
  5
2239
  100
AcDbEntity
  8
Top-Solder-Mask-Layer
  100
AcDbHatch
  10
0
  20
0
  30
0
  210
0
  220
0
  230
1
  2
SOLID
  70
1
  71
0
  91
1
  92
7
  72
0
  73
1
  93
4
  10
10.48942087884177
  20
45.18989331978662
  10
10.48942087884177
  20
47.01948437896874
  10
12.076035052070154
  20
47.01948437896874
  10
12.076035052070154
  20
45.18989331978662
  97
1
  330
2238
  75
0
  76
1
  47
0.4128176842155181
  98
1
  10
34.90568961886538
  20
22.81183545379326
  450
0
  451
0
  460
0
  461
0
  452
1
  462
1
  453
2
  463
0
  63
5
  421
255
  463
1
  63
7
  421
16777215
  470
LINEAR
  1001
ACAD
  1010
0
  1020
0
  1030
0
  0
HATCH
  5
2243
  100
AcDbEntity
  8
Top-Solder-Mask-Layer
  100
AcDbHatch
  10
0
  20
0
  30
0
  210
0
  220
0
  230
1
  2
SOLID
  70
1
  71
0
  91
1
  92
7
  72
0
  73
1
  93
4
  10
7.304254508509018
  20
45.18989331978662
  10
7.304254508509018
  20
47.01948437896874
  10
8.890868681737459
  20
47.01948437896874
  10
8.890868681737459
  20
45.18989331978662
  97
1
  330
2242
  75
0
  76
1
  47
0.4128176842155181
  98
1
  10
34.90568961886538
  20
22.81183545379326
  450
0
  451
0
  460
0
  461
0
  452
1
  462
1
  453
2
  463
0
  63
5
  421
255
  463
1
  63
7
  421
16777215
  470
LINEAR
  1001
ACAD
  1010
0
  1020
0
  1030
0
  0
HATCH
  5
2247
  100
AcDbEntity
  8
Top-Solder-Mask-Layer
  100
AcDbHatch
  10
0
  20
0
  30
0
  210
0
  220
0
  230
1
  2
SOLID
  70
1
  71
0
  91
1
  92
7
  72
0
  73
1
  93
4
  10
6.595834391668916
  20
27.843197866395712
  10
6.595834391668916
  20
26.013606807213705
  10
5.0092202184404755
  20
26.013606807213705
  10
5.0092202184404755
  20
27.843197866395712
  97
1
  330
2246
  75
0
  76
1
  47
0.4128176842155181
  98
1
  10
34.90568961886538
  20
22.81183545379326
  450
0
  451
0
  460
0
  461
0
  452
1
  462
1
  453
2
  463
0
  63
5
  421
255
  463
1
  63
7
  421
16777215
  470
LINEAR
  1001
ACAD
  1010
0
  1020
0
  1030
0
  0
HATCH
  5
2251
  100
AcDbEntity
  8
Top-Solder-Mask-Layer
  100
AcDbHatch
  10
0
  20
0
  30
0
  210
0
  220
0
  230
1
  2
SOLID
  70
1
  71
0
  91
1
  92
7
  72
0
  73
1
  93
4
  10
9.78100076200161
  20
27.843197866395712
  10
9.78100076200161
  20
26.013606807213705
  10
8.194386588773227
  20
26.013606807213705
  10
8.194386588773227
  20
27.843197866395712
  97
1
  330
2250
  75
0
  76
1
  47
0.4128176842155181
  98
1
  10
34.90568961886538
  20
22.81183545379326
  450
0
  451
0
  460
0
  461
0
  452
1
  462
1
  453
2
  463
0
  63
5
  421
255
  463
1
  63
7
  421
16777215
  470
LINEAR
  1001
ACAD
  1010
0
  1020
0
  1030
0
  0
HATCH
  5
2255
  100
AcDbEntity
  8
Top-Solder-Mask-Layer
  100
AcDbHatch
  10
0
  20
0
  30
0
  210
0
  220
0
  230
1
  2
SOLID
  70
1
  71
0
  91
1
  92
7
  72
0
  73
1
  93
4
  10
106.16685039370083
  20
26.013606807213705
  10
106.16685039370083
  20
27.843197866395712
  10
107.75346456692915
  20
27.843197866395712
  10
107.75346456692915
  20
26.013606807213705
  97
1
  330
2254
  75
0
  76
1
  47
0.4128176842155181
  98
1
  10
34.90568961886538
  20
22.81183545379326
  450
0
  451
0
  460
0
  461
0
  452
1
  462
1
  453
2
  463
0
  63
5
  421
255
  463
1
  63
7
  421
16777215
  470
LINEAR
  1001
ACAD
  1010
0
  1020
0
  1030
0
  0
HATCH
  5
2259
  100
AcDbEntity
  8
Top-Solder-Mask-Layer
  100
AcDbHatch
  10
0
  20
0
  30
0
  210
0
  220
0
  230
1
  2
SOLID
  70
1
  71
0
  91
1
  92
7
  72
0
  73
1
  93
4
  10
102.98168402336802
  20
26.013606807213705
  10
102.98168402336802
  20
27.843197866395712
  10
104.56829819659646
  20
27.843197866395712
  10
104.56829819659646
  20
26.013606807213705
  97
1
  330
2258
  75
0
  76
1
  47
0.4128176842155181
  98
1
  10
34.90568961886538
  20
22.81183545379326
  450
0
  451
0
  460
0
  461
0
  452
1
  462
1
  453
2
  463
0
  63
5
  421
255
  463
1
  63
7
  421
16777215
  470
LINEAR
  1001
ACAD
  1010
0
  1020
0
  1030
0
  0
HATCH
  5
2263
  100
AcDbEntity
  8
Top-Solder-Mask-Layer
  100
AcDbHatch
  10
0
  20
0
  30
0
  210
0
  220
0
  230
1
  2
SOLID
  70
1
  71
0
  91
1
  92
7
  72
0
  73
1
  93
4
  10
16.660513081026124
  20
11.223385826771732
  10
16.660513081026124
  20
13.05297688595374
  10
18.247127254254508
  20
13.05297688595374
  10
18.247127254254508
  20
11.223385826771732
  97
1
  330
2262
  75
0
  76
1
  47
0.4128176842155181
  98
1
  10
34.90568961886538
  20
22.81183545379326
  450
0
  451
0
  460
0
  461
0
  452
1
  462
1
  453
2
  463
0
  63
5
  421
255
  463
1
  63
7
  421
16777215
  470
LINEAR
  1001
ACAD
  1010
0
  1020
0
  1030
0
  0
HATCH
  5
2267
  100
AcDbEntity
  8
Top-Solder-Mask-Layer
  100
AcDbHatch
  10
0
  20
0
  30
0
  210
0
  220
0
  230
1
  2
SOLID
  70
1
  71
0
  91
1
  92
7
  72
0
  73
1
  93
4
  10
13.475346710693373
  20
11.223385826771732
  10
13.475346710693373
  20
13.05297688595374
  10
15.061960883921756
  20
13.05297688595374
  10
15.061960883921756
  20
11.223385826771732
  97
1
  330
2266
  75
0
  76
1
  47
0.4128176842155181
  98
1
  10
34.90568961886538
  20
22.81183545379326
  450
0
  451
0
  460
0
  461
0
  452
1
  462
1
  453
2
  463
0
  63
5
  421
255
  463
1
  63
7
  421
16777215
  470
LINEAR
  1001
ACAD
  1010
0
  1020
0
  1030
0
  0
HATCH
  5
2271
  100
AcDbEntity
  8
Top-Solder-Mask-Layer
  100
AcDbHatch
  10
0
  20
0
  30
0
  210
0
  220
0
  230
1
  2
SOLID
  70
1
  71
0
  91
1
  92
7
  72
0
  73
1
  93
4
  10
16.660513081026124
  20
14.028427736855633
  10
16.660513081026124
  20
15.85801879603764
  10
18.247127254254508
  20
15.85801879603764
  10
18.247127254254508
  20
14.028427736855633
  97
1
  330
2270
  75
0
  76
1
  47
0.4128176842155181
  98
1
  10
34.90568961886538
  20
22.81183545379326
  450
0
  451
0
  460
0
  461
0
  452
1
  462
1
  453
2
  463
0
  63
5
  421
255
  463
1
  63
7
  421
16777215
  470
LINEAR
  1001
ACAD
  1010
0
  1020
0
  1030
0
  0
HATCH
  5
2275
  100
AcDbEntity
  8
Top-Solder-Mask-Layer
  100
AcDbHatch
  10
0
  20
0
  30
0
  210
0
  220
0
  230
1
  2
SOLID
  70
1
  71
0
  91
1
  92
7
  72
0
  73
1
  93
4
  10
13.475346710693373
  20
14.028427736855633
  10
13.475346710693373
  20
15.85801879603764
  10
15.061960883921756
  20
15.85801879603764
  10
15.061960883921756
  20
14.028427736855633
  97
1
  330
2274
  75
0
  76
1
  47
0.4128176842155181
  98
1
  10
34.90568961886538
  20
22.81183545379326
  450
0
  451
0
  460
0
  461
0
  452
1
  462
1
  453
2
  463
0
  63
5
  421
255
  463
1
  63
7
  421
16777215
  470
LINEAR
  1001
ACAD
  1010
0
  1020
0
  1030
0
  0
HATCH
  5
2279
  100
AcDbEntity
  8
Top-Solder-Mask-Layer
  100
AcDbHatch
  10
0
  20
0
  30
0
  210
0
  220
0
  230
1
  2
SOLID
  70
1
  71
0
  91
1
  92
7
  72
0
  73
1
  93
4
  10
6.473878587757042
  20
49.91300990601985
  10
4.644287528574978
  20
49.91300990601985
  10
4.644287528574978
  20
51.49962407924829
  10
6.473878587757042
  20
51.49962407924829
  97
1
  330
2278
  75
0
  76
1
  47
0.4128176842155181
  98
1
  10
34.90568961886538
  20
22.81183545379326
  450
0
  451
0
  460
0
  461
0
  452
1
  462
1
  453
2
  463
0
  63
5
  421
255
  463
1
  63
7
  421
16777215
  470
LINEAR
  1001
ACAD
  1010
0
  1020
0
  1030
0
  0
HATCH
  5
2283
  100
AcDbEntity
  8
Top-Solder-Mask-Layer
  100
AcDbHatch
  10
0
  20
0
  30
0
  210
0
  220
0
  230
1
  2
SOLID
  70
1
  71
0
  91
1
  92
7
  72
0
  73
1
  93
4
  10
6.4738785877572695
  20
46.72784353568716
  10
4.644287528575205
  20
46.72784353568716
  10
4.644287528575205
  20
48.3144577089156
  10
6.4738785877572695
  20
48.3144577089156
  97
1
  330
2282
  75
0
  76
1
  47
0.4128176842155181
  98
1
  10
34.90568961886538
  20
22.81183545379326
  450
0
  451
0
  460
0
  461
0
  452
1
  462
1
  453
2
  463
0
  63
5
  421
255
  463
1
  63
7
  421
16777215
  470
LINEAR
  1001
ACAD
  1010
0
  1020
0
  1030
0
  0
HATCH
  5
1250
  100
AcDbEntity
  8
Top-Paste-Mask-Layer
  100
AcDbHatch
  10
0
  20
0
  30
0
  210
0
  220
0
  230
1
  2
SOLID
  70
1
  71
0
  91
1
  92
7
  72
0
  73
1
  93
16
  10
16.291991363982675
  20
41.73760985521983
  10
16.291991363982675
  20
42.09892557785122
  10
16.391991363982697
  20
42.19892557785124
  10
16.60255778511555
  20
42.19892557785124
  10
16.702557785115573
  20
42.298925577851264
  10
16.702557785115573
  20
42.677284734569525
  10
16.60255778511555
  20
42.77728473456955
  10
16.391991363982697
  20
42.77728473456955
  10
16.291991363982675
  20
42.87728473456957
  10
16.291991363982675
  20
43.23860045720096
  10
16.391991363982697
  20
43.33860045720098
  10
17.399509779019525
  20
43.33860045720098
  10
17.499509779019547
  20
43.23860045720096
  10
17.499509779019547
  20
41.73760985521983
  10
17.399509779019525
  20
41.63760985521981
  10
16.391991363982697
  20
41.63760985521981
  97
1
  330
1249
  75
0
  76
1
  47
0.4128176842155181
  98
1
  10
34.90568961886538
  20
22.81183545379326
  450
0
  451
0
  460
0
  461
0
  452
1
  462
1
  453
2
  463
0
  63
5
  421
255
  463
1
  63
7
  421
16777215
  470
LINEAR
  1001
ACAD
  1010
0
  1020
0
  1030
0
  0
HATCH
  5
1252
  100
AcDbEntity
  8
Top-Paste-Mask-Layer
  100
AcDbHatch
  10
0
  20
0
  30
0
  210
0
  220
0
  230
1
  2
SOLID
  70
1
  71
0
  91
1
  92
7
  72
0
  73
1
  93
16
  10
14.541978663957309
  20
41.73760985521983
  10
14.541978663957309
  20
42.09892557785122
  10
14.441978663957286
  20
42.19892557785124
  10
14.23141224282449
  20
42.19892557785124
  10
14.131412242824467
  20
42.298925577851264
  10
14.131412242824467
  20
42.677284734569525
  10
14.23141224282449
  20
42.77728473456955
  10
14.441978663957286
  20
42.77728473456955
  10
14.541978663957309
  20
42.87728473456957
  10
14.541978663957309
  20
43.23860045720096
  10
14.441978663957286
  20
43.33860045720098
  10
13.434460248920459
  20
43.33860045720098
  10
13.334460248920436
  20
43.23860045720096
  10
13.334460248920436
  20
41.73760985521983
  10
13.434460248920459
  20
41.63760985521981
  10
14.441978663957286
  20
41.63760985521981
  97
1
  330
1251
  75
0
  76
1
  47
0.4128176842155181
  98
1
  10
34.90568961886538
  20
22.81183545379326
  450
0
  451
0
  460
0
  461
0
  452
1
  462
1
  453
2
  463
0
  63
5
  421
255
  463
1
  63
7
  421
16777215
  470
LINEAR
  1001
ACAD
  1010
0
  1020
0
  1030
0
  0
HATCH
  5
1264
  100
AcDbEntity
  8
Top-Paste-Mask-Layer
  100
AcDbHatch
  10
0
  20
0
  30
0
  210
0
  220
0
  230
1
  2
SOLID
  70
1
  71
0
  91
1
  92
7
  72
0
  73
1
  93
16
  10
16.291991363982675
  20
44.109144018288134
  10
16.291991363982675
  20
44.47045974091952
  10
16.391991363982697
  20
44.570459740919546
  10
16.60255778511555
  20
44.570459740919546
  10
16.702557785115573
  20
44.67045974091957
  10
16.702557785115573
  20
45.04881889763783
  10
16.60255778511555
  20
45.14881889763785
  10
16.391991363982697
  20
45.14881889763785
  10
16.291991363982675
  20
45.248818897637875
  10
16.291991363982675
  20
45.610134620269264
  10
16.391991363982697
  20
45.71013462026929
  10
17.399509779019525
  20
45.71013462026929
  10
17.499509779019547
  20
45.610134620269264
  10
17.499509779019547
  20
44.109144018288134
  10
17.399509779019525
  20
44.00914401828811
  10
16.391991363982697
  20
44.00914401828811
  97
1
  330
1263
  75
0
  76
1
  47
0.4128176842155181
  98
1
  10
34.90568961886538
  20
22.81183545379326
  450
0
  451
0
  460
0
  461
0
  452
1
  462
1
  453
2
  463
0
  63
5
  421
255
  463
1
  63
7
  421
16777215
  470
LINEAR
  1001
ACAD
  1010
0
  1020
0
  1030
0
  0
HATCH
  5
1266
  100
AcDbEntity
  8
Top-Paste-Mask-Layer
  100
AcDbHatch
  10
0
  20
0
  30
0
  210
0
  220
0
  230
1
  2
SOLID
  70
1
  71
0
  91
1
  92
7
  72
0
  73
1
  93
16
  10
14.541978663957309
  20
44.109144018288134
  10
14.541978663957309
  20
44.47045974091952
  10
14.441978663957286
  20
44.570459740919546
  10
14.23141224282449
  20
44.570459740919546
  10
14.131412242824467
  20
44.67045974091957
  10
14.131412242824467
  20
45.04881889763783
  10
14.23141224282449
  20
45.14881889763785
  10
14.441978663957286
  20
45.14881889763785
  10
14.541978663957309
  20
45.248818897637875
  10
14.541978663957309
  20
45.610134620269264
  10
14.441978663957286
  20
45.71013462026929
  10
13.434460248920459
  20
45.71013462026929
  10
13.334460248920436
  20
45.610134620269264
  10
13.334460248920436
  20
44.109144018288134
  10
13.434460248920459
  20
44.00914401828811
  10
14.441978663957286
  20
44.00914401828811
  97
1
  330
1265
  75
0
  76
1
  47
0.4128176842155181
  98
1
  10
34.90568961886538
  20
22.81183545379326
  450
0
  451
0
  460
0
  461
0
  452
1
  462
1
  453
2
  463
0
  63
5
  421
255
  463
1
  63
7
  421
16777215
  470
LINEAR
  1001
ACAD
  1010
0
  1020
0
  1030
0
  0
HATCH
  5
1278
  100
AcDbEntity
  8
Top-Paste-Mask-Layer
  100
AcDbHatch
  10
0
  20
0
  30
0
  210
0
  220
0
  230
1
  2
SOLID
  70
1
  71
0
  91
1
  92
7
  72
0
  73
1
  93
16
  10
104.79107696215391
  20
52.12249428498865
  10
104.42976123952252
  20
52.12249428498865
  10
104.3297612395225
  20
52.22249428498867
  10
104.3297612395225
  20
52.43306070612152
  10
104.22976123952247
  20
52.53306070612143
  10
103.85140208280421
  20
52.53306070612143
  10
103.75140208280419
  20
52.43306070612152
  10
103.75140208280419
  20
52.22249428498867
  10
103.65140208280417
  20
52.12249428498865
  10
103.29008636017278
  20
52.12249428498865
  10
103.19008636017276
  20
52.22249428498867
  10
103.19008636017276
  20
53.23001270002544
  10
103.29008636017278
  20
53.33001270002546
  10
104.79107696215391
  20
53.33001270002546
  10
104.89107696215393
  20
53.23001270002544
  10
104.89107696215393
  20
52.22249428498867
  97
1
  330
1277
  75
0
  76
1
  47
0.4128176842155181
  98
1
  10
34.90568961886538
  20
22.81183545379326
  450
0
  451
0
  460
0
  461
0
  452
1
  462
1
  453
2
  463
0
  63
5
  421
255
  463
1
  63
7
  421
16777215
  470
LINEAR
  1001
ACAD
  1010
0
  1020
0
  1030
0
  0
HATCH
  5
1280
  100
AcDbEntity
  8
Top-Paste-Mask-Layer
  100
AcDbHatch
  10
0
  20
0
  30
0
  210
0
  220
0
  230
1
  2
SOLID
  70
1
  71
0
  91
1
  92
7
  72
0
  73
1
  93
16
  10
104.79107696215391
  20
50.372481584963225
  10
104.42976123952252
  20
50.372481584963225
  10
104.3297612395225
  20
50.2724815849632
  10
104.3297612395225
  20
50.06191516383035
  10
104.22976123952247
  20
49.96191516383044
  10
103.85140208280421
  20
49.96191516383044
  10
103.75140208280419
  20
50.06191516383035
  10
103.75140208280419
  20
50.2724815849632
  10
103.65140208280417
  20
50.372481584963225
  10
103.29008636017278
  20
50.372481584963225
  10
103.19008636017276
  20
50.2724815849632
  10
103.19008636017276
  20
49.26496316992643
  10
103.29008636017278
  20
49.16496316992641
  10
104.79107696215391
  20
49.16496316992641
  10
104.89107696215393
  20
49.26496316992643
  10
104.89107696215393
  20
50.2724815849632
  97
1
  330
1279
  75
0
  76
1
  47
0.4128176842155181
  98
1
  10
34.90568961886538
  20
22.81183545379326
  450
0
  451
0
  460
0
  461
0
  452
1
  462
1
  453
2
  463
0
  63
5
  421
255
  463
1
  63
7
  421
16777215
  470
LINEAR
  1001
ACAD
  1010
0
  1020
0
  1030
0
  0
HATCH
  5
1292
  100
AcDbEntity
  8
Top-Paste-Mask-Layer
  100
AcDbHatch
  10
0
  20
0
  30
0
  210
0
  220
0
  230
1
  2
SOLID
  70
1
  71
0
  91
1
  92
7
  72
0
  73
1
  93
16
  10
102.42251968503939
  20
52.12249428498865
  10
102.061203962408
  20
52.12249428498865
  10
101.96120396240798
  20
52.22249428498867
  10
101.96120396240798
  20
52.43306070612152
  10
101.86120396240796
  20
52.53306070612143
  10
101.4828448056897
  20
52.53306070612143
  10
101.38284480568967
  20
52.43306070612152
  10
101.38284480568967
  20
52.22249428498867
  10
101.28284480568965
  20
52.12249428498865
  10
100.92152908305826
  20
52.12249428498865
  10
100.82152908305824
  20
52.22249428498867
  10
100.82152908305824
  20
53.23001270002544
  10
100.92152908305826
  20
53.33001270002546
  10
102.42251968503939
  20
53.33001270002546
  10
102.52251968503941
  20
53.23001270002544
  10
102.52251968503941
  20
52.22249428498867
  97
1
  330
1291
  75
0
  76
1
  47
0.4128176842155181
  98
1
  10
34.90568961886538
  20
22.81183545379326
  450
0
  451
0
  460
0
  461
0
  452
1
  462
1
  453
2
  463
0
  63
5
  421
255
  463
1
  63
7
  421
16777215
  470
LINEAR
  1001
ACAD
  1010
0
  1020
0
  1030
0
  0
HATCH
  5
1294
  100
AcDbEntity
  8
Top-Paste-Mask-Layer
  100
AcDbHatch
  10
0
  20
0
  30
0
  210
0
  220
0
  230
1
  2
SOLID
  70
1
  71
0
  91
1
  92
7
  72
0
  73
1
  93
16
  10
102.42251968503939
  20
50.372481584963225
  10
102.061203962408
  20
50.372481584963225
  10
101.96120396240798
  20
50.2724815849632
  10
101.96120396240798
  20
50.06191516383035
  10
101.86120396240796
  20
49.96191516383044
  10
101.4828448056897
  20
49.96191516383044
  10
101.38284480568967
  20
50.06191516383035
  10
101.38284480568967
  20
50.2724815849632
  10
101.28284480568965
  20
50.372481584963225
  10
100.92152908305826
  20
50.372481584963225
  10
100.82152908305824
  20
50.2724815849632
  10
100.82152908305824
  20
49.26496316992643
  10
100.92152908305826
  20
49.16496316992641
  10
102.42251968503939
  20
49.16496316992641
  10
102.52251968503941
  20
49.26496316992643
  10
102.52251968503941
  20
50.2724815849632
  97
1
  330
1293
  75
0
  76
1
  47
0.4128176842155181
  98
1
  10
34.90568961886538
  20
22.81183545379326
  450
0
  451
0
  460
0
  461
0
  452
1
  462
1
  453
2
  463
0
  63
5
  421
255
  463
1
  63
7
  421
16777215
  470
LINEAR
  1001
ACAD
  1010
0
  1020
0
  1030
0
  0
HATCH
  5
1396
  100
AcDbEntity
  8
Top-Paste-Mask-Layer
  100
AcDbHatch
  10
0
  20
0
  30
0
  210
0
  220
0
  230
1
  2
SOLID
  70
1
  71
0
  91
1
  92
7
  72
0
  73
1
  93
16
  10
10.540157480315031
  20
45.34068072136142
  10
10.540157480315031
  20
45.710937261874506
  10
10.640157480314997
  20
45.81093726187453
  10
10.945059690119422
  20
45.81093726187453
  10
11.045059690119388
  20
45.91093726187455
  10
11.045059690119388
  20
46.29844043688081
  10
10.945059690119422
  20
46.39844043688083
  10
10.640157480314997
  20
46.39844043688083
  10
10.540157480315031
  20
46.498440436880855
  10
10.540157480315031
  20
46.86869697739394
  10
10.640157480314997
  20
46.96869697739396
  10
11.925146050292142
  20
46.96869697739396
  10
12.025146050292165
  20
46.86869697739394
  10
12.025146050292165
  20
45.34068072136142
  10
11.925146050292142
  20
45.2406807213614
  10
10.640157480314997
  20
45.2406807213614
  97
1
  330
1395
  75
0
  76
1
  47
0.4128176842155181
  98
1
  10
34.90568961886538
  20
22.81183545379326
  450
0
  451
0
  460
0
  461
0
  452
1
  462
1
  453
2
  463
0
  63
5
  421
255
  463
1
  63
7
  421
16777215
  470
LINEAR
  1001
ACAD
  1010
0
  1020
0
  1030
0
  0
HATCH
  5
1398
  100
AcDbEntity
  8
Top-Paste-Mask-Layer
  100
AcDbHatch
  10
0
  20
0
  30
0
  210
0
  220
0
  230
1
  2
SOLID
  70
1
  71
0
  91
1
  92
7
  72
0
  73
1
  93
16
  10
8.840132080264198
  20
45.34068072136142
  10
8.840132080264198
  20
45.710937261874506
  10
8.740132080264232
  20
45.81093726187453
  10
8.435229870459807
  20
45.81093726187453
  10
8.335229870459784
  20
45.91093726187455
  10
8.335229870459784
  20
46.29844043688081
  10
8.435229870459807
  20
46.39844043688083
  10
8.740132080264232
  20
46.39844043688083
  10
8.840132080264198
  20
46.498440436880855
  10
8.840132080264198
  20
46.86869697739394
  10
8.740132080264232
  20
46.96869697739396
  10
7.455143510287087
  20
46.96869697739396
  10
7.355143510287064
  20
46.86869697739394
  10
7.355143510287064
  20
45.34068072136142
  10
7.455143510287087
  20
45.2406807213614
  10
8.740132080264232
  20
45.2406807213614
  97
1
  330
1397
  75
0
  76
1
  47
0.4128176842155181
  98
1
  10
34.90568961886538
  20
22.81183545379326
  450
0
  451
0
  460
0
  461
0
  452
1
  462
1
  453
2
  463
0
  63
5
  421
255
  463
1
  63
7
  421
16777215
  470
LINEAR
  1001
ACAD
  1010
0
  1020
0
  1030
0
  0
HATCH
  5
1414
  100
AcDbEntity
  8
Top-Paste-Mask-Layer
  100
AcDbHatch
  10
0
  20
0
  30
0
  210
0
  220
0
  230
1
  2
SOLID
  70
1
  71
0
  91
1
  92
7
  72
0
  73
1
  93
16
  10
6.545097790195598
  20
27.692410464821023
  10
6.545097790195598
  20
27.32215392430794
  10
6.445097790195632
  20
27.222153924307918
  10
6.140195580391207
  20
27.222153924307918
  10
6.040195580391185
  20
27.122153924307895
  10
6.040195580391185
  20
26.734650749301522
  10
6.140195580391207
  20
26.6346507493015
  10
6.445097790195632
  20
26.6346507493015
  10
6.545097790195598
  20
26.534650749301477
  10
6.545097790195598
  20
26.164394208788394
  10
6.445097790195632
  20
26.06439420878837
  10
5.160109220218487
  20
26.06439420878837
  10
5.0601092202184645
  20
26.164394208788394
  10
5.0601092202184645
  20
27.692410464821023
  10
5.160109220218487
  20
27.792410464821046
  10
6.445097790195632
  20
27.792410464821046
  97
1
  330
1413
  75
0
  76
1
  47
0.4128176842155181
  98
1
  10
34.90568961886538
  20
22.81183545379326
  450
0
  451
0
  460
0
  461
0
  452
1
  462
1
  453
2
  463
0
  63
5
  421
255
  463
1
  63
7
  421
16777215
  470
LINEAR
  1001
ACAD
  1010
0
  1020
0
  1030
0
  0
HATCH
  5
1416
  100
AcDbEntity
  8
Top-Paste-Mask-Layer
  100
AcDbHatch
  10
0
  20
0
  30
0
  210
0
  220
0
  230
1
  2
SOLID
  70
1
  71
0
  91
1
  92
7
  72
0
  73
1
  93
16
  10
8.245123190246431
  20
27.692410464821023
  10
8.245123190246431
  20
27.32215392430794
  10
8.345123190246397
  20
27.222153924307918
  10
8.650025400050822
  20
27.222153924307918
  10
8.750025400050845
  20
27.122153924307895
  10
8.750025400050845
  20
26.734650749301522
  10
8.650025400050822
  20
26.6346507493015
  10
8.345123190246397
  20
26.6346507493015
  10
8.245123190246431
  20
26.534650749301477
  10
8.245123190246431
  20
26.164394208788394
  10
8.345123190246397
  20
26.06439420878837
  10
9.630111760223542
  20
26.06439420878837
  10
9.730111760223565
  20
26.164394208788394
  10
9.730111760223565
  20
27.692410464821023
  10
9.630111760223542
  20
27.792410464821046
  10
8.345123190246397
  20
27.792410464821046
  97
1
  330
1415
  75
0
  76
1
  47
0.4128176842155181
  98
1
  10
34.90568961886538
  20
22.81183545379326
  450
0
  451
0
  460
0
  461
0
  452
1
  462
1
  453
2
  463
0
  63
5
  421
255
  463
1
  63
7
  421
16777215
  470
LINEAR
  1001
ACAD
  1010
0
  1020
0
  1030
0
  0
HATCH
  5
1432
  100
AcDbEntity
  8
Top-Paste-Mask-Layer
  100
AcDbHatch
  10
0
  20
0
  30
0
  210
0
  220
0
  230
1
  2
SOLID
  70
1
  71
0
  91
1
  92
7
  72
0
  73
1
  93
16
  10
106.21758699517403
  20
26.164394208788394
  10
106.21758699517403
  20
26.534650749301477
  10
106.31758699517405
  20
26.6346507493015
  10
106.62248920497842
  20
26.6346507493015
  10
106.72248920497844
  20
26.734650749301522
  10
106.72248920497844
  20
27.122153924307895
  10
106.62248920497842
  20
27.222153924307918
  10
106.31758699517405
  20
27.222153924307918
  10
106.21758699517403
  20
27.32215392430794
  10
106.21758699517403
  20
27.692410464821023
  10
106.31758699517405
  20
27.792410464821046
  10
107.60257556515108
  20
27.792410464821046
  10
107.70257556515111
  20
27.692410464821023
  10
107.70257556515111
  20
26.164394208788394
  10
107.60257556515108
  20
26.06439420878837
  10
106.31758699517405
  20
26.06439420878837
  97
1
  330
1431
  75
0
  76
1
  47
0.4128176842155181
  98
1
  10
34.90568961886538
  20
22.81183545379326
  450
0
  451
0
  460
0
  461
0
  452
1
  462
1
  453
2
  463
0
  63
5
  421
255
  463
1
  63
7
  421
16777215
  470
LINEAR
  1001
ACAD
  1010
0
  1020
0
  1030
0
  0
HATCH
  5
1434
  100
AcDbEntity
  8
Top-Paste-Mask-Layer
  100
AcDbHatch
  10
0
  20
0
  30
0
  210
0
  220
0
  230
1
  2
SOLID
  70
1
  71
0
  91
1
  92
7
  72
0
  73
1
  93
16
  10
104.51756159512314
  20
26.164394208788394
  10
104.51756159512314
  20
26.534650749301477
  10
104.41756159512312
  20
26.6346507493015
  10
104.11265938531886
  20
26.6346507493015
  10
104.01265938531884
  20
26.734650749301522
  10
104.01265938531884
  20
27.122153924307895
  10
104.11265938531886
  20
27.222153924307918
  10
104.41756159512312
  20
27.222153924307918
  10
104.51756159512314
  20
27.32215392430794
  10
104.51756159512314
  20
27.692410464821023
  10
104.41756159512312
  20
27.792410464821046
  10
103.13257302514609
  20
27.792410464821046
  10
103.03257302514606
  20
27.692410464821023
  10
103.03257302514606
  20
26.164394208788394
  10
103.13257302514609
  20
26.06439420878837
  10
104.41756159512312
  20
26.06439420878837
  97
1
  330
1433
  75
0
  76
1
  47
0.4128176842155181
  98
1
  10
34.90568961886538
  20
22.81183545379326
  450
0
  451
0
  460
0
  461
0
  452
1
  462
1
  453
2
  463
0
  63
5
  421
255
  463
1
  63
7
  421
16777215
  470
LINEAR
  1001
ACAD
  1010
0
  1020
0
  1030
0
  0
HATCH
  5
1450
  100
AcDbEntity
  8
Top-Paste-Mask-Layer
  100
AcDbHatch
  10
0
  20
0
  30
0
  210
0
  220
0
  230
1
  2
SOLID
  70
1
  71
0
  91
1
  92
7
  72
0
  73
1
  93
16
  10
16.711249682499385
  20
11.374173228346422
  10
16.711249682499385
  20
11.744429768859504
  10
16.811249682499295
  20
11.844429768859527
  10
17.11615189230372
  20
11.844429768859527
  10
17.216151892303742
  20
11.94442976885955
  10
17.216151892303742
  20
12.331932943865922
  10
17.11615189230372
  20
12.431932943865945
  10
16.811249682499295
  20
12.431932943865945
  10
16.711249682499385
  20
12.531932943865968
  10
16.711249682499385
  20
12.90218948437905
  10
16.811249682499295
  20
13.002189484379073
  10
18.09623825247644
  20
13.002189484379073
  10
18.196238252476462
  20
12.90218948437905
  10
18.196238252476462
  20
11.374173228346422
  10
18.09623825247644
  20
11.274173228346513
  10
16.811249682499295
  20
11.274173228346513
  97
1
  330
1449
  75
0
  76
1
  47
0.4128176842155181
  98
1
  10
34.90568961886538
  20
22.81183545379326
  450
0
  451
0
  460
0
  461
0
  452
1
  462
1
  453
2
  463
0
  63
5
  421
255
  463
1
  63
7
  421
16777215
  470
LINEAR
  1001
ACAD
  1010
0
  1020
0
  1030
0
  0
HATCH
  5
1452
  100
AcDbEntity
  8
Top-Paste-Mask-Layer
  100
AcDbHatch
  10
0
  20
0
  30
0
  210
0
  220
0
  230
1
  2
SOLID
  70
1
  71
0
  91
1
  92
7
  72
0
  73
1
  93
16
  10
15.011224282448495
  20
11.374173228346422
  10
15.011224282448495
  20
11.744429768859504
  10
14.91122428244853
  20
11.844429768859527
  10
14.606322072644161
  20
11.844429768859527
  10
14.506322072644139
  20
11.94442976885955
  10
14.506322072644139
  20
12.331932943865922
  10
14.606322072644161
  20
12.431932943865945
  10
14.91122428244853
  20
12.431932943865945
  10
15.011224282448495
  20
12.531932943865968
  10
15.011224282448495
  20
12.90218948437905
  10
14.91122428244853
  20
13.002189484379073
  10
13.626235712471384
  20
13.002189484379073
  10
13.526235712471419
  20
12.90218948437905
  10
13.526235712471419
  20
11.374173228346422
  10
13.626235712471384
  20
11.274173228346513
  10
14.91122428244853
  20
11.274173228346513
  97
1
  330
1451
  75
0
  76
1
  47
0.4128176842155181
  98
1
  10
34.90568961886538
  20
22.81183545379326
  450
0
  451
0
  460
0
  461
0
  452
1
  462
1
  453
2
  463
0
  63
5
  421
255
  463
1
  63
7
  421
16777215
  470
LINEAR
  1001
ACAD
  1010
0
  1020
0
  1030
0
  0
HATCH
  5
1468
  100
AcDbEntity
  8
Top-Paste-Mask-Layer
  100
AcDbHatch
  10
0
  20
0
  30
0
  210
0
  220
0
  230
1
  2
SOLID
  70
1
  71
0
  91
1
  92
7
  72
0
  73
1
  93
16
  10
16.711249682499385
  20
14.179215138430322
  10
16.711249682499385
  20
14.549471678943405
  10
16.811249682499295
  20
14.649471678943428
  10
17.11615189230372
  20
14.649471678943428
  10
17.216151892303742
  20
14.74947167894345
  10
17.216151892303742
  20
15.136974853949823
  10
17.11615189230372
  20
15.236974853949732
  10
16.811249682499295
  20
15.236974853949732
  10
16.711249682499385
  20
15.336974853949755
  10
16.711249682499385
  20
15.707231394462838
  10
16.811249682499295
  20
15.80723139446286
  10
18.09623825247644
  20
15.80723139446286
  10
18.196238252476462
  20
15.707231394462838
  10
18.196238252476462
  20
14.179215138430322
  10
18.09623825247644
  20
14.0792151384303
  10
16.811249682499295
  20
14.0792151384303
  97
1
  330
1467
  75
0
  76
1
  47
0.4128176842155181
  98
1
  10
34.90568961886538
  20
22.81183545379326
  450
0
  451
0
  460
0
  461
0
  452
1
  462
1
  453
2
  463
0
  63
5
  421
255
  463
1
  63
7
  421
16777215
  470
LINEAR
  1001
ACAD
  1010
0
  1020
0
  1030
0
  0
HATCH
  5
1470
  100
AcDbEntity
  8
Top-Paste-Mask-Layer
  100
AcDbHatch
  10
0
  20
0
  30
0
  210
0
  220
0
  230
1
  2
SOLID
  70
1
  71
0
  91
1
  92
7
  72
0
  73
1
  93
16
  10
15.011224282448495
  20
14.179215138430322
  10
15.011224282448495
  20
14.549471678943405
  10
14.91122428244853
  20
14.649471678943428
  10
14.606322072644161
  20
14.649471678943428
  10
14.506322072644139
  20
14.74947167894345
  10
14.506322072644139
  20
15.136974853949823
  10
14.606322072644161
  20
15.236974853949732
  10
14.91122428244853
  20
15.236974853949732
  10
15.011224282448495
  20
15.336974853949755
  10
15.011224282448495
  20
15.707231394462838
  10
14.91122428244853
  20
15.80723139446286
  10
13.626235712471384
  20
15.80723139446286
  10
13.526235712471419
  20
15.707231394462838
  10
13.526235712471419
  20
14.179215138430322
  10
13.626235712471384
  20
14.0792151384303
  10
14.91122428244853
  20
14.0792151384303
  97
1
  330
1469
  75
0
  76
1
  47
0.4128176842155181
  98
1
  10
34.90568961886538
  20
22.81183545379326
  450
0
  451
0
  460
0
  461
0
  452
1
  462
1
  453
2
  463
0
  63
5
  421
255
  463
1
  63
7
  421
16777215
  470
LINEAR
  1001
ACAD
  1010
0
  1020
0
  1030
0
  0
HATCH
  5
1486
  100
AcDbEntity
  8
Top-Paste-Mask-Layer
  100
AcDbHatch
  10
0
  20
0
  30
0
  210
0
  220
0
  230
1
  2
SOLID
  70
1
  71
0
  91
1
  92
7
  72
0
  73
1
  93
16
  10
6.32309118618241
  20
49.96374650749317
  10
5.95283464566927
  20
49.96374650749317
  10
5.852834645669304
  20
50.06374650749319
  10
5.852834645669304
  20
50.36864871729756
  10
5.752834645669282
  20
50.46864871729758
  10
5.365331470662966
  20
50.46864871729758
  10
5.265331470662943
  20
50.36864871729756
  10
5.265331470662943
  20
50.06374650749319
  10
5.165331470662977
  20
49.96374650749317
  10
4.795074930149838
  20
49.96374650749317
  10
4.695074930149872
  20
50.06374650749319
  10
4.695074930149872
  20
51.348735077470224
  10
4.795074930149838
  20
51.448735077470246
  10
6.32309118618241
  20
51.448735077470246
  10
6.423091186182376
  20
51.348735077470224
  10
6.423091186182376
  20
50.06374650749319
  97
1
  330
1485
  75
0
  76
1
  47
0.4128176842155181
  98
1
  10
34.90568961886538
  20
22.81183545379326
  450
0
  451
0
  460
0
  461
0
  452
1
  462
1
  453
2
  463
0
  63
5
  421
255
  463
1
  63
7
  421
16777215
  470
LINEAR
  1001
ACAD
  1010
0
  1020
0
  1030
0
  0
HATCH
  5
1488
  100
AcDbEntity
  8
Top-Paste-Mask-Layer
  100
AcDbHatch
  10
0
  20
0
  30
0
  210
0
  220
0
  230
1
  2
SOLID
  70
1
  71
0
  91
1
  92
7
  72
0
  73
1
  93
16
  10
6.32309118618241
  20
48.26372110744228
  10
5.95283464566927
  20
48.26372110744228
  10
5.852834645669304
  20
48.16372110744226
  10
5.852834645669304
  20
47.85881889763789
  10
5.752834645669282
  20
47.758818897637866
  10
5.365331470662966
  20
47.758818897637866
  10
5.265331470662943
  20
47.85881889763789
  10
5.265331470662943
  20
48.16372110744226
  10
5.165331470662977
  20
48.26372110744228
  10
4.795074930149838
  20
48.26372110744228
  10
4.695074930149872
  20
48.16372110744226
  10
4.695074930149872
  20
46.878732537465226
  10
4.795074930149838
  20
46.7787325374652
  10
6.32309118618241
  20
46.7787325374652
  10
6.423091186182376
  20
46.878732537465226
  10
6.423091186182376
  20
48.16372110744226
  97
1
  330
1487
  75
0
  76
1
  47
0.4128176842155181
  98
1
  10
34.90568961886538
  20
22.81183545379326
  450
0
  451
0
  460
0
  461
0
  452
1
  462
1
  453
2
  463
0
  63
5
  421
255
  463
1
  63
7
  421
16777215
  470
LINEAR
  1001
ACAD
  1010
0
  1020
0
  1030
0
  0
HATCH
  5
1621
  100
AcDbEntity
  8
Top-Paste-Mask-Layer
  100
AcDbHatch
  10
0
  20
0
  30
0
  210
0
  220
0
  230
1
  2
SOLID
  70
1
  71
0
  91
1
  92
7
  72
0
  73
1
  93
4
  10
15.707543815087604
  20
47.787416814833705
  10
15.707543815087604
  20
49.588280416560906
  10
17.307747015494044
  20
49.588280416560906
  10
17.307747015494044
  20
47.787416814833705
  97
1
  330
1620
  75
0
  76
1
  47
0.4128176842155181
  98
1
  10
34.90568961886538
  20
22.81183545379326
  450
0
  451
0
  460
0
  461
0
  452
1
  462
1
  453
2
  463
0
  63
5
  421
255
  463
1
  63
7
  421
16777215
  470
LINEAR
  1001
ACAD
  1010
0
  1020
0
  1030
0
  0
HATCH
  5
1641
  100
AcDbEntity
  8
Top-Paste-Mask-Layer
  100
AcDbHatch
  10
0
  20
0
  30
0
  210
0
  220
0
  230
1
  2
SOLID
  70
1
  71
0
  91
1
  92
7
  72
1
  73
1
  93
2
  10
13.107848615697263
  20
48.68784861569725
  42
1
  10
14.908712217424467
  20
48.68784861569725
  42
1
  97
1
  330
1640
  75
0
  76
1
  47
0.8681437583925616
  98
1
  10
3.629517071192367
  20
33.92795499968543
  450
0
  451
0
  460
0
  461
0
  452
1
  462
1
  453
2
  463
0
  63
5
  421
255
  463
1
  63
7
  421
16777215
  470
LINEAR
  1001
ACAD
  1010
0
  1020
0
  1030
0
  0
HATCH
  5
1661
  100
AcDbEntity
  8
Top-Paste-Mask-Layer
  100
AcDbHatch
  10
0
  20
0
  30
0
  210
0
  220
0
  230
1
  2
SOLID
  70
1
  71
0
  91
1
  92
7
  72
1
  73
1
  93
2
  10
10.608483616967247
  20
48.68784861569725
  42
1
  10
12.409347218694451
  20
48.68784861569725
  42
1
  97
1
  330
1660
  75
0
  76
1
  47
0.8681437583925616
  98
1
  10
3.629517071192367
  20
33.92795499968543
  450
0
  451
0
  460
0
  461
0
  452
1
  462
1
  453
2
  463
0
  63
5
  421
255
  463
1
  63
7
  421
16777215
  470
LINEAR
  1001
ACAD
  1010
0
  1020
0
  1030
0
  0
HATCH
  5
1681
  100
AcDbEntity
  8
Top-Paste-Mask-Layer
  100
AcDbHatch
  10
0
  20
0
  30
0
  210
0
  220
0
  230
1
  2
SOLID
  70
1
  71
0
  91
1
  92
7
  72
1
  73
1
  93
2
  10
23.281170942341852
  20
48.663286766573606
  42
1
  10
25.08117094234185
  20
48.663286766573606
  42
1
  97
1
  330
1680
  75
0
  76
1
  47
0.8681437583925616
  98
1
  10
3.629517071192367
  20
33.92795499968543
  450
0
  451
0
  460
0
  461
0
  452
1
  462
1
  453
2
  463
0
  63
5
  421
255
  463
1
  63
7
  421
16777215
  470
LINEAR
  1001
ACAD
  1010
0
  1020
0
  1030
0
  0
HATCH
  5
1701
  100
AcDbEntity
  8
Top-Paste-Mask-Layer
  100
AcDbHatch
  10
0
  20
0
  30
0
  210
0
  220
0
  230
1
  2
SOLID
  70
1
  71
0
  91
1
  92
7
  72
1
  73
1
  93
2
  10
25.783075946151918
  20
48.663286766573606
  42
1
  10
27.583075946151915
  20
48.663286766573606
  42
1
  97
1
  330
1700
  75
0
  76
1
  47
0.8681437583925616
  98
1
  10
3.629517071192367
  20
33.92795499968543
  450
0
  451
0
  460
0
  461
0
  452
1
  462
1
  453
2
  463
0
  63
5
  421
255
  463
1
  63
7
  421
16777215
  470
LINEAR
  1001
ACAD
  1010
0
  1020
0
  1030
0
  0
HATCH
  5
1721
  100
AcDbEntity
  8
Top-Paste-Mask-Layer
  100
AcDbHatch
  10
0
  20
0
  30
0
  210
0
  220
0
  230
1
  2
SOLID
  70
1
  71
0
  91
1
  92
7
  72
1
  73
1
  93
2
  10
28.282440944881877
  20
48.663286766573606
  42
1
  10
30.082440944881874
  20
48.663286766573606
  42
1
  97
1
  330
1720
  75
0
  76
1
  47
0.8681437583925616
  98
1
  10
3.629517071192367
  20
33.92795499968543
  450
0
  451
0
  460
0
  461
0
  452
1
  462
1
  453
2
  463
0
  63
5
  421
255
  463
1
  63
7
  421
16777215
  470
LINEAR
  1001
ACAD
  1010
0
  1020
0
  1030
0
  0
HATCH
  5
1741
  100
AcDbEntity
  8
Top-Paste-Mask-Layer
  100
AcDbHatch
  10
0
  20
0
  30
0
  210
0
  220
0
  230
1
  2
SOLID
  70
1
  71
0
  91
1
  92
7
  72
1
  73
1
  93
2
  10
30.781805943611893
  20
48.663286766573606
  42
1
  10
32.58180594361189
  20
48.663286766573606
  42
1
  97
1
  330
1740
  75
0
  76
1
  47
0.8681437583925616
  98
1
  10
3.629517071192367
  20
33.92795499968543
  450
0
  451
0
  460
0
  461
0
  452
1
  462
1
  453
2
  463
0
  63
5
  421
255
  463
1
  63
7
  421
16777215
  470
LINEAR
  1001
ACAD
  1010
0
  1020
0
  1030
0
  0
HATCH
  5
1761
  100
AcDbEntity
  8
Top-Paste-Mask-Layer
  100
AcDbHatch
  10
0
  20
0
  30
0
  210
0
  220
0
  230
1
  2
SOLID
  70
1
  71
0
  91
1
  92
7
  72
1
  73
1
  93
2
  10
106.44098806197614
  20
40.73674625349258
  42
1
  10
107.96499110998225
  20
40.73674625349258
  42
1
  97
1
  330
1760
  75
0
  76
1
  47
0.8681437583925616
  98
1
  10
3.629517071192367
  20
33.92795499968543
  450
0
  451
0
  460
0
  461
0
  452
1
  462
1
  453
2
  463
0
  63
5
  421
255
  463
1
  63
7
  421
16777215
  470
LINEAR
  1001
ACAD
  1010
0
  1020
0
  1030
0
  0
HATCH
  5
1781
  100
AcDbEntity
  8
Top-Paste-Mask-Layer
  100
AcDbHatch
  10
0
  20
0
  30
0
  210
0
  220
0
  230
1
  2
SOLID
  70
1
  71
0
  91
1
  92
7
  72
1
  73
1
  93
2
  10
106.44098806197614
  20
43.27675133350283
  42
1
  10
107.96499110998225
  20
43.27675133350283
  42
1
  97
1
  330
1780
  75
0
  76
1
  47
0.8681437583925616
  98
1
  10
3.629517071192367
  20
33.92795499968543
  450
0
  451
0
  460
0
  461
0
  452
1
  462
1
  453
2
  463
0
  63
5
  421
255
  463
1
  63
7
  421
16777215
  470
LINEAR
  1001
ACAD
  1010
0
  1020
0
  1030
0
  0
HATCH
  5
1801
  100
AcDbEntity
  8
Top-Paste-Mask-Layer
  100
AcDbHatch
  10
0
  20
0
  30
0
  210
0
  220
0
  230
1
  2
SOLID
  70
1
  71
0
  91
1
  92
7
  72
1
  73
1
  93
2
  10
5.0351562103124285
  20
40.73674625349258
  42
1
  10
6.559159258318524
  20
40.73674625349258
  42
1
  97
1
  330
1800
  75
0
  76
1
  47
0.8681437583925616
  98
1
  10
3.629517071192367
  20
33.92795499968543
  450
0
  451
0
  460
0
  461
0
  452
1
  462
1
  453
2
  463
0
  63
5
  421
255
  463
1
  63
7
  421
16777215
  470
LINEAR
  1001
ACAD
  1010
0
  1020
0
  1030
0
  0
HATCH
  5
1821
  100
AcDbEntity
  8
Top-Paste-Mask-Layer
  100
AcDbHatch
  10
0
  20
0
  30
0
  210
0
  220
0
  230
1
  2
SOLID
  70
1
  71
0
  91
1
  92
7
  72
1
  73
1
  93
2
  10
5.0351562103124285
  20
43.27675133350283
  42
1
  10
6.559159258318524
  20
43.27675133350283
  42
1
  97
1
  330
1820
  75
0
  76
1
  47
0.8681437583925616
  98
1
  10
3.629517071192367
  20
33.92795499968543
  450
0
  451
0
  460
0
  461
0
  452
1
  462
1
  453
2
  463
0
  63
5
  421
255
  463
1
  63
7
  421
16777215
  470
LINEAR
  1001
ACAD
  1010
0
  1020
0
  1030
0
  0
HATCH
  5
1873
  100
AcDbEntity
  8
Top-Paste-Mask-Layer
  100
AcDbHatch
  10
0
  20
0
  30
0
  210
0
  220
0
  230
1
  2
SOLID
  70
1
  71
0
  91
1
  92
7
  72
1
  73
1
  93
2
  10
7.800474980949982
  20
12.420050800101649
  42
1
  10
10.599560579121178
  20
12.420050800101649
  42
1
  97
1
  330
1872
  75
0
  76
1
  47
0.8681437583925616
  98
1
  10
3.629517071192367
  20
33.92795499968543
  450
0
  451
0
  460
0
  461
0
  452
1
  462
1
  453
2
  463
0
  63
5
  421
255
  463
1
  63
7
  421
16777215
  470
LINEAR
  1001
ACAD
  1010
0
  1020
0
  1030
0
  0
HATCH
  5
1893
  100
AcDbEntity
  8
Top-Paste-Mask-Layer
  100
AcDbHatch
  10
0
  20
0
  30
0
  210
0
  220
0
  230
1
  2
SOLID
  70
1
  71
0
  91
1
  92
7
  72
1
  73
1
  93
2
  10
7.800474980949982
  20
17.500060960121914
  42
1
  10
10.599560579121178
  20
17.500060960121914
  42
1
  97
1
  330
1892
  75
0
  76
1
  47
0.8681437583925616
  98
1
  10
3.629517071192367
  20
33.92795499968543
  450
0
  451
0
  460
0
  461
0
  452
1
  462
1
  453
2
  463
0
  63
5
  421
255
  463
1
  63
7
  421
16777215
  470
LINEAR
  1001
ACAD
  1010
0
  1020
0
  1030
0
  0
HATCH
  5
1913
  100
AcDbEntity
  8
Top-Paste-Mask-Layer
  100
AcDbHatch
  10
0
  20
0
  30
0
  210
0
  220
0
  230
1
  2
SOLID
  70
1
  71
0
  91
1
  92
7
  72
1
  73
1
  93
2
  10
7.800474980949982
  20
22.580071120142293
  42
1
  10
10.599560579121178
  20
22.580071120142293
  42
1
  97
1
  330
1912
  75
0
  76
1
  47
0.8681437583925616
  98
1
  10
3.629517071192367
  20
33.92795499968543
  450
0
  451
0
  460
0
  461
0
  452
1
  462
1
  453
2
  463
0
  63
5
  421
255
  463
1
  63
7
  421
16777215
  470
LINEAR
  1001
ACAD
  1010
0
  1020
0
  1030
0
  0
HATCH
  5
1933
  100
AcDbEntity
  8
Top-Paste-Mask-Layer
  100
AcDbHatch
  10
0
  20
0
  30
0
  210
0
  220
0
  230
1
  2
SOLID
  70
1
  71
0
  91
1
  92
7
  72
0
  73
1
  93
4
  10
12.309017018034126
  20
9.3996799593599
  10
12.309017018034126
  20
7.5988163576327
  10
10.708813817627686
  20
7.5988163576327
  10
10.708813817627686
  20
9.3996799593599
  97
1
  330
1932
  75
0
  76
1
  47
0.4128176842155181
  98
1
  10
34.90568961886538
  20
22.81183545379326
  450
0
  451
0
  460
0
  461
0
  452
1
  462
1
  453
2
  463
0
  63
5
  421
255
  463
1
  63
7
  421
16777215
  470
LINEAR
  1001
ACAD
  1010
0
  1020
0
  1030
0
  0
HATCH
  5
1953
  100
AcDbEntity
  8
Top-Paste-Mask-Layer
  100
AcDbHatch
  10
0
  20
0
  30
0
  210
0
  220
0
  230
1
  2
SOLID
  70
1
  71
0
  91
1
  92
7
  72
1
  73
1
  93
2
  10
13.107848615697263
  20
8.499248158496357
  42
1
  10
14.908712217424467
  20
8.499248158496357
  42
1
  97
1
  330
1952
  75
0
  76
1
  47
0.8681437583925616
  98
1
  10
3.629517071192367
  20
33.92795499968543
  450
0
  451
0
  460
0
  461
0
  452
1
  462
1
  453
2
  463
0
  63
5
  421
255
  463
1
  63
7
  421
16777215
  470
LINEAR
  1001
ACAD
  1010
0
  1020
0
  1030
0
  0
HATCH
  5
1973
  100
AcDbEntity
  8
Top-Paste-Mask-Layer
  100
AcDbHatch
  10
0
  20
0
  30
0
  210
0
  220
0
  230
1
  2
SOLID
  70
1
  71
0
  91
1
  92
7
  72
1
  73
1
  93
2
  10
15.607213614427222
  20
8.499248158496357
  42
1
  10
17.408077216154425
  20
8.499248158496357
  42
1
  97
1
  330
1972
  75
0
  76
1
  47
0.8681437583925616
  98
1
  10
3.629517071192367
  20
33.92795499968543
  450
0
  451
0
  460
0
  461
0
  452
1
  462
1
  453
2
  463
0
  63
5
  421
255
  463
1
  63
7
  421
16777215
  470
LINEAR
  1001
ACAD
  1010
0
  1020
0
  1030
0
  0
HATCH
  5
1993
  100
AcDbEntity
  8
Top-Paste-Mask-Layer
  100
AcDbHatch
  10
0
  20
0
  30
0
  210
0
  220
0
  230
1
  2
SOLID
  70
1
  71
0
  91
1
  92
7
  72
1
  73
1
  93
2
  10
102.400665481331
  20
12.420050800101649
  42
1
  10
105.19975107950219
  20
12.420050800101649
  42
1
  97
1
  330
1992
  75
0
  76
1
  47
0.8681437583925616
  98
1
  10
3.629517071192367
  20
33.92795499968543
  450
0
  451
0
  460
0
  461
0
  452
1
  462
1
  453
2
  463
0
  63
5
  421
255
  463
1
  63
7
  421
16777215
  470
LINEAR
  1001
ACAD
  1010
0
  1020
0
  1030
0
  0
HATCH
  5
2013
  100
AcDbEntity
  8
Top-Paste-Mask-Layer
  100
AcDbHatch
  10
0
  20
0
  30
0
  210
0
  220
0
  230
1
  2
SOLID
  70
1
  71
0
  91
1
  92
7
  72
1
  73
1
  93
2
  10
102.400665481331
  20
17.500060960121914
  42
1
  10
105.19975107950219
  20
17.500060960121914
  42
1
  97
1
  330
2012
  75
0
  76
1
  47
0.8681437583925616
  98
1
  10
3.629517071192367
  20
33.92795499968543
  450
0
  451
0
  460
0
  461
0
  452
1
  462
1
  453
2
  463
0
  63
5
  421
255
  463
1
  63
7
  421
16777215
  470
LINEAR
  1001
ACAD
  1010
0
  1020
0
  1030
0
  0
HATCH
  5
2033
  100
AcDbEntity
  8
Top-Paste-Mask-Layer
  100
AcDbHatch
  10
0
  20
0
  30
0
  210
0
  220
0
  230
1
  2
SOLID
  70
1
  71
0
  91
1
  92
7
  72
1
  73
1
  93
2
  10
102.400665481331
  20
22.580071120142293
  42
1
  10
105.19975107950219
  20
22.580071120142293
  42
1
  97
1
  330
2032
  75
0
  76
1
  47
0.8681437583925616
  98
1
  10
3.629517071192367
  20
33.92795499968543
  450
0
  451
0
  460
0
  461
0
  452
1
  462
1
  453
2
  463
0
  63
5
  421
255
  463
1
  63
7
  421
16777215
  470
LINEAR
  1001
ACAD
  1010
0
  1020
0
  1030
0
  0
HATCH
  5
2053
  100
AcDbEntity
  8
Top-Paste-Mask-Layer
  100
AcDbHatch
  10
0
  20
0
  30
0
  210
0
  220
0
  230
1
  2
SOLID
  70
1
  71
0
  91
1
  92
7
  72
1
  73
1
  93
2
  10
71.43313182626359
  20
45.948856997714074
  42
1
  10
72.9571348742697
  20
45.948856997714074
  42
1
  97
1
  330
2052
  75
0
  76
1
  47
0.8681437583925616
  98
1
  10
3.629517071192367
  20
33.92795499968543
  450
0
  451
0
  460
0
  461
0
  452
1
  462
1
  453
2
  463
0
  63
5
  421
255
  463
1
  63
7
  421
16777215
  470
LINEAR
  1001
ACAD
  1010
0
  1020
0
  1030
0
  0
HATCH
  5
2073
  100
AcDbEntity
  8
Top-Paste-Mask-Layer
  100
AcDbHatch
  10
0
  20
0
  30
0
  210
0
  220
0
  230
1
  2
SOLID
  70
1
  71
0
  91
1
  92
7
  72
1
  73
1
  93
2
  10
68.89312674625346
  20
45.948856997714074
  42
1
  10
70.41712979425957
  20
45.948856997714074
  42
1
  97
1
  330
2072
  75
0
  76
1
  47
0.8681437583925616
  98
1
  10
3.629517071192367
  20
33.92795499968543
  450
0
  451
0
  460
0
  461
0
  452
1
  462
1
  453
2
  463
0
  63
5
  421
255
  463
1
  63
7
  421
16777215
  470
LINEAR
  1001
ACAD
  1010
0
  1020
0
  1030
0
  0
HATCH
  5
2093
  100
AcDbEntity
  8
Top-Paste-Mask-Layer
  100
AcDbHatch
  10
0
  20
0
  30
0
  210
0
  220
0
  230
1
  2
SOLID
  70
1
  71
0
  91
1
  92
7
  72
1
  73
1
  93
2
  10
71.43313182626359
  20
48.48886207772421
  42
1
  10
72.9571348742697
  20
48.48886207772421
  42
1
  97
1
  330
2092
  75
0
  76
1
  47
0.8681437583925616
  98
1
  10
3.629517071192367
  20
33.92795499968543
  450
0
  451
0
  460
0
  461
0
  452
1
  462
1
  453
2
  463
0
  63
5
  421
255
  463
1
  63
7
  421
16777215
  470
LINEAR
  1001
ACAD
  1010
0
  1020
0
  1030
0
  0
HATCH
  5
2113
  100
AcDbEntity
  8
Top-Paste-Mask-Layer
  100
AcDbHatch
  10
0
  20
0
  30
0
  210
0
  220
0
  230
1
  2
SOLID
  70
1
  71
0
  91
1
  92
7
  72
1
  73
1
  93
2
  10
68.89312674625346
  20
48.48886207772421
  42
1
  10
70.41712979425957
  20
48.48886207772421
  42
1
  97
1
  330
2112
  75
0
  76
1
  47
0.8681437583925616
  98
1
  10
3.629517071192367
  20
33.92795499968543
  450
0
  451
0
  460
0
  461
0
  452
1
  462
1
  453
2
  463
0
  63
5
  421
255
  463
1
  63
7
  421
16777215
  470
LINEAR
  1001
ACAD
  1010
0
  1020
0
  1030
0
  0
HATCH
  5
2133
  100
AcDbEntity
  8
Top-Paste-Mask-Layer
  100
AcDbHatch
  10
0
  20
0
  30
0
  210
0
  220
0
  230
1
  2
SOLID
  70
1
  71
0
  91
1
  92
7
  72
1
  73
1
  93
2
  10
71.43313182626359
  20
51.02886715773434
  42
1
  10
72.9571348742697
  20
51.02886715773434
  42
1
  97
1
  330
2132
  75
0
  76
1
  47
0.8681437583925616
  98
1
  10
3.629517071192367
  20
33.92795499968543
  450
0
  451
0
  460
0
  461
0
  452
1
  462
1
  453
2
  463
0
  63
5
  421
255
  463
1
  63
7
  421
16777215
  470
LINEAR
  1001
ACAD
  1010
0
  1020
0
  1030
0
  0
HATCH
  5
2153
  100
AcDbEntity
  8
Top-Paste-Mask-Layer
  100
AcDbHatch
  10
0
  20
0
  30
0
  210
0
  220
0
  230
1
  2
SOLID
  70
1
  71
0
  91
1
  92
7
  72
1
  73
1
  93
2
  10
68.89312674625346
  20
51.02886715773434
  42
1
  10
70.41712979425957
  20
51.02886715773434
  42
1
  97
1
  330
2152
  75
0
  76
1
  47
0.8681437583925616
  98
1
  10
3.629517071192367
  20
33.92795499968543
  450
0
  451
0
  460
0
  461
0
  452
1
  462
1
  453
2
  463
0
  63
5
  421
255
  463
1
  63
7
  421
16777215
  470
LINEAR
  1001
ACAD
  1010
0
  1020
0
  1030
0
  0
HATCH
  5
2173
  100
AcDbEntity
  8
Top-Paste-Mask-Layer
  100
AcDbHatch
  10
0
  20
0
  30
0
  210
0
  220
0
  230
1
  2
SOLID
  70
1
  71
0
  91
1
  92
7
  72
1
  73
1
  93
2
  10
71.43313182626359
  20
53.568872237744586
  42
1
  10
72.9571348742697
  20
53.568872237744586
  42
1
  97
1
  330
2172
  75
0
  76
1
  47
0.8681437583925616
  98
1
  10
3.629517071192367
  20
33.92795499968543
  450
0
  451
0
  460
0
  461
0
  452
1
  462
1
  453
2
  463
0
  63
5
  421
255
  463
1
  63
7
  421
16777215
  470
LINEAR
  1001
ACAD
  1010
0
  1020
0
  1030
0
  0
HATCH
  5
2193
  100
AcDbEntity
  8
Top-Paste-Mask-Layer
  100
AcDbHatch
  10
0
  20
0
  30
0
  210
0
  220
0
  230
1
  2
SOLID
  70
1
  71
0
  91
1
  92
7
  72
1
  73
1
  93
2
  10
68.89312674625346
  20
53.568872237744586
  42
1
  10
70.41712979425957
  20
53.568872237744586
  42
1
  97
1
  330
2192
  75
0
  76
1
  47
0.8681437583925616
  98
1
  10
3.629517071192367
  20
33.92795499968543
  450
0
  451
0
  460
0
  461
0
  452
1
  462
1
  453
2
  463
0
  63
5
  421
255
  463
1
  63
7
  421
16777215
  470
LINEAR
  1001
ACAD
  1010
0
  1020
0
  1030
0
  0
HATCH
  5
2205
  100
AcDbEntity
  8
Top-Paste-Mask-Layer
  100
AcDbHatch
  10
0
  20
0
  30
0
  210
0
  220
0
  230
1
  2
SOLID
  70
1
  71
0
  91
1
  92
7
  72
0
  73
1
  93
4
  10
11.755003810007452
  20
44.461668783337586
  10
11.755003810007452
  20
43.36164338328683
  10
10.755003810007508
  20
43.36164338328683
  10
10.755003810007508
  20
44.461668783337586
  97
1
  330
2204
  75
0
  76
1
  47
0.4128176842155181
  98
1
  10
34.90568961886538
  20
22.81183545379326
  450
0
  451
0
  460
0
  461
0
  452
1
  462
1
  453
2
  463
0
  63
5
  421
255
  463
1
  63
7
  421
16777215
  470
LINEAR
  1001
ACAD
  1010
0
  1020
0
  1030
0
  0
HATCH
  5
2211
  100
AcDbEntity
  8
Top-Paste-Mask-Layer
  100
AcDbHatch
  10
0
  20
0
  30
0
  210
0
  220
0
  230
1
  2
SOLID
  70
1
  71
0
  91
1
  92
7
  72
0
  73
1
  93
4
  10
10.155207010414017
  20
44.461668783337586
  10
10.155207010414017
  20
43.36164338328683
  10
9.155207010414017
  20
43.36164338328683
  10
9.155207010414017
  20
44.461668783337586
  97
1
  330
2210
  75
0
  76
1
  47
0.4128176842155181
  98
1
  10
34.90568961886538
  20
22.81183545379326
  450
0
  451
0
  460
0
  461
0
  452
1
  462
1
  453
2
  463
0
  63
5
  421
255
  463
1
  63
7
  421
16777215
  470
LINEAR
  1001
ACAD
  1010
0
  1020
0
  1030
0
  0
HATCH
  5
2217
  100
AcDbEntity
  8
Top-Paste-Mask-Layer
  100
AcDbHatch
  10
0
  20
0
  30
0
  210
0
  220
0
  230
1
  2
SOLID
  70
1
  71
0
  91
1
  92
7
  72
0
  73
1
  93
4
  10
5.381252222504486
  20
28.979428498857033
  10
5.381252222504486
  20
30.079453898907786
  10
6.381252222504486
  20
30.079453898907786
  10
6.381252222504486
  20
28.979428498857033
  97
1
  330
2216
  75
0
  76
1
  47
0.4128176842155181
  98
1
  10
34.90568961886538
  20
22.81183545379326
  450
0
  451
0
  460
0
  461
0
  452
1
  462
1
  453
2
  463
0
  63
5
  421
255
  463
1
  63
7
  421
16777215
  470
LINEAR
  1001
ACAD
  1010
0
  1020
0
  1030
0
  0
HATCH
  5
2223
  100
AcDbEntity
  8
Top-Paste-Mask-Layer
  100
AcDbHatch
  10
0
  20
0
  30
0
  210
0
  220
0
  230
1
  2
SOLID
  70
1
  71
0
  91
1
  92
7
  72
0
  73
1
  93
4
  10
6.981049022098091
  20
28.979428498857033
  10
6.981049022098091
  20
30.079453898907786
  10
7.981049022098034
  20
30.079453898907786
  10
7.981049022098034
  20
28.979428498857033
  97
1
  330
2222
  75
0
  76
1
  47
0.4128176842155181
  98
1
  10
34.90568961886538
  20
22.81183545379326
  450
0
  451
0
  460
0
  461
0
  452
1
  462
1
  453
2
  463
0
  63
5
  421
255
  463
1
  63
7
  421
16777215
  470
LINEAR
  1001
ACAD
  1010
0
  1020
0
  1030
0
  0
HATCH
  5
2229
  100
AcDbEntity
  8
Top-Paste-Mask-Layer
  100
AcDbHatch
  10
0
  20
0
  30
0
  210
0
  220
0
  230
1
  2
SOLID
  70
1
  71
0
  91
1
  92
7
  72
0
  73
1
  93
4
  10
107.63643637287288
  20
30.07434848869684
  10
107.63643637287288
  20
28.974323088646088
  10
106.63643637287299
  20
28.974323088646088
  10
106.63643637287299
  20
30.07434848869684
  97
1
  330
2228
  75
0
  76
1
  47
0.4128176842155181
  98
1
  10
34.90568961886538
  20
22.81183545379326
  450
0
  451
0
  460
0
  461
0
  452
1
  462
1
  453
2
  463
0
  63
5
  421
255
  463
1
  63
7
  421
16777215
  470
LINEAR
  1001
ACAD
  1010
0
  1020
0
  1030
0
  0
HATCH
  5
2235
  100
AcDbEntity
  8
Top-Paste-Mask-Layer
  100
AcDbHatch
  10
0
  20
0
  30
0
  210
0
  220
0
  230
1
  2
SOLID
  70
1
  71
0
  91
1
  92
7
  72
0
  73
1
  93
4
  10
106.03663957327939
  20
30.07434848869684
  10
106.03663957327939
  20
28.974323088646088
  10
105.03663957327939
  20
28.974323088646088
  10
105.03663957327939
  20
30.07434848869684
  97
1
  330
2234
  75
0
  76
1
  47
0.4128176842155181
  98
1
  10
34.90568961886538
  20
22.81183545379326
  450
0
  451
0
  460
0
  461
0
  452
1
  462
1
  453
2
  463
0
  63
5
  421
255
  463
1
  63
7
  421
16777215
  470
LINEAR
  1001
ACAD
  1010
0
  1020
0
  1030
0
  0
LWPOLYLINE
  5
2860
  100
AcDbEntity
  8
Top-Paste-Mask-Layer
  100
AcDbPolyline
  90
16
  70
1
  43
0.005080010160020321
  10
16.291991363982675
  20
41.73760985521983
  10
16.291991363982675
  20
42.09892557785122
  10
16.391991363982697
  20
42.19892557785124
  10
16.60255778511555
  20
42.19892557785124
  10
16.702557785115573
  20
42.298925577851264
  10
16.702557785115573
  20
42.677284734569525
  10
16.60255778511555
  20
42.77728473456955
  10
16.391991363982697
  20
42.77728473456955
  10
16.291991363982675
  20
42.87728473456957
  10
16.291991363982675
  20
43.23860045720096
  10
16.391991363982697
  20
43.33860045720098
  10
17.399509779019525
  20
43.33860045720098
  10
17.499509779019547
  20
43.23860045720096
  10
17.499509779019547
  20
41.73760985521983
  10
17.399509779019525
  20
41.63760985521981
  10
16.391991363982697
  20
41.63760985521981
  0
LWPOLYLINE
  5
2861
  100
AcDbEntity
  8
Top-Paste-Mask-Layer
  100
AcDbPolyline
  90
16
  70
1
  43
0.005080010160020321
  10
14.541978663957309
  20
41.73760985521983
  10
14.541978663957309
  20
42.09892557785122
  10
14.441978663957286
  20
42.19892557785124
  10
14.23141224282449
  20
42.19892557785124
  10
14.131412242824467
  20
42.298925577851264
  10
14.131412242824467
  20
42.677284734569525
  10
14.23141224282449
  20
42.77728473456955
  10
14.441978663957286
  20
42.77728473456955
  10
14.541978663957309
  20
42.87728473456957
  10
14.541978663957309
  20
43.23860045720096
  10
14.441978663957286
  20
43.33860045720098
  10
13.434460248920459
  20
43.33860045720098
  10
13.334460248920436
  20
43.23860045720096
  10
13.334460248920436
  20
41.73760985521983
  10
13.434460248920459
  20
41.63760985521981
  10
14.441978663957286
  20
41.63760985521981
  0
LWPOLYLINE
  5
2870
  100
AcDbEntity
  8
Top-Paste-Mask-Layer
  100
AcDbPolyline
  90
16
  70
1
  43
0.005080010160020321
  10
16.291991363982675
  20
44.109144018288134
  10
16.291991363982675
  20
44.47045974091952
  10
16.391991363982697
  20
44.570459740919546
  10
16.60255778511555
  20
44.570459740919546
  10
16.702557785115573
  20
44.67045974091957
  10
16.702557785115573
  20
45.04881889763783
  10
16.60255778511555
  20
45.14881889763785
  10
16.391991363982697
  20
45.14881889763785
  10
16.291991363982675
  20
45.248818897637875
  10
16.291991363982675
  20
45.610134620269264
  10
16.391991363982697
  20
45.71013462026929
  10
17.399509779019525
  20
45.71013462026929
  10
17.499509779019547
  20
45.610134620269264
  10
17.499509779019547
  20
44.109144018288134
  10
17.399509779019525
  20
44.00914401828811
  10
16.391991363982697
  20
44.00914401828811
  0
LWPOLYLINE
  5
2871
  100
AcDbEntity
  8
Top-Paste-Mask-Layer
  100
AcDbPolyline
  90
16
  70
1
  43
0.005080010160020321
  10
14.541978663957309
  20
44.109144018288134
  10
14.541978663957309
  20
44.47045974091952
  10
14.441978663957286
  20
44.570459740919546
  10
14.23141224282449
  20
44.570459740919546
  10
14.131412242824467
  20
44.67045974091957
  10
14.131412242824467
  20
45.04881889763783
  10
14.23141224282449
  20
45.14881889763785
  10
14.441978663957286
  20
45.14881889763785
  10
14.541978663957309
  20
45.248818897637875
  10
14.541978663957309
  20
45.610134620269264
  10
14.441978663957286
  20
45.71013462026929
  10
13.434460248920459
  20
45.71013462026929
  10
13.334460248920436
  20
45.610134620269264
  10
13.334460248920436
  20
44.109144018288134
  10
13.434460248920459
  20
44.00914401828811
  10
14.441978663957286
  20
44.00914401828811
  0
LWPOLYLINE
  5
2880
  100
AcDbEntity
  8
Top-Paste-Mask-Layer
  100
AcDbPolyline
  90
16
  70
1
  43
0.005080010160020321
  10
104.79107696215391
  20
52.12249428498865
  10
104.42976123952252
  20
52.12249428498865
  10
104.3297612395225
  20
52.22249428498867
  10
104.3297612395225
  20
52.43306070612152
  10
104.22976123952247
  20
52.53306070612143
  10
103.85140208280421
  20
52.53306070612143
  10
103.75140208280419
  20
52.43306070612152
  10
103.75140208280419
  20
52.22249428498867
  10
103.65140208280417
  20
52.12249428498865
  10
103.29008636017278
  20
52.12249428498865
  10
103.19008636017276
  20
52.22249428498867
  10
103.19008636017276
  20
53.23001270002544
  10
103.29008636017278
  20
53.33001270002546
  10
104.79107696215391
  20
53.33001270002546
  10
104.89107696215393
  20
53.23001270002544
  10
104.89107696215393
  20
52.22249428498867
  0
LWPOLYLINE
  5
2881
  100
AcDbEntity
  8
Top-Paste-Mask-Layer
  100
AcDbPolyline
  90
16
  70
1
  43
0.005080010160020321
  10
104.79107696215391
  20
50.372481584963225
  10
104.42976123952252
  20
50.372481584963225
  10
104.3297612395225
  20
50.2724815849632
  10
104.3297612395225
  20
50.06191516383035
  10
104.22976123952247
  20
49.96191516383044
  10
103.85140208280421
  20
49.96191516383044
  10
103.75140208280419
  20
50.06191516383035
  10
103.75140208280419
  20
50.2724815849632
  10
103.65140208280417
  20
50.372481584963225
  10
103.29008636017278
  20
50.372481584963225
  10
103.19008636017276
  20
50.2724815849632
  10
103.19008636017276
  20
49.26496316992643
  10
103.29008636017278
  20
49.16496316992641
  10
104.79107696215391
  20
49.16496316992641
  10
104.89107696215393
  20
49.26496316992643
  10
104.89107696215393
  20
50.2724815849632
  0
LWPOLYLINE
  5
2890
  100
AcDbEntity
  8
Top-Paste-Mask-Layer
  100
AcDbPolyline
  90
16
  70
1
  43
0.005080010160020321
  10
102.42251968503939
  20
52.12249428498865
  10
102.061203962408
  20
52.12249428498865
  10
101.96120396240798
  20
52.22249428498867
  10
101.96120396240798
  20
52.43306070612152
  10
101.86120396240796
  20
52.53306070612143
  10
101.4828448056897
  20
52.53306070612143
  10
101.38284480568967
  20
52.43306070612152
  10
101.38284480568967
  20
52.22249428498867
  10
101.28284480568965
  20
52.12249428498865
  10
100.92152908305826
  20
52.12249428498865
  10
100.82152908305824
  20
52.22249428498867
  10
100.82152908305824
  20
53.23001270002544
  10
100.92152908305826
  20
53.33001270002546
  10
102.42251968503939
  20
53.33001270002546
  10
102.52251968503941
  20
53.23001270002544
  10
102.52251968503941
  20
52.22249428498867
  0
LWPOLYLINE
  5
2891
  100
AcDbEntity
  8
Top-Paste-Mask-Layer
  100
AcDbPolyline
  90
16
  70
1
  43
0.005080010160020321
  10
102.42251968503939
  20
50.372481584963225
  10
102.061203962408
  20
50.372481584963225
  10
101.96120396240798
  20
50.2724815849632
  10
101.96120396240798
  20
50.06191516383035
  10
101.86120396240796
  20
49.96191516383044
  10
101.4828448056897
  20
49.96191516383044
  10
101.38284480568967
  20
50.06191516383035
  10
101.38284480568967
  20
50.2724815849632
  10
101.28284480568965
  20
50.372481584963225
  10
100.92152908305826
  20
50.372481584963225
  10
100.82152908305824
  20
50.2724815849632
  10
100.82152908305824
  20
49.26496316992643
  10
100.92152908305826
  20
49.16496316992641
  10
102.42251968503939
  20
49.16496316992641
  10
102.52251968503941
  20
49.26496316992643
  10
102.52251968503941
  20
50.2724815849632
  0
LWPOLYLINE
  5
2988
  100
AcDbEntity
  8
Top-Paste-Mask-Layer
  100
AcDbPolyline
  90
16
  70
1
  43
0.005080010160020321
  10
10.540157480315031
  20
45.34068072136142
  10
10.540157480315031
  20
45.710937261874506
  10
10.640157480314997
  20
45.81093726187453
  10
10.945059690119422
  20
45.81093726187453
  10
11.045059690119388
  20
45.91093726187455
  10
11.045059690119388
  20
46.29844043688081
  10
10.945059690119422
  20
46.39844043688083
  10
10.640157480314997
  20
46.39844043688083
  10
10.540157480315031
  20
46.498440436880855
  10
10.540157480315031
  20
46.86869697739394
  10
10.640157480314997
  20
46.96869697739396
  10
11.925146050292142
  20
46.96869697739396
  10
12.025146050292165
  20
46.86869697739394
  10
12.025146050292165
  20
45.34068072136142
  10
11.925146050292142
  20
45.2406807213614
  10
10.640157480314997
  20
45.2406807213614
  0
LWPOLYLINE
  5
2989
  100
AcDbEntity
  8
Top-Paste-Mask-Layer
  100
AcDbPolyline
  90
16
  70
1
  43
0.005080010160020321
  10
8.840132080264198
  20
45.34068072136142
  10
8.840132080264198
  20
45.710937261874506
  10
8.740132080264232
  20
45.81093726187453
  10
8.435229870459807
  20
45.81093726187453
  10
8.335229870459784
  20
45.91093726187455
  10
8.335229870459784
  20
46.29844043688081
  10
8.435229870459807
  20
46.39844043688083
  10
8.740132080264232
  20
46.39844043688083
  10
8.840132080264198
  20
46.498440436880855
  10
8.840132080264198
  20
46.86869697739394
  10
8.740132080264232
  20
46.96869697739396
  10
7.455143510287087
  20
46.96869697739396
  10
7.355143510287064
  20
46.86869697739394
  10
7.355143510287064
  20
45.34068072136142
  10
7.455143510287087
  20
45.2406807213614
  10
8.740132080264232
  20
45.2406807213614
  0
LWPOLYLINE
  5
3002
  100
AcDbEntity
  8
Top-Paste-Mask-Layer
  100
AcDbPolyline
  90
16
  70
1
  43
0.005080010160020321
  10
6.545097790195598
  20
27.692410464821023
  10
6.545097790195598
  20
27.32215392430794
  10
6.445097790195632
  20
27.222153924307918
  10
6.140195580391207
  20
27.222153924307918
  10
6.040195580391185
  20
27.122153924307895
  10
6.040195580391185
  20
26.734650749301522
  10
6.140195580391207
  20
26.6346507493015
  10
6.445097790195632
  20
26.6346507493015
  10
6.545097790195598
  20
26.534650749301477
  10
6.545097790195598
  20
26.164394208788394
  10
6.445097790195632
  20
26.06439420878837
  10
5.160109220218487
  20
26.06439420878837
  10
5.0601092202184645
  20
26.164394208788394
  10
5.0601092202184645
  20
27.692410464821023
  10
5.160109220218487
  20
27.792410464821046
  10
6.445097790195632
  20
27.792410464821046
  0
LWPOLYLINE
  5
3003
  100
AcDbEntity
  8
Top-Paste-Mask-Layer
  100
AcDbPolyline
  90
16
  70
1
  43
0.005080010160020321
  10
8.245123190246431
  20
27.692410464821023
  10
8.245123190246431
  20
27.32215392430794
  10
8.345123190246397
  20
27.222153924307918
  10
8.650025400050822
  20
27.222153924307918
  10
8.750025400050845
  20
27.122153924307895
  10
8.750025400050845
  20
26.734650749301522
  10
8.650025400050822
  20
26.6346507493015
  10
8.345123190246397
  20
26.6346507493015
  10
8.245123190246431
  20
26.534650749301477
  10
8.245123190246431
  20
26.164394208788394
  10
8.345123190246397
  20
26.06439420878837
  10
9.630111760223542
  20
26.06439420878837
  10
9.730111760223565
  20
26.164394208788394
  10
9.730111760223565
  20
27.692410464821023
  10
9.630111760223542
  20
27.792410464821046
  10
8.345123190246397
  20
27.792410464821046
  0
LWPOLYLINE
  5
3016
  100
AcDbEntity
  8
Top-Paste-Mask-Layer
  100
AcDbPolyline
  90
16
  70
1
  43
0.005080010160020321
  10
106.21758699517403
  20
26.164394208788394
  10
106.21758699517403
  20
26.534650749301477
  10
106.31758699517405
  20
26.6346507493015
  10
106.62248920497842
  20
26.6346507493015
  10
106.72248920497844
  20
26.734650749301522
  10
106.72248920497844
  20
27.122153924307895
  10
106.62248920497842
  20
27.222153924307918
  10
106.31758699517405
  20
27.222153924307918
  10
106.21758699517403
  20
27.32215392430794
  10
106.21758699517403
  20
27.692410464821023
  10
106.31758699517405
  20
27.792410464821046
  10
107.60257556515108
  20
27.792410464821046
  10
107.70257556515111
  20
27.692410464821023
  10
107.70257556515111
  20
26.164394208788394
  10
107.60257556515108
  20
26.06439420878837
  10
106.31758699517405
  20
26.06439420878837
  0
LWPOLYLINE
  5
3017
  100
AcDbEntity
  8
Top-Paste-Mask-Layer
  100
AcDbPolyline
  90
16
  70
1
  43
0.005080010160020321
  10
104.51756159512314
  20
26.164394208788394
  10
104.51756159512314
  20
26.534650749301477
  10
104.41756159512312
  20
26.6346507493015
  10
104.11265938531886
  20
26.6346507493015
  10
104.01265938531884
  20
26.734650749301522
  10
104.01265938531884
  20
27.122153924307895
  10
104.11265938531886
  20
27.222153924307918
  10
104.41756159512312
  20
27.222153924307918
  10
104.51756159512314
  20
27.32215392430794
  10
104.51756159512314
  20
27.692410464821023
  10
104.41756159512312
  20
27.792410464821046
  10
103.13257302514609
  20
27.792410464821046
  10
103.03257302514606
  20
27.692410464821023
  10
103.03257302514606
  20
26.164394208788394
  10
103.13257302514609
  20
26.06439420878837
  10
104.41756159512312
  20
26.06439420878837
  0
LWPOLYLINE
  5
3030
  100
AcDbEntity
  8
Top-Paste-Mask-Layer
  100
AcDbPolyline
  90
16
  70
1
  43
0.005080010160020321
  10
16.711249682499385
  20
11.374173228346422
  10
16.711249682499385
  20
11.744429768859504
  10
16.811249682499295
  20
11.844429768859527
  10
17.11615189230372
  20
11.844429768859527
  10
17.216151892303742
  20
11.94442976885955
  10
17.216151892303742
  20
12.331932943865922
  10
17.11615189230372
  20
12.431932943865945
  10
16.811249682499295
  20
12.431932943865945
  10
16.711249682499385
  20
12.531932943865968
  10
16.711249682499385
  20
12.90218948437905
  10
16.811249682499295
  20
13.002189484379073
  10
18.09623825247644
  20
13.002189484379073
  10
18.196238252476462
  20
12.90218948437905
  10
18.196238252476462
  20
11.374173228346422
  10
18.09623825247644
  20
11.274173228346513
  10
16.811249682499295
  20
11.274173228346513
  0
LWPOLYLINE
  5
3031
  100
AcDbEntity
  8
Top-Paste-Mask-Layer
  100
AcDbPolyline
  90
16
  70
1
  43
0.005080010160020321
  10
15.011224282448495
  20
11.374173228346422
  10
15.011224282448495
  20
11.744429768859504
  10
14.91122428244853
  20
11.844429768859527
  10
14.606322072644161
  20
11.844429768859527
  10
14.506322072644139
  20
11.94442976885955
  10
14.506322072644139
  20
12.331932943865922
  10
14.606322072644161
  20
12.431932943865945
  10
14.91122428244853
  20
12.431932943865945
  10
15.011224282448495
  20
12.531932943865968
  10
15.011224282448495
  20
12.90218948437905
  10
14.91122428244853
  20
13.002189484379073
  10
13.626235712471384
  20
13.002189484379073
  10
13.526235712471419
  20
12.90218948437905
  10
13.526235712471419
  20
11.374173228346422
  10
13.626235712471384
  20
11.274173228346513
  10
14.91122428244853
  20
11.274173228346513
  0
LWPOLYLINE
  5
3044
  100
AcDbEntity
  8
Top-Paste-Mask-Layer
  100
AcDbPolyline
  90
16
  70
1
  43
0.005080010160020321
  10
16.711249682499385
  20
14.179215138430322
  10
16.711249682499385
  20
14.549471678943405
  10
16.811249682499295
  20
14.649471678943428
  10
17.11615189230372
  20
14.649471678943428
  10
17.216151892303742
  20
14.74947167894345
  10
17.216151892303742
  20
15.136974853949823
  10
17.11615189230372
  20
15.236974853949732
  10
16.811249682499295
  20
15.236974853949732
  10
16.711249682499385
  20
15.336974853949755
  10
16.711249682499385
  20
15.707231394462838
  10
16.811249682499295
  20
15.80723139446286
  10
18.09623825247644
  20
15.80723139446286
  10
18.196238252476462
  20
15.707231394462838
  10
18.196238252476462
  20
14.179215138430322
  10
18.09623825247644
  20
14.0792151384303
  10
16.811249682499295
  20
14.0792151384303
  0
LWPOLYLINE
  5
3045
  100
AcDbEntity
  8
Top-Paste-Mask-Layer
  100
AcDbPolyline
  90
16
  70
1
  43
0.005080010160020321
  10
15.011224282448495
  20
14.179215138430322
  10
15.011224282448495
  20
14.549471678943405
  10
14.91122428244853
  20
14.649471678943428
  10
14.606322072644161
  20
14.649471678943428
  10
14.506322072644139
  20
14.74947167894345
  10
14.506322072644139
  20
15.136974853949823
  10
14.606322072644161
  20
15.236974853949732
  10
14.91122428244853
  20
15.236974853949732
  10
15.011224282448495
  20
15.336974853949755
  10
15.011224282448495
  20
15.707231394462838
  10
14.91122428244853
  20
15.80723139446286
  10
13.626235712471384
  20
15.80723139446286
  10
13.526235712471419
  20
15.707231394462838
  10
13.526235712471419
  20
14.179215138430322
  10
13.626235712471384
  20
14.0792151384303
  10
14.91122428244853
  20
14.0792151384303
  0
LWPOLYLINE
  5
3058
  100
AcDbEntity
  8
Top-Paste-Mask-Layer
  100
AcDbPolyline
  90
16
  70
1
  43
0.005080010160020321
  10
6.32309118618241
  20
49.96374650749317
  10
5.95283464566927
  20
49.96374650749317
  10
5.852834645669304
  20
50.06374650749319
  10
5.852834645669304
  20
50.36864871729756
  10
5.752834645669282
  20
50.46864871729758
  10
5.365331470662966
  20
50.46864871729758
  10
5.265331470662943
  20
50.36864871729756
  10
5.265331470662943
  20
50.06374650749319
  10
5.165331470662977
  20
49.96374650749317
  10
4.795074930149838
  20
49.96374650749317
  10
4.695074930149872
  20
50.06374650749319
  10
4.695074930149872
  20
51.348735077470224
  10
4.795074930149838
  20
51.448735077470246
  10
6.32309118618241
  20
51.448735077470246
  10
6.423091186182376
  20
51.348735077470224
  10
6.423091186182376
  20
50.06374650749319
  0
LWPOLYLINE
  5
3059
  100
AcDbEntity
  8
Top-Paste-Mask-Layer
  100
AcDbPolyline
  90
16
  70
1
  43
0.005080010160020321
  10
6.32309118618241
  20
48.26372110744228
  10
5.95283464566927
  20
48.26372110744228
  10
5.852834645669304
  20
48.16372110744226
  10
5.852834645669304
  20
47.85881889763789
  10
5.752834645669282
  20
47.758818897637866
  10
5.365331470662966
  20
47.758818897637866
  10
5.265331470662943
  20
47.85881889763789
  10
5.265331470662943
  20
48.16372110744226
  10
5.165331470662977
  20
48.26372110744228
  10
4.795074930149838
  20
48.26372110744228
  10
4.695074930149872
  20
48.16372110744226
  10
4.695074930149872
  20
46.878732537465226
  10
4.795074930149838
  20
46.7787325374652
  10
6.32309118618241
  20
46.7787325374652
  10
6.423091186182376
  20
46.878732537465226
  10
6.423091186182376
  20
48.16372110744226
  0
LWPOLYLINE
  5
1059
  100
AcDbEntity
  8
Board-Outline-Layer
  100
AcDbPolyline
  90
4
  70
0
  43
0.1
  10
106.849997459995
  20
5.9999999996966835
  42
1
  10
110.15000254000523
  20
5.9999999996966835
  10
110.15000254000523
  20
6.000000000303544
  42
1
  10
106.849997459995
  20
6.000000000303544
  0
LWPOLYLINE
  5
1060
  100
AcDbEntity
  8
Board-Outline-Layer
  100
AcDbPolyline
  90
4
  70
0
  43
0.1
  10
2.8497891795784653
  20
5.9999999996966835
  42
1
  10
6.149794259588589
  20
5.9999999996966835
  10
6.149794259588589
  20
6.000000000303544
  42
1
  10
2.8497891795784653
  20
6.000000000303544
  0
LWPOLYLINE
  5
1061
  100
AcDbEntity
  8
Board-Outline-Layer
  100
AcDbPolyline
  90
4
  70
0
  43
0.1
  10
54.85035814071637
  20
45.00011429992526
  42
1
  10
58.15036322072649
  20
45.00011429992526
  10
58.15036322072649
  20
45.00011430053212
  42
1
  10
54.85035814071637
  20
45.00011430053212
  0
LWPOLYLINE
  5
1160
  100
AcDbEntity
  8
Board-Outline-Layer
  100
AcDbPolyline
  90
2
  70
0
  43
0.1
  10
91.80018288036575
  20
40.300081280162544
  10
91.80018288036575
  20
0
  0
LWPOLYLINE
  5
1161
  100
AcDbEntity
  8
Board-Outline-Layer
  100
AcDbPolyline
  90
2
  70
0
  43
0.1
  10
112.99999999999994
  20
0
  10
91.50000000000006
  20
0
  0
LWPOLYLINE
  5
1162
  100
AcDbEntity
  8
Board-Outline-Layer
  100
AcDbPolyline
  90
2
  70
0
  43
0.1
  10
0
  20
60.000000000000114
  10
0
  20
0
  0
LWPOLYLINE
  5
1163
  100
AcDbEntity
  8
Board-Outline-Layer
  100
AcDbPolyline
  90
2
  70
0
  43
0.1
  10
0
  20
0
  10
21.5
  20
0
  0
LWPOLYLINE
  5
1164
  100
AcDbEntity
  8
Board-Outline-Layer
  100
AcDbPolyline
  90
2
  70
0
  43
0.1
  10
21.200043180086368
  20
40.300081280162544
  10
21.200043180086368
  20
0
  0
LWPOLYLINE
  5
1165
  100
AcDbEntity
  8
Board-Outline-Layer
  100
AcDbPolyline
  90
2
  70
0
  43
0.1
  10
21.200043180086368
  20
40.300081280162544
  10
91.80018288036575
  20
40.300081280162544
  0
LWPOLYLINE
  5
1166
  100
AcDbEntity
  8
Board-Outline-Layer
  100
AcDbPolyline
  90
2
  70
0
  43
0.1
  10
112.99999999999994
  20
0
  10
112.99999999999994
  20
60.000000000000114
  0
LWPOLYLINE
  5
1167
  100
AcDbEntity
  8
Board-Outline-Layer
  100
AcDbPolyline
  90
2
  70
0
  43
0.1
  10
112.99999999999994
  20
60.000000000000114
  10
0
  20
60.000000000000114
  0
HATCH
  5
1075
  100
AcDbEntity
  8
Multi-Layer
  100
AcDbHatch
  10
0
  20
0
  30
0
  210
0
  220
0
  230
1
  2
ANSI37
  70
0
  71
0
  91
1
  92
7
  72
1
  73
1
  93
2
  10
52.300353060706186
  20
45.00011430022869
  42
1
  10
60.70036830073667
  20
45.00011430022869
  42
1
  97
1
  330
1074
  75
0
  76
1
  52
0
  41
1
  77
0
  78
2
  53
45
  43
0
  44
0
  45
-2.245064030267287
  46
2.245064030267288
  79
0
  53
135
  43
0
  44
0
  45
-2.245064030267287
  46
-2.245064030267288
  79
0
  47
0.8681437583925616
  98
1
  10
3.629517071192367
  20
33.92795499968543
  1001
ACAD
  1010
0
  1020
0
  1030
0
  0
HATCH
  5
1077
  100
AcDbEntity
  8
Multi-Layer
  100
AcDbHatch
  10
0
  20
0
  30
0
  210
0
  220
0
  230
1
  2
ANSI37
  70
0
  71
0
  91
1
  92
7
  72
1
  73
1
  93
2
  10
104.29999237998493
  20
6.000000000000114
  42
1
  10
112.70000762001541
  20
6.000000000000114
  42
1
  97
1
  330
1076
  75
0
  76
1
  52
0
  41
1
  77
0
  78
2
  53
45
  43
0
  44
0
  45
-2.245064030267287
  46
2.245064030267288
  79
0
  53
135
  43
0
  44
0
  45
-2.245064030267287
  46
-2.245064030267288
  79
0
  47
0.8681437583925616
  98
1
  10
3.629517071192367
  20
33.92795499968543
  1001
ACAD
  1010
0
  1020
0
  1030
0
  0
HATCH
  5
1079
  100
AcDbEntity
  8
Multi-Layer
  100
AcDbHatch
  10
0
  20
0
  30
0
  210
0
  220
0
  230
1
  2
ANSI37
  70
0
  71
0
  91
1
  92
7
  72
1
  73
1
  93
2
  10
0.2997840995682868
  20
6.000000000000114
  42
1
  10
8.699799339598767
  20
6.000000000000114
  42
1
  97
1
  330
1078
  75
0
  76
1
  52
0
  41
1
  77
0
  78
2
  53
45
  43
0
  44
0
  45
-2.245064030267287
  46
2.245064030267288
  79
0
  53
135
  43
0
  44
0
  45
-2.245064030267287
  46
-2.245064030267288
  79
0
  47
0.8681437583925616
  98
1
  10
3.629517071192367
  20
33.92795499968543
  1001
ACAD
  1010
0
  1020
0
  1030
0
  0
HATCH
  5
1613
  100
AcDbEntity
  8
Multi-Layer
  100
AcDbHatch
  10
0
  20
0
  30
0
  210
0
  220
0
  230
1
  2
SOLID
  70
1
  71
0
  91
1
  92
7
  72
0
  73
1
  93
4
  10
15.707543815087604
  20
47.787416814833705
  10
15.707543815087604
  20
49.588280416560906
  10
17.307747015494044
  20
49.588280416560906
  10
17.307747015494044
  20
47.787416814833705
  97
1
  330
1612
  75
0
  76
1
  47
0.4128176842155181
  98
1
  10
34.90568961886538
  20
22.81183545379326
  450
0
  451
0
  460
0
  461
0
  452
1
  462
1
  453
2
  463
0
  63
5
  421
255
  463
1
  63
7
  421
16777215
  470
LINEAR
  1001
ACAD
  1010
0
  1020
0
  1030
0
  0
HATCH
  5
1615
  100
AcDbEntity
  8
Multi-Layer
  100
AcDbHatch
  10
0
  20
0
  30
0
  210
0
  220
0
  230
1
  2
SOLID
  70
1
  71
0
  91
1
  92
7
  72
0
  73
1
  93
4
  10
15.707543815087604
  20
47.787416814833705
  10
15.707543815087604
  20
49.588280416560906
  10
17.307747015494044
  20
49.588280416560906
  10
17.307747015494044
  20
47.787416814833705
  97
1
  330
1614
  75
0
  76
1
  47
0.4128176842155181
  98
1
  10
34.90568961886538
  20
22.81183545379326
  450
0
  451
0
  460
0
  461
0
  452
1
  462
1
  453
2
  463
0
  63
5
  421
255
  463
1
  63
7
  421
16777215
  470
LINEAR
  1001
ACAD
  1010
0
  1020
0
  1030
0
  0
HATCH
  5
1617
  100
AcDbEntity
  8
Multi-Layer
  100
AcDbHatch
  10
0
  20
0
  30
0
  210
0
  220
0
  230
1
  2
SOLID
  70
1
  71
0
  91
1
  92
7
  72
0
  73
1
  93
4
  10
15.707543815087604
  20
47.787416814833705
  10
15.707543815087604
  20
49.588280416560906
  10
17.307747015494044
  20
49.588280416560906
  10
17.307747015494044
  20
47.787416814833705
  97
1
  330
1616
  75
0
  76
1
  47
0.4128176842155181
  98
1
  10
34.90568961886538
  20
22.81183545379326
  450
0
  451
0
  460
0
  461
0
  452
1
  462
1
  453
2
  463
0
  63
5
  421
255
  463
1
  63
7
  421
16777215
  470
LINEAR
  1001
ACAD
  1010
0
  1020
0
  1030
0
  0
HATCH
  5
1633
  100
AcDbEntity
  8
Multi-Layer
  100
AcDbHatch
  10
0
  20
0
  30
0
  210
0
  220
0
  230
1
  2
SOLID
  70
1
  71
0
  91
1
  92
7
  72
1
  73
1
  93
2
  10
13.107848615697263
  20
48.68784861569725
  42
1
  10
14.908712217424467
  20
48.68784861569725
  42
1
  97
1
  330
1632
  75
0
  76
1
  47
0.8681437583925616
  98
1
  10
3.629517071192367
  20
33.92795499968543
  450
0
  451
0
  460
0
  461
0
  452
1
  462
1
  453
2
  463
0
  63
5
  421
255
  463
1
  63
7
  421
16777215
  470
LINEAR
  1001
ACAD
  1010
0
  1020
0
  1030
0
  0
HATCH
  5
1635
  100
AcDbEntity
  8
Multi-Layer
  100
AcDbHatch
  10
0
  20
0
  30
0
  210
0
  220
0
  230
1
  2
SOLID
  70
1
  71
0
  91
1
  92
7
  72
1
  73
1
  93
2
  10
13.107848615697263
  20
48.68784861569725
  42
1
  10
14.908712217424467
  20
48.68784861569725
  42
1
  97
1
  330
1634
  75
0
  76
1
  47
0.8681437583925616
  98
1
  10
3.629517071192367
  20
33.92795499968543
  450
0
  451
0
  460
0
  461
0
  452
1
  462
1
  453
2
  463
0
  63
5
  421
255
  463
1
  63
7
  421
16777215
  470
LINEAR
  1001
ACAD
  1010
0
  1020
0
  1030
0
  0
HATCH
  5
1637
  100
AcDbEntity
  8
Multi-Layer
  100
AcDbHatch
  10
0
  20
0
  30
0
  210
0
  220
0
  230
1
  2
SOLID
  70
1
  71
0
  91
1
  92
7
  72
1
  73
1
  93
2
  10
13.107848615697263
  20
48.68784861569725
  42
1
  10
14.908712217424467
  20
48.68784861569725
  42
1
  97
1
  330
1636
  75
0
  76
1
  47
0.8681437583925616
  98
1
  10
3.629517071192367
  20
33.92795499968543
  450
0
  451
0
  460
0
  461
0
  452
1
  462
1
  453
2
  463
0
  63
5
  421
255
  463
1
  63
7
  421
16777215
  470
LINEAR
  1001
ACAD
  1010
0
  1020
0
  1030
0
  0
HATCH
  5
1653
  100
AcDbEntity
  8
Multi-Layer
  100
AcDbHatch
  10
0
  20
0
  30
0
  210
0
  220
0
  230
1
  2
SOLID
  70
1
  71
0
  91
1
  92
7
  72
1
  73
1
  93
2
  10
10.608483616967247
  20
48.68784861569725
  42
1
  10
12.409347218694451
  20
48.68784861569725
  42
1
  97
1
  330
1652
  75
0
  76
1
  47
0.8681437583925616
  98
1
  10
3.629517071192367
  20
33.92795499968543
  450
0
  451
0
  460
0
  461
0
  452
1
  462
1
  453
2
  463
0
  63
5
  421
255
  463
1
  63
7
  421
16777215
  470
LINEAR
  1001
ACAD
  1010
0
  1020
0
  1030
0
  0
HATCH
  5
1655
  100
AcDbEntity
  8
Multi-Layer
  100
AcDbHatch
  10
0
  20
0
  30
0
  210
0
  220
0
  230
1
  2
SOLID
  70
1
  71
0
  91
1
  92
7
  72
1
  73
1
  93
2
  10
10.608483616967247
  20
48.68784861569725
  42
1
  10
12.409347218694451
  20
48.68784861569725
  42
1
  97
1
  330
1654
  75
0
  76
1
  47
0.8681437583925616
  98
1
  10
3.629517071192367
  20
33.92795499968543
  450
0
  451
0
  460
0
  461
0
  452
1
  462
1
  453
2
  463
0
  63
5
  421
255
  463
1
  63
7
  421
16777215
  470
LINEAR
  1001
ACAD
  1010
0
  1020
0
  1030
0
  0
HATCH
  5
1657
  100
AcDbEntity
  8
Multi-Layer
  100
AcDbHatch
  10
0
  20
0
  30
0
  210
0
  220
0
  230
1
  2
SOLID
  70
1
  71
0
  91
1
  92
7
  72
1
  73
1
  93
2
  10
10.608483616967247
  20
48.68784861569725
  42
1
  10
12.409347218694451
  20
48.68784861569725
  42
1
  97
1
  330
1656
  75
0
  76
1
  47
0.8681437583925616
  98
1
  10
3.629517071192367
  20
33.92795499968543
  450
0
  451
0
  460
0
  461
0
  452
1
  462
1
  453
2
  463
0
  63
5
  421
255
  463
1
  63
7
  421
16777215
  470
LINEAR
  1001
ACAD
  1010
0
  1020
0
  1030
0
  0
HATCH
  5
1673
  100
AcDbEntity
  8
Multi-Layer
  100
AcDbHatch
  10
0
  20
0
  30
0
  210
0
  220
0
  230
1
  2
SOLID
  70
1
  71
0
  91
1
  92
7
  72
1
  73
1
  93
2
  10
23.281170942341852
  20
48.663286766573606
  42
1
  10
25.08117094234185
  20
48.663286766573606
  42
1
  97
1
  330
1672
  75
0
  76
1
  47
0.8681437583925616
  98
1
  10
3.629517071192367
  20
33.92795499968543
  450
0
  451
0
  460
0
  461
0
  452
1
  462
1
  453
2
  463
0
  63
5
  421
255
  463
1
  63
7
  421
16777215
  470
LINEAR
  1001
ACAD
  1010
0
  1020
0
  1030
0
  0
HATCH
  5
1675
  100
AcDbEntity
  8
Multi-Layer
  100
AcDbHatch
  10
0
  20
0
  30
0
  210
0
  220
0
  230
1
  2
SOLID
  70
1
  71
0
  91
1
  92
7
  72
1
  73
1
  93
2
  10
23.281170942341852
  20
48.663286766573606
  42
1
  10
25.08117094234185
  20
48.663286766573606
  42
1
  97
1
  330
1674
  75
0
  76
1
  47
0.8681437583925616
  98
1
  10
3.629517071192367
  20
33.92795499968543
  450
0
  451
0
  460
0
  461
0
  452
1
  462
1
  453
2
  463
0
  63
5
  421
255
  463
1
  63
7
  421
16777215
  470
LINEAR
  1001
ACAD
  1010
0
  1020
0
  1030
0
  0
HATCH
  5
1677
  100
AcDbEntity
  8
Multi-Layer
  100
AcDbHatch
  10
0
  20
0
  30
0
  210
0
  220
0
  230
1
  2
SOLID
  70
1
  71
0
  91
1
  92
7
  72
1
  73
1
  93
2
  10
23.281170942341852
  20
48.663286766573606
  42
1
  10
25.08117094234185
  20
48.663286766573606
  42
1
  97
1
  330
1676
  75
0
  76
1
  47
0.8681437583925616
  98
1
  10
3.629517071192367
  20
33.92795499968543
  450
0
  451
0
  460
0
  461
0
  452
1
  462
1
  453
2
  463
0
  63
5
  421
255
  463
1
  63
7
  421
16777215
  470
LINEAR
  1001
ACAD
  1010
0
  1020
0
  1030
0
  0
HATCH
  5
1693
  100
AcDbEntity
  8
Multi-Layer
  100
AcDbHatch
  10
0
  20
0
  30
0
  210
0
  220
0
  230
1
  2
SOLID
  70
1
  71
0
  91
1
  92
7
  72
1
  73
1
  93
2
  10
25.783075946151918
  20
48.663286766573606
  42
1
  10
27.583075946151915
  20
48.663286766573606
  42
1
  97
1
  330
1692
  75
0
  76
1
  47
0.8681437583925616
  98
1
  10
3.629517071192367
  20
33.92795499968543
  450
0
  451
0
  460
0
  461
0
  452
1
  462
1
  453
2
  463
0
  63
5
  421
255
  463
1
  63
7
  421
16777215
  470
LINEAR
  1001
ACAD
  1010
0
  1020
0
  1030
0
  0
HATCH
  5
1695
  100
AcDbEntity
  8
Multi-Layer
  100
AcDbHatch
  10
0
  20
0
  30
0
  210
0
  220
0
  230
1
  2
SOLID
  70
1
  71
0
  91
1
  92
7
  72
1
  73
1
  93
2
  10
25.783075946151918
  20
48.663286766573606
  42
1
  10
27.583075946151915
  20
48.663286766573606
  42
1
  97
1
  330
1694
  75
0
  76
1
  47
0.8681437583925616
  98
1
  10
3.629517071192367
  20
33.92795499968543
  450
0
  451
0
  460
0
  461
0
  452
1
  462
1
  453
2
  463
0
  63
5
  421
255
  463
1
  63
7
  421
16777215
  470
LINEAR
  1001
ACAD
  1010
0
  1020
0
  1030
0
  0
HATCH
  5
1697
  100
AcDbEntity
  8
Multi-Layer
  100
AcDbHatch
  10
0
  20
0
  30
0
  210
0
  220
0
  230
1
  2
SOLID
  70
1
  71
0
  91
1
  92
7
  72
1
  73
1
  93
2
  10
25.783075946151918
  20
48.663286766573606
  42
1
  10
27.583075946151915
  20
48.663286766573606
  42
1
  97
1
  330
1696
  75
0
  76
1
  47
0.8681437583925616
  98
1
  10
3.629517071192367
  20
33.92795499968543
  450
0
  451
0
  460
0
  461
0
  452
1
  462
1
  453
2
  463
0
  63
5
  421
255
  463
1
  63
7
  421
16777215
  470
LINEAR
  1001
ACAD
  1010
0
  1020
0
  1030
0
  0
HATCH
  5
1713
  100
AcDbEntity
  8
Multi-Layer
  100
AcDbHatch
  10
0
  20
0
  30
0
  210
0
  220
0
  230
1
  2
SOLID
  70
1
  71
0
  91
1
  92
7
  72
1
  73
1
  93
2
  10
28.282440944881877
  20
48.663286766573606
  42
1
  10
30.082440944881874
  20
48.663286766573606
  42
1
  97
1
  330
1712
  75
0
  76
1
  47
0.8681437583925616
  98
1
  10
3.629517071192367
  20
33.92795499968543
  450
0
  451
0
  460
0
  461
0
  452
1
  462
1
  453
2
  463
0
  63
5
  421
255
  463
1
  63
7
  421
16777215
  470
LINEAR
  1001
ACAD
  1010
0
  1020
0
  1030
0
  0
HATCH
  5
1715
  100
AcDbEntity
  8
Multi-Layer
  100
AcDbHatch
  10
0
  20
0
  30
0
  210
0
  220
0
  230
1
  2
SOLID
  70
1
  71
0
  91
1
  92
7
  72
1
  73
1
  93
2
  10
28.282440944881877
  20
48.663286766573606
  42
1
  10
30.082440944881874
  20
48.663286766573606
  42
1
  97
1
  330
1714
  75
0
  76
1
  47
0.8681437583925616
  98
1
  10
3.629517071192367
  20
33.92795499968543
  450
0
  451
0
  460
0
  461
0
  452
1
  462
1
  453
2
  463
0
  63
5
  421
255
  463
1
  63
7
  421
16777215
  470
LINEAR
  1001
ACAD
  1010
0
  1020
0
  1030
0
  0
HATCH
  5
1717
  100
AcDbEntity
  8
Multi-Layer
  100
AcDbHatch
  10
0
  20
0
  30
0
  210
0
  220
0
  230
1
  2
SOLID
  70
1
  71
0
  91
1
  92
7
  72
1
  73
1
  93
2
  10
28.282440944881877
  20
48.663286766573606
  42
1
  10
30.082440944881874
  20
48.663286766573606
  42
1
  97
1
  330
1716
  75
0
  76
1
  47
0.8681437583925616
  98
1
  10
3.629517071192367
  20
33.92795499968543
  450
0
  451
0
  460
0
  461
0
  452
1
  462
1
  453
2
  463
0
  63
5
  421
255
  463
1
  63
7
  421
16777215
  470
LINEAR
  1001
ACAD
  1010
0
  1020
0
  1030
0
  0
HATCH
  5
1733
  100
AcDbEntity
  8
Multi-Layer
  100
AcDbHatch
  10
0
  20
0
  30
0
  210
0
  220
0
  230
1
  2
SOLID
  70
1
  71
0
  91
1
  92
7
  72
1
  73
1
  93
2
  10
30.781805943611893
  20
48.663286766573606
  42
1
  10
32.58180594361189
  20
48.663286766573606
  42
1
  97
1
  330
1732
  75
0
  76
1
  47
0.8681437583925616
  98
1
  10
3.629517071192367
  20
33.92795499968543
  450
0
  451
0
  460
0
  461
0
  452
1
  462
1
  453
2
  463
0
  63
5
  421
255
  463
1
  63
7
  421
16777215
  470
LINEAR
  1001
ACAD
  1010
0
  1020
0
  1030
0
  0
HATCH
  5
1735
  100
AcDbEntity
  8
Multi-Layer
  100
AcDbHatch
  10
0
  20
0
  30
0
  210
0
  220
0
  230
1
  2
SOLID
  70
1
  71
0
  91
1
  92
7
  72
1
  73
1
  93
2
  10
30.781805943611893
  20
48.663286766573606
  42
1
  10
32.58180594361189
  20
48.663286766573606
  42
1
  97
1
  330
1734
  75
0
  76
1
  47
0.8681437583925616
  98
1
  10
3.629517071192367
  20
33.92795499968543
  450
0
  451
0
  460
0
  461
0
  452
1
  462
1
  453
2
  463
0
  63
5
  421
255
  463
1
  63
7
  421
16777215
  470
LINEAR
  1001
ACAD
  1010
0
  1020
0
  1030
0
  0
HATCH
  5
1737
  100
AcDbEntity
  8
Multi-Layer
  100
AcDbHatch
  10
0
  20
0
  30
0
  210
0
  220
0
  230
1
  2
SOLID
  70
1
  71
0
  91
1
  92
7
  72
1
  73
1
  93
2
  10
30.781805943611893
  20
48.663286766573606
  42
1
  10
32.58180594361189
  20
48.663286766573606
  42
1
  97
1
  330
1736
  75
0
  76
1
  47
0.8681437583925616
  98
1
  10
3.629517071192367
  20
33.92795499968543
  450
0
  451
0
  460
0
  461
0
  452
1
  462
1
  453
2
  463
0
  63
5
  421
255
  463
1
  63
7
  421
16777215
  470
LINEAR
  1001
ACAD
  1010
0
  1020
0
  1030
0
  0
HATCH
  5
1753
  100
AcDbEntity
  8
Multi-Layer
  100
AcDbHatch
  10
0
  20
0
  30
0
  210
0
  220
0
  230
1
  2
SOLID
  70
1
  71
0
  91
1
  92
7
  72
1
  73
1
  93
2
  10
106.44098806197614
  20
40.73674625349258
  42
1
  10
107.96499110998225
  20
40.73674625349258
  42
1
  97
1
  330
1752
  75
0
  76
1
  47
0.8681437583925616
  98
1
  10
3.629517071192367
  20
33.92795499968543
  450
0
  451
0
  460
0
  461
0
  452
1
  462
1
  453
2
  463
0
  63
5
  421
255
  463
1
  63
7
  421
16777215
  470
LINEAR
  1001
ACAD
  1010
0
  1020
0
  1030
0
  0
HATCH
  5
1755
  100
AcDbEntity
  8
Multi-Layer
  100
AcDbHatch
  10
0
  20
0
  30
0
  210
0
  220
0
  230
1
  2
SOLID
  70
1
  71
0
  91
1
  92
7
  72
1
  73
1
  93
2
  10
106.44098806197614
  20
40.73674625349258
  42
1
  10
107.96499110998225
  20
40.73674625349258
  42
1
  97
1
  330
1754
  75
0
  76
1
  47
0.8681437583925616
  98
1
  10
3.629517071192367
  20
33.92795499968543
  450
0
  451
0
  460
0
  461
0
  452
1
  462
1
  453
2
  463
0
  63
5
  421
255
  463
1
  63
7
  421
16777215
  470
LINEAR
  1001
ACAD
  1010
0
  1020
0
  1030
0
  0
HATCH
  5
1757
  100
AcDbEntity
  8
Multi-Layer
  100
AcDbHatch
  10
0
  20
0
  30
0
  210
0
  220
0
  230
1
  2
SOLID
  70
1
  71
0
  91
1
  92
7
  72
1
  73
1
  93
2
  10
106.44098806197614
  20
40.73674625349258
  42
1
  10
107.96499110998225
  20
40.73674625349258
  42
1
  97
1
  330
1756
  75
0
  76
1
  47
0.8681437583925616
  98
1
  10
3.629517071192367
  20
33.92795499968543
  450
0
  451
0
  460
0
  461
0
  452
1
  462
1
  453
2
  463
0
  63
5
  421
255
  463
1
  63
7
  421
16777215
  470
LINEAR
  1001
ACAD
  1010
0
  1020
0
  1030
0
  0
HATCH
  5
1773
  100
AcDbEntity
  8
Multi-Layer
  100
AcDbHatch
  10
0
  20
0
  30
0
  210
0
  220
0
  230
1
  2
SOLID
  70
1
  71
0
  91
1
  92
7
  72
1
  73
1
  93
2
  10
106.44098806197614
  20
43.27675133350283
  42
1
  10
107.96499110998225
  20
43.27675133350283
  42
1
  97
1
  330
1772
  75
0
  76
1
  47
0.8681437583925616
  98
1
  10
3.629517071192367
  20
33.92795499968543
  450
0
  451
0
  460
0
  461
0
  452
1
  462
1
  453
2
  463
0
  63
5
  421
255
  463
1
  63
7
  421
16777215
  470
LINEAR
  1001
ACAD
  1010
0
  1020
0
  1030
0
  0
HATCH
  5
1775
  100
AcDbEntity
  8
Multi-Layer
  100
AcDbHatch
  10
0
  20
0
  30
0
  210
0
  220
0
  230
1
  2
SOLID
  70
1
  71
0
  91
1
  92
7
  72
1
  73
1
  93
2
  10
106.44098806197614
  20
43.27675133350283
  42
1
  10
107.96499110998225
  20
43.27675133350283
  42
1
  97
1
  330
1774
  75
0
  76
1
  47
0.8681437583925616
  98
1
  10
3.629517071192367
  20
33.92795499968543
  450
0
  451
0
  460
0
  461
0
  452
1
  462
1
  453
2
  463
0
  63
5
  421
255
  463
1
  63
7
  421
16777215
  470
LINEAR
  1001
ACAD
  1010
0
  1020
0
  1030
0
  0
HATCH
  5
1777
  100
AcDbEntity
  8
Multi-Layer
  100
AcDbHatch
  10
0
  20
0
  30
0
  210
0
  220
0
  230
1
  2
SOLID
  70
1
  71
0
  91
1
  92
7
  72
1
  73
1
  93
2
  10
106.44098806197614
  20
43.27675133350283
  42
1
  10
107.96499110998225
  20
43.27675133350283
  42
1
  97
1
  330
1776
  75
0
  76
1
  47
0.8681437583925616
  98
1
  10
3.629517071192367
  20
33.92795499968543
  450
0
  451
0
  460
0
  461
0
  452
1
  462
1
  453
2
  463
0
  63
5
  421
255
  463
1
  63
7
  421
16777215
  470
LINEAR
  1001
ACAD
  1010
0
  1020
0
  1030
0
  0
HATCH
  5
1793
  100
AcDbEntity
  8
Multi-Layer
  100
AcDbHatch
  10
0
  20
0
  30
0
  210
0
  220
0
  230
1
  2
SOLID
  70
1
  71
0
  91
1
  92
7
  72
1
  73
1
  93
2
  10
5.0351562103124285
  20
40.73674625349258
  42
1
  10
6.559159258318524
  20
40.73674625349258
  42
1
  97
1
  330
1792
  75
0
  76
1
  47
0.8681437583925616
  98
1
  10
3.629517071192367
  20
33.92795499968543
  450
0
  451
0
  460
0
  461
0
  452
1
  462
1
  453
2
  463
0
  63
5
  421
255
  463
1
  63
7
  421
16777215
  470
LINEAR
  1001
ACAD
  1010
0
  1020
0
  1030
0
  0
HATCH
  5
1795
  100
AcDbEntity
  8
Multi-Layer
  100
AcDbHatch
  10
0
  20
0
  30
0
  210
0
  220
0
  230
1
  2
SOLID
  70
1
  71
0
  91
1
  92
7
  72
1
  73
1
  93
2
  10
5.0351562103124285
  20
40.73674625349258
  42
1
  10
6.559159258318524
  20
40.73674625349258
  42
1
  97
1
  330
1794
  75
0
  76
1
  47
0.8681437583925616
  98
1
  10
3.629517071192367
  20
33.92795499968543
  450
0
  451
0
  460
0
  461
0
  452
1
  462
1
  453
2
  463
0
  63
5
  421
255
  463
1
  63
7
  421
16777215
  470
LINEAR
  1001
ACAD
  1010
0
  1020
0
  1030
0
  0
HATCH
  5
1797
  100
AcDbEntity
  8
Multi-Layer
  100
AcDbHatch
  10
0
  20
0
  30
0
  210
0
  220
0
  230
1
  2
SOLID
  70
1
  71
0
  91
1
  92
7
  72
1
  73
1
  93
2
  10
5.0351562103124285
  20
40.73674625349258
  42
1
  10
6.559159258318524
  20
40.73674625349258
  42
1
  97
1
  330
1796
  75
0
  76
1
  47
0.8681437583925616
  98
1
  10
3.629517071192367
  20
33.92795499968543
  450
0
  451
0
  460
0
  461
0
  452
1
  462
1
  453
2
  463
0
  63
5
  421
255
  463
1
  63
7
  421
16777215
  470
LINEAR
  1001
ACAD
  1010
0
  1020
0
  1030
0
  0
HATCH
  5
1813
  100
AcDbEntity
  8
Multi-Layer
  100
AcDbHatch
  10
0
  20
0
  30
0
  210
0
  220
0
  230
1
  2
SOLID
  70
1
  71
0
  91
1
  92
7
  72
1
  73
1
  93
2
  10
5.0351562103124285
  20
43.27675133350283
  42
1
  10
6.559159258318524
  20
43.27675133350283
  42
1
  97
1
  330
1812
  75
0
  76
1
  47
0.8681437583925616
  98
1
  10
3.629517071192367
  20
33.92795499968543
  450
0
  451
0
  460
0
  461
0
  452
1
  462
1
  453
2
  463
0
  63
5
  421
255
  463
1
  63
7
  421
16777215
  470
LINEAR
  1001
ACAD
  1010
0
  1020
0
  1030
0
  0
HATCH
  5
1815
  100
AcDbEntity
  8
Multi-Layer
  100
AcDbHatch
  10
0
  20
0
  30
0
  210
0
  220
0
  230
1
  2
SOLID
  70
1
  71
0
  91
1
  92
7
  72
1
  73
1
  93
2
  10
5.0351562103124285
  20
43.27675133350283
  42
1
  10
6.559159258318524
  20
43.27675133350283
  42
1
  97
1
  330
1814
  75
0
  76
1
  47
0.8681437583925616
  98
1
  10
3.629517071192367
  20
33.92795499968543
  450
0
  451
0
  460
0
  461
0
  452
1
  462
1
  453
2
  463
0
  63
5
  421
255
  463
1
  63
7
  421
16777215
  470
LINEAR
  1001
ACAD
  1010
0
  1020
0
  1030
0
  0
HATCH
  5
1817
  100
AcDbEntity
  8
Multi-Layer
  100
AcDbHatch
  10
0
  20
0
  30
0
  210
0
  220
0
  230
1
  2
SOLID
  70
1
  71
0
  91
1
  92
7
  72
1
  73
1
  93
2
  10
5.0351562103124285
  20
43.27675133350283
  42
1
  10
6.559159258318524
  20
43.27675133350283
  42
1
  97
1
  330
1816
  75
0
  76
1
  47
0.8681437583925616
  98
1
  10
3.629517071192367
  20
33.92795499968543
  450
0
  451
0
  460
0
  461
0
  452
1
  462
1
  453
2
  463
0
  63
5
  421
255
  463
1
  63
7
  421
16777215
  470
LINEAR
  1001
ACAD
  1010
0
  1020
0
  1030
0
  0
HATCH
  5
1865
  100
AcDbEntity
  8
Multi-Layer
  100
AcDbHatch
  10
0
  20
0
  30
0
  210
0
  220
0
  230
1
  2
SOLID
  70
1
  71
0
  91
1
  92
7
  72
1
  73
1
  93
2
  10
7.800474980949982
  20
12.420050800101649
  42
1
  10
10.599560579121178
  20
12.420050800101649
  42
1
  97
1
  330
1864
  75
0
  76
1
  47
0.8681437583925616
  98
1
  10
3.629517071192367
  20
33.92795499968543
  450
0
  451
0
  460
0
  461
0
  452
1
  462
1
  453
2
  463
0
  63
5
  421
255
  463
1
  63
7
  421
16777215
  470
LINEAR
  1001
ACAD
  1010
0
  1020
0
  1030
0
  0
HATCH
  5
1867
  100
AcDbEntity
  8
Multi-Layer
  100
AcDbHatch
  10
0
  20
0
  30
0
  210
0
  220
0
  230
1
  2
SOLID
  70
1
  71
0
  91
1
  92
7
  72
1
  73
1
  93
2
  10
7.800474980949982
  20
12.420050800101649
  42
1
  10
10.599560579121178
  20
12.420050800101649
  42
1
  97
1
  330
1866
  75
0
  76
1
  47
0.8681437583925616
  98
1
  10
3.629517071192367
  20
33.92795499968543
  450
0
  451
0
  460
0
  461
0
  452
1
  462
1
  453
2
  463
0
  63
5
  421
255
  463
1
  63
7
  421
16777215
  470
LINEAR
  1001
ACAD
  1010
0
  1020
0
  1030
0
  0
HATCH
  5
1869
  100
AcDbEntity
  8
Multi-Layer
  100
AcDbHatch
  10
0
  20
0
  30
0
  210
0
  220
0
  230
1
  2
SOLID
  70
1
  71
0
  91
1
  92
7
  72
1
  73
1
  93
2
  10
7.800474980949982
  20
12.420050800101649
  42
1
  10
10.599560579121178
  20
12.420050800101649
  42
1
  97
1
  330
1868
  75
0
  76
1
  47
0.8681437583925616
  98
1
  10
3.629517071192367
  20
33.92795499968543
  450
0
  451
0
  460
0
  461
0
  452
1
  462
1
  453
2
  463
0
  63
5
  421
255
  463
1
  63
7
  421
16777215
  470
LINEAR
  1001
ACAD
  1010
0
  1020
0
  1030
0
  0
HATCH
  5
1885
  100
AcDbEntity
  8
Multi-Layer
  100
AcDbHatch
  10
0
  20
0
  30
0
  210
0
  220
0
  230
1
  2
SOLID
  70
1
  71
0
  91
1
  92
7
  72
1
  73
1
  93
2
  10
7.800474980949982
  20
17.500060960121914
  42
1
  10
10.599560579121178
  20
17.500060960121914
  42
1
  97
1
  330
1884
  75
0
  76
1
  47
0.8681437583925616
  98
1
  10
3.629517071192367
  20
33.92795499968543
  450
0
  451
0
  460
0
  461
0
  452
1
  462
1
  453
2
  463
0
  63
5
  421
255
  463
1
  63
7
  421
16777215
  470
LINEAR
  1001
ACAD
  1010
0
  1020
0
  1030
0
  0
HATCH
  5
1887
  100
AcDbEntity
  8
Multi-Layer
  100
AcDbHatch
  10
0
  20
0
  30
0
  210
0
  220
0
  230
1
  2
SOLID
  70
1
  71
0
  91
1
  92
7
  72
1
  73
1
  93
2
  10
7.800474980949982
  20
17.500060960121914
  42
1
  10
10.599560579121178
  20
17.500060960121914
  42
1
  97
1
  330
1886
  75
0
  76
1
  47
0.8681437583925616
  98
1
  10
3.629517071192367
  20
33.92795499968543
  450
0
  451
0
  460
0
  461
0
  452
1
  462
1
  453
2
  463
0
  63
5
  421
255
  463
1
  63
7
  421
16777215
  470
LINEAR
  1001
ACAD
  1010
0
  1020
0
  1030
0
  0
HATCH
  5
1889
  100
AcDbEntity
  8
Multi-Layer
  100
AcDbHatch
  10
0
  20
0
  30
0
  210
0
  220
0
  230
1
  2
SOLID
  70
1
  71
0
  91
1
  92
7
  72
1
  73
1
  93
2
  10
7.800474980949982
  20
17.500060960121914
  42
1
  10
10.599560579121178
  20
17.500060960121914
  42
1
  97
1
  330
1888
  75
0
  76
1
  47
0.8681437583925616
  98
1
  10
3.629517071192367
  20
33.92795499968543
  450
0
  451
0
  460
0
  461
0
  452
1
  462
1
  453
2
  463
0
  63
5
  421
255
  463
1
  63
7
  421
16777215
  470
LINEAR
  1001
ACAD
  1010
0
  1020
0
  1030
0
  0
HATCH
  5
1905
  100
AcDbEntity
  8
Multi-Layer
  100
AcDbHatch
  10
0
  20
0
  30
0
  210
0
  220
0
  230
1
  2
SOLID
  70
1
  71
0
  91
1
  92
7
  72
1
  73
1
  93
2
  10
7.800474980949982
  20
22.580071120142293
  42
1
  10
10.599560579121178
  20
22.580071120142293
  42
1
  97
1
  330
1904
  75
0
  76
1
  47
0.8681437583925616
  98
1
  10
3.629517071192367
  20
33.92795499968543
  450
0
  451
0
  460
0
  461
0
  452
1
  462
1
  453
2
  463
0
  63
5
  421
255
  463
1
  63
7
  421
16777215
  470
LINEAR
  1001
ACAD
  1010
0
  1020
0
  1030
0
  0
HATCH
  5
1907
  100
AcDbEntity
  8
Multi-Layer
  100
AcDbHatch
  10
0
  20
0
  30
0
  210
0
  220
0
  230
1
  2
SOLID
  70
1
  71
0
  91
1
  92
7
  72
1
  73
1
  93
2
  10
7.800474980949982
  20
22.580071120142293
  42
1
  10
10.599560579121178
  20
22.580071120142293
  42
1
  97
1
  330
1906
  75
0
  76
1
  47
0.8681437583925616
  98
1
  10
3.629517071192367
  20
33.92795499968543
  450
0
  451
0
  460
0
  461
0
  452
1
  462
1
  453
2
  463
0
  63
5
  421
255
  463
1
  63
7
  421
16777215
  470
LINEAR
  1001
ACAD
  1010
0
  1020
0
  1030
0
  0
HATCH
  5
1909
  100
AcDbEntity
  8
Multi-Layer
  100
AcDbHatch
  10
0
  20
0
  30
0
  210
0
  220
0
  230
1
  2
SOLID
  70
1
  71
0
  91
1
  92
7
  72
1
  73
1
  93
2
  10
7.800474980949982
  20
22.580071120142293
  42
1
  10
10.599560579121178
  20
22.580071120142293
  42
1
  97
1
  330
1908
  75
0
  76
1
  47
0.8681437583925616
  98
1
  10
3.629517071192367
  20
33.92795499968543
  450
0
  451
0
  460
0
  461
0
  452
1
  462
1
  453
2
  463
0
  63
5
  421
255
  463
1
  63
7
  421
16777215
  470
LINEAR
  1001
ACAD
  1010
0
  1020
0
  1030
0
  0
HATCH
  5
1925
  100
AcDbEntity
  8
Multi-Layer
  100
AcDbHatch
  10
0
  20
0
  30
0
  210
0
  220
0
  230
1
  2
SOLID
  70
1
  71
0
  91
1
  92
7
  72
0
  73
1
  93
4
  10
12.309017018034126
  20
9.3996799593599
  10
12.309017018034126
  20
7.5988163576327
  10
10.708813817627686
  20
7.5988163576327
  10
10.708813817627686
  20
9.3996799593599
  97
1
  330
1924
  75
0
  76
1
  47
0.4128176842155181
  98
1
  10
34.90568961886538
  20
22.81183545379326
  450
0
  451
0
  460
0
  461
0
  452
1
  462
1
  453
2
  463
0
  63
5
  421
255
  463
1
  63
7
  421
16777215
  470
LINEAR
  1001
ACAD
  1010
0
  1020
0
  1030
0
  0
HATCH
  5
1927
  100
AcDbEntity
  8
Multi-Layer
  100
AcDbHatch
  10
0
  20
0
  30
0
  210
0
  220
0
  230
1
  2
SOLID
  70
1
  71
0
  91
1
  92
7
  72
0
  73
1
  93
4
  10
12.309017018034126
  20
9.3996799593599
  10
12.309017018034126
  20
7.5988163576327
  10
10.708813817627686
  20
7.5988163576327
  10
10.708813817627686
  20
9.3996799593599
  97
1
  330
1926
  75
0
  76
1
  47
0.4128176842155181
  98
1
  10
34.90568961886538
  20
22.81183545379326
  450
0
  451
0
  460
0
  461
0
  452
1
  462
1
  453
2
  463
0
  63
5
  421
255
  463
1
  63
7
  421
16777215
  470
LINEAR
  1001
ACAD
  1010
0
  1020
0
  1030
0
  0
HATCH
  5
1929
  100
AcDbEntity
  8
Multi-Layer
  100
AcDbHatch
  10
0
  20
0
  30
0
  210
0
  220
0
  230
1
  2
SOLID
  70
1
  71
0
  91
1
  92
7
  72
0
  73
1
  93
4
  10
12.309017018034126
  20
9.3996799593599
  10
12.309017018034126
  20
7.5988163576327
  10
10.708813817627686
  20
7.5988163576327
  10
10.708813817627686
  20
9.3996799593599
  97
1
  330
1928
  75
0
  76
1
  47
0.4128176842155181
  98
1
  10
34.90568961886538
  20
22.81183545379326
  450
0
  451
0
  460
0
  461
0
  452
1
  462
1
  453
2
  463
0
  63
5
  421
255
  463
1
  63
7
  421
16777215
  470
LINEAR
  1001
ACAD
  1010
0
  1020
0
  1030
0
  0
HATCH
  5
1945
  100
AcDbEntity
  8
Multi-Layer
  100
AcDbHatch
  10
0
  20
0
  30
0
  210
0
  220
0
  230
1
  2
SOLID
  70
1
  71
0
  91
1
  92
7
  72
1
  73
1
  93
2
  10
13.107848615697263
  20
8.499248158496357
  42
1
  10
14.908712217424467
  20
8.499248158496357
  42
1
  97
1
  330
1944
  75
0
  76
1
  47
0.8681437583925616
  98
1
  10
3.629517071192367
  20
33.92795499968543
  450
0
  451
0
  460
0
  461
0
  452
1
  462
1
  453
2
  463
0
  63
5
  421
255
  463
1
  63
7
  421
16777215
  470
LINEAR
  1001
ACAD
  1010
0
  1020
0
  1030
0
  0
HATCH
  5
1947
  100
AcDbEntity
  8
Multi-Layer
  100
AcDbHatch
  10
0
  20
0
  30
0
  210
0
  220
0
  230
1
  2
SOLID
  70
1
  71
0
  91
1
  92
7
  72
1
  73
1
  93
2
  10
13.107848615697263
  20
8.499248158496357
  42
1
  10
14.908712217424467
  20
8.499248158496357
  42
1
  97
1
  330
1946
  75
0
  76
1
  47
0.8681437583925616
  98
1
  10
3.629517071192367
  20
33.92795499968543
  450
0
  451
0
  460
0
  461
0
  452
1
  462
1
  453
2
  463
0
  63
5
  421
255
  463
1
  63
7
  421
16777215
  470
LINEAR
  1001
ACAD
  1010
0
  1020
0
  1030
0
  0
HATCH
  5
1949
  100
AcDbEntity
  8
Multi-Layer
  100
AcDbHatch
  10
0
  20
0
  30
0
  210
0
  220
0
  230
1
  2
SOLID
  70
1
  71
0
  91
1
  92
7
  72
1
  73
1
  93
2
  10
13.107848615697263
  20
8.499248158496357
  42
1
  10
14.908712217424467
  20
8.499248158496357
  42
1
  97
1
  330
1948
  75
0
  76
1
  47
0.8681437583925616
  98
1
  10
3.629517071192367
  20
33.92795499968543
  450
0
  451
0
  460
0
  461
0
  452
1
  462
1
  453
2
  463
0
  63
5
  421
255
  463
1
  63
7
  421
16777215
  470
LINEAR
  1001
ACAD
  1010
0
  1020
0
  1030
0
  0
HATCH
  5
1965
  100
AcDbEntity
  8
Multi-Layer
  100
AcDbHatch
  10
0
  20
0
  30
0
  210
0
  220
0
  230
1
  2
SOLID
  70
1
  71
0
  91
1
  92
7
  72
1
  73
1
  93
2
  10
15.607213614427222
  20
8.499248158496357
  42
1
  10
17.408077216154425
  20
8.499248158496357
  42
1
  97
1
  330
1964
  75
0
  76
1
  47
0.8681437583925616
  98
1
  10
3.629517071192367
  20
33.92795499968543
  450
0
  451
0
  460
0
  461
0
  452
1
  462
1
  453
2
  463
0
  63
5
  421
255
  463
1
  63
7
  421
16777215
  470
LINEAR
  1001
ACAD
  1010
0
  1020
0
  1030
0
  0
HATCH
  5
1967
  100
AcDbEntity
  8
Multi-Layer
  100
AcDbHatch
  10
0
  20
0
  30
0
  210
0
  220
0
  230
1
  2
SOLID
  70
1
  71
0
  91
1
  92
7
  72
1
  73
1
  93
2
  10
15.607213614427222
  20
8.499248158496357
  42
1
  10
17.408077216154425
  20
8.499248158496357
  42
1
  97
1
  330
1966
  75
0
  76
1
  47
0.8681437583925616
  98
1
  10
3.629517071192367
  20
33.92795499968543
  450
0
  451
0
  460
0
  461
0
  452
1
  462
1
  453
2
  463
0
  63
5
  421
255
  463
1
  63
7
  421
16777215
  470
LINEAR
  1001
ACAD
  1010
0
  1020
0
  1030
0
  0
HATCH
  5
1969
  100
AcDbEntity
  8
Multi-Layer
  100
AcDbHatch
  10
0
  20
0
  30
0
  210
0
  220
0
  230
1
  2
SOLID
  70
1
  71
0
  91
1
  92
7
  72
1
  73
1
  93
2
  10
15.607213614427222
  20
8.499248158496357
  42
1
  10
17.408077216154425
  20
8.499248158496357
  42
1
  97
1
  330
1968
  75
0
  76
1
  47
0.8681437583925616
  98
1
  10
3.629517071192367
  20
33.92795499968543
  450
0
  451
0
  460
0
  461
0
  452
1
  462
1
  453
2
  463
0
  63
5
  421
255
  463
1
  63
7
  421
16777215
  470
LINEAR
  1001
ACAD
  1010
0
  1020
0
  1030
0
  0
HATCH
  5
1985
  100
AcDbEntity
  8
Multi-Layer
  100
AcDbHatch
  10
0
  20
0
  30
0
  210
0
  220
0
  230
1
  2
SOLID
  70
1
  71
0
  91
1
  92
7
  72
1
  73
1
  93
2
  10
102.400665481331
  20
12.420050800101649
  42
1
  10
105.19975107950219
  20
12.420050800101649
  42
1
  97
1
  330
1984
  75
0
  76
1
  47
0.8681437583925616
  98
1
  10
3.629517071192367
  20
33.92795499968543
  450
0
  451
0
  460
0
  461
0
  452
1
  462
1
  453
2
  463
0
  63
5
  421
255
  463
1
  63
7
  421
16777215
  470
LINEAR
  1001
ACAD
  1010
0
  1020
0
  1030
0
  0
HATCH
  5
1987
  100
AcDbEntity
  8
Multi-Layer
  100
AcDbHatch
  10
0
  20
0
  30
0
  210
0
  220
0
  230
1
  2
SOLID
  70
1
  71
0
  91
1
  92
7
  72
1
  73
1
  93
2
  10
102.400665481331
  20
12.420050800101649
  42
1
  10
105.19975107950219
  20
12.420050800101649
  42
1
  97
1
  330
1986
  75
0
  76
1
  47
0.8681437583925616
  98
1
  10
3.629517071192367
  20
33.92795499968543
  450
0
  451
0
  460
0
  461
0
  452
1
  462
1
  453
2
  463
0
  63
5
  421
255
  463
1
  63
7
  421
16777215
  470
LINEAR
  1001
ACAD
  1010
0
  1020
0
  1030
0
  0
HATCH
  5
1989
  100
AcDbEntity
  8
Multi-Layer
  100
AcDbHatch
  10
0
  20
0
  30
0
  210
0
  220
0
  230
1
  2
SOLID
  70
1
  71
0
  91
1
  92
7
  72
1
  73
1
  93
2
  10
102.400665481331
  20
12.420050800101649
  42
1
  10
105.19975107950219
  20
12.420050800101649
  42
1
  97
1
  330
1988
  75
0
  76
1
  47
0.8681437583925616
  98
1
  10
3.629517071192367
  20
33.92795499968543
  450
0
  451
0
  460
0
  461
0
  452
1
  462
1
  453
2
  463
0
  63
5
  421
255
  463
1
  63
7
  421
16777215
  470
LINEAR
  1001
ACAD
  1010
0
  1020
0
  1030
0
  0
HATCH
  5
2005
  100
AcDbEntity
  8
Multi-Layer
  100
AcDbHatch
  10
0
  20
0
  30
0
  210
0
  220
0
  230
1
  2
SOLID
  70
1
  71
0
  91
1
  92
7
  72
1
  73
1
  93
2
  10
102.400665481331
  20
17.500060960121914
  42
1
  10
105.19975107950219
  20
17.500060960121914
  42
1
  97
1
  330
2004
  75
0
  76
1
  47
0.8681437583925616
  98
1
  10
3.629517071192367
  20
33.92795499968543
  450
0
  451
0
  460
0
  461
0
  452
1
  462
1
  453
2
  463
0
  63
5
  421
255
  463
1
  63
7
  421
16777215
  470
LINEAR
  1001
ACAD
  1010
0
  1020
0
  1030
0
  0
HATCH
  5
2007
  100
AcDbEntity
  8
Multi-Layer
  100
AcDbHatch
  10
0
  20
0
  30
0
  210
0
  220
0
  230
1
  2
SOLID
  70
1
  71
0
  91
1
  92
7
  72
1
  73
1
  93
2
  10
102.400665481331
  20
17.500060960121914
  42
1
  10
105.19975107950219
  20
17.500060960121914
  42
1
  97
1
  330
2006
  75
0
  76
1
  47
0.8681437583925616
  98
1
  10
3.629517071192367
  20
33.92795499968543
  450
0
  451
0
  460
0
  461
0
  452
1
  462
1
  453
2
  463
0
  63
5
  421
255
  463
1
  63
7
  421
16777215
  470
LINEAR
  1001
ACAD
  1010
0
  1020
0
  1030
0
  0
HATCH
  5
2009
  100
AcDbEntity
  8
Multi-Layer
  100
AcDbHatch
  10
0
  20
0
  30
0
  210
0
  220
0
  230
1
  2
SOLID
  70
1
  71
0
  91
1
  92
7
  72
1
  73
1
  93
2
  10
102.400665481331
  20
17.500060960121914
  42
1
  10
105.19975107950219
  20
17.500060960121914
  42
1
  97
1
  330
2008
  75
0
  76
1
  47
0.8681437583925616
  98
1
  10
3.629517071192367
  20
33.92795499968543
  450
0
  451
0
  460
0
  461
0
  452
1
  462
1
  453
2
  463
0
  63
5
  421
255
  463
1
  63
7
  421
16777215
  470
LINEAR
  1001
ACAD
  1010
0
  1020
0
  1030
0
  0
HATCH
  5
2025
  100
AcDbEntity
  8
Multi-Layer
  100
AcDbHatch
  10
0
  20
0
  30
0
  210
0
  220
0
  230
1
  2
SOLID
  70
1
  71
0
  91
1
  92
7
  72
1
  73
1
  93
2
  10
102.400665481331
  20
22.580071120142293
  42
1
  10
105.19975107950219
  20
22.580071120142293
  42
1
  97
1
  330
2024
  75
0
  76
1
  47
0.8681437583925616
  98
1
  10
3.629517071192367
  20
33.92795499968543
  450
0
  451
0
  460
0
  461
0
  452
1
  462
1
  453
2
  463
0
  63
5
  421
255
  463
1
  63
7
  421
16777215
  470
LINEAR
  1001
ACAD
  1010
0
  1020
0
  1030
0
  0
HATCH
  5
2027
  100
AcDbEntity
  8
Multi-Layer
  100
AcDbHatch
  10
0
  20
0
  30
0
  210
0
  220
0
  230
1
  2
SOLID
  70
1
  71
0
  91
1
  92
7
  72
1
  73
1
  93
2
  10
102.400665481331
  20
22.580071120142293
  42
1
  10
105.19975107950219
  20
22.580071120142293
  42
1
  97
1
  330
2026
  75
0
  76
1
  47
0.8681437583925616
  98
1
  10
3.629517071192367
  20
33.92795499968543
  450
0
  451
0
  460
0
  461
0
  452
1
  462
1
  453
2
  463
0
  63
5
  421
255
  463
1
  63
7
  421
16777215
  470
LINEAR
  1001
ACAD
  1010
0
  1020
0
  1030
0
  0
HATCH
  5
2029
  100
AcDbEntity
  8
Multi-Layer
  100
AcDbHatch
  10
0
  20
0
  30
0
  210
0
  220
0
  230
1
  2
SOLID
  70
1
  71
0
  91
1
  92
7
  72
1
  73
1
  93
2
  10
102.400665481331
  20
22.580071120142293
  42
1
  10
105.19975107950219
  20
22.580071120142293
  42
1
  97
1
  330
2028
  75
0
  76
1
  47
0.8681437583925616
  98
1
  10
3.629517071192367
  20
33.92795499968543
  450
0
  451
0
  460
0
  461
0
  452
1
  462
1
  453
2
  463
0
  63
5
  421
255
  463
1
  63
7
  421
16777215
  470
LINEAR
  1001
ACAD
  1010
0
  1020
0
  1030
0
  0
HATCH
  5
2045
  100
AcDbEntity
  8
Multi-Layer
  100
AcDbHatch
  10
0
  20
0
  30
0
  210
0
  220
0
  230
1
  2
SOLID
  70
1
  71
0
  91
1
  92
7
  72
1
  73
1
  93
2
  10
71.43313182626359
  20
45.948856997714074
  42
1
  10
72.9571348742697
  20
45.948856997714074
  42
1
  97
1
  330
2044
  75
0
  76
1
  47
0.8681437583925616
  98
1
  10
3.629517071192367
  20
33.92795499968543
  450
0
  451
0
  460
0
  461
0
  452
1
  462
1
  453
2
  463
0
  63
5
  421
255
  463
1
  63
7
  421
16777215
  470
LINEAR
  1001
ACAD
  1010
0
  1020
0
  1030
0
  0
HATCH
  5
2047
  100
AcDbEntity
  8
Multi-Layer
  100
AcDbHatch
  10
0
  20
0
  30
0
  210
0
  220
0
  230
1
  2
SOLID
  70
1
  71
0
  91
1
  92
7
  72
1
  73
1
  93
2
  10
71.43313182626359
  20
45.948856997714074
  42
1
  10
72.9571348742697
  20
45.948856997714074
  42
1
  97
1
  330
2046
  75
0
  76
1
  47
0.8681437583925616
  98
1
  10
3.629517071192367
  20
33.92795499968543
  450
0
  451
0
  460
0
  461
0
  452
1
  462
1
  453
2
  463
0
  63
5
  421
255
  463
1
  63
7
  421
16777215
  470
LINEAR
  1001
ACAD
  1010
0
  1020
0
  1030
0
  0
HATCH
  5
2049
  100
AcDbEntity
  8
Multi-Layer
  100
AcDbHatch
  10
0
  20
0
  30
0
  210
0
  220
0
  230
1
  2
SOLID
  70
1
  71
0
  91
1
  92
7
  72
1
  73
1
  93
2
  10
71.43313182626359
  20
45.948856997714074
  42
1
  10
72.9571348742697
  20
45.948856997714074
  42
1
  97
1
  330
2048
  75
0
  76
1
  47
0.8681437583925616
  98
1
  10
3.629517071192367
  20
33.92795499968543
  450
0
  451
0
  460
0
  461
0
  452
1
  462
1
  453
2
  463
0
  63
5
  421
255
  463
1
  63
7
  421
16777215
  470
LINEAR
  1001
ACAD
  1010
0
  1020
0
  1030
0
  0
HATCH
  5
2065
  100
AcDbEntity
  8
Multi-Layer
  100
AcDbHatch
  10
0
  20
0
  30
0
  210
0
  220
0
  230
1
  2
SOLID
  70
1
  71
0
  91
1
  92
7
  72
1
  73
1
  93
2
  10
68.89312674625346
  20
45.948856997714074
  42
1
  10
70.41712979425957
  20
45.948856997714074
  42
1
  97
1
  330
2064
  75
0
  76
1
  47
0.8681437583925616
  98
1
  10
3.629517071192367
  20
33.92795499968543
  450
0
  451
0
  460
0
  461
0
  452
1
  462
1
  453
2
  463
0
  63
5
  421
255
  463
1
  63
7
  421
16777215
  470
LINEAR
  1001
ACAD
  1010
0
  1020
0
  1030
0
  0
HATCH
  5
2067
  100
AcDbEntity
  8
Multi-Layer
  100
AcDbHatch
  10
0
  20
0
  30
0
  210
0
  220
0
  230
1
  2
SOLID
  70
1
  71
0
  91
1
  92
7
  72
1
  73
1
  93
2
  10
68.89312674625346
  20
45.948856997714074
  42
1
  10
70.41712979425957
  20
45.948856997714074
  42
1
  97
1
  330
2066
  75
0
  76
1
  47
0.8681437583925616
  98
1
  10
3.629517071192367
  20
33.92795499968543
  450
0
  451
0
  460
0
  461
0
  452
1
  462
1
  453
2
  463
0
  63
5
  421
255
  463
1
  63
7
  421
16777215
  470
LINEAR
  1001
ACAD
  1010
0
  1020
0
  1030
0
  0
HATCH
  5
2069
  100
AcDbEntity
  8
Multi-Layer
  100
AcDbHatch
  10
0
  20
0
  30
0
  210
0
  220
0
  230
1
  2
SOLID
  70
1
  71
0
  91
1
  92
7
  72
1
  73
1
  93
2
  10
68.89312674625346
  20
45.948856997714074
  42
1
  10
70.41712979425957
  20
45.948856997714074
  42
1
  97
1
  330
2068
  75
0
  76
1
  47
0.8681437583925616
  98
1
  10
3.629517071192367
  20
33.92795499968543
  450
0
  451
0
  460
0
  461
0
  452
1
  462
1
  453
2
  463
0
  63
5
  421
255
  463
1
  63
7
  421
16777215
  470
LINEAR
  1001
ACAD
  1010
0
  1020
0
  1030
0
  0
HATCH
  5
2085
  100
AcDbEntity
  8
Multi-Layer
  100
AcDbHatch
  10
0
  20
0
  30
0
  210
0
  220
0
  230
1
  2
SOLID
  70
1
  71
0
  91
1
  92
7
  72
1
  73
1
  93
2
  10
71.43313182626359
  20
48.48886207772421
  42
1
  10
72.9571348742697
  20
48.48886207772421
  42
1
  97
1
  330
2084
  75
0
  76
1
  47
0.8681437583925616
  98
1
  10
3.629517071192367
  20
33.92795499968543
  450
0
  451
0
  460
0
  461
0
  452
1
  462
1
  453
2
  463
0
  63
5
  421
255
  463
1
  63
7
  421
16777215
  470
LINEAR
  1001
ACAD
  1010
0
  1020
0
  1030
0
  0
HATCH
  5
2087
  100
AcDbEntity
  8
Multi-Layer
  100
AcDbHatch
  10
0
  20
0
  30
0
  210
0
  220
0
  230
1
  2
SOLID
  70
1
  71
0
  91
1
  92
7
  72
1
  73
1
  93
2
  10
71.43313182626359
  20
48.48886207772421
  42
1
  10
72.9571348742697
  20
48.48886207772421
  42
1
  97
1
  330
2086
  75
0
  76
1
  47
0.8681437583925616
  98
1
  10
3.629517071192367
  20
33.92795499968543
  450
0
  451
0
  460
0
  461
0
  452
1
  462
1
  453
2
  463
0
  63
5
  421
255
  463
1
  63
7
  421
16777215
  470
LINEAR
  1001
ACAD
  1010
0
  1020
0
  1030
0
  0
HATCH
  5
2089
  100
AcDbEntity
  8
Multi-Layer
  100
AcDbHatch
  10
0
  20
0
  30
0
  210
0
  220
0
  230
1
  2
SOLID
  70
1
  71
0
  91
1
  92
7
  72
1
  73
1
  93
2
  10
71.43313182626359
  20
48.48886207772421
  42
1
  10
72.9571348742697
  20
48.48886207772421
  42
1
  97
1
  330
2088
  75
0
  76
1
  47
0.8681437583925616
  98
1
  10
3.629517071192367
  20
33.92795499968543
  450
0
  451
0
  460
0
  461
0
  452
1
  462
1
  453
2
  463
0
  63
5
  421
255
  463
1
  63
7
  421
16777215
  470
LINEAR
  1001
ACAD
  1010
0
  1020
0
  1030
0
  0
HATCH
  5
2105
  100
AcDbEntity
  8
Multi-Layer
  100
AcDbHatch
  10
0
  20
0
  30
0
  210
0
  220
0
  230
1
  2
SOLID
  70
1
  71
0
  91
1
  92
7
  72
1
  73
1
  93
2
  10
68.89312674625346
  20
48.48886207772421
  42
1
  10
70.41712979425957
  20
48.48886207772421
  42
1
  97
1
  330
2104
  75
0
  76
1
  47
0.8681437583925616
  98
1
  10
3.629517071192367
  20
33.92795499968543
  450
0
  451
0
  460
0
  461
0
  452
1
  462
1
  453
2
  463
0
  63
5
  421
255
  463
1
  63
7
  421
16777215
  470
LINEAR
  1001
ACAD
  1010
0
  1020
0
  1030
0
  0
HATCH
  5
2107
  100
AcDbEntity
  8
Multi-Layer
  100
AcDbHatch
  10
0
  20
0
  30
0
  210
0
  220
0
  230
1
  2
SOLID
  70
1
  71
0
  91
1
  92
7
  72
1
  73
1
  93
2
  10
68.89312674625346
  20
48.48886207772421
  42
1
  10
70.41712979425957
  20
48.48886207772421
  42
1
  97
1
  330
2106
  75
0
  76
1
  47
0.8681437583925616
  98
1
  10
3.629517071192367
  20
33.92795499968543
  450
0
  451
0
  460
0
  461
0
  452
1
  462
1
  453
2
  463
0
  63
5
  421
255
  463
1
  63
7
  421
16777215
  470
LINEAR
  1001
ACAD
  1010
0
  1020
0
  1030
0
  0
HATCH
  5
2109
  100
AcDbEntity
  8
Multi-Layer
  100
AcDbHatch
  10
0
  20
0
  30
0
  210
0
  220
0
  230
1
  2
SOLID
  70
1
  71
0
  91
1
  92
7
  72
1
  73
1
  93
2
  10
68.89312674625346
  20
48.48886207772421
  42
1
  10
70.41712979425957
  20
48.48886207772421
  42
1
  97
1
  330
2108
  75
0
  76
1
  47
0.8681437583925616
  98
1
  10
3.629517071192367
  20
33.92795499968543
  450
0
  451
0
  460
0
  461
0
  452
1
  462
1
  453
2
  463
0
  63
5
  421
255
  463
1
  63
7
  421
16777215
  470
LINEAR
  1001
ACAD
  1010
0
  1020
0
  1030
0
  0
HATCH
  5
2125
  100
AcDbEntity
  8
Multi-Layer
  100
AcDbHatch
  10
0
  20
0
  30
0
  210
0
  220
0
  230
1
  2
SOLID
  70
1
  71
0
  91
1
  92
7
  72
1
  73
1
  93
2
  10
71.43313182626359
  20
51.02886715773434
  42
1
  10
72.9571348742697
  20
51.02886715773434
  42
1
  97
1
  330
2124
  75
0
  76
1
  47
0.8681437583925616
  98
1
  10
3.629517071192367
  20
33.92795499968543
  450
0
  451
0
  460
0
  461
0
  452
1
  462
1
  453
2
  463
0
  63
5
  421
255
  463
1
  63
7
  421
16777215
  470
LINEAR
  1001
ACAD
  1010
0
  1020
0
  1030
0
  0
HATCH
  5
2127
  100
AcDbEntity
  8
Multi-Layer
  100
AcDbHatch
  10
0
  20
0
  30
0
  210
0
  220
0
  230
1
  2
SOLID
  70
1
  71
0
  91
1
  92
7
  72
1
  73
1
  93
2
  10
71.43313182626359
  20
51.02886715773434
  42
1
  10
72.9571348742697
  20
51.02886715773434
  42
1
  97
1
  330
2126
  75
0
  76
1
  47
0.8681437583925616
  98
1
  10
3.629517071192367
  20
33.92795499968543
  450
0
  451
0
  460
0
  461
0
  452
1
  462
1
  453
2
  463
0
  63
5
  421
255
  463
1
  63
7
  421
16777215
  470
LINEAR
  1001
ACAD
  1010
0
  1020
0
  1030
0
  0
HATCH
  5
2129
  100
AcDbEntity
  8
Multi-Layer
  100
AcDbHatch
  10
0
  20
0
  30
0
  210
0
  220
0
  230
1
  2
SOLID
  70
1
  71
0
  91
1
  92
7
  72
1
  73
1
  93
2
  10
71.43313182626359
  20
51.02886715773434
  42
1
  10
72.9571348742697
  20
51.02886715773434
  42
1
  97
1
  330
2128
  75
0
  76
1
  47
0.8681437583925616
  98
1
  10
3.629517071192367
  20
33.92795499968543
  450
0
  451
0
  460
0
  461
0
  452
1
  462
1
  453
2
  463
0
  63
5
  421
255
  463
1
  63
7
  421
16777215
  470
LINEAR
  1001
ACAD
  1010
0
  1020
0
  1030
0
  0
HATCH
  5
2145
  100
AcDbEntity
  8
Multi-Layer
  100
AcDbHatch
  10
0
  20
0
  30
0
  210
0
  220
0
  230
1
  2
SOLID
  70
1
  71
0
  91
1
  92
7
  72
1
  73
1
  93
2
  10
68.89312674625346
  20
51.02886715773434
  42
1
  10
70.41712979425957
  20
51.02886715773434
  42
1
  97
1
  330
2144
  75
0
  76
1
  47
0.8681437583925616
  98
1
  10
3.629517071192367
  20
33.92795499968543
  450
0
  451
0
  460
0
  461
0
  452
1
  462
1
  453
2
  463
0
  63
5
  421
255
  463
1
  63
7
  421
16777215
  470
LINEAR
  1001
ACAD
  1010
0
  1020
0
  1030
0
  0
HATCH
  5
2147
  100
AcDbEntity
  8
Multi-Layer
  100
AcDbHatch
  10
0
  20
0
  30
0
  210
0
  220
0
  230
1
  2
SOLID
  70
1
  71
0
  91
1
  92
7
  72
1
  73
1
  93
2
  10
68.89312674625346
  20
51.02886715773434
  42
1
  10
70.41712979425957
  20
51.02886715773434
  42
1
  97
1
  330
2146
  75
0
  76
1
  47
0.8681437583925616
  98
1
  10
3.629517071192367
  20
33.92795499968543
  450
0
  451
0
  460
0
  461
0
  452
1
  462
1
  453
2
  463
0
  63
5
  421
255
  463
1
  63
7
  421
16777215
  470
LINEAR
  1001
ACAD
  1010
0
  1020
0
  1030
0
  0
HATCH
  5
2149
  100
AcDbEntity
  8
Multi-Layer
  100
AcDbHatch
  10
0
  20
0
  30
0
  210
0
  220
0
  230
1
  2
SOLID
  70
1
  71
0
  91
1
  92
7
  72
1
  73
1
  93
2
  10
68.89312674625346
  20
51.02886715773434
  42
1
  10
70.41712979425957
  20
51.02886715773434
  42
1
  97
1
  330
2148
  75
0
  76
1
  47
0.8681437583925616
  98
1
  10
3.629517071192367
  20
33.92795499968543
  450
0
  451
0
  460
0
  461
0
  452
1
  462
1
  453
2
  463
0
  63
5
  421
255
  463
1
  63
7
  421
16777215
  470
LINEAR
  1001
ACAD
  1010
0
  1020
0
  1030
0
  0
HATCH
  5
2165
  100
AcDbEntity
  8
Multi-Layer
  100
AcDbHatch
  10
0
  20
0
  30
0
  210
0
  220
0
  230
1
  2
SOLID
  70
1
  71
0
  91
1
  92
7
  72
1
  73
1
  93
2
  10
71.43313182626359
  20
53.568872237744586
  42
1
  10
72.9571348742697
  20
53.568872237744586
  42
1
  97
1
  330
2164
  75
0
  76
1
  47
0.8681437583925616
  98
1
  10
3.629517071192367
  20
33.92795499968543
  450
0
  451
0
  460
0
  461
0
  452
1
  462
1
  453
2
  463
0
  63
5
  421
255
  463
1
  63
7
  421
16777215
  470
LINEAR
  1001
ACAD
  1010
0
  1020
0
  1030
0
  0
HATCH
  5
2167
  100
AcDbEntity
  8
Multi-Layer
  100
AcDbHatch
  10
0
  20
0
  30
0
  210
0
  220
0
  230
1
  2
SOLID
  70
1
  71
0
  91
1
  92
7
  72
1
  73
1
  93
2
  10
71.43313182626359
  20
53.568872237744586
  42
1
  10
72.9571348742697
  20
53.568872237744586
  42
1
  97
1
  330
2166
  75
0
  76
1
  47
0.8681437583925616
  98
1
  10
3.629517071192367
  20
33.92795499968543
  450
0
  451
0
  460
0
  461
0
  452
1
  462
1
  453
2
  463
0
  63
5
  421
255
  463
1
  63
7
  421
16777215
  470
LINEAR
  1001
ACAD
  1010
0
  1020
0
  1030
0
  0
HATCH
  5
2169
  100
AcDbEntity
  8
Multi-Layer
  100
AcDbHatch
  10
0
  20
0
  30
0
  210
0
  220
0
  230
1
  2
SOLID
  70
1
  71
0
  91
1
  92
7
  72
1
  73
1
  93
2
  10
71.43313182626359
  20
53.568872237744586
  42
1
  10
72.9571348742697
  20
53.568872237744586
  42
1
  97
1
  330
2168
  75
0
  76
1
  47
0.8681437583925616
  98
1
  10
3.629517071192367
  20
33.92795499968543
  450
0
  451
0
  460
0
  461
0
  452
1
  462
1
  453
2
  463
0
  63
5
  421
255
  463
1
  63
7
  421
16777215
  470
LINEAR
  1001
ACAD
  1010
0
  1020
0
  1030
0
  0
HATCH
  5
2185
  100
AcDbEntity
  8
Multi-Layer
  100
AcDbHatch
  10
0
  20
0
  30
0
  210
0
  220
0
  230
1
  2
SOLID
  70
1
  71
0
  91
1
  92
7
  72
1
  73
1
  93
2
  10
68.89312674625346
  20
53.568872237744586
  42
1
  10
70.41712979425957
  20
53.568872237744586
  42
1
  97
1
  330
2184
  75
0
  76
1
  47
0.8681437583925616
  98
1
  10
3.629517071192367
  20
33.92795499968543
  450
0
  451
0
  460
0
  461
0
  452
1
  462
1
  453
2
  463
0
  63
5
  421
255
  463
1
  63
7
  421
16777215
  470
LINEAR
  1001
ACAD
  1010
0
  1020
0
  1030
0
  0
HATCH
  5
2187
  100
AcDbEntity
  8
Multi-Layer
  100
AcDbHatch
  10
0
  20
0
  30
0
  210
0
  220
0
  230
1
  2
SOLID
  70
1
  71
0
  91
1
  92
7
  72
1
  73
1
  93
2
  10
68.89312674625346
  20
53.568872237744586
  42
1
  10
70.41712979425957
  20
53.568872237744586
  42
1
  97
1
  330
2186
  75
0
  76
1
  47
0.8681437583925616
  98
1
  10
3.629517071192367
  20
33.92795499968543
  450
0
  451
0
  460
0
  461
0
  452
1
  462
1
  453
2
  463
0
  63
5
  421
255
  463
1
  63
7
  421
16777215
  470
LINEAR
  1001
ACAD
  1010
0
  1020
0
  1030
0
  0
HATCH
  5
2189
  100
AcDbEntity
  8
Multi-Layer
  100
AcDbHatch
  10
0
  20
0
  30
0
  210
0
  220
0
  230
1
  2
SOLID
  70
1
  71
0
  91
1
  92
7
  72
1
  73
1
  93
2
  10
68.89312674625346
  20
53.568872237744586
  42
1
  10
70.41712979425957
  20
53.568872237744586
  42
1
  97
1
  330
2188
  75
0
  76
1
  47
0.8681437583925616
  98
1
  10
3.629517071192367
  20
33.92795499968543
  450
0
  451
0
  460
0
  461
0
  452
1
  462
1
  453
2
  463
0
  63
5
  421
255
  463
1
  63
7
  421
16777215
  470
LINEAR
  1001
ACAD
  1010
0
  1020
0
  1030
0
  0
LWPOLYLINE
  5
2284
  100
AcDbEntity
  8
Multi-Layer
  100
AcDbPolyline
  90
2
  70
1
  43
0
  10
73.53141478282959
  20
43.2207493014987
  42
1
  10
74.13141478282961
  20
43.2207493014987
  42
1
  0
LWPOLYLINE
  5
2286
  100
AcDbEntity
  8
Multi-Layer
  100
AcDbPolyline
  90
2
  70
1
  43
0
  10
76.64246126492259
  20
48.47382778765564
  42
1
  10
77.24246126492261
  20
48.47382778765564
  42
1
  0
LWPOLYLINE
  5
2288
  100
AcDbEntity
  8
Multi-Layer
  100
AcDbPolyline
  90
2
  70
1
  43
0
  10
20.593596647193237
  20
45.61078740157484
  42
1
  10
21.19359664719326
  20
45.61078740157484
  42
1
  0
LWPOLYLINE
  5
2290
  100
AcDbEntity
  8
Multi-Layer
  100
AcDbPolyline
  90
2
  70
1
  43
0
  10
21.81194818389639
  20
45.61078740157484
  42
1
  10
22.411948183896413
  20
45.61078740157484
  42
1
  0
LWPOLYLINE
  5
2292
  100
AcDbEntity
  8
Multi-Layer
  100
AcDbPolyline
  90
2
  70
1
  43
0
  10
23.03029972059943
  20
45.61078740157484
  42
1
  10
23.630299720599396
  20
45.61078740157484
  42
1
  0
LWPOLYLINE
  5
2294
  100
AcDbEntity
  8
Multi-Layer
  100
AcDbPolyline
  90
2
  70
1
  43
0
  10
24.248651257302527
  20
45.61078740157484
  42
1
  10
24.84865125730255
  20
45.61078740157484
  42
1
  0
LWPOLYLINE
  5
2296
  100
AcDbEntity
  8
Multi-Layer
  100
AcDbPolyline
  90
2
  70
1
  43
0
  10
25.467002794005623
  20
45.61078740157484
  42
1
  10
26.067002794005646
  20
45.61078740157484
  42
1
  0
LWPOLYLINE
  5
2298
  100
AcDbEntity
  8
Multi-Layer
  100
AcDbPolyline
  90
2
  70
1
  43
0
  10
20.542595885191815
  20
44.233766827533714
  42
1
  10
21.142595885191838
  20
44.233766827533714
  42
1
  0
LWPOLYLINE
  5
2300
  100
AcDbEntity
  8
Multi-Layer
  100
AcDbPolyline
  90
2
  70
1
  43
0
  10
21.760947421894855
  20
44.233766827533714
  42
1
  10
22.360947421894878
  20
44.233766827533714
  42
1
  0
LWPOLYLINE
  5
2302
  100
AcDbEntity
  8
Multi-Layer
  100
AcDbPolyline
  90
2
  70
1
  43
0
  10
22.979298958597894
  20
44.233766827533714
  42
1
  10
23.579298958597917
  20
44.233766827533714
  42
1
  0
LWPOLYLINE
  5
2304
  100
AcDbEntity
  8
Multi-Layer
  100
AcDbPolyline
  90
2
  70
1
  43
0
  10
24.197650495301048
  20
44.233766827533714
  42
1
  10
24.79765049530107
  20
44.233766827533714
  42
1
  0
LWPOLYLINE
  5
2306
  100
AcDbEntity
  8
Multi-Layer
  100
AcDbPolyline
  90
2
  70
1
  43
0
  10
25.416002032004087
  20
44.233766827533714
  42
1
  10
26.016002032004053
  20
44.233766827533714
  42
1
  0
LWPOLYLINE
  5
2308
  100
AcDbEntity
  8
Multi-Layer
  100
AcDbPolyline
  90
2
  70
1
  43
0
  10
20.48834391668788
  20
42.64504191008393
  42
1
  10
21.088343916687904
  20
42.64504191008393
  42
1
  0
LWPOLYLINE
  5
2310
  100
AcDbEntity
  8
Multi-Layer
  100
AcDbPolyline
  90
2
  70
1
  43
0
  10
21.70669545339092
  20
42.64504191008393
  42
1
  10
22.306695453390887
  20
42.64504191008393
  42
1
  0
LWPOLYLINE
  5
2312
  100
AcDbEntity
  8
Multi-Layer
  100
AcDbPolyline
  90
2
  70
1
  43
0
  10
22.925046990094017
  20
42.64504191008393
  42
1
  10
23.52504699009404
  20
42.64504191008393
  42
1
  0
LWPOLYLINE
  5
2314
  100
AcDbEntity
  8
Multi-Layer
  100
AcDbPolyline
  90
2
  70
1
  43
0
  10
24.143398526797057
  20
42.64504191008393
  42
1
  10
24.743398526797023
  20
42.64504191008393
  42
1
  0
LWPOLYLINE
  5
2316
  100
AcDbEntity
  8
Multi-Layer
  100
AcDbPolyline
  90
2
  70
1
  43
0
  10
25.361750063500097
  20
42.64504191008393
  42
1
  10
25.96175006350012
  20
42.64504191008393
  42
1
  0
LWPOLYLINE
  5
2318
  100
AcDbEntity
  8
Multi-Layer
  100
AcDbPolyline
  90
2
  70
1
  43
0
  10
12.382473964947906
  20
50.96586741173485
  42
1
  10
12.982473964947928
  20
50.96586741173485
  42
1
  0
LWPOLYLINE
  5
2320
  100
AcDbEntity
  8
Multi-Layer
  100
AcDbPolyline
  90
2
  70
1
  43
0
  10
13.600825501651059
  20
50.96586741173485
  42
1
  10
14.200825501651025
  20
50.96586741173485
  42
1
  0
LWPOLYLINE
  5
2322
  100
AcDbEntity
  8
Multi-Layer
  100
AcDbPolyline
  90
2
  70
1
  43
0
  10
14.819177038354042
  20
50.96586741173485
  42
1
  10
15.419177038354064
  20
50.96586741173485
  42
1
  0
LWPOLYLINE
  5
2324
  100
AcDbEntity
  8
Multi-Layer
  100
AcDbPolyline
  90
2
  70
1
  43
0
  10
16.037528575057195
  20
50.96586741173485
  42
1
  10
16.637528575057217
  20
50.96586741173485
  42
1
  0
LWPOLYLINE
  5
2326
  100
AcDbEntity
  8
Multi-Layer
  100
AcDbPolyline
  90
2
  70
1
  43
0
  10
17.255880111760234
  20
50.96586741173485
  42
1
  10
17.855880111760257
  20
50.96586741173485
  42
1
  0
LWPOLYLINE
  5
2328
  100
AcDbEntity
  8
Multi-Layer
  100
AcDbPolyline
  90
2
  70
1
  43
0
  10
12.841480822961671
  20
52.29188722377455
  42
1
  10
13.441480822961694
  20
52.29188722377455
  42
1
  0
LWPOLYLINE
  5
2330
  100
AcDbEntity
  8
Multi-Layer
  100
AcDbPolyline
  90
2
  70
1
  43
0
  10
14.05983235966471
  20
52.29188722377455
  42
1
  10
14.659832359664676
  20
52.29188722377455
  42
1
  0
LWPOLYLINE
  5
2332
  100
AcDbEntity
  8
Multi-Layer
  100
AcDbPolyline
  90
2
  70
1
  43
0
  10
15.278183896367807
  20
52.29188722377455
  42
1
  10
15.87818389636783
  20
52.29188722377455
  42
1
  0
LWPOLYLINE
  5
2334
  100
AcDbEntity
  8
Multi-Layer
  100
AcDbPolyline
  90
2
  70
1
  43
0
  10
16.496535433070846
  20
52.29188722377455
  42
1
  10
17.09653543307087
  20
52.29188722377455
  42
1
  0
LWPOLYLINE
  5
2336
  100
AcDbEntity
  8
Multi-Layer
  100
AcDbPolyline
  90
2
  70
1
  43
0
  10
17.714886969773943
  20
52.29188722377455
  42
1
  10
18.314886969773966
  20
52.29188722377455
  42
1
  0
LWPOLYLINE
  5
2338
  100
AcDbEntity
  8
Multi-Layer
  100
AcDbPolyline
  90
2
  70
1
  43
0
  10
13.555491490983002
  20
53.51590551181107
  42
1
  10
14.155491490983025
  20
53.51590551181107
  42
1
  0
LWPOLYLINE
  5
2340
  100
AcDbEntity
  8
Multi-Layer
  100
AcDbPolyline
  90
2
  70
1
  43
0
  10
14.773843027686041
  20
53.51590551181107
  42
1
  10
15.373843027686007
  20
53.51590551181107
  42
1
  0
LWPOLYLINE
  5
2342
  100
AcDbEntity
  8
Multi-Layer
  100
AcDbPolyline
  90
2
  70
1
  43
0
  10
15.992194564389138
  20
53.51590551181107
  42
1
  10
16.59219456438916
  20
53.51590551181107
  42
1
  0
LWPOLYLINE
  5
2344
  100
AcDbEntity
  8
Multi-Layer
  100
AcDbPolyline
  90
2
  70
1
  43
0
  10
17.210546101092177
  20
53.51590551181107
  42
1
  10
17.8105461010922
  20
53.51590551181107
  42
1
  0
LWPOLYLINE
  5
2346
  100
AcDbEntity
  8
Multi-Layer
  100
AcDbPolyline
  90
2
  70
1
  43
0
  10
18.428897637795274
  20
53.51590551181107
  42
1
  10
19.028897637795296
  20
53.51590551181107
  42
1
  0
LWPOLYLINE
  5
2348
  100
AcDbEntity
  8
Multi-Layer
  100
AcDbPolyline
  90
2
  70
1
  43
0
  10
14.779509779019577
  20
55.0459283718568
  42
1
  10
15.3795097790196
  20
55.0459283718568
  42
1
  0
LWPOLYLINE
  5
2350
  100
AcDbEntity
  8
Multi-Layer
  100
AcDbPolyline
  90
2
  70
1
  43
0
  10
15.997861315722616
  20
55.0459283718568
  42
1
  10
16.59786131572264
  20
55.0459283718568
  42
1
  0
LWPOLYLINE
  5
2352
  100
AcDbEntity
  8
Multi-Layer
  100
AcDbPolyline
  90
2
  70
1
  43
0
  10
17.216212852425713
  20
55.0459283718568
  42
1
  10
17.81621285242568
  20
55.0459283718568
  42
1
  0
LWPOLYLINE
  5
2354
  100
AcDbEntity
  8
Multi-Layer
  100
AcDbPolyline
  90
2
  70
1
  43
0
  10
18.43456438912881
  20
55.0459283718568
  42
1
  10
19.034564389128832
  20
55.0459283718568
  42
1
  0
LWPOLYLINE
  5
2356
  100
AcDbEntity
  8
Multi-Layer
  100
AcDbPolyline
  90
2
  70
1
  43
0
  10
19.65291592583185
  20
55.0459283718568
  42
1
  10
20.252915925831815
  20
55.0459283718568
  42
1
  0
LWPOLYLINE
  5
2358
  100
AcDbEntity
  8
Multi-Layer
  100
AcDbPolyline
  90
2
  70
1
  43
0
  10
19.62458216916434
  20
54.17891541783081
  42
1
  10
20.224582169164364
  20
54.17891541783081
  42
1
  0
LWPOLYLINE
  5
2360
  100
AcDbEntity
  8
Multi-Layer
  100
AcDbPolyline
  90
2
  70
1
  43
0
  10
20.842933705867495
  20
54.17891541783081
  42
1
  10
21.442933705867517
  20
54.17891541783081
  42
1
  0
LWPOLYLINE
  5
2362
  100
AcDbEntity
  8
Multi-Layer
  100
AcDbPolyline
  90
2
  70
1
  43
0
  10
22.061285242570534
  20
54.17891541783081
  42
1
  10
22.6612852425705
  20
54.17891541783081
  42
1
  0
LWPOLYLINE
  5
2364
  100
AcDbEntity
  8
Multi-Layer
  100
AcDbPolyline
  90
2
  70
1
  43
0
  10
23.279636779273517
  20
54.17891541783081
  42
1
  10
23.87963677927354
  20
54.17891541783081
  42
1
  0
LWPOLYLINE
  5
2366
  100
AcDbEntity
  8
Multi-Layer
  100
AcDbPolyline
  90
2
  70
1
  43
0
  10
24.49798831597667
  20
54.17891541783081
  42
1
  10
25.097988315976636
  20
54.17891541783081
  42
1
  0
LWPOLYLINE
  5
2368
  100
AcDbEntity
  8
Multi-Layer
  100
AcDbPolyline
  90
2
  70
1
  43
0
  10
20.440594361188744
  20
56.47394970789958
  42
1
  10
21.040594361188766
  20
56.47394970789958
  42
1
  0
LWPOLYLINE
  5
2370
  100
AcDbEntity
  8
Multi-Layer
  100
AcDbPolyline
  90
2
  70
1
  43
0
  10
21.658945897891783
  20
56.47394970789958
  42
1
  10
22.258945897891806
  20
56.47394970789958
  42
1
  0
LWPOLYLINE
  5
2372
  100
AcDbEntity
  8
Multi-Layer
  100
AcDbPolyline
  90
2
  70
1
  43
0
  10
22.877297434594936
  20
56.47394970789958
  42
1
  10
23.47729743459496
  20
56.47394970789958
  42
1
  0
LWPOLYLINE
  5
2374
  100
AcDbEntity
  8
Multi-Layer
  100
AcDbPolyline
  90
2
  70
1
  43
0
  10
24.095648971297976
  20
56.47394970789958
  42
1
  10
24.695648971297942
  20
56.47394970789958
  42
1
  0
LWPOLYLINE
  5
2376
  100
AcDbEntity
  8
Multi-Layer
  100
AcDbPolyline
  90
2
  70
1
  43
0
  10
25.31400050800096
  20
56.47394970789958
  42
1
  10
25.91400050800098
  20
56.47394970789958
  42
1
  0
LWPOLYLINE
  5
2378
  100
AcDbEntity
  8
Multi-Layer
  100
AcDbPolyline
  90
4
  70
0
  43
0
  10
80.06048514097034
  20
52.036883413808255
  42
1
  10
80.66048514097025
  20
52.036883413752776
  10
80.66048514097025
  20
52.03688341372538
  42
1
  10
80.06048514097034
  20
52.03688341378097
  0
LWPOLYLINE
  5
2380
  100
AcDbEntity
  8
Multi-Layer
  100
AcDbPolyline
  90
4
  70
0
  43
0
  10
81.2788366776735
  20
52.036883413808255
  42
1
  10
81.8788366776734
  20
52.036883413752776
  10
81.8788366776734
  20
52.03688341372538
  42
1
  10
81.2788366776735
  20
52.03688341378097
  0
LWPOLYLINE
  5
2382
  100
AcDbEntity
  8
Multi-Layer
  100
AcDbPolyline
  90
4
  70
0
  43
0
  10
82.49718821437654
  20
52.036883413808255
  42
1
  10
83.09718821437644
  20
52.036883413752776
  10
83.09718821437644
  20
52.03688341372538
  42
1
  10
82.49718821437654
  20
52.03688341378097
  0
LWPOLYLINE
  5
2384
  100
AcDbEntity
  8
Multi-Layer
  100
AcDbPolyline
  90
4
  70
0
  43
0
  10
83.71553975107969
  20
52.036883413808255
  42
1
  10
84.31553975107948
  20
52.036883413752776
  10
84.31553975107948
  20
52.03688341372538
  42
1
  10
83.71553975107969
  20
52.03688341378097
  0
LWPOLYLINE
  5
2386
  100
AcDbEntity
  8
Multi-Layer
  100
AcDbPolyline
  90
4
  70
0
  43
0
  10
84.93389128778261
  20
52.036883413808255
  42
1
  10
85.53389128778252
  20
52.036883413752776
  10
85.53389128778252
  20
52.03688341372538
  42
1
  10
84.93389128778261
  20
52.03688341378097
  0
LWPOLYLINE
  5
2388
  100
AcDbEntity
  8
Multi-Layer
  100
AcDbPolyline
  90
4
  70
0
  43
0
  10
79.90748285496574
  20
50.55786131576417
  42
1
  10
80.50748285496564
  20
50.55786131570858
  10
80.50748285496564
  20
50.55786131568118
  42
1
  10
79.90748285496574
  20
50.55786131573677
  0
LWPOLYLINE
  5
2390
  100
AcDbEntity
  8
Multi-Layer
  100
AcDbPolyline
  90
4
  70
0
  43
0
  10
81.12583439166877
  20
50.55786131576417
  42
1
  10
81.72583439166868
  20
50.55786131570858
  10
81.72583439166868
  20
50.55786131568118
  42
1
  10
81.12583439166877
  20
50.55786131573677
  0
LWPOLYLINE
  5
2392
  100
AcDbEntity
  8
Multi-Layer
  100
AcDbPolyline
  90
4
  70
0
  43
0
  10
82.34418592837193
  20
50.55786131576417
  42
1
  10
82.94418592837184
  20
50.55786131570858
  10
82.94418592837184
  20
50.55786131568118
  42
1
  10
82.34418592837193
  20
50.55786131573677
  0
LWPOLYLINE
  5
2394
  100
AcDbEntity
  8
Multi-Layer
  100
AcDbPolyline
  90
4
  70
0
  43
0
  10
83.56253746507508
  20
50.55786131576417
  42
1
  10
84.16253746507499
  20
50.55786131570858
  10
84.16253746507499
  20
50.55786131568118
  42
1
  10
83.56253746507508
  20
50.55786131573677
  0
LWPOLYLINE
  5
2396
  100
AcDbEntity
  8
Multi-Layer
  100
AcDbPolyline
  90
4
  70
0
  43
0
  10
84.78088900177812
  20
50.55786131576417
  42
1
  10
85.38088900177792
  20
50.55786131570858
  10
85.38088900177792
  20
50.55786131568118
  42
1
  10
84.78088900177812
  20
50.55786131573677
  0
LWPOLYLINE
  5
2398
  100
AcDbEntity
  8
Multi-Layer
  100
AcDbPolyline
  90
4
  70
0
  43
0
  10
78.35405638811284
  20
46.768171196369735
  42
1
  10
78.95405638811275
  20
46.768171196288336
  10
78.95405638811275
  20
46.76817119631528
  42
1
  10
78.35405638811284
  20
46.76817119639668
  0
LWPOLYLINE
  5
2400
  100
AcDbEntity
  8
Multi-Layer
  100
AcDbPolyline
  90
4
  70
0
  43
0
  10
79.57240792481588
  20
46.768171196383946
  42
1
  10
80.17240792481579
  20
46.76817119632835
  10
80.17240792481579
  20
46.76817119630107
  42
1
  10
79.57240792481588
  20
46.76817119635655
  0
LWPOLYLINE
  5
2402
  100
AcDbEntity
  8
Multi-Layer
  100
AcDbPolyline
  90
4
  70
0
  43
0
  10
80.79075946151903
  20
46.768171196383946
  42
1
  10
81.39075946151894
  20
46.76817119632835
  10
81.39075946151894
  20
46.76817119630107
  42
1
  10
80.79075946151903
  20
46.76817119635655
  0
LWPOLYLINE
  5
2404
  100
AcDbEntity
  8
Multi-Layer
  100
AcDbPolyline
  90
4
  70
0
  43
0
  10
82.00911099822207
  20
46.768171196383946
  42
1
  10
82.60911099822187
  20
46.76817119632835
  10
82.60911099822187
  20
46.76817119630107
  42
1
  10
82.00911099822207
  20
46.76817119635655
  0
LWPOLYLINE
  5
2406
  100
AcDbEntity
  8
Multi-Layer
  100
AcDbPolyline
  90
4
  70
0
  43
0
  10
83.22746253492511
  20
46.768171196383946
  42
1
  10
83.82746253492502
  20
46.76817119632835
  10
83.82746253492502
  20
46.76817119630107
  42
1
  10
83.22746253492511
  20
46.76817119635655
  0
LWPOLYLINE
  5
2408
  100
AcDbEntity
  8
Multi-Layer
  100
AcDbPolyline
  90
2
  70
1
  43
0
  10
77.86745237490476
  20
44.84577597155203
  42
1
  10
78.46745237490478
  20
44.84577597155203
  42
1
  0
LWPOLYLINE
  5
2410
  100
AcDbEntity
  8
Multi-Layer
  100
AcDbPolyline
  90
4
  70
0
  43
0
  10
79.08580391160791
  20
44.84577597159341
  42
1
  10
79.68580391160782
  20
44.84577597153793
  10
79.68580391160782
  20
44.845775971510534
  42
1
  10
79.08580391160791
  20
44.84577597156613
  0
LWPOLYLINE
  5
2412
  100
AcDbEntity
  8
Multi-Layer
  100
AcDbPolyline
  90
4
  70
0
  43
0
  10
80.30415544831095
  20
44.84577597159341
  42
1
  10
80.90415544831075
  20
44.84577597153793
  10
80.90415544831075
  20
44.845775971510534
  42
1
  10
80.30415544831095
  20
44.84577597156613
  0
LWPOLYLINE
  5
2414
  100
AcDbEntity
  8
Multi-Layer
  100
AcDbPolyline
  90
4
  70
0
  43
0
  10
81.52250698501399
  20
44.84577597159341
  42
1
  10
82.1225069850139
  20
44.84577597153793
  10
82.1225069850139
  20
44.845775971510534
  42
1
  10
81.52250698501399
  20
44.84577597156613
  0
LWPOLYLINE
  5
2416
  100
AcDbEntity
  8
Multi-Layer
  100
AcDbPolyline
  90
4
  70
0
  43
0
  10
82.74085852171714
  20
44.84577597159341
  42
1
  10
83.34085852171705
  20
44.84577597153793
  10
83.34085852171705
  20
44.845775971510534
  42
1
  10
82.74085852171714
  20
44.84577597156613
  0
LWPOLYLINE
  5
2418
  100
AcDbEntity
  8
Multi-Layer
  100
AcDbPolyline
  90
2
  70
1
  43
0
  10
77.35744475488951
  20
42.754744729489516
  42
1
  10
77.95744475488954
  20
42.754744729489516
  42
1
  0
LWPOLYLINE
  5
2420
  100
AcDbEntity
  8
Multi-Layer
  100
AcDbPolyline
  90
4
  70
0
  43
0
  10
78.57579629159267
  20
42.7547447295309
  42
1
  10
79.17579629159258
  20
42.75474472947542
  10
79.17579629159258
  20
42.75474472944802
  42
1
  10
78.57579629159267
  20
42.754744729503614
  0
LWPOLYLINE
  5
2422
  100
AcDbEntity
  8
Multi-Layer
  100
AcDbPolyline
  90
4
  70
0
  43
0
  10
79.7941478282957
  20
42.7547447295309
  42
1
  10
80.39414782829562
  20
42.75474472947542
  10
80.39414782829562
  20
42.75474472944802
  42
1
  10
79.7941478282957
  20
42.754744729503614
  0
LWPOLYLINE
  5
2424
  100
AcDbEntity
  8
Multi-Layer
  100
AcDbPolyline
  90
4
  70
0
  43
0
  10
81.01249936499875
  20
42.7547447295309
  42
1
  10
81.61249936499865
  20
42.75474472947542
  10
81.61249936499865
  20
42.75474472944802
  42
1
  10
81.01249936499875
  20
42.754744729503614
  0
LWPOLYLINE
  5
2426
  100
AcDbEntity
  8
Multi-Layer
  100
AcDbPolyline
  90
4
  70
0
  43
0
  10
82.23085090170179
  20
42.7547447295309
  42
1
  10
82.8308509017017
  20
42.75474472947542
  10
82.8308509017017
  20
42.75474472944802
  42
1
  10
82.23085090170179
  20
42.754744729503614
  0
LWPOLYLINE
  5
2428
  100
AcDbEntity
  8
Multi-Layer
  100
AcDbPolyline
  90
4
  70
0
  43
0
  10
99.38977393954787
  20
38.368679197399956
  42
1
  10
99.98977393954777
  20
38.36867919734436
  10
99.98977393954777
  20
38.368679197316965
  42
1
  10
99.38977393954787
  20
38.36867919737256
  0
LWPOLYLINE
  5
2430
  100
AcDbEntity
  8
Multi-Layer
  100
AcDbPolyline
  90
4
  70
0
  43
0
  10
100.60812547625102
  20
38.368679197399956
  42
1
  10
101.20812547625093
  20
38.36867919734436
  10
101.20812547625093
  20
38.368679197316965
  42
1
  10
100.60812547625102
  20
38.36867919737256
  0
LWPOLYLINE
  5
2432
  100
AcDbEntity
  8
Multi-Layer
  100
AcDbPolyline
  90
4
  70
0
  43
0
  10
101.82647701295406
  20
38.368679197399956
  42
1
  10
102.42647701295397
  20
38.36867919734436
  10
102.42647701295397
  20
38.368679197316965
  42
1
  10
101.82647701295406
  20
38.36867919737256
  0
LWPOLYLINE
  5
2434
  100
AcDbEntity
  8
Multi-Layer
  100
AcDbPolyline
  90
4
  70
0
  43
0
  10
103.04482854965721
  20
38.368679197399956
  42
1
  10
103.64482854965712
  20
38.36867919734436
  10
103.64482854965712
  20
38.368679197316965
  42
1
  10
103.04482854965721
  20
38.36867919737256
  0
LWPOLYLINE
  5
2436
  100
AcDbEntity
  8
Multi-Layer
  100
AcDbPolyline
  90
4
  70
0
  43
0
  10
104.26318008636025
  20
38.368679197399956
  42
1
  10
104.86318008636016
  20
38.36867919734436
  10
104.86318008636016
  20
38.368679197316965
  42
1
  10
104.26318008636025
  20
38.36867919737256
  0
LWPOLYLINE
  5
2438
  100
AcDbEntity
  8
Multi-Layer
  100
AcDbPolyline
  90
4
  70
0
  43
0
  10
100.6137922275845
  20
36.63465328934808
  42
1
  10
101.2137922275844
  20
36.63465328929249
  10
101.2137922275844
  20
36.6346532892652
  42
1
  10
100.6137922275845
  20
36.63465328932068
  0
LWPOLYLINE
  5
2440
  100
AcDbEntity
  8
Multi-Layer
  100
AcDbPolyline
  90
4
  70
0
  43
0
  10
101.83214376428754
  20
36.63465328934808
  42
1
  10
102.43214376428745
  20
36.63465328929249
  10
102.43214376428745
  20
36.6346532892652
  42
1
  10
101.83214376428754
  20
36.63465328932068
  0
LWPOLYLINE
  5
2442
  100
AcDbEntity
  8
Multi-Layer
  100
AcDbPolyline
  90
4
  70
0
  43
0
  10
103.05049530099069
  20
36.63465328934808
  42
1
  10
103.6504953009906
  20
36.63465328929249
  10
103.6504953009906
  20
36.6346532892652
  42
1
  10
103.05049530099069
  20
36.63465328932068
  0
LWPOLYLINE
  5
2444
  100
AcDbEntity
  8
Multi-Layer
  100
AcDbPolyline
  90
4
  70
0
  43
0
  10
104.26884683769384
  20
36.63465328934808
  42
1
  10
104.86884683769364
  20
36.63465328929249
  10
104.86884683769364
  20
36.6346532892652
  42
1
  10
104.26884683769384
  20
36.63465328932068
  0
LWPOLYLINE
  5
2446
  100
AcDbEntity
  8
Multi-Layer
  100
AcDbPolyline
  90
4
  70
0
  43
0
  10
105.48719837439688
  20
36.63465328934808
  42
1
  10
106.08719837439679
  20
36.63465328929249
  10
106.08719837439679
  20
36.6346532892652
  42
1
  10
105.48719837439688
  20
36.63465328932068
  0
LWPOLYLINE
  5
2448
  100
AcDbEntity
  8
Multi-Layer
  100
AcDbPolyline
  90
4
  70
0
  43
0
  10
96.98804419608842
  20
39.58970535945218
  42
1
  10
97.58804419608833
  20
39.5897053593967
  10
97.58804419608833
  20
39.589705359369304
  42
1
  10
96.98804419608842
  20
39.5897053594249
  0
LWPOLYLINE
  5
2450
  100
AcDbEntity
  8
Multi-Layer
  100
AcDbPolyline
  90
4
  70
0
  43
0
  10
98.20639573279158
  20
39.58970535945218
  42
1
  10
98.80639573279149
  20
39.5897053593967
  10
98.80639573279149
  20
39.589705359369304
  42
1
  10
98.20639573279158
  20
39.5897053594249
  0
LWPOLYLINE
  5
2452
  100
AcDbEntity
  8
Multi-Layer
  100
AcDbPolyline
  90
4
  70
0
  43
0
  10
99.42474726949473
  20
39.58970535945218
  42
1
  10
100.02474726949464
  20
39.5897053593967
  10
100.02474726949464
  20
39.589705359369304
  42
1
  10
99.42474726949473
  20
39.5897053594249
  0
LWPOLYLINE
  5
2454
  100
AcDbEntity
  8
Multi-Layer
  100
AcDbPolyline
  90
4
  70
0
  43
0
  10
100.64309880619777
  20
39.58970535945218
  42
1
  10
101.24309880619757
  20
39.5897053593967
  10
101.24309880619757
  20
39.589705359369304
  42
1
  10
100.64309880619777
  20
39.5897053594249
  0
LWPOLYLINE
  5
2456
  100
AcDbEntity
  8
Multi-Layer
  100
AcDbPolyline
  90
4
  70
0
  43
0
  10
99.4644145288292
  20
37.345671831385175
  42
1
  10
100.06441452882899
  20
37.345671831329696
  10
100.06441452882899
  20
37.3456718313023
  42
1
  10
99.4644145288292
  20
37.34567183135789
  0
LWPOLYLINE
  5
2458
  100
AcDbEntity
  8
Multi-Layer
  100
AcDbPolyline
  90
4
  70
0
  43
0
  10
89.08762001524002
  20
46.52880111764375
  42
1
  10
89.68762001523993
  20
46.52880111758816
  10
89.68762001523993
  20
46.52880111756076
  42
1
  10
89.08762001524002
  20
46.528801117616354
  0
LWPOLYLINE
  5
2460
  100
AcDbEntity
  8
Multi-Layer
  100
AcDbPolyline
  90
4
  70
0
  43
0
  10
90.30597155194317
  20
46.52880111764375
  42
1
  10
90.90597155194308
  20
46.52880111758816
  10
90.90597155194308
  20
46.52880111756076
  42
1
  10
90.30597155194317
  20
46.528801117616354
  0
LWPOLYLINE
  5
2462
  100
AcDbEntity
  8
Multi-Layer
  100
AcDbPolyline
  90
4
  70
0
  43
0
  10
91.52432308864633
  20
46.52880111764375
  42
1
  10
92.12432308864624
  20
46.52880111758816
  10
92.12432308864624
  20
46.52880111756076
  42
1
  10
91.52432308864633
  20
46.528801117616354
  0
LWPOLYLINE
  5
2464
  100
AcDbEntity
  8
Multi-Layer
  100
AcDbPolyline
  90
4
  70
0
  43
0
  10
92.74267462534937
  20
46.52880111764375
  42
1
  10
93.34267462534916
  20
46.52880111758816
  10
93.34267462534916
  20
46.52880111756076
  42
1
  10
92.74267462534937
  20
46.528801117616354
  0
LWPOLYLINE
  5
2466
  100
AcDbEntity
  8
Multi-Layer
  100
AcDbPolyline
  90
4
  70
0
  43
0
  10
93.9610261620524
  20
46.52880111764375
  42
1
  10
94.56102616205231
  20
46.52880111758816
  10
94.56102616205231
  20
46.52880111756076
  42
1
  10
93.9610261620524
  20
46.528801117616354
  0
LWPOLYLINE
  5
2468
  100
AcDbEntity
  8
Multi-Layer
  100
AcDbPolyline
  90
2
  70
1
  43
0
  10
1.1113055626111077
  20
17.917373634747378
  42
1
  10
1.7113055626111304
  20
17.917373634747378
  42
1
  0
LWPOLYLINE
  5
2470
  100
AcDbEntity
  8
Multi-Layer
  100
AcDbPolyline
  90
2
  70
1
  43
0
  10
2.329657099314204
  20
17.917373634747378
  42
1
  10
2.929657099314227
  20
17.917373634747378
  42
1
  0
LWPOLYLINE
  5
2472
  100
AcDbEntity
  8
Multi-Layer
  100
AcDbPolyline
  90
2
  70
1
  43
0
  10
3.5480086360173573
  20
17.917373634747378
  42
1
  10
4.148008636017323
  20
17.917373634747378
  42
1
  0
LWPOLYLINE
  5
2474
  100
AcDbEntity
  8
Multi-Layer
  100
AcDbPolyline
  90
2
  70
1
  43
0
  10
4.76636017272034
  20
17.917373634747378
  42
1
  10
5.366360172720363
  20
17.917373634747378
  42
1
  0
LWPOLYLINE
  5
2476
  100
AcDbEntity
  8
Multi-Layer
  100
AcDbPolyline
  90
2
  70
1
  43
0
  10
1.009304038608093
  20
16.38735077470153
  42
1
  10
1.6093040386081157
  20
16.38735077470153
  42
1
  0
LWPOLYLINE
  5
2478
  100
AcDbEntity
  8
Multi-Layer
  100
AcDbPolyline
  90
2
  70
1
  43
0
  10
2.227655575311246
  20
16.38735077470153
  42
1
  10
2.827655575311212
  20
16.38735077470153
  42
1
  0
LWPOLYLINE
  5
2480
  100
AcDbEntity
  8
Multi-Layer
  100
AcDbPolyline
  90
2
  70
1
  43
0
  10
3.446007112014229
  20
16.38735077470153
  42
1
  10
4.046007112014252
  20
16.38735077470153
  42
1
  0
LWPOLYLINE
  5
2482
  100
AcDbEntity
  8
Multi-Layer
  100
AcDbPolyline
  90
2
  70
1
  43
0
  10
4.664358648717325
  20
16.38735077470153
  42
1
  10
5.264358648717291
  20
16.38735077470153
  42
1
  0
LWPOLYLINE
  5
2484
  100
AcDbEntity
  8
Multi-Layer
  100
AcDbPolyline
  90
2
  70
1
  43
0
  10
0.9583032766065571
  20
14.39832105664209
  42
1
  10
1.558303276606523
  20
14.39832105664209
  42
1
  0
LWPOLYLINE
  5
2486
  100
AcDbEntity
  8
Multi-Layer
  100
AcDbPolyline
  90
2
  70
1
  43
0
  10
2.1766548133096535
  20
14.39832105664209
  42
1
  10
2.7766548133096762
  20
14.39832105664209
  42
1
  0
LWPOLYLINE
  5
2488
  100
AcDbEntity
  8
Multi-Layer
  100
AcDbPolyline
  90
2
  70
1
  43
0
  10
3.395006350012693
  20
14.39832105664209
  42
1
  10
3.9950063500127158
  20
14.39832105664209
  42
1
  0
LWPOLYLINE
  5
2490
  100
AcDbEntity
  8
Multi-Layer
  100
AcDbPolyline
  90
2
  70
1
  43
0
  10
4.6133578867157325
  20
14.39832105664209
  42
1
  10
5.213357886715755
  20
14.39832105664209
  42
1
  0
LWPOLYLINE
  5
2492
  100
AcDbEntity
  8
Multi-Layer
  100
AcDbPolyline
  90
2
  70
1
  43
0
  10
11.86392684785369
  20
6.0439598679198525
  42
1
  10
12.463926847853656
  20
6.0439598679198525
  42
1
  0
LWPOLYLINE
  5
2494
  100
AcDbEntity
  8
Multi-Layer
  100
AcDbPolyline
  90
2
  70
1
  43
0
  10
13.082278384556787
  20
6.0439598679198525
  42
1
  10
13.68227838455681
  20
6.0439598679198525
  42
1
  0
LWPOLYLINE
  5
2496
  100
AcDbEntity
  8
Multi-Layer
  100
AcDbPolyline
  90
2
  70
1
  43
0
  10
14.300629921259883
  20
6.0439598679198525
  42
1
  10
14.900629921259906
  20
6.0439598679198525
  42
1
  0
LWPOLYLINE
  5
2498
  100
AcDbEntity
  8
Multi-Layer
  100
AcDbPolyline
  90
2
  70
1
  43
0
  10
15.518981457962923
  20
6.0439598679198525
  42
1
  10
16.11898145796289
  20
6.0439598679198525
  42
1
  0
LWPOLYLINE
  5
2500
  100
AcDbEntity
  8
Multi-Layer
  100
AcDbPolyline
  90
2
  70
1
  43
0
  10
16.73733299466602
  20
6.0439598679198525
  42
1
  10
17.337332994666042
  20
6.0439598679198525
  42
1
  0
LWPOLYLINE
  5
2502
  100
AcDbEntity
  8
Multi-Layer
  100
AcDbPolyline
  90
2
  70
1
  43
0
  10
11.86392684785369
  20
4.54805181610368
  42
1
  10
12.463926847853656
  20
4.54805181610368
  42
1
  0
LWPOLYLINE
  5
2504
  100
AcDbEntity
  8
Multi-Layer
  100
AcDbPolyline
  90
2
  70
1
  43
0
  10
13.082278384556787
  20
4.54805181610368
  42
1
  10
13.68227838455681
  20
4.54805181610368
  42
1
  0
LWPOLYLINE
  5
2506
  100
AcDbEntity
  8
Multi-Layer
  100
AcDbPolyline
  90
2
  70
1
  43
0
  10
14.300629921259883
  20
4.54805181610368
  42
1
  10
14.900629921259906
  20
4.54805181610368
  42
1
  0
LWPOLYLINE
  5
2508
  100
AcDbEntity
  8
Multi-Layer
  100
AcDbPolyline
  90
2
  70
1
  43
0
  10
15.518981457962923
  20
4.54805181610368
  42
1
  10
16.11898145796289
  20
4.54805181610368
  42
1
  0
LWPOLYLINE
  5
2510
  100
AcDbEntity
  8
Multi-Layer
  100
AcDbPolyline
  90
2
  70
1
  43
0
  10
16.73733299466602
  20
4.54805181610368
  42
1
  10
17.337332994666042
  20
4.54805181610368
  42
1
  0
LWPOLYLINE
  5
2512
  100
AcDbEntity
  8
Multi-Layer
  100
AcDbPolyline
  90
2
  70
1
  43
0
  10
29.926736093472186
  20
45.15178054356113
  42
1
  10
30.52673609347221
  20
45.15178054356113
  42
1
  0
LWPOLYLINE
  5
2514
  100
AcDbEntity
  8
Multi-Layer
  100
AcDbPolyline
  90
2
  70
1
  43
0
  10
29.926736093472186
  20
43.1627508255018
  42
1
  10
30.52673609347221
  20
43.1627508255018
  42
1
  0
LWPOLYLINE
  5
2516
  100
AcDbEntity
  8
Multi-Layer
  100
AcDbPolyline
  90
2
  70
1
  43
0
  10
30.878750317500646
  20
43.1627508255018
  42
1
  10
31.47875031750067
  20
43.1627508255018
  42
1
  0
LWPOLYLINE
  5
2518
  100
AcDbEntity
  8
Multi-Layer
  100
AcDbPolyline
  90
2
  70
1
  43
0
  10
30.878750317500646
  20
45.15178054356113
  42
1
  10
31.47875031750067
  20
45.15178054356113
  42
1
  0
LWPOLYLINE
  5
2520
  100
AcDbEntity
  8
Multi-Layer
  100
AcDbPolyline
  90
2
  70
1
  43
0
  10
31.830764541529106
  20
43.1627508255018
  42
1
  10
32.43076454152913
  20
43.1627508255018
  42
1
  0
LWPOLYLINE
  5
2522
  100
AcDbEntity
  8
Multi-Layer
  100
AcDbPolyline
  90
2
  70
1
  43
0
  10
31.830764541529106
  20
45.15178054356113
  42
1
  10
32.43076454152913
  20
45.15178054356113
  42
1
  0
LWPOLYLINE
  5
2524
  100
AcDbEntity
  8
Multi-Layer
  100
AcDbPolyline
  90
2
  70
1
  43
0
  10
32.78277876555751
  20
43.1627508255018
  42
1
  10
33.38277876555753
  20
43.1627508255018
  42
1
  0
LWPOLYLINE
  5
2526
  100
AcDbEntity
  8
Multi-Layer
  100
AcDbPolyline
  90
2
  70
1
  43
0
  10
32.78277876555751
  20
45.15178054356113
  42
1
  10
33.38277876555753
  20
45.15178054356113
  42
1
  0
LWPOLYLINE
  5
2528
  100
AcDbEntity
  8
Multi-Layer
  100
AcDbPolyline
  90
2
  70
1
  43
0
  10
40.68789687579374
  20
45.2537820675642
  42
1
  10
41.28789687579376
  20
45.2537820675642
  42
1
  0
LWPOLYLINE
  5
2530
  100
AcDbEntity
  8
Multi-Layer
  100
AcDbPolyline
  90
2
  70
1
  43
0
  10
40.68789687579374
  20
43.26475234950476
  42
1
  10
41.28789687579376
  20
43.26475234950476
  42
1
  0
LWPOLYLINE
  5
2532
  100
AcDbEntity
  8
Multi-Layer
  100
AcDbPolyline
  90
2
  70
1
  43
0
  10
41.6399110998222
  20
43.26475234950476
  42
1
  10
42.23991109982222
  20
43.26475234950476
  42
1
  0
LWPOLYLINE
  5
2534
  100
AcDbEntity
  8
Multi-Layer
  100
AcDbPolyline
  90
2
  70
1
  43
0
  10
41.6399110998222
  20
45.2537820675642
  42
1
  10
42.23991109982222
  20
45.2537820675642
  42
1
  0
LWPOLYLINE
  5
2536
  100
AcDbEntity
  8
Multi-Layer
  100
AcDbPolyline
  90
2
  70
1
  43
0
  10
42.59192532385072
  20
43.26475234950476
  42
1
  10
43.19192532385068
  20
43.26475234950476
  42
1
  0
LWPOLYLINE
  5
2538
  100
AcDbEntity
  8
Multi-Layer
  100
AcDbPolyline
  90
2
  70
1
  43
0
  10
42.59192532385072
  20
45.2537820675642
  42
1
  10
43.19192532385068
  20
45.2537820675642
  42
1
  0
LWPOLYLINE
  5
2540
  100
AcDbEntity
  8
Multi-Layer
  100
AcDbPolyline
  90
2
  70
1
  43
0
  10
43.54393954787912
  20
43.26475234950476
  42
1
  10
44.143939547879086
  20
43.26475234950476
  42
1
  0
LWPOLYLINE
  5
2542
  100
AcDbEntity
  8
Multi-Layer
  100
AcDbPolyline
  90
2
  70
1
  43
0
  10
43.54393954787912
  20
45.2537820675642
  42
1
  10
44.143939547879086
  20
45.2537820675642
  42
1
  0
LWPOLYLINE
  5
2544
  100
AcDbEntity
  8
Multi-Layer
  100
AcDbPolyline
  90
2
  70
1
  43
0
  10
12.7965049530099
  20
33.83758191516392
  42
1
  10
13.396504953009867
  20
33.83758191516392
  42
1
  0
LWPOLYLINE
  5
2546
  100
AcDbEntity
  8
Multi-Layer
  100
AcDbPolyline
  90
2
  70
1
  43
0
  10
14.785534671069342
  20
33.83758191516392
  42
1
  10
15.385534671069365
  20
33.83758191516392
  42
1
  0
LWPOLYLINE
  5
2548
  100
AcDbEntity
  8
Multi-Layer
  100
AcDbPolyline
  90
2
  70
1
  43
0
  10
14.785534671069342
  20
34.78959613919221
  42
1
  10
15.385534671069365
  20
34.78959613919221
  42
1
  0
LWPOLYLINE
  5
2550
  100
AcDbEntity
  8
Multi-Layer
  100
AcDbPolyline
  90
2
  70
1
  43
0
  10
12.7965049530099
  20
34.78959613919221
  42
1
  10
13.396504953009867
  20
34.78959613919221
  42
1
  0
LWPOLYLINE
  5
2552
  100
AcDbEntity
  8
Multi-Layer
  100
AcDbPolyline
  90
2
  70
1
  43
0
  10
14.785534671069342
  20
35.74161036322073
  42
1
  10
15.385534671069365
  20
35.74161036322073
  42
1
  0
LWPOLYLINE
  5
2554
  100
AcDbEntity
  8
Multi-Layer
  100
AcDbPolyline
  90
2
  70
1
  43
0
  10
12.7965049530099
  20
35.74161036322073
  42
1
  10
13.396504953009867
  20
35.74161036322073
  42
1
  0
LWPOLYLINE
  5
2556
  100
AcDbEntity
  8
Multi-Layer
  100
AcDbPolyline
  90
2
  70
1
  43
0
  10
14.785534671069342
  20
36.693624587249246
  42
1
  10
15.385534671069365
  20
36.693624587249246
  42
1
  0
LWPOLYLINE
  5
2558
  100
AcDbEntity
  8
Multi-Layer
  100
AcDbPolyline
  90
2
  70
1
  43
0
  10
12.7965049530099
  20
36.693624587249246
  42
1
  10
13.396504953009867
  20
36.693624587249246
  42
1
  0
LWPOLYLINE
  5
2560
  100
AcDbEntity
  8
Multi-Layer
  100
AcDbPolyline
  90
2
  70
1
  43
0
  10
2.2903479806959695
  20
31.440546101092195
  42
1
  10
2.890347980695992
  20
31.440546101092195
  42
1
  0
LWPOLYLINE
  5
2562
  100
AcDbEntity
  8
Multi-Layer
  100
AcDbPolyline
  90
2
  70
1
  43
0
  10
4.279377698755411
  20
31.440546101092195
  42
1
  10
4.879377698755434
  20
31.440546101092195
  42
1
  0
LWPOLYLINE
  5
2564
  100
AcDbEntity
  8
Multi-Layer
  100
AcDbPolyline
  90
2
  70
1
  43
0
  10
4.279377698755411
  20
32.39256032512071
  42
1
  10
4.879377698755434
  20
32.39256032512071
  42
1
  0
LWPOLYLINE
  5
2566
  100
AcDbEntity
  8
Multi-Layer
  100
AcDbPolyline
  90
2
  70
1
  43
0
  10
2.2903479806959695
  20
32.39256032512071
  42
1
  10
2.890347980695992
  20
32.39256032512071
  42
1
  0
LWPOLYLINE
  5
2568
  100
AcDbEntity
  8
Multi-Layer
  100
AcDbPolyline
  90
2
  70
1
  43
0
  10
4.279377698755411
  20
33.34457454914923
  42
1
  10
4.879377698755434
  20
33.34457454914923
  42
1
  0
LWPOLYLINE
  5
2570
  100
AcDbEntity
  8
Multi-Layer
  100
AcDbPolyline
  90
2
  70
1
  43
0
  10
2.2903479806959695
  20
33.34457454914923
  42
1
  10
2.890347980695992
  20
33.34457454914923
  42
1
  0
LWPOLYLINE
  5
2572
  100
AcDbEntity
  8
Multi-Layer
  100
AcDbPolyline
  90
2
  70
1
  43
0
  10
4.279377698755411
  20
34.29658877317763
  42
1
  10
4.879377698755434
  20
34.29658877317763
  42
1
  0
LWPOLYLINE
  5
2574
  100
AcDbEntity
  8
Multi-Layer
  100
AcDbPolyline
  90
2
  70
1
  43
0
  10
2.2903479806959695
  20
34.29658877317763
  42
1
  10
2.890347980695992
  20
34.29658877317763
  42
1
  0
LWPOLYLINE
  5
2576
  100
AcDbEntity
  8
Multi-Layer
  100
AcDbPolyline
  90
2
  70
1
  43
0
  10
19.52258064516127
  20
59.27899161798325
  42
1
  10
20.122580645161293
  20
59.27899161798325
  42
1
  0
LWPOLYLINE
  5
2578
  100
AcDbEntity
  8
Multi-Layer
  100
AcDbPolyline
  90
2
  70
1
  43
0
  10
20.740932181864366
  20
59.27899161798325
  42
1
  10
21.34093218186439
  20
59.27899161798325
  42
1
  0
LWPOLYLINE
  5
2580
  100
AcDbEntity
  8
Multi-Layer
  100
AcDbPolyline
  90
2
  70
1
  43
0
  10
21.959283718567406
  20
59.27899161798325
  42
1
  10
22.55928371856743
  20
59.27899161798325
  42
1
  0
LWPOLYLINE
  5
2582
  100
AcDbEntity
  8
Multi-Layer
  100
AcDbPolyline
  90
2
  70
1
  43
0
  10
23.17763525527056
  20
59.27899161798325
  42
1
  10
23.777635255270525
  20
59.27899161798325
  42
1
  0
LWPOLYLINE
  5
2584
  100
AcDbEntity
  8
Multi-Layer
  100
AcDbPolyline
  90
2
  70
1
  43
0
  10
24.3959867919736
  20
59.27899161798325
  42
1
  10
24.99598679197362
  20
59.27899161798325
  42
1
  0
LWPOLYLINE
  5
2586
  100
AcDbEntity
  8
Multi-Layer
  100
AcDbPolyline
  90
2
  70
1
  43
0
  10
25.614338328676638
  20
59.27899161798325
  42
1
  10
26.21433832867666
  20
59.27899161798325
  42
1
  0
LWPOLYLINE
  5
2588
  100
AcDbEntity
  8
Multi-Layer
  100
AcDbPolyline
  90
2
  70
1
  43
0
  10
26.832689865379734
  20
59.27899161798325
  42
1
  10
27.432689865379757
  20
59.27899161798325
  42
1
  0
LWPOLYLINE
  5
2590
  100
AcDbEntity
  8
Multi-Layer
  100
AcDbPolyline
  90
2
  70
1
  43
0
  10
28.05104140208283
  20
59.27899161798325
  42
1
  10
28.651041402082853
  20
59.27899161798325
  42
1
  0
LWPOLYLINE
  5
2592
  100
AcDbEntity
  8
Multi-Layer
  100
AcDbPolyline
  90
2
  70
1
  43
0
  10
29.26939293878587
  20
59.27899161798325
  42
1
  10
29.869392938785836
  20
59.27899161798325
  42
1
  0
LWPOLYLINE
  5
2594
  100
AcDbEntity
  8
Multi-Layer
  100
AcDbPolyline
  90
2
  70
1
  43
0
  10
30.487744475488967
  20
59.27899161798325
  42
1
  10
31.08774447548899
  20
59.27899161798325
  42
1
  0
LWPOLYLINE
  5
2596
  100
AcDbEntity
  8
Multi-Layer
  100
AcDbPolyline
  90
2
  70
1
  43
0
  10
31.706096012192006
  20
59.27899161798325
  42
1
  10
32.30609601219203
  20
59.27899161798325
  42
1
  0
LWPOLYLINE
  5
2598
  100
AcDbEntity
  8
Multi-Layer
  100
AcDbPolyline
  90
2
  70
1
  43
0
  10
32.9244475488951
  20
59.27899161798325
  42
1
  10
33.524447548895125
  20
59.27899161798325
  42
1
  0
LWPOLYLINE
  5
2600
  100
AcDbEntity
  8
Multi-Layer
  100
AcDbPolyline
  90
2
  70
1
  43
0
  10
34.1427990855982
  20
59.27899161798325
  42
1
  10
34.74279908559822
  20
59.27899161798325
  42
1
  0
LWPOLYLINE
  5
2602
  100
AcDbEntity
  8
Multi-Layer
  100
AcDbPolyline
  90
2
  70
1
  43
0
  10
35.36115062230124
  20
59.27899161798325
  42
1
  10
35.961150622301204
  20
59.27899161798325
  42
1
  0
LWPOLYLINE
  5
2604
  100
AcDbEntity
  8
Multi-Layer
  100
AcDbPolyline
  90
2
  70
1
  43
0
  10
36.579502159004335
  20
59.27899161798325
  42
1
  10
37.17950215900436
  20
59.27899161798325
  42
1
  0
LWPOLYLINE
  5
2606
  100
AcDbEntity
  8
Multi-Layer
  100
AcDbPolyline
  90
2
  70
1
  43
0
  10
37.79785369570743
  20
59.27899161798325
  42
1
  10
38.397853695707454
  20
59.27899161798325
  42
1
  0
LWPOLYLINE
  5
2608
  100
AcDbEntity
  8
Multi-Layer
  100
AcDbPolyline
  90
2
  70
1
  43
0
  10
39.016205232410414
  20
59.27899161798325
  42
1
  10
39.61620523241044
  20
59.27899161798325
  42
1
  0
LWPOLYLINE
  5
2610
  100
AcDbEntity
  8
Multi-Layer
  100
AcDbPolyline
  90
2
  70
1
  43
0
  10
40.23455676911357
  20
59.27899161798325
  42
1
  10
40.83455676911359
  20
59.27899161798325
  42
1
  0
LWPOLYLINE
  5
2612
  100
AcDbEntity
  8
Multi-Layer
  100
AcDbPolyline
  90
2
  70
1
  43
0
  10
41.45290830581661
  20
59.27899161798325
  42
1
  10
42.05290830581657
  20
59.27899161798325
  42
1
  0
LWPOLYLINE
  5
2614
  100
AcDbEntity
  8
Multi-Layer
  100
AcDbPolyline
  90
2
  70
1
  43
0
  10
42.6712598425197
  20
59.27899161798325
  42
1
  10
43.271259842519726
  20
59.27899161798325
  42
1
  0
LWPOLYLINE
  5
2616
  100
AcDbEntity
  8
Multi-Layer
  100
AcDbPolyline
  90
2
  70
1
  43
0
  10
43.8896113792228
  20
59.27899161798325
  42
1
  10
44.48961137922282
  20
59.27899161798325
  42
1
  0
LWPOLYLINE
  5
2618
  100
AcDbEntity
  8
Multi-Layer
  100
AcDbPolyline
  90
2
  70
1
  43
0
  10
45.10796291592578
  20
59.27899161798325
  42
1
  10
45.707962915925805
  20
59.27899161798325
  42
1
  0
LWPOLYLINE
  5
2620
  100
AcDbEntity
  8
Multi-Layer
  100
AcDbPolyline
  90
4
  70
0
  43
0
  10
80.36648971297956
  20
58.10597409198965
  42
1
  10
80.96648971297947
  20
58.10597409193406
  10
80.96648971297947
  20
58.10597409190677
  42
1
  10
80.36648971297956
  20
58.10597409196225
  0
LWPOLYLINE
  5
2622
  100
AcDbEntity
  8
Multi-Layer
  100
AcDbPolyline
  90
4
  70
0
  43
0
  10
81.5848412496826
  20
58.10597409198965
  42
1
  10
82.1848412496825
  20
58.10597409193406
  10
82.1848412496825
  20
58.10597409190677
  42
1
  10
81.5848412496826
  20
58.10597409196225
  0
LWPOLYLINE
  5
2624
  100
AcDbEntity
  8
Multi-Layer
  100
AcDbPolyline
  90
4
  70
0
  43
0
  10
82.80319278638552
  20
58.10597409198965
  42
1
  10
83.40319278638543
  20
58.10597409193406
  10
83.40319278638543
  20
58.10597409190677
  42
1
  10
82.80319278638552
  20
58.10597409196225
  0
LWPOLYLINE
  5
2626
  100
AcDbEntity
  8
Multi-Layer
  100
AcDbPolyline
  90
4
  70
0
  43
0
  10
84.02154432308868
  20
58.10597409198965
  42
1
  10
84.62154432308859
  20
58.10597409193406
  10
84.62154432308859
  20
58.10597409190677
  42
1
  10
84.02154432308868
  20
58.10597409196225
  0
LWPOLYLINE
  5
2628
  100
AcDbEntity
  8
Multi-Layer
  100
AcDbPolyline
  90
4
  70
0
  43
0
  10
85.23989585979183
  20
58.10597409198965
  42
1
  10
85.83989585979174
  20
58.10597409193406
  10
85.83989585979174
  20
58.10597409190677
  42
1
  10
85.23989585979183
  20
58.10597409196225
  0
LWPOLYLINE
  5
2630
  100
AcDbEntity
  8
Multi-Layer
  100
AcDbPolyline
  90
4
  70
0
  43
0
  10
86.45824739649487
  20
58.10597409198965
  42
1
  10
87.05824739649478
  20
58.10597409193406
  10
87.05824739649478
  20
58.10597409190677
  42
1
  10
86.45824739649487
  20
58.10597409196225
  0
LWPOLYLINE
  5
2632
  100
AcDbEntity
  8
Multi-Layer
  100
AcDbPolyline
  90
4
  70
0
  43
0
  10
87.67659893319802
  20
58.10597409198965
  42
1
  10
88.27659893319793
  20
58.10597409193406
  10
88.27659893319793
  20
58.10597409190677
  42
1
  10
87.67659893319802
  20
58.10597409196225
  0
LWPOLYLINE
  5
2634
  100
AcDbEntity
  8
Multi-Layer
  100
AcDbPolyline
  90
4
  70
0
  43
0
  10
88.89495046990095
  20
58.10597409198965
  42
1
  10
89.49495046990086
  20
58.10597409193406
  10
89.49495046990086
  20
58.10597409190677
  42
1
  10
88.89495046990095
  20
58.10597409196225
  0
LWPOLYLINE
  5
2636
  100
AcDbEntity
  8
Multi-Layer
  100
AcDbPolyline
  90
4
  70
0
  43
0
  10
90.1133020066041
  20
58.10597409198965
  42
1
  10
90.71330200660401
  20
58.10597409193406
  10
90.71330200660401
  20
58.10597409190677
  42
1
  10
90.1133020066041
  20
58.10597409196225
  0
LWPOLYLINE
  5
2638
  100
AcDbEntity
  8
Multi-Layer
  100
AcDbPolyline
  90
4
  70
0
  43
0
  10
91.33165354330714
  20
58.10597409198965
  42
1
  10
91.93165354330705
  20
58.10597409193406
  10
91.93165354330705
  20
58.10597409190677
  42
1
  10
91.33165354330714
  20
58.10597409196225
  0
LWPOLYLINE
  5
2640
  100
AcDbEntity
  8
Multi-Layer
  100
AcDbPolyline
  90
4
  70
0
  43
0
  10
92.55000508001018
  20
58.10597409198965
  42
1
  10
93.15000508001009
  20
58.10597409193406
  10
93.15000508001009
  20
58.10597409190677
  42
1
  10
92.55000508001018
  20
58.10597409196225
  0
LWPOLYLINE
  5
2642
  100
AcDbEntity
  8
Multi-Layer
  100
AcDbPolyline
  90
4
  70
0
  43
0
  10
93.76835661671333
  20
58.10597409198965
  42
1
  10
94.36835661671324
  20
58.10597409193406
  10
94.36835661671324
  20
58.10597409190677
  42
1
  10
93.76835661671333
  20
58.10597409196225
  0
LWPOLYLINE
  5
2644
  100
AcDbEntity
  8
Multi-Layer
  100
AcDbPolyline
  90
4
  70
0
  43
0
  10
94.98670815341637
  20
58.10597409198965
  42
1
  10
95.58670815341628
  20
58.10597409193406
  10
95.58670815341628
  20
58.10597409190677
  42
1
  10
94.98670815341637
  20
58.10597409196225
  0
LWPOLYLINE
  5
2646
  100
AcDbEntity
  8
Multi-Layer
  100
AcDbPolyline
  90
4
  70
0
  43
0
  10
96.20505969011941
  20
58.10597409198965
  42
1
  10
96.80505969011932
  20
58.10597409193406
  10
96.80505969011932
  20
58.10597409190677
  42
1
  10
96.20505969011941
  20
58.10597409196225
  0
LWPOLYLINE
  5
2648
  100
AcDbEntity
  8
Multi-Layer
  100
AcDbPolyline
  90
4
  70
0
  43
0
  10
97.42341122682257
  20
58.10597409198965
  42
1
  10
98.02341122682247
  20
58.10597409193406
  10
98.02341122682247
  20
58.10597409190677
  42
1
  10
97.42341122682257
  20
58.10597409196225
  0
LWPOLYLINE
  5
2650
  100
AcDbEntity
  8
Multi-Layer
  100
AcDbPolyline
  90
4
  70
0
  43
0
  10
98.6417627635256
  20
58.10597409198965
  42
1
  10
99.24176276352551
  20
58.10597409193406
  10
99.24176276352551
  20
58.10597409190677
  42
1
  10
98.6417627635256
  20
58.10597409196225
  0
LWPOLYLINE
  5
2652
  100
AcDbEntity
  8
Multi-Layer
  100
AcDbPolyline
  90
4
  70
0
  43
0
  10
99.86011430022876
  20
58.10597409198965
  42
1
  10
100.46011430022867
  20
58.10597409193406
  10
100.46011430022867
  20
58.10597409190677
  42
1
  10
99.86011430022876
  20
58.10597409196225
  0
LWPOLYLINE
  5
2654
  100
AcDbEntity
  8
Multi-Layer
  100
AcDbPolyline
  90
4
  70
0
  43
0
  10
101.07846583693168
  20
58.10597409198965
  42
1
  10
101.6784658369316
  20
58.10597409193406
  10
101.6784658369316
  20
58.10597409190677
  42
1
  10
101.07846583693168
  20
58.10597409196225
  0
LWPOLYLINE
  5
2656
  100
AcDbEntity
  8
Multi-Layer
  100
AcDbPolyline
  90
4
  70
0
  43
0
  10
102.29681737363472
  20
58.10597409198965
  42
1
  10
102.89681737363463
  20
58.10597409193406
  10
102.89681737363463
  20
58.10597409190677
  42
1
  10
102.29681737363472
  20
58.10597409196225
  0
LWPOLYLINE
  5
2658
  100
AcDbEntity
  8
Multi-Layer
  100
AcDbPolyline
  90
4
  70
0
  43
0
  10
103.51516891033788
  20
58.10597409198965
  42
1
  10
104.11516891033779
  20
58.10597409193406
  10
104.11516891033779
  20
58.10597409190677
  42
1
  10
103.51516891033788
  20
58.10597409196225
  0
LWPOLYLINE
  5
2660
  100
AcDbEntity
  8
Multi-Layer
  100
AcDbPolyline
  90
4
  70
0
  43
0
  10
104.73352044704103
  20
58.10597409198965
  42
1
  10
105.33352044704094
  20
58.10597409193406
  10
105.33352044704094
  20
58.10597409190677
  42
1
  10
104.73352044704103
  20
58.10597409196225
  0
LWPOLYLINE
  5
2662
  100
AcDbEntity
  8
Multi-Layer
  100
AcDbPolyline
  90
4
  70
0
  43
0
  10
105.95187198374407
  20
58.10597409198965
  42
1
  10
106.55187198374387
  20
58.10597409193406
  10
106.55187198374387
  20
58.10597409190677
  42
1
  10
105.95187198374407
  20
58.10597409196225
  0
LWPOLYLINE
  5
2664
  100
AcDbEntity
  8
Multi-Layer
  100
AcDbPolyline
  90
4
  70
0
  43
0
  10
97.71277368554735
  20
5.940165100371701
  42
1
  10
98.31277368554726
  20
5.940165100316108
  10
98.31277368554726
  20
5.940165100288823
  42
1
  10
97.71277368554735
  20
5.940165100344302
  0
LWPOLYLINE
  5
2666
  100
AcDbEntity
  8
Multi-Layer
  100
AcDbPolyline
  90
4
  70
0
  43
0
  10
97.71277368554735
  20
7.15851663707474
  42
1
  10
98.31277368554726
  20
7.158516637019147
  10
98.31277368554726
  20
7.158516636991749
  42
1
  10
97.71277368554735
  20
7.158516637047342
  0
LWPOLYLINE
  5
2668
  100
AcDbEntity
  8
Multi-Layer
  100
AcDbPolyline
  90
4
  70
0
  43
0
  10
97.71277368554735
  20
8.376868173777893
  42
1
  10
98.31277368554726
  20
8.3768681737223
  10
98.31277368554726
  20
8.376868173694902
  42
1
  10
97.71277368554735
  20
8.376868173750495
  0
LWPOLYLINE
  5
2670
  100
AcDbEntity
  8
Multi-Layer
  100
AcDbPolyline
  90
4
  70
0
  43
0
  10
97.71277368554735
  20
9.595219710481047
  42
1
  10
98.31277368554726
  20
9.595219710425454
  10
98.31277368554726
  20
9.595219710398055
  42
1
  10
97.71277368554735
  20
9.595219710453648
  0
LWPOLYLINE
  5
2672
  100
AcDbEntity
  8
Multi-Layer
  100
AcDbPolyline
  90
4
  70
0
  43
0
  10
97.71277368554735
  20
10.813571247183972
  42
1
  10
98.31277368554726
  20
10.813571247128493
  10
98.31277368554726
  20
10.813571247101095
  42
1
  10
97.71277368554735
  20
10.813571247156688
  0
LWPOLYLINE
  5
2674
  100
AcDbEntity
  8
Multi-Layer
  100
AcDbPolyline
  90
4
  70
0
  43
0
  10
97.71277368554735
  20
12.031922783887126
  42
1
  10
98.31277368554726
  20
12.031922783831533
  10
98.31277368554726
  20
12.031922783804248
  42
1
  10
97.71277368554735
  20
12.031922783859727
  0
LWPOLYLINE
  5
2676
  100
AcDbEntity
  8
Multi-Layer
  100
AcDbPolyline
  90
4
  70
0
  43
0
  10
97.71277368554735
  20
13.250274320590165
  42
1
  10
98.31277368554726
  20
13.250274320534572
  10
98.31277368554726
  20
13.250274320507174
  42
1
  10
97.71277368554735
  20
13.250274320562767
  0
LWPOLYLINE
  5
2678
  100
AcDbEntity
  8
Multi-Layer
  100
AcDbPolyline
  90
4
  70
0
  43
0
  10
97.71277368554735
  20
14.468625857293205
  42
1
  10
98.31277368554726
  20
14.468625857237612
  10
98.31277368554726
  20
14.468625857210213
  42
1
  10
97.71277368554735
  20
14.468625857265806
  0
LWPOLYLINE
  5
2680
  100
AcDbEntity
  8
Multi-Layer
  100
AcDbPolyline
  90
4
  70
0
  43
0
  10
97.71277368554735
  20
15.686977393996358
  42
1
  10
98.31277368554726
  20
15.686977393940765
  10
98.31277368554726
  20
15.686977393913367
  42
1
  10
97.71277368554735
  20
15.68697739396896
  0
LWPOLYLINE
  5
2682
  100
AcDbEntity
  8
Multi-Layer
  100
AcDbPolyline
  90
4
  70
0
  43
0
  10
97.71277368554735
  20
16.905328930699284
  42
1
  10
98.31277368554726
  20
16.905328930643805
  10
98.31277368554726
  20
16.905328930616406
  42
1
  10
97.71277368554735
  20
16.905328930672
  0
LWPOLYLINE
  5
2684
  100
AcDbEntity
  8
Multi-Layer
  100
AcDbPolyline
  90
4
  70
0
  43
0
  10
97.71277368554735
  20
18.123680467402437
  42
1
  10
98.31277368554726
  20
18.123680467346844
  10
98.31277368554726
  20
18.12368046731956
  42
1
  10
97.71277368554735
  20
18.12368046737504
  0
LWPOLYLINE
  5
2686
  100
AcDbEntity
  8
Multi-Layer
  100
AcDbPolyline
  90
4
  70
0
  43
0
  10
97.71277368554735
  20
19.34203200410559
  42
1
  10
98.31277368554726
  20
19.342032004049997
  10
98.31277368554726
  20
19.3420320040226
  42
1
  10
97.71277368554735
  20
19.34203200407819
  0
LWPOLYLINE
  5
2688
  100
AcDbEntity
  8
Multi-Layer
  100
AcDbPolyline
  90
4
  70
0
  43
0
  10
97.71277368554735
  20
20.56038354080863
  42
1
  10
98.31277368554726
  20
20.560383540753037
  10
98.31277368554726
  20
20.56038354072564
  42
1
  10
97.71277368554735
  20
20.56038354078123
  0
LWPOLYLINE
  5
2690
  100
AcDbEntity
  8
Multi-Layer
  100
AcDbPolyline
  90
4
  70
0
  43
0
  10
97.71277368554735
  20
21.778735077511783
  42
1
  10
98.31277368554726
  20
21.77873507745619
  10
98.31277368554726
  20
21.77873507742879
  42
1
  10
97.71277368554735
  20
21.778735077484384
  0
LWPOLYLINE
  5
2692
  100
AcDbEntity
  8
Multi-Layer
  100
AcDbPolyline
  90
4
  70
0
  43
0
  10
97.71277368554735
  20
22.99708661421471
  42
1
  10
98.31277368554726
  20
22.99708661415923
  10
98.31277368554726
  20
22.99708661413183
  42
1
  10
97.71277368554735
  20
22.997086614187424
  0
LWPOLYLINE
  5
2694
  100
AcDbEntity
  8
Multi-Layer
  100
AcDbPolyline
  90
4
  70
0
  43
0
  10
97.71277368554735
  20
24.21543815091775
  42
1
  10
98.31277368554726
  20
24.215438150862155
  10
98.31277368554726
  20
24.21543815083487
  42
1
  10
97.71277368554735
  20
24.21543815089035
  0
LWPOLYLINE
  5
2696
  100
AcDbEntity
  8
Multi-Layer
  100
AcDbPolyline
  90
4
  70
0
  43
0
  10
97.71277368554735
  20
25.4337896876209
  42
1
  10
98.31277368554726
  20
25.43378968756531
  10
98.31277368554726
  20
25.43378968753791
  42
1
  10
97.71277368554735
  20
25.433789687593503
  0
LWPOLYLINE
  5
2698
  100
AcDbEntity
  8
Multi-Layer
  100
AcDbPolyline
  90
4
  70
0
  43
0
  10
97.71277368554735
  20
26.65214122432394
  42
1
  10
98.31277368554726
  20
26.652141224268348
  10
98.31277368554726
  20
26.65214122424095
  42
1
  10
97.71277368554735
  20
26.652141224296543
  0
LWPOLYLINE
  5
2700
  100
AcDbEntity
  8
Multi-Layer
  100
AcDbPolyline
  90
4
  70
0
  43
0
  10
97.71277368554735
  20
27.870492761027094
  42
1
  10
98.31277368554726
  20
27.8704927609715
  10
98.31277368554726
  20
27.870492760944103
  42
1
  10
97.71277368554735
  20
27.870492760999696
  0
LWPOLYLINE
  5
2702
  100
AcDbEntity
  8
Multi-Layer
  100
AcDbPolyline
  90
4
  70
0
  43
0
  10
97.71277368554735
  20
29.088844297730134
  42
1
  10
98.31277368554726
  20
29.088844297674655
  10
98.31277368554726
  20
29.088844297647256
  42
1
  10
97.71277368554735
  20
29.08884429770285
  0
LWPOLYLINE
  5
2704
  100
AcDbEntity
  8
Multi-Layer
  100
AcDbPolyline
  90
4
  70
0
  43
0
  10
97.71277368554735
  20
30.307195834433173
  42
1
  10
98.31277368554726
  20
30.30719583437758
  10
98.31277368554726
  20
30.307195834350296
  42
1
  10
97.71277368554735
  20
30.307195834405775
  0
LWPOLYLINE
  5
2706
  100
AcDbEntity
  8
Multi-Layer
  100
AcDbPolyline
  90
4
  70
0
  43
0
  10
97.71277368554735
  20
31.525547371136327
  42
1
  10
98.31277368554726
  20
31.525547371080734
  10
98.31277368554726
  20
31.525547371053335
  42
1
  10
97.71277368554735
  20
31.525547371108928
  0
LWPOLYLINE
  5
2708
  100
AcDbEntity
  8
Multi-Layer
  100
AcDbPolyline
  90
2
  70
1
  43
0
  10
13.677287274574553
  20
16.68623317246636
  42
1
  10
14.277287274574576
  20
16.68623317246636
  42
1
  0
LWPOLYLINE
  5
2710
  100
AcDbEntity
  8
Multi-Layer
  100
AcDbPolyline
  90
2
  70
1
  43
0
  10
14.493299466598899
  20
17.145240030480068
  42
1
  10
15.093299466598921
  20
17.145240030480068
  42
1
  0
LWPOLYLINE
  5
2712
  100
AcDbEntity
  8
Multi-Layer
  100
AcDbPolyline
  90
2
  70
1
  43
0
  10
13.779288798577568
  20
17.60424688849389
  42
1
  10
14.37928879857759
  20
17.60424688849389
  42
1
  0
LWPOLYLINE
  5
2714
  100
AcDbEntity
  8
Multi-Layer
  100
AcDbPolyline
  90
2
  70
1
  43
0
  10
13.371282702565452
  20
10.515140970282005
  42
1
  10
13.971282702565418
  20
10.515140970282005
  42
1
  0
LWPOLYLINE
  5
2716
  100
AcDbEntity
  8
Multi-Layer
  100
AcDbPolyline
  90
2
  70
1
  43
0
  10
14.238295656591333
  20
10.515140970282005
  42
1
  10
14.838295656591356
  20
10.515140970282005
  42
1
  0
HATCH
  5
1216
  100
AcDbEntity
  8
Document-Layer
  100
AcDbHatch
  10
0
  20
0
  30
0
  210
0
  220
0
  230
1
  2
SOLID
  70
1
  71
0
  91
1
  92
7
  72
0
  73
1
  93
16
  10
32.78150114300229
  20
49.21327406654825
  10
34.0815011430023
  20
49.21327406654825
  10
34.0815011430023
  20
56.06328676657358
  10
21.781475742951443
  20
56.06328676657358
  10
21.781475742951443
  20
49.21327406654825
  10
23.131488442976888
  20
49.21327406654825
  10
23.131488442976888
  20
49.06328676657358
  10
21.681475742951477
  20
49.06328676657358
  10
21.631488442976888
  20
49.11327406654823
  10
21.631488442976888
  20
56.16326136652276
  10
21.681501143002322
  20
56.21327406654814
  10
34.181501143002265
  20
56.21327406654814
  10
34.28150114300229
  20
56.113274066548115
  10
34.28150114300229
  20
49.06328676657358
  10
34.23148844297691
  20
49.013274066548206
  10
32.78150114300229
  20
49.013274066548206
  97
1
  330
1215
  75
0
  76
1
  47
0.4128176842155181
  98
1
  10
34.90568961886538
  20
22.81183545379326
  450
0
  451
0
  460
0
  461
0
  452
1
  462
1
  453
2
  463
0
  63
5
  421
255
  463
1
  63
7
  421
16777215
  470
LINEAR
  1001
ACAD
  1010
0
  1020
0
  1030
0
  0
HATCH
  5
1225
  100
AcDbEntity
  8
Document-Layer
  100
AcDbHatch
  10
0
  20
0
  30
0
  210
0
  220
0
  230
1
  2
SOLID
  70
1
  71
0
  91
1
  92
7
  72
0
  73
1
  93
4
  10
108.50789179578356
  20
43.133393446786954
  10
108.50789179578356
  20
41.633393446786954
  10
108.30789179578352
  20
41.633393446786954
  10
108.30789179578352
  20
43.133393446786954
  97
1
  330
1224
  75
0
  76
1
  47
0.4128176842155181
  98
1
  10
34.90568961886538
  20
22.81183545379326
  450
0
  451
0
  460
0
  461
0
  452
1
  462
1
  453
2
  463
0
  63
5
  421
255
  463
1
  63
7
  421
16777215
  470
LINEAR
  1001
ACAD
  1010
0
  1020
0
  1030
0
  0
HATCH
  5
1227
  100
AcDbEntity
  8
Document-Layer
  100
AcDbHatch
  10
0
  20
0
  30
0
  210
0
  220
0
  230
1
  2
SOLID
  70
1
  71
0
  91
1
  92
7
  72
0
  73
1
  93
4
  10
107.60298958597917
  20
42.50672339344692
  10
109.10296418592833
  20
42.50672339344692
  10
109.10298958597917
  20
42.306748793497604
  10
107.60298958597917
  20
42.30672339344687
  97
1
  330
1226
  75
0
  76
1
  47
0.4128176842155181
  98
1
  10
34.90568961886538
  20
22.81183545379326
  450
0
  451
0
  460
0
  461
0
  452
1
  462
1
  453
2
  463
0
  63
5
  421
255
  463
1
  63
7
  421
16777215
  470
LINEAR
  1001
ACAD
  1010
0
  1020
0
  1030
0
  0
HATCH
  5
1229
  100
AcDbEntity
  8
Document-Layer
  100
AcDbHatch
  10
0
  20
0
  30
0
  210
0
  220
0
  230
1
  2
SOLID
  70
1
  71
0
  91
1
  92
7
  72
0
  73
1
  93
5
  10
108.50298958597915
  20
40.60674879349767
  10
108.50298958597915
  20
40.40674879349774
  10
105.90298958597913
  20
40.40674879349774
  10
105.90298958597913
  20
40.60674879349767
  10
106.00298958597915
  20
40.60674879349767
  97
1
  330
1228
  75
0
  76
1
  47
0.4128176842155181
  98
1
  10
34.90568961886538
  20
22.81183545379326
  450
0
  451
0
  460
0
  461
0
  452
1
  462
1
  453
2
  463
0
  63
5
  421
255
  463
1
  63
7
  421
16777215
  470
LINEAR
  1001
ACAD
  1010
0
  1020
0
  1030
0
  0
HATCH
  5
1238
  100
AcDbEntity
  8
Document-Layer
  100
AcDbHatch
  10
0
  20
0
  30
0
  210
0
  220
0
  230
1
  2
SOLID
  70
1
  71
0
  91
1
  92
7
  72
0
  73
1
  93
4
  10
7.102059944119901
  20
43.133393446786954
  10
7.102059944119901
  20
41.633393446786954
  10
6.902059944119856
  20
41.633393446786954
  10
6.902059944119856
  20
43.133393446786954
  97
1
  330
1237
  75
0
  76
1
  47
0.4128176842155181
  98
1
  10
34.90568961886538
  20
22.81183545379326
  450
0
  451
0
  460
0
  461
0
  452
1
  462
1
  453
2
  463
0
  63
5
  421
255
  463
1
  63
7
  421
16777215
  470
LINEAR
  1001
ACAD
  1010
0
  1020
0
  1030
0
  0
HATCH
  5
1240
  100
AcDbEntity
  8
Document-Layer
  100
AcDbHatch
  10
0
  20
0
  30
0
  210
0
  220
0
  230
1
  2
SOLID
  70
1
  71
0
  91
1
  92
7
  72
0
  73
1
  93
4
  10
6.19715773431551
  20
42.50672339344692
  10
7.697132334264666
  20
42.50672339344692
  10
7.697157734315454
  20
42.306748793497604
  10
6.19715773431551
  20
42.30672339344687
  97
1
  330
1239
  75
0
  76
1
  47
0.4128176842155181
  98
1
  10
34.90568961886538
  20
22.81183545379326
  450
0
  451
0
  460
0
  461
0
  452
1
  462
1
  453
2
  463
0
  63
5
  421
255
  463
1
  63
7
  421
16777215
  470
LINEAR
  1001
ACAD
  1010
0
  1020
0
  1030
0
  0
HATCH
  5
1242
  100
AcDbEntity
  8
Document-Layer
  100
AcDbHatch
  10
0
  20
0
  30
0
  210
0
  220
0
  230
1
  2
SOLID
  70
1
  71
0
  91
1
  92
7
  72
0
  73
1
  93
5
  10
7.097157734315431
  20
40.60674879349767
  10
7.097157734315431
  20
40.40674879349774
  10
4.497157734315522
  20
40.40674879349774
  10
4.497157734315522
  20
40.60674879349767
  10
4.597157734315488
  20
40.60674879349767
  97
1
  330
1241
  75
0
  76
1
  47
0.4128176842155181
  98
1
  10
34.90568961886538
  20
22.81183545379326
  450
0
  451
0
  460
0
  461
0
  452
1
  462
1
  453
2
  463
0
  63
5
  421
255
  463
1
  63
7
  421
16777215
  470
LINEAR
  1001
ACAD
  1010
0
  1020
0
  1030
0
  0
HATCH
  5
1343
  100
AcDbEntity
  8
Document-Layer
  100
AcDbHatch
  10
0
  20
0
  30
0
  210
0
  220
0
  230
1
  2
SOLID
  70
1
  71
0
  91
1
  92
7
  72
0
  73
1
  93
16
  10
74.69805435610868
  20
58.875958851917744
  10
83.4981559563119
  20
58.875958851917744
  10
83.58795869712804
  20
58.838761338733434
  10
83.62515621031235
  20
58.74895859791718
  10
83.62515621031235
  20
40.985179070358186
  10
83.58795869712804
  20
40.895376329542046
  10
83.4981559563119
  20
40.858178816357736
  10
74.69805435610868
  20
40.858178816357736
  10
74.58806890985721
  20
40.92167894335796
  10
74.58806890985721
  20
41.048679197358524
  10
74.69805435610868
  20
41.11217932435875
  10
83.37115570231134
  20
41.11217932435875
  10
83.37115570231134
  20
58.62195834391673
  10
74.69805435610868
  20
58.62195834391673
  10
74.58806890985721
  20
58.685458470916956
  10
74.58806890985721
  20
58.812458724917406
  97
1
  330
1342
  75
0
  76
1
  47
0.4128176842155181
  98
1
  10
34.90568961886538
  20
22.81183545379326
  450
0
  451
0
  460
0
  461
0
  452
1
  462
1
  453
2
  463
0
  63
5
  421
255
  463
1
  63
7
  421
16777215
  470
LINEAR
  1001
ACAD
  1010
0
  1020
0
  1030
0
  0
LWPOLYLINE
  5
2742
  100
AcDbEntity
  8
Document-Layer
  100
AcDbPolyline
  90
4
  70
0
  43
0.25400050800101603
  10
50.28079756159508
  20
-7.953139446278897
  10
50.43065786131575
  20
-7.879479298958586
  10
50.65417830835662
  20
-7.655958851917603
  10
50.65417830835662
  20
-9.220601981203913
  0
LWPOLYLINE
  5
2743
  100
AcDbEntity
  8
Document-Layer
  100
AcDbPolyline
  90
4
  70
0
  43
0.25400050800101603
  10
51.16471932943864
  20
-7.953139446278897
  10
51.3145796291592
  20
-7.879479298958586
  10
51.538100076200124
  20
-7.655958851917603
  10
51.538100076200124
  20
-9.220601981203913
  0
LWPOLYLINE
  5
2744
  100
AcDbEntity
  8
Document-Layer
  100
AcDbPolyline
  90
15
  70
0
  43
0.25400050800101603
  10
52.19850139700276
  20
-7.655958851917603
  10
53.01892303784604
  20
-7.655958851917603
  10
52.57188214376424
  20
-8.252860045720013
  10
52.79540259080517
  20
-8.252860045720013
  10
52.94526289052578
  20
-8.326520193040324
  10
53.01892303784604
  20
-8.40018034036052
  10
53.09258318516635
  20
-8.623700787401503
  10
53.09258318516635
  20
-8.773561087122175
  10
53.01892303784604
  20
-8.997081534163044
  10
52.86906273812548
  20
-9.146941833883602
  10
52.64554229108455
  20
-9.220601981203913
  10
52.422021844043684
  20
-9.220601981203913
  10
52.19850139700276
  20
-9.146941833883602
  10
52.122301244602454
  20
-9.073281686563291
  10
52.0486410972822
  20
-8.92342138684262
  0
LWPOLYLINE
  5
2745
  100
AcDbEntity
  8
Document-Layer
  100
AcDbPolyline
  90
4
  70
1
  43
0.25400050800101603
  10
53.676784353568735
  20
-8.849761239522422
  10
53.603124206248424
  20
-8.92342138684262
  10
53.676784353568735
  20
-8.997081534163044
  10
53.75298450596898
  20
-8.92342138684262
  0
LWPOLYLINE
  5
2746
  100
AcDbEntity
  8
Document-Layer
  100
AcDbPolyline
  90
16
  70
1
  43
0.25400050800101603
  10
54.71056642113285
  20
-7.655958851917603
  10
54.48704597409193
  20
-7.729618999237914
  10
54.33718567437131
  20
-7.953139446278897
  10
54.26352552705106
  20
-8.326520193040324
  10
54.26352552705106
  20
-8.550040640081193
  10
54.33718567437131
  20
-8.92342138684262
  10
54.48704597409193
  20
-9.146941833883602
  10
54.71056642113285
  20
-9.220601981203913
  10
54.86042672085341
  20
-9.220601981203913
  10
55.08394716789434
  20
-9.146941833883602
  10
55.233807467614895
  20
-8.92342138684262
  10
55.307467614935206
  20
-8.550040640081193
  10
55.307467614935206
  20
-8.326520193040324
  10
55.233807467614895
  20
-7.953139446278897
  10
55.08394716789434
  20
-7.729618999237914
  10
54.86042672085341
  20
-7.655958851917603
  0
LWPOLYLINE
  5
2747
  100
AcDbEntity
  8
Document-Layer
  100
AcDbPolyline
  90
16
  70
1
  43
0.25400050800101603
  10
56.26504953009902
  20
-7.655958851917603
  10
56.04152908305815
  20
-7.729618999237914
  10
55.89166878333759
  20
-7.953139446278897
  10
55.818008636017225
  20
-8.326520193040324
  10
55.818008636017225
  20
-8.550040640081193
  10
55.89166878333759
  20
-8.92342138684262
  10
56.04152908305815
  20
-9.146941833883602
  10
56.26504953009902
  20
-9.220601981203913
  10
56.414909829819635
  20
-9.220601981203913
  10
56.638430276860504
  20
-9.146941833883602
  10
56.788290576581176
  20
-8.92342138684262
  10
56.86195072390143
  20
-8.550040640081193
  10
56.86195072390143
  20
-8.326520193040324
  10
56.788290576581176
  20
-7.953139446278897
  10
56.638430276860504
  20
-7.729618999237914
  10
56.414909829819635
  20
-7.655958851917603
  0
LWPOLYLINE
  5
2748
  100
AcDbEntity
  8
Document-Layer
  100
AcDbPolyline
  90
16
  70
1
  43
0.25400050800101603
  10
57.819532639065244
  20
-7.655958851917603
  10
57.596012192024375
  20
-7.729618999237914
  10
57.44615189230376
  20
-7.953139446278897
  10
57.372491744983506
  20
-8.326520193040324
  10
57.372491744983506
  20
-8.550040640081193
  10
57.44615189230376
  20
-8.92342138684262
  10
57.596012192024375
  20
-9.146941833883602
  10
57.819532639065244
  20
-9.220601981203913
  10
57.96939293878586
  20
-9.220601981203913
  10
58.192913385826785
  20
-9.146941833883602
  10
58.34277368554734
  20
-8.92342138684262
  10
58.416433832867654
  20
-8.550040640081193
  10
58.416433832867654
  20
-8.326520193040324
  10
58.34277368554734
  20
-7.953139446278897
  10
58.192913385826785
  20
-7.729618999237914
  10
57.96939293878586
  20
-7.655958851917603
  0
LWPOLYLINE
  5
2749
  100
AcDbEntity
  8
Document-Layer
  100
AcDbPolyline
  90
2
  70
0
  43
0.25400050800101603
  10
58.92697485394967
  20
-8.176659893319766
  10
58.92697485394967
  20
-9.220601981203913
  0
LWPOLYLINE
  5
2750
  100
AcDbEntity
  8
Document-Layer
  100
AcDbPolyline
  90
7
  70
0
  43
0.25400050800101603
  10
58.92697485394967
  20
-8.476380492760882
  10
59.1504953009906
  20
-8.252860045720013
  10
59.30035560071116
  20
-8.176659893319766
  10
59.52387604775208
  20
-8.176659893319766
  10
59.6737363474727
  20
-8.252860045720013
  10
59.74739649479295
  20
-8.476380492760882
  10
59.74739649479295
  20
-9.220601981203913
  0
LWPOLYLINE
  5
2751
  100
AcDbEntity
  8
Document-Layer
  100
AcDbPolyline
  90
7
  70
0
  43
0.25400050800101603
  10
59.74739649479295
  20
-8.476380492760882
  10
59.97091694183388
  20
-8.252860045720013
  10
60.120777241554435
  20
-8.176659893319766
  10
60.34429768859536
  20
-8.176659893319766
  10
60.494157988315976
  20
-8.252860045720013
  10
60.56781813563623
  20
-8.476380492760882
  10
60.56781813563623
  20
-9.220601981203913
  0
LWPOLYLINE
  5
2752
  100
AcDbEntity
  8
Document-Layer
  100
AcDbPolyline
  90
2
  70
0
  43
0.25400050800101603
  10
61.07835915671831
  20
-8.176659893319766
  10
61.07835915671831
  20
-9.220601981203913
  0
LWPOLYLINE
  5
2753
  100
AcDbEntity
  8
Document-Layer
  100
AcDbPolyline
  90
7
  70
0
  43
0.25400050800101603
  10
61.07835915671831
  20
-8.476380492760882
  10
61.30187960375923
  20
-8.252860045720013
  10
61.45173990347979
  20
-8.176659893319766
  10
61.675260350520716
  20
-8.176659893319766
  10
61.825120650241274
  20
-8.252860045720013
  10
61.898780797561585
  20
-8.476380492760882
  10
61.898780797561585
  20
-9.220601981203913
  0
LWPOLYLINE
  5
2754
  100
AcDbEntity
  8
Document-Layer
  100
AcDbPolyline
  90
7
  70
0
  43
0.25400050800101603
  10
61.898780797561585
  20
-8.476380492760882
  10
62.12230124460251
  20
-8.252860045720013
  10
62.27216154432307
  20
-8.176659893319766
  10
62.495681991363995
  20
-8.176659893319766
  10
62.64554229108455
  20
-8.252860045720013
  10
62.719202438404864
  20
-8.476380492760882
  10
62.719202438404864
  20
-9.220601981203913
  0
LWPOLYLINE
  5
2755
  100
AcDbEntity
  8
Document-Layer
  100
AcDbPolyline
  90
2
  70
0
  43
0.25400050800101603
  10
0
  20
9.498557277114628
  10
0
  20
-12.360048260096505
  0
LWPOLYLINE
  5
2756
  100
AcDbEntity
  8
Document-Layer
  100
AcDbPolyline
  90
2
  70
0
  43
0.25400050800101603
  10
112.99999999999994
  20
8.45787655575316
  10
112.99999999999994
  20
-12.360048260096505
  0
LWPOLYLINE
  5
2757
  100
AcDbEntity
  8
Document-Layer
  100
AcDbPolyline
  90
2
  70
0
  43
0.25400050800101603
  10
0
  20
-9.820043180086259
  10
0.7360369517062395
  20
-9.622822673277142
  0
LWPOLYLINE
  5
2758
  100
AcDbEntity
  8
Document-Layer
  100
AcDbPolyline
  90
2
  70
0
  43
0.25400050800101603
  10
0
  20
-9.820043180086259
  10
0.7360369517062395
  20
-10.01726368689549
  0
LWPOLYLINE
  5
2759
  100
AcDbEntity
  8
Document-Layer
  100
AcDbPolyline
  90
2
  70
0
  43
0.25400050800101603
  10
112.99999999999994
  20
-9.820043180086259
  10
112.26396304829376
  20
-9.622822673277142
  0
LWPOLYLINE
  5
2760
  100
AcDbEntity
  8
Document-Layer
  100
AcDbPolyline
  90
2
  70
0
  43
0.25400050800101603
  10
112.99999999999994
  20
-9.820043180086259
  10
112.26396304829376
  20
-10.01726368689549
  0
LWPOLYLINE
  5
2761
  100
AcDbEntity
  8
Document-Layer
  100
AcDbPolyline
  90
2
  70
0
  43
0.25400050800101603
  10
0
  20
-9.820043180086259
  10
50.20459740919483
  20
-9.820043180086259
  0
LWPOLYLINE
  5
2762
  100
AcDbEntity
  8
Document-Layer
  100
AcDbPolyline
  90
2
  70
0
  43
0.25400050800101603
  10
62.795402590805224
  20
-9.820043180086259
  10
112.99999999999994
  20
-9.820043180086259
  0
LWPOLYLINE
  5
2763
  100
AcDbEntity
  8
Document-Layer
  100
AcDbPolyline
  90
23
  70
0
  43
0.25400050800101603
  10
-8.430279400558732
  20
35.179070358140734
  10
-8.280419100838174
  20
35.25527051054098
  10
-8.206758953517863
  20
35.478790957581964
  10
-8.206758953517863
  20
35.62865125730252
  10
-8.280419100838174
  20
35.852171704343505
  10
-8.5039395478791
  20
36.00203200406395
  10
-8.877320294640526
  20
36.07569215138426
  10
-9.25070104140201
  20
36.07569215138426
  10
-9.547881635763247
  20
36.00203200406395
  10
-9.697741935483805
  20
35.852171704343505
  10
-9.771402082804173
  20
35.62865125730252
  10
-9.771402082804173
  20
35.55245110490216
  10
-9.697741935483805
  20
35.328930657861406
  10
-9.547881635763247
  20
35.179070358140734
  10
-9.324361188722378
  20
35.10541021082054
  10
-9.25070104140201
  20
35.10541021082054
  10
-9.027180594361141
  20
35.179070358140734
  10
-8.877320294640526
  20
35.328930657861406
  10
-8.803660147320215
  20
35.55245110490216
  10
-8.803660147320215
  20
35.62865125730252
  10
-8.877320294640526
  20
35.852171704343505
  10
-9.027180594361141
  20
36.00203200406395
  10
-9.25070104140201
  20
36.07569215138426
  0
LWPOLYLINE
  5
2764
  100
AcDbEntity
  8
Document-Layer
  100
AcDbPolyline
  90
16
  70
1
  43
0.25400050800101603
  10
-8.206758953517863
  20
34.14782829565661
  10
-8.280419100838174
  20
34.37134874269748
  10
-8.5039395478791
  20
34.52120904241815
  10
-8.877320294640526
  20
34.59486918973835
  10
-9.100840741681452
  20
34.59486918973835
  10
-9.474221488442936
  20
34.52120904241815
  10
-9.697741935483805
  20
34.37134874269748
  10
-9.771402082804173
  20
34.14782829565661
  10
-9.771402082804173
  20
33.99796799593605
  10
-9.697741935483805
  20
33.77444754889507
  10
-9.474221488442936
  20
33.624587249174624
  10
-9.100840741681452
  20
33.55092710185431
  10
-8.877320294640526
  20
33.55092710185431
  10
-8.5039395478791
  20
33.624587249174624
  10
-8.280419100838174
  20
33.77444754889507
  10
-8.206758953517863
  20
33.99796799593605
  0
LWPOLYLINE
  5
2765
  100
AcDbEntity
  8
Document-Layer
  100
AcDbPolyline
  90
4
  70
1
  43
0.25400050800101603
  10
-9.400561341122682
  20
32.966725933451926
  10
-9.474221488442936
  20
33.04038608077224
  10
-9.547881635763247
  20
32.966725933451926
  10
-9.474221488442936
  20
32.890525781051565
  0
LWPOLYLINE
  5
2766
  100
AcDbEntity
  8
Document-Layer
  100
AcDbPolyline
  90
16
  70
1
  43
0.25400050800101603
  10
-8.206758953517863
  20
31.93294386588775
  10
-8.280419100838174
  20
32.15646431292862
  10
-8.5039395478791
  20
32.30632461264929
  10
-8.877320294640526
  20
32.3799847599696
  10
-9.100840741681452
  20
32.3799847599696
  10
-9.474221488442936
  20
32.30632461264929
  10
-9.697741935483805
  20
32.15646431292862
  10
-9.771402082804173
  20
31.93294386588775
  10
-9.771402082804173
  20
31.783083566167193
  10
-9.697741935483805
  20
31.559563119126324
  10
-9.474221488442936
  20
31.409702819405652
  10
-9.100840741681452
  20
31.33604267208534
  10
-8.877320294640526
  20
31.33604267208534
  10
-8.5039395478791
  20
31.409702819405652
  10
-8.280419100838174
  20
31.559563119126324
  10
-8.206758953517863
  20
31.783083566167193
  0
LWPOLYLINE
  5
2767
  100
AcDbEntity
  8
Document-Layer
  100
AcDbPolyline
  90
16
  70
1
  43
0.25400050800101603
  10
-8.206758953517863
  20
30.378460756921527
  10
-8.280419100838174
  20
30.60198120396251
  10
-8.5039395478791
  20
30.751841503682954
  10
-8.877320294640526
  20
30.82550165100338
  10
-9.100840741681452
  20
30.82550165100338
  10
-9.474221488442936
  20
30.751841503682954
  10
-9.697741935483805
  20
30.60198120396251
  10
-9.771402082804173
  20
30.378460756921527
  10
-9.771402082804173
  20
30.228600457200855
  10
-9.697741935483805
  20
30.0050800101601
  10
-9.474221488442936
  20
29.855219710439428
  10
-9.100840741681452
  20
29.78155956311923
  10
-8.877320294640526
  20
29.78155956311923
  10
-8.5039395478791
  20
29.855219710439428
  10
-8.280419100838174
  20
30.0050800101601
  10
-8.206758953517863
  20
30.228600457200855
  0
LWPOLYLINE
  5
2768
  100
AcDbEntity
  8
Document-Layer
  100
AcDbPolyline
  90
16
  70
1
  43
0.25400050800101603
  10
-8.206758953517863
  20
28.823977647955303
  10
-8.280419100838174
  20
29.047498094996286
  10
-8.5039395478791
  20
29.197358394716844
  10
-8.877320294640526
  20
29.27101854203704
  10
-9.100840741681452
  20
29.27101854203704
  10
-9.474221488442936
  20
29.197358394716844
  10
-9.697741935483805
  20
29.047498094996286
  10
-9.771402082804173
  20
28.823977647955303
  10
-9.771402082804173
  20
28.674117348234745
  10
-9.697741935483805
  20
28.450596901193762
  10
-9.474221488442936
  20
28.300736601473318
  10
-9.100840741681452
  20
28.227076454153007
  10
-8.877320294640526
  20
28.227076454153007
  10
-8.5039395478791
  20
28.300736601473318
  10
-8.280419100838174
  20
28.450596901193762
  10
-8.206758953517863
  20
28.674117348234745
  0
LWPOLYLINE
  5
2769
  100
AcDbEntity
  8
Document-Layer
  100
AcDbPolyline
  90
2
  70
0
  43
0.25400050800101603
  10
-8.727459994919911
  20
27.71653543307093
  10
-9.771402082804173
  20
27.71653543307093
  0
LWPOLYLINE
  5
2770
  100
AcDbEntity
  8
Document-Layer
  100
AcDbPolyline
  90
7
  70
0
  43
0.25400050800101603
  10
-9.027180594361141
  20
27.71653543307093
  10
-8.803660147320215
  20
27.493014986029948
  10
-8.727459994919911
  20
27.34315468630939
  10
-8.727459994919911
  20
27.11963423926852
  10
-8.803660147320215
  20
26.96977393954785
  10
-9.027180594361141
  20
26.896113792227652
  10
-9.771402082804173
  20
26.896113792227652
  0
LWPOLYLINE
  5
2771
  100
AcDbEntity
  8
Document-Layer
  100
AcDbPolyline
  90
7
  70
0
  43
0.25400050800101603
  10
-9.027180594361141
  20
26.896113792227652
  10
-8.803660147320215
  20
26.67259334518667
  10
-8.727459994919911
  20
26.52273304546611
  10
-8.727459994919911
  20
26.299212598425243
  10
-8.803660147320215
  20
26.14935229870457
  10
-9.027180594361141
  20
26.07569215138426
  10
-9.771402082804173
  20
26.07569215138426
  0
LWPOLYLINE
  5
2772
  100
AcDbEntity
  8
Document-Layer
  100
AcDbPolyline
  90
2
  70
0
  43
0.25400050800101603
  10
-8.727459994919911
  20
25.565151130302297
  10
-9.771402082804173
  20
25.565151130302297
  0
LWPOLYLINE
  5
2773
  100
AcDbEntity
  8
Document-Layer
  100
AcDbPolyline
  90
7
  70
0
  43
0.25400050800101603
  10
-9.027180594361141
  20
25.565151130302297
  10
-8.803660147320215
  20
25.341630683261428
  10
-8.727459994919911
  20
25.191770383540756
  10
-8.727459994919911
  20
24.968249936499888
  10
-8.803660147320215
  20
24.81838963677933
  10
-9.027180594361141
  20
24.74472948945902
  10
-9.771402082804173
  20
24.74472948945902
  0
LWPOLYLINE
  5
2774
  100
AcDbEntity
  8
Document-Layer
  100
AcDbPolyline
  90
7
  70
0
  43
0.25400050800101603
  10
-9.027180594361141
  20
24.74472948945902
  10
-8.803660147320215
  20
24.52120904241815
  10
-8.727459994919911
  20
24.371348742697478
  10
-8.727459994919911
  20
24.14782829565661
  10
-8.803660147320215
  20
23.99796799593605
  10
-9.027180594361141
  20
23.92430784861574
  10
-9.771402082804173
  20
23.92430784861574
  0
LWPOLYLINE
  5
2775
  100
AcDbEntity
  8
Document-Layer
  100
AcDbPolyline
  90
2
  70
0
  43
0.25400050800101603
  10
8.08374396748792
  20
0
  10
-12.910848361696708
  20
0
  0
LWPOLYLINE
  5
2776
  100
AcDbEntity
  8
Document-Layer
  100
AcDbPolyline
  90
2
  70
0
  43
0.25400050800101603
  10
9.659974599949237
  20
60.000000000000114
  10
-12.910848361696708
  20
60.000000000000114
  0
LWPOLYLINE
  5
2777
  100
AcDbEntity
  8
Document-Layer
  100
AcDbPolyline
  90
2
  70
0
  43
0.25400050800101603
  10
-10.370843281686518
  20
0
  10
-10.568063788495635
  20
0.7360369517061827
  0
LWPOLYLINE
  5
2778
  100
AcDbEntity
  8
Document-Layer
  100
AcDbPolyline
  90
2
  70
0
  43
0.25400050800101603
  10
-10.370843281686518
  20
0
  10
-10.173622774877401
  20
0.7360369517061827
  0
LWPOLYLINE
  5
2779
  100
AcDbEntity
  8
Document-Layer
  100
AcDbPolyline
  90
2
  70
0
  43
0.25400050800101603
  10
-10.370843281686518
  20
60.000000000000114
  10
-10.568063788495635
  20
59.26396304829393
  0
LWPOLYLINE
  5
2780
  100
AcDbEntity
  8
Document-Layer
  100
AcDbPolyline
  90
2
  70
0
  43
0.25400050800101603
  10
-10.370843281686518
  20
60.000000000000114
  10
-10.173622774877401
  20
59.26396304829393
  0
LWPOLYLINE
  5
2781
  100
AcDbEntity
  8
Document-Layer
  100
AcDbPolyline
  90
2
  70
0
  43
0.25400050800101603
  10
-10.370843281686518
  20
0
  10
-10.370843281686518
  20
23.848107696215493
  0
LWPOLYLINE
  5
2782
  100
AcDbEntity
  8
Document-Layer
  100
AcDbPolyline
  90
2
  70
0
  43
0.25400050800101603
  10
-10.370843281686518
  20
36.15189230378462
  10
-10.370843281686518
  20
60.000000000000114
  0
LWPOLYLINE
  5
2829
  100
AcDbEntity
  8
Document-Layer
  100
AcDbPolyline
  90
16
  70
1
  43
0.005080010160020321
  10
32.78150114300229
  20
49.21327406654825
  10
34.0815011430023
  20
49.21327406654825
  10
34.0815011430023
  20
56.06328676657358
  10
21.781475742951443
  20
56.06328676657358
  10
21.781475742951443
  20
49.21327406654825
  10
23.131488442976888
  20
49.21327406654825
  10
23.131488442976888
  20
49.06328676657358
  10
21.681475742951477
  20
49.06328676657358
  10
21.631488442976888
  20
49.11327406654823
  10
21.631488442976888
  20
56.16326136652276
  10
21.681501143002322
  20
56.21327406654814
  10
34.181501143002265
  20
56.21327406654814
  10
34.28150114300229
  20
56.113274066548115
  10
34.28150114300229
  20
49.06328676657358
  10
34.23148844297691
  20
49.013274066548206
  10
32.78150114300229
  20
49.013274066548206
  0
LWPOLYLINE
  5
2839
  100
AcDbEntity
  8
Document-Layer
  100
AcDbPolyline
  90
4
  70
1
  43
0.005080010160020321
  10
108.50789179578356
  20
43.133393446786954
  10
108.50789179578356
  20
41.633393446786954
  10
108.30789179578352
  20
41.633393446786954
  10
108.30789179578352
  20
43.133393446786954
  0
LWPOLYLINE
  5
2840
  100
AcDbEntity
  8
Document-Layer
  100
AcDbPolyline
  90
4
  70
1
  43
0.005080010160020321
  10
107.60298958597917
  20
42.50672339344692
  10
109.10296418592833
  20
42.50672339344692
  10
109.10298958597917
  20
42.306748793497604
  10
107.60298958597917
  20
42.30672339344687
  0
LWPOLYLINE
  5
2841
  100
AcDbEntity
  8
Document-Layer
  100
AcDbPolyline
  90
5
  70
1
  43
0.005080010160020321
  10
108.50298958597915
  20
40.60674879349767
  10
108.50298958597915
  20
40.40674879349774
  10
105.90298958597913
  20
40.40674879349774
  10
105.90298958597913
  20
40.60674879349767
  10
106.00298958597915
  20
40.60674879349767
  0
LWPOLYLINE
  5
2851
  100
AcDbEntity
  8
Document-Layer
  100
AcDbPolyline
  90
4
  70
1
  43
0.005080010160020321
  10
7.102059944119901
  20
43.133393446786954
  10
7.102059944119901
  20
41.633393446786954
  10
6.902059944119856
  20
41.633393446786954
  10
6.902059944119856
  20
43.133393446786954
  0
LWPOLYLINE
  5
2852
  100
AcDbEntity
  8
Document-Layer
  100
AcDbPolyline
  90
4
  70
1
  43
0.005080010160020321
  10
6.19715773431551
  20
42.50672339344692
  10
7.697132334264666
  20
42.50672339344692
  10
7.697157734315454
  20
42.306748793497604
  10
6.19715773431551
  20
42.30672339344687
  0
LWPOLYLINE
  5
2853
  100
AcDbEntity
  8
Document-Layer
  100
AcDbPolyline
  90
5
  70
1
  43
0.005080010160020321
  10
7.097157734315431
  20
40.60674879349767
  10
7.097157734315431
  20
40.40674879349774
  10
4.497157734315522
  20
40.40674879349774
  10
4.497157734315522
  20
40.60674879349767
  10
4.597157734315488
  20
40.60674879349767
  0
LWPOLYLINE
  5
2946
  100
AcDbEntity
  8
Document-Layer
  100
AcDbPolyline
  90
10
  70
1
  43
0.005080010160020321
  10
74.69805435610868
  20
58.875958851917744
  10
83.4981559563119
  20
58.875958851917744
  42
-0.414
  10
83.62515621031235
  20
58.74895859791718
  10
83.62515621031235
  20
40.985179070358186
  42
-0.414
  10
83.4981559563119
  20
40.858178816357736
  10
74.69805435610868
  20
40.858178816357736
  42
-1
  10
74.69805435610868
  20
41.11217932435875
  10
83.37115570231134
  20
41.11217932435875
  10
83.37115570231134
  20
58.62195834391673
  10
74.69805435610868
  20
58.62195834391673
  42
-1
  0
HATCH
  5
1627
  100
AcDbEntity
  8
Hole-Layer
  100
AcDbHatch
  10
0
  20
0
  30
0
  210
0
  220
0
  230
1
  2
SOLID
  70
1
  71
0
  91
1
  92
7
  72
1
  73
1
  93
2
  10
15.908204216408427
  20
48.68784861569725
  42
1
  10
17.107086614173223
  20
48.68784861569725
  42
1
  97
1
  330
1626
  75
0
  76
1
  47
0.8681437583925616
  98
1
  10
3.629517071192367
  20
33.92795499968543
  450
0
  451
0
  460
0
  461
0
  452
1
  462
1
  453
2
  463
0
  63
5
  421
255
  463
1
  63
7
  421
16777215
  470
LINEAR
  1001
ACAD
  1010
0
  1020
0
  1030
0
  0
HATCH
  5
1647
  100
AcDbEntity
  8
Hole-Layer
  100
AcDbHatch
  10
0
  20
0
  30
0
  210
0
  220
0
  230
1
  2
SOLID
  70
1
  71
0
  91
1
  92
7
  72
1
  73
1
  93
2
  10
13.408839217678468
  20
48.68784861569725
  42
1
  10
14.607721615443262
  20
48.68784861569725
  42
1
  97
1
  330
1646
  75
0
  76
1
  47
0.8681437583925616
  98
1
  10
3.629517071192367
  20
33.92795499968543
  450
0
  451
0
  460
0
  461
0
  452
1
  462
1
  453
2
  463
0
  63
5
  421
255
  463
1
  63
7
  421
16777215
  470
LINEAR
  1001
ACAD
  1010
0
  1020
0
  1030
0
  0
HATCH
  5
1667
  100
AcDbEntity
  8
Hole-Layer
  100
AcDbHatch
  10
0
  20
0
  30
0
  210
0
  220
0
  230
1
  2
SOLID
  70
1
  71
0
  91
1
  92
7
  72
1
  73
1
  93
2
  10
10.909474218948452
  20
48.68784861569725
  42
1
  10
12.108356616713246
  20
48.68784861569725
  42
1
  97
1
  330
1666
  75
0
  76
1
  47
0.8681437583925616
  98
1
  10
3.629517071192367
  20
33.92795499968543
  450
0
  451
0
  460
0
  461
0
  452
1
  462
1
  453
2
  463
0
  63
5
  421
255
  463
1
  63
7
  421
16777215
  470
LINEAR
  1001
ACAD
  1010
0
  1020
0
  1030
0
  0
HATCH
  5
1687
  100
AcDbEntity
  8
Hole-Layer
  100
AcDbHatch
  10
0
  20
0
  30
0
  210
0
  220
0
  230
1
  2
SOLID
  70
1
  71
0
  91
1
  92
7
  72
1
  73
1
  93
2
  10
23.63115824231645
  20
48.663286766573606
  42
1
  10
24.731183642367252
  20
48.663286766573606
  42
1
  97
1
  330
1686
  75
0
  76
1
  47
0.8681437583925616
  98
1
  10
3.629517071192367
  20
33.92795499968543
  450
0
  451
0
  460
0
  461
0
  452
1
  462
1
  453
2
  463
0
  63
5
  421
255
  463
1
  63
7
  421
16777215
  470
LINEAR
  1001
ACAD
  1010
0
  1020
0
  1030
0
  0
HATCH
  5
1707
  100
AcDbEntity
  8
Hole-Layer
  100
AcDbHatch
  10
0
  20
0
  30
0
  210
0
  220
0
  230
1
  2
SOLID
  70
1
  71
0
  91
1
  92
7
  72
1
  73
1
  93
2
  10
26.133063246126515
  20
48.663286766573606
  42
1
  10
27.23308864617732
  20
48.663286766573606
  42
1
  97
1
  330
1706
  75
0
  76
1
  47
0.8681437583925616
  98
1
  10
3.629517071192367
  20
33.92795499968543
  450
0
  451
0
  460
0
  461
0
  452
1
  462
1
  453
2
  463
0
  63
5
  421
255
  463
1
  63
7
  421
16777215
  470
LINEAR
  1001
ACAD
  1010
0
  1020
0
  1030
0
  0
HATCH
  5
1727
  100
AcDbEntity
  8
Hole-Layer
  100
AcDbHatch
  10
0
  20
0
  30
0
  210
0
  220
0
  230
1
  2
SOLID
  70
1
  71
0
  91
1
  92
7
  72
1
  73
1
  93
2
  10
28.632428244856474
  20
48.663286766573606
  42
1
  10
29.732453644907277
  20
48.663286766573606
  42
1
  97
1
  330
1726
  75
0
  76
1
  47
0.8681437583925616
  98
1
  10
3.629517071192367
  20
33.92795499968543
  450
0
  451
0
  460
0
  461
0
  452
1
  462
1
  453
2
  463
0
  63
5
  421
255
  463
1
  63
7
  421
16777215
  470
LINEAR
  1001
ACAD
  1010
0
  1020
0
  1030
0
  0
HATCH
  5
1747
  100
AcDbEntity
  8
Hole-Layer
  100
AcDbHatch
  10
0
  20
0
  30
0
  210
0
  220
0
  230
1
  2
SOLID
  70
1
  71
0
  91
1
  92
7
  72
1
  73
1
  93
2
  10
31.13179324358649
  20
48.663286766573606
  42
1
  10
32.23181864363729
  20
48.663286766573606
  42
1
  97
1
  330
1746
  75
0
  76
1
  47
0.8681437583925616
  98
1
  10
3.629517071192367
  20
33.92795499968543
  450
0
  451
0
  460
0
  461
0
  452
1
  462
1
  453
2
  463
0
  63
5
  421
255
  463
1
  63
7
  421
16777215
  470
LINEAR
  1001
ACAD
  1010
0
  1020
0
  1030
0
  0
HATCH
  5
1767
  100
AcDbEntity
  8
Hole-Layer
  100
AcDbHatch
  10
0
  20
0
  30
0
  210
0
  220
0
  230
1
  2
SOLID
  70
1
  71
0
  91
1
  92
7
  72
1
  73
1
  93
2
  10
106.7529768859538
  20
40.73672085344174
  42
1
  10
107.6530022860046
  20
40.73672085344174
  42
1
  97
1
  330
1766
  75
0
  76
1
  47
0.8681437583925616
  98
1
  10
3.629517071192367
  20
33.92795499968543
  450
0
  451
0
  460
0
  461
0
  452
1
  462
1
  453
2
  463
0
  63
5
  421
255
  463
1
  63
7
  421
16777215
  470
LINEAR
  1001
ACAD
  1010
0
  1020
0
  1030
0
  0
HATCH
  5
1787
  100
AcDbEntity
  8
Hole-Layer
  100
AcDbHatch
  10
0
  20
0
  30
0
  210
0
  220
0
  230
1
  2
SOLID
  70
1
  71
0
  91
1
  92
7
  72
1
  73
1
  93
2
  10
106.7529768859538
  20
43.276725933451985
  42
1
  10
107.6530022860046
  20
43.276725933451985
  42
1
  97
1
  330
1786
  75
0
  76
1
  47
0.8681437583925616
  98
1
  10
3.629517071192367
  20
33.92795499968543
  450
0
  451
0
  460
0
  461
0
  452
1
  462
1
  453
2
  463
0
  63
5
  421
255
  463
1
  63
7
  421
16777215
  470
LINEAR
  1001
ACAD
  1010
0
  1020
0
  1030
0
  0
HATCH
  5
1807
  100
AcDbEntity
  8
Hole-Layer
  100
AcDbHatch
  10
0
  20
0
  30
0
  210
0
  220
0
  230
1
  2
SOLID
  70
1
  71
0
  91
1
  92
7
  72
1
  73
1
  93
2
  10
5.347145034290076
  20
40.73672085344174
  42
1
  10
6.247170434340877
  20
40.73672085344174
  42
1
  97
1
  330
1806
  75
0
  76
1
  47
0.8681437583925616
  98
1
  10
3.629517071192367
  20
33.92795499968543
  450
0
  451
0
  460
0
  461
0
  452
1
  462
1
  453
2
  463
0
  63
5
  421
255
  463
1
  63
7
  421
16777215
  470
LINEAR
  1001
ACAD
  1010
0
  1020
0
  1030
0
  0
HATCH
  5
1827
  100
AcDbEntity
  8
Hole-Layer
  100
AcDbHatch
  10
0
  20
0
  30
0
  210
0
  220
0
  230
1
  2
SOLID
  70
1
  71
0
  91
1
  92
7
  72
1
  73
1
  93
2
  10
5.347145034290076
  20
43.276725933451985
  42
1
  10
6.247170434340877
  20
43.276725933451985
  42
1
  97
1
  330
1826
  75
0
  76
1
  47
0.8681437583925616
  98
1
  10
3.629517071192367
  20
33.92795499968543
  450
0
  451
0
  460
0
  461
0
  452
1
  462
1
  453
2
  463
0
  63
5
  421
255
  463
1
  63
7
  421
16777215
  470
LINEAR
  1001
ACAD
  1010
0
  1020
0
  1030
0
  0
HATCH
  5
1879
  100
AcDbEntity
  8
Hole-Layer
  100
AcDbHatch
  10
0
  20
0
  30
0
  210
0
  220
0
  230
1
  2
SOLID
  70
1
  71
0
  91
1
  92
7
  72
1
  73
1
  93
2
  10
8.70001651003304
  20
12.420050800101649
  42
1
  10
9.70001905003812
  20
12.420050800101649
  42
1
  97
1
  330
1878
  75
0
  76
1
  47
0.8681437583925616
  98
1
  10
3.629517071192367
  20
33.92795499968543
  450
0
  451
0
  460
0
  461
0
  452
1
  462
1
  453
2
  463
0
  63
5
  421
255
  463
1
  63
7
  421
16777215
  470
LINEAR
  1001
ACAD
  1010
0
  1020
0
  1030
0
  0
HATCH
  5
1899
  100
AcDbEntity
  8
Hole-Layer
  100
AcDbHatch
  10
0
  20
0
  30
0
  210
0
  220
0
  230
1
  2
SOLID
  70
1
  71
0
  91
1
  92
7
  72
1
  73
1
  93
2
  10
8.70001651003304
  20
17.500060960121914
  42
1
  10
9.70001905003812
  20
17.500060960121914
  42
1
  97
1
  330
1898
  75
0
  76
1
  47
0.8681437583925616
  98
1
  10
3.629517071192367
  20
33.92795499968543
  450
0
  451
0
  460
0
  461
0
  452
1
  462
1
  453
2
  463
0
  63
5
  421
255
  463
1
  63
7
  421
16777215
  470
LINEAR
  1001
ACAD
  1010
0
  1020
0
  1030
0
  0
HATCH
  5
1919
  100
AcDbEntity
  8
Hole-Layer
  100
AcDbHatch
  10
0
  20
0
  30
0
  210
0
  220
0
  230
1
  2
SOLID
  70
1
  71
0
  91
1
  92
7
  72
1
  73
1
  93
2
  10
8.70001651003304
  20
22.580071120142293
  42
1
  10
9.70001905003812
  20
22.580071120142293
  42
1
  97
1
  330
1918
  75
0
  76
1
  47
0.8681437583925616
  98
1
  10
3.629517071192367
  20
33.92795499968543
  450
0
  451
0
  460
0
  461
0
  452
1
  462
1
  453
2
  463
0
  63
5
  421
255
  463
1
  63
7
  421
16777215
  470
LINEAR
  1001
ACAD
  1010
0
  1020
0
  1030
0
  0
HATCH
  5
1939
  100
AcDbEntity
  8
Hole-Layer
  100
AcDbHatch
  10
0
  20
0
  30
0
  210
0
  220
0
  230
1
  2
SOLID
  70
1
  71
0
  91
1
  92
7
  72
1
  73
1
  93
2
  10
10.909474218948452
  20
8.499248158496357
  42
1
  10
12.108356616713246
  20
8.499248158496357
  42
1
  97
1
  330
1938
  75
0
  76
1
  47
0.8681437583925616
  98
1
  10
3.629517071192367
  20
33.92795499968543
  450
0
  451
0
  460
0
  461
0
  452
1
  462
1
  453
2
  463
0
  63
5
  421
255
  463
1
  63
7
  421
16777215
  470
LINEAR
  1001
ACAD
  1010
0
  1020
0
  1030
0
  0
HATCH
  5
1959
  100
AcDbEntity
  8
Hole-Layer
  100
AcDbHatch
  10
0
  20
0
  30
0
  210
0
  220
0
  230
1
  2
SOLID
  70
1
  71
0
  91
1
  92
7
  72
1
  73
1
  93
2
  10
13.408839217678468
  20
8.499248158496357
  42
1
  10
14.607721615443262
  20
8.499248158496357
  42
1
  97
1
  330
1958
  75
0
  76
1
  47
0.8681437583925616
  98
1
  10
3.629517071192367
  20
33.92795499968543
  450
0
  451
0
  460
0
  461
0
  452
1
  462
1
  453
2
  463
0
  63
5
  421
255
  463
1
  63
7
  421
16777215
  470
LINEAR
  1001
ACAD
  1010
0
  1020
0
  1030
0
  0
HATCH
  5
1979
  100
AcDbEntity
  8
Hole-Layer
  100
AcDbHatch
  10
0
  20
0
  30
0
  210
0
  220
0
  230
1
  2
SOLID
  70
1
  71
0
  91
1
  92
7
  72
1
  73
1
  93
2
  10
15.908204216408427
  20
8.499248158496357
  42
1
  10
17.107086614173223
  20
8.499248158496357
  42
1
  97
1
  330
1978
  75
0
  76
1
  47
0.8681437583925616
  98
1
  10
3.629517071192367
  20
33.92795499968543
  450
0
  451
0
  460
0
  461
0
  452
1
  462
1
  453
2
  463
0
  63
5
  421
255
  463
1
  63
7
  421
16777215
  470
LINEAR
  1001
ACAD
  1010
0
  1020
0
  1030
0
  0
HATCH
  5
1999
  100
AcDbEntity
  8
Hole-Layer
  100
AcDbHatch
  10
0
  20
0
  30
0
  210
0
  220
0
  230
1
  2
SOLID
  70
1
  71
0
  91
1
  92
7
  72
1
  73
1
  93
2
  10
103.30020701041406
  20
12.420050800101649
  42
1
  10
104.30020955041914
  20
12.420050800101649
  42
1
  97
1
  330
1998
  75
0
  76
1
  47
0.8681437583925616
  98
1
  10
3.629517071192367
  20
33.92795499968543
  450
0
  451
0
  460
0
  461
0
  452
1
  462
1
  453
2
  463
0
  63
5
  421
255
  463
1
  63
7
  421
16777215
  470
LINEAR
  1001
ACAD
  1010
0
  1020
0
  1030
0
  0
HATCH
  5
2019
  100
AcDbEntity
  8
Hole-Layer
  100
AcDbHatch
  10
0
  20
0
  30
0
  210
0
  220
0
  230
1
  2
SOLID
  70
1
  71
0
  91
1
  92
7
  72
1
  73
1
  93
2
  10
103.30020701041406
  20
17.500060960121914
  42
1
  10
104.30020955041914
  20
17.500060960121914
  42
1
  97
1
  330
2018
  75
0
  76
1
  47
0.8681437583925616
  98
1
  10
3.629517071192367
  20
33.92795499968543
  450
0
  451
0
  460
0
  461
0
  452
1
  462
1
  453
2
  463
0
  63
5
  421
255
  463
1
  63
7
  421
16777215
  470
LINEAR
  1001
ACAD
  1010
0
  1020
0
  1030
0
  0
HATCH
  5
2039
  100
AcDbEntity
  8
Hole-Layer
  100
AcDbHatch
  10
0
  20
0
  30
0
  210
0
  220
0
  230
1
  2
SOLID
  70
1
  71
0
  91
1
  92
7
  72
1
  73
1
  93
2
  10
103.30020701041406
  20
22.580071120142293
  42
1
  10
104.30020955041914
  20
22.580071120142293
  42
1
  97
1
  330
2038
  75
0
  76
1
  47
0.8681437583925616
  98
1
  10
3.629517071192367
  20
33.92795499968543
  450
0
  451
0
  460
0
  461
0
  452
1
  462
1
  453
2
  463
0
  63
5
  421
255
  463
1
  63
7
  421
16777215
  470
LINEAR
  1001
ACAD
  1010
0
  1020
0
  1030
0
  0
HATCH
  5
2059
  100
AcDbEntity
  8
Hole-Layer
  100
AcDbHatch
  10
0
  20
0
  30
0
  210
0
  220
0
  230
1
  2
SOLID
  70
1
  71
0
  91
1
  92
7
  72
1
  73
1
  93
2
  10
71.64522225044445
  20
45.948856997714074
  42
1
  10
72.74504445008884
  20
45.948856997714074
  42
1
  97
1
  330
2058
  75
0
  76
1
  47
0.8681437583925616
  98
1
  10
3.629517071192367
  20
33.92795499968543
  450
0
  451
0
  460
0
  461
0
  452
1
  462
1
  453
2
  463
0
  63
5
  421
255
  463
1
  63
7
  421
16777215
  470
LINEAR
  1001
ACAD
  1010
0
  1020
0
  1030
0
  0
HATCH
  5
2079
  100
AcDbEntity
  8
Hole-Layer
  100
AcDbHatch
  10
0
  20
0
  30
0
  210
0
  220
0
  230
1
  2
SOLID
  70
1
  71
0
  91
1
  92
7
  72
1
  73
1
  93
2
  10
69.10521717043432
  20
45.948856997714074
  42
1
  10
70.20503937007871
  20
45.948856997714074
  42
1
  97
1
  330
2078
  75
0
  76
1
  47
0.8681437583925616
  98
1
  10
3.629517071192367
  20
33.92795499968543
  450
0
  451
0
  460
0
  461
0
  452
1
  462
1
  453
2
  463
0
  63
5
  421
255
  463
1
  63
7
  421
16777215
  470
LINEAR
  1001
ACAD
  1010
0
  1020
0
  1030
0
  0
HATCH
  5
2099
  100
AcDbEntity
  8
Hole-Layer
  100
AcDbHatch
  10
0
  20
0
  30
0
  210
0
  220
0
  230
1
  2
SOLID
  70
1
  71
0
  91
1
  92
7
  72
1
  73
1
  93
2
  10
71.64522225044445
  20
48.48886207772421
  42
1
  10
72.74504445008884
  20
48.48886207772421
  42
1
  97
1
  330
2098
  75
0
  76
1
  47
0.8681437583925616
  98
1
  10
3.629517071192367
  20
33.92795499968543
  450
0
  451
0
  460
0
  461
0
  452
1
  462
1
  453
2
  463
0
  63
5
  421
255
  463
1
  63
7
  421
16777215
  470
LINEAR
  1001
ACAD
  1010
0
  1020
0
  1030
0
  0
HATCH
  5
2119
  100
AcDbEntity
  8
Hole-Layer
  100
AcDbHatch
  10
0
  20
0
  30
0
  210
0
  220
0
  230
1
  2
SOLID
  70
1
  71
0
  91
1
  92
7
  72
1
  73
1
  93
2
  10
69.10521717043432
  20
48.48886207772421
  42
1
  10
70.20503937007871
  20
48.48886207772421
  42
1
  97
1
  330
2118
  75
0
  76
1
  47
0.8681437583925616
  98
1
  10
3.629517071192367
  20
33.92795499968543
  450
0
  451
0
  460
0
  461
0
  452
1
  462
1
  453
2
  463
0
  63
5
  421
255
  463
1
  63
7
  421
16777215
  470
LINEAR
  1001
ACAD
  1010
0
  1020
0
  1030
0
  0
HATCH
  5
2139
  100
AcDbEntity
  8
Hole-Layer
  100
AcDbHatch
  10
0
  20
0
  30
0
  210
0
  220
0
  230
1
  2
SOLID
  70
1
  71
0
  91
1
  92
7
  72
1
  73
1
  93
2
  10
71.64522225044445
  20
51.02886715773434
  42
1
  10
72.74504445008884
  20
51.02886715773434
  42
1
  97
1
  330
2138
  75
0
  76
1
  47
0.8681437583925616
  98
1
  10
3.629517071192367
  20
33.92795499968543
  450
0
  451
0
  460
0
  461
0
  452
1
  462
1
  453
2
  463
0
  63
5
  421
255
  463
1
  63
7
  421
16777215
  470
LINEAR
  1001
ACAD
  1010
0
  1020
0
  1030
0
  0
HATCH
  5
2159
  100
AcDbEntity
  8
Hole-Layer
  100
AcDbHatch
  10
0
  20
0
  30
0
  210
0
  220
0
  230
1
  2
SOLID
  70
1
  71
0
  91
1
  92
7
  72
1
  73
1
  93
2
  10
69.10521717043432
  20
51.02886715773434
  42
1
  10
70.20503937007871
  20
51.02886715773434
  42
1
  97
1
  330
2158
  75
0
  76
1
  47
0.8681437583925616
  98
1
  10
3.629517071192367
  20
33.92795499968543
  450
0
  451
0
  460
0
  461
0
  452
1
  462
1
  453
2
  463
0
  63
5
  421
255
  463
1
  63
7
  421
16777215
  470
LINEAR
  1001
ACAD
  1010
0
  1020
0
  1030
0
  0
HATCH
  5
2179
  100
AcDbEntity
  8
Hole-Layer
  100
AcDbHatch
  10
0
  20
0
  30
0
  210
0
  220
0
  230
1
  2
SOLID
  70
1
  71
0
  91
1
  92
7
  72
1
  73
1
  93
2
  10
71.64522225044445
  20
53.568872237744586
  42
1
  10
72.74504445008884
  20
53.568872237744586
  42
1
  97
1
  330
2178
  75
0
  76
1
  47
0.8681437583925616
  98
1
  10
3.629517071192367
  20
33.92795499968543
  450
0
  451
0
  460
0
  461
0
  452
1
  462
1
  453
2
  463
0
  63
5
  421
255
  463
1
  63
7
  421
16777215
  470
LINEAR
  1001
ACAD
  1010
0
  1020
0
  1030
0
  0
HATCH
  5
2199
  100
AcDbEntity
  8
Hole-Layer
  100
AcDbHatch
  10
0
  20
0
  30
0
  210
0
  220
0
  230
1
  2
SOLID
  70
1
  71
0
  91
1
  92
7
  72
1
  73
1
  93
2
  10
69.10521717043432
  20
53.568872237744586
  42
1
  10
70.20503937007871
  20
53.568872237744586
  42
1
  97
1
  330
2198
  75
0
  76
1
  47
0.8681437583925616
  98
1
  10
3.629517071192367
  20
33.92795499968543
  450
0
  451
0
  460
0
  461
0
  452
1
  462
1
  453
2
  463
0
  63
5
  421
255
  463
1
  63
7
  421
16777215
  470
LINEAR
  1001
ACAD
  1010
0
  1020
0
  1030
0
  0
LWPOLYLINE
  5
2285
  100
AcDbEntity
  8
Hole-Layer
  100
AcDbPolyline
  90
4
  70
0
  43
0
  10
73.68141478282968
  20
43.220749301519504
  42
1
  10
73.98141478282963
  20
43.22074930149165
  10
73.98141478282963
  20
43.220749301477895
  42
1
  10
73.68141478282968
  20
43.22074930150575
  0
LWPOLYLINE
  5
2287
  100
AcDbEntity
  8
Hole-Layer
  100
AcDbPolyline
  90
4
  70
0
  43
0
  10
76.79246126492257
  20
48.47382778767644
  42
1
  10
77.09246126492252
  20
48.47382778764859
  10
77.09246126492252
  20
48.47382778763483
  42
1
  10
76.79246126492257
  20
48.473827787662685
  0
LWPOLYLINE
  5
2289
  100
AcDbEntity
  8
Hole-Layer
  100
AcDbPolyline
  90
4
  70
0
  43
0
  10
20.74359664719327
  20
45.610787401595644
  42
1
  10
21.043596647193226
  20
45.61078740156779
  10
21.043596647193226
  20
45.610787401554035
  42
1
  10
20.74359664719327
  20
45.61078740158189
  0
LWPOLYLINE
  5
2291
  100
AcDbEntity
  8
Hole-Layer
  100
AcDbPolyline
  90
4
  70
0
  43
0
  10
21.961948183896425
  20
45.610787401595644
  42
1
  10
22.26194818389638
  20
45.61078740156779
  10
22.26194818389638
  20
45.610787401554035
  42
1
  10
21.961948183896425
  20
45.61078740158189
  0
LWPOLYLINE
  5
2293
  100
AcDbEntity
  8
Hole-Layer
  100
AcDbPolyline
  90
4
  70
0
  43
0
  10
23.180299720599464
  20
45.610787401595644
  42
1
  10
23.480299720599362
  20
45.61078740156779
  10
23.480299720599362
  20
45.610787401554035
  42
1
  10
23.180299720599464
  20
45.61078740158189
  0
LWPOLYLINE
  5
2295
  100
AcDbEntity
  8
Hole-Layer
  100
AcDbPolyline
  90
4
  70
0
  43
0
  10
24.39865125730256
  20
45.610787401595644
  42
1
  10
24.698651257302515
  20
45.61078740156779
  10
24.698651257302515
  20
45.610787401554035
  42
1
  10
24.39865125730256
  20
45.61078740158189
  0
LWPOLYLINE
  5
2297
  100
AcDbEntity
  8
Hole-Layer
  100
AcDbPolyline
  90
4
  70
0
  43
0
  10
25.617002794005657
  20
45.610787401595644
  42
1
  10
25.91700279400561
  20
45.61078740156779
  10
25.91700279400561
  20
45.610787401554035
  42
1
  10
25.617002794005657
  20
45.61078740158189
  0
LWPOLYLINE
  5
2299
  100
AcDbEntity
  8
Hole-Layer
  100
AcDbPolyline
  90
4
  70
0
  43
0
  10
20.69259588519185
  20
44.23376682755452
  42
1
  10
20.992595885191804
  20
44.233766827526665
  10
20.992595885191804
  20
44.23376682751291
  42
1
  10
20.69259588519185
  20
44.23376682754076
  0
LWPOLYLINE
  5
2301
  100
AcDbEntity
  8
Hole-Layer
  100
AcDbPolyline
  90
4
  70
0
  43
0
  10
21.91094742189489
  20
44.23376682755452
  42
1
  10
22.210947421894844
  20
44.233766827526665
  10
22.210947421894844
  20
44.23376682751291
  42
1
  10
21.91094742189489
  20
44.23376682754076
  0
LWPOLYLINE
  5
2303
  100
AcDbEntity
  8
Hole-Layer
  100
AcDbPolyline
  90
4
  70
0
  43
0
  10
23.12929895859793
  20
44.23376682755452
  42
1
  10
23.429298958597883
  20
44.233766827526665
  10
23.429298958597883
  20
44.23376682751291
  42
1
  10
23.12929895859793
  20
44.23376682754076
  0
LWPOLYLINE
  5
2305
  100
AcDbEntity
  8
Hole-Layer
  100
AcDbPolyline
  90
4
  70
0
  43
0
  10
24.34765049530108
  20
44.23376682755452
  42
1
  10
24.647650495301036
  20
44.233766827526665
  10
24.647650495301036
  20
44.23376682751291
  42
1
  10
24.34765049530108
  20
44.23376682754076
  0
LWPOLYLINE
  5
2307
  100
AcDbEntity
  8
Hole-Layer
  100
AcDbPolyline
  90
4
  70
0
  43
0
  10
25.56600203200412
  20
44.23376682755452
  42
1
  10
25.86600203200402
  20
44.233766827526665
  10
25.86600203200402
  20
44.23376682751291
  42
1
  10
25.56600203200412
  20
44.23376682754076
  0
LWPOLYLINE
  5
2309
  100
AcDbEntity
  8
Hole-Layer
  100
AcDbPolyline
  90
4
  70
0
  43
0
  10
20.638343916687916
  20
42.64504191010474
  42
1
  10
20.93834391668787
  20
42.645041910076884
  10
20.93834391668787
  20
42.64504191006313
  42
1
  10
20.638343916687916
  20
42.64504191009098
  0
LWPOLYLINE
  5
2311
  100
AcDbEntity
  8
Hole-Layer
  100
AcDbPolyline
  90
4
  70
0
  43
0
  10
21.8566954533909
  20
42.64504191010474
  42
1
  10
22.156695453390853
  20
42.645041910076884
  10
22.156695453390853
  20
42.64504191006313
  42
1
  10
21.8566954533909
  20
42.64504191009098
  0
LWPOLYLINE
  5
2313
  100
AcDbEntity
  8
Hole-Layer
  100
AcDbPolyline
  90
4
  70
0
  43
0
  10
23.07504699009405
  20
42.64504191010474
  42
1
  10
23.375046990094006
  20
42.645041910076884
  10
23.375046990094006
  20
42.64504191006313
  42
1
  10
23.07504699009405
  20
42.64504191009098
  0
LWPOLYLINE
  5
2315
  100
AcDbEntity
  8
Hole-Layer
  100
AcDbPolyline
  90
4
  70
0
  43
0
  10
24.29339852679709
  20
42.64504191010474
  42
1
  10
24.593398526797046
  20
42.645041910076884
  10
24.593398526797046
  20
42.64504191006313
  42
1
  10
24.29339852679709
  20
42.64504191009098
  0
LWPOLYLINE
  5
2317
  100
AcDbEntity
  8
Hole-Layer
  100
AcDbPolyline
  90
4
  70
0
  43
0
  10
25.51175006350013
  20
42.64504191010474
  42
1
  10
25.811750063500085
  20
42.645041910076884
  10
25.811750063500085
  20
42.64504191006313
  42
1
  10
25.51175006350013
  20
42.64504191009098
  0
LWPOLYLINE
  5
2319
  100
AcDbEntity
  8
Hole-Layer
  100
AcDbPolyline
  90
4
  70
0
  43
0
  10
12.53247396494794
  20
50.96586741175565
  42
1
  10
12.832473964947894
  20
50.9658674117278
  10
12.832473964947894
  20
50.965867411714044
  42
1
  10
12.53247396494794
  20
50.9658674117419
  0
LWPOLYLINE
  5
2321
  100
AcDbEntity
  8
Hole-Layer
  100
AcDbPolyline
  90
4
  70
0
  43
0
  10
13.750825501651093
  20
50.96586741175565
  42
1
  10
14.05082550165099
  20
50.9658674117278
  10
14.05082550165099
  20
50.965867411714044
  42
1
  10
13.750825501651093
  20
50.9658674117419
  0
LWPOLYLINE
  5
2323
  100
AcDbEntity
  8
Hole-Layer
  100
AcDbPolyline
  90
4
  70
0
  43
0
  10
14.969177038354076
  20
50.96586741175565
  42
1
  10
15.26917703835403
  20
50.9658674117278
  10
15.26917703835403
  20
50.965867411714044
  42
1
  10
14.969177038354076
  20
50.9658674117419
  0
LWPOLYLINE
  5
2325
  100
AcDbEntity
  8
Hole-Layer
  100
AcDbPolyline
  90
4
  70
0
  43
0
  10
16.18752857505723
  20
50.96586741175565
  42
1
  10
16.487528575057183
  20
50.9658674117278
  10
16.487528575057183
  20
50.965867411714044
  42
1
  10
16.18752857505723
  20
50.9658674117419
  0
LWPOLYLINE
  5
2327
  100
AcDbEntity
  8
Hole-Layer
  100
AcDbPolyline
  90
4
  70
0
  43
0
  10
17.40588011176027
  20
50.96586741175565
  42
1
  10
17.705880111760223
  20
50.9658674117278
  10
17.705880111760223
  20
50.965867411714044
  42
1
  10
17.40588011176027
  20
50.9658674117419
  0
LWPOLYLINE
  5
2329
  100
AcDbEntity
  8
Hole-Layer
  100
AcDbPolyline
  90
4
  70
0
  43
0
  10
12.991480822961705
  20
52.29188722379536
  42
1
  10
13.29148082296166
  20
52.2918872237675
  10
13.29148082296166
  20
52.29188722375375
  42
1
  10
12.991480822961705
  20
52.2918872237816
  0
LWPOLYLINE
  5
2331
  100
AcDbEntity
  8
Hole-Layer
  100
AcDbPolyline
  90
4
  70
0
  43
0
  10
14.209832359664745
  20
52.29188722379536
  42
1
  10
14.509832359664642
  20
52.2918872237675
  10
14.509832359664642
  20
52.29188722375375
  42
1
  10
14.209832359664745
  20
52.2918872237816
  0
LWPOLYLINE
  5
2333
  100
AcDbEntity
  8
Hole-Layer
  100
AcDbPolyline
  90
4
  70
0
  43
0
  10
15.428183896367841
  20
52.29188722379536
  42
1
  10
15.728183896367796
  20
52.2918872237675
  10
15.728183896367796
  20
52.29188722375375
  42
1
  10
15.428183896367841
  20
52.2918872237816
  0
LWPOLYLINE
  5
2335
  100
AcDbEntity
  8
Hole-Layer
  100
AcDbPolyline
  90
4
  70
0
  43
0
  10
16.64653543307088
  20
52.29188722379536
  42
1
  10
16.946535433070835
  20
52.2918872237675
  10
16.946535433070835
  20
52.29188722375375
  42
1
  10
16.64653543307088
  20
52.2918872237816
  0
LWPOLYLINE
  5
2337
  100
AcDbEntity
  8
Hole-Layer
  100
AcDbPolyline
  90
4
  70
0
  43
0
  10
17.864886969773977
  20
52.29188722379536
  42
1
  10
18.16488696977393
  20
52.2918872237675
  10
18.16488696977393
  20
52.29188722375375
  42
1
  10
17.864886969773977
  20
52.2918872237816
  0
LWPOLYLINE
  5
2339
  100
AcDbEntity
  8
Hole-Layer
  100
AcDbPolyline
  90
4
  70
0
  43
0
  10
13.705491490983036
  20
53.515905511831875
  42
1
  10
14.00549149098299
  20
53.51590551180402
  10
14.00549149098299
  20
53.51590551179038
  42
1
  10
13.705491490983036
  20
53.51590551181812
  0
LWPOLYLINE
  5
2341
  100
AcDbEntity
  8
Hole-Layer
  100
AcDbPolyline
  90
4
  70
0
  43
0
  10
14.923843027686075
  20
53.515905511831875
  42
1
  10
15.223843027685973
  20
53.51590551180402
  10
15.223843027685973
  20
53.51590551179038
  42
1
  10
14.923843027686075
  20
53.51590551181812
  0
LWPOLYLINE
  5
2343
  100
AcDbEntity
  8
Hole-Layer
  100
AcDbPolyline
  90
4
  70
0
  43
0
  10
16.14219456438917
  20
53.515905511831875
  42
1
  10
16.442194564389126
  20
53.51590551180402
  10
16.442194564389126
  20
53.51590551179038
  42
1
  10
16.14219456438917
  20
53.51590551181812
  0
LWPOLYLINE
  5
2345
  100
AcDbEntity
  8
Hole-Layer
  100
AcDbPolyline
  90
4
  70
0
  43
0
  10
17.36054610109221
  20
53.515905511831875
  42
1
  10
17.660546101092166
  20
53.51590551180402
  10
17.660546101092166
  20
53.51590551179038
  42
1
  10
17.36054610109221
  20
53.51590551181812
  0
LWPOLYLINE
  5
2347
  100
AcDbEntity
  8
Hole-Layer
  100
AcDbPolyline
  90
4
  70
0
  43
0
  10
18.578897637795308
  20
53.515905511831875
  42
1
  10
18.878897637795262
  20
53.51590551180402
  10
18.878897637795262
  20
53.51590551179038
  42
1
  10
18.578897637795308
  20
53.51590551181812
  0
LWPOLYLINE
  5
2349
  100
AcDbEntity
  8
Hole-Layer
  100
AcDbPolyline
  90
4
  70
0
  43
0
  10
14.929509779019611
  20
55.04592837187761
  42
1
  10
15.229509779019565
  20
55.045928371849755
  10
15.229509779019565
  20
55.045928371836
  42
1
  10
14.929509779019611
  20
55.04592837186385
  0
LWPOLYLINE
  5
2351
  100
AcDbEntity
  8
Hole-Layer
  100
AcDbPolyline
  90
4
  70
0
  43
0
  10
16.14786131572265
  20
55.04592837187761
  42
1
  10
16.447861315722605
  20
55.045928371849755
  10
16.447861315722605
  20
55.045928371836
  42
1
  10
16.14786131572265
  20
55.04592837186385
  0
LWPOLYLINE
  5
2353
  100
AcDbEntity
  8
Hole-Layer
  100
AcDbPolyline
  90
4
  70
0
  43
0
  10
17.366212852425747
  20
55.04592837187761
  42
1
  10
17.666212852425645
  20
55.045928371849755
  10
17.666212852425645
  20
55.045928371836
  42
1
  10
17.366212852425747
  20
55.04592837186385
  0
LWPOLYLINE
  5
2355
  100
AcDbEntity
  8
Hole-Layer
  100
AcDbPolyline
  90
4
  70
0
  43
0
  10
18.584564389128843
  20
55.04592837187761
  42
1
  10
18.884564389128798
  20
55.045928371849755
  10
18.884564389128798
  20
55.045928371836
  42
1
  10
18.584564389128843
  20
55.04592837186385
  0
LWPOLYLINE
  5
2357
  100
AcDbEntity
  8
Hole-Layer
  100
AcDbPolyline
  90
4
  70
0
  43
0
  10
19.802915925831883
  20
55.04592837187761
  42
1
  10
20.102915925831837
  20
55.045928371849755
  10
20.102915925831837
  20
55.045928371836
  42
1
  10
19.802915925831883
  20
55.04592837186385
  0
LWPOLYLINE
  5
2359
  100
AcDbEntity
  8
Hole-Layer
  100
AcDbPolyline
  90
4
  70
0
  43
0
  10
19.774582169164376
  20
54.17891541785161
  42
1
  10
20.07458216916433
  20
54.17891541782376
  10
20.07458216916433
  20
54.17891541781
  42
1
  10
19.774582169164376
  20
54.17891541783786
  0
LWPOLYLINE
  5
2361
  100
AcDbEntity
  8
Hole-Layer
  100
AcDbPolyline
  90
4
  70
0
  43
0
  10
20.99293370586753
  20
54.17891541785161
  42
1
  10
21.292933705867483
  20
54.17891541782376
  10
21.292933705867483
  20
54.17891541781
  42
1
  10
20.99293370586753
  20
54.17891541783786
  0
LWPOLYLINE
  5
2363
  100
AcDbEntity
  8
Hole-Layer
  100
AcDbPolyline
  90
4
  70
0
  43
0
  10
22.21128524257051
  20
54.17891541785161
  42
1
  10
22.511285242570466
  20
54.17891541782376
  10
22.511285242570466
  20
54.17891541781
  42
1
  10
22.21128524257051
  20
54.17891541783786
  0
LWPOLYLINE
  5
2365
  100
AcDbEntity
  8
Hole-Layer
  100
AcDbPolyline
  90
4
  70
0
  43
0
  10
23.42963677927355
  20
54.17891541785161
  42
1
  10
23.729636779273505
  20
54.17891541782376
  10
23.729636779273505
  20
54.17891541781
  42
1
  10
23.42963677927355
  20
54.17891541783786
  0
LWPOLYLINE
  5
2367
  100
AcDbEntity
  8
Hole-Layer
  100
AcDbPolyline
  90
4
  70
0
  43
0
  10
24.647988315976704
  20
54.17891541785161
  42
1
  10
24.947988315976602
  20
54.17891541782376
  10
24.947988315976602
  20
54.17891541781
  42
1
  10
24.647988315976704
  20
54.17891541783786
  0
LWPOLYLINE
  5
2369
  100
AcDbEntity
  8
Hole-Layer
  100
AcDbPolyline
  90
4
  70
0
  43
0
  10
20.590594361188778
  20
56.47394970792038
  42
1
  10
20.890594361188732
  20
56.47394970789253
  10
20.890594361188732
  20
56.47394970787877
  42
1
  10
20.590594361188778
  20
56.47394970790663
  0
LWPOLYLINE
  5
2371
  100
AcDbEntity
  8
Hole-Layer
  100
AcDbPolyline
  90
4
  70
0
  43
0
  10
21.808945897891817
  20
56.47394970792038
  42
1
  10
22.108945897891772
  20
56.47394970789253
  10
22.108945897891772
  20
56.47394970787877
  42
1
  10
21.808945897891817
  20
56.47394970790663
  0
LWPOLYLINE
  5
2373
  100
AcDbEntity
  8
Hole-Layer
  100
AcDbPolyline
  90
4
  70
0
  43
0
  10
23.02729743459497
  20
56.47394970792038
  42
1
  10
23.327297434594925
  20
56.47394970789253
  10
23.327297434594925
  20
56.47394970787877
  42
1
  10
23.02729743459497
  20
56.47394970790663
  0
LWPOLYLINE
  5
2375
  100
AcDbEntity
  8
Hole-Layer
  100
AcDbPolyline
  90
4
  70
0
  43
0
  10
24.24564897129801
  20
56.47394970792038
  42
1
  10
24.545648971297908
  20
56.47394970789253
  10
24.545648971297908
  20
56.47394970787877
  42
1
  10
24.24564897129801
  20
56.47394970790663
  0
LWPOLYLINE
  5
2377
  100
AcDbEntity
  8
Hole-Layer
  100
AcDbPolyline
  90
4
  70
0
  43
0
  10
25.464000508000993
  20
56.47394970792038
  42
1
  10
25.764000508000947
  20
56.47394970789253
  10
25.764000508000947
  20
56.47394970787877
  42
1
  10
25.464000508000993
  20
56.47394970790663
  0
LWPOLYLINE
  5
2379
  100
AcDbEntity
  8
Hole-Layer
  100
AcDbPolyline
  90
4
  70
0
  43
0
  10
80.21048514097032
  20
52.03688341378768
  42
1
  10
80.51048514097027
  20
52.036883413759824
  10
80.51048514097027
  20
52.03688341374607
  42
1
  10
80.21048514097032
  20
52.03688341377392
  0
LWPOLYLINE
  5
2381
  100
AcDbEntity
  8
Hole-Layer
  100
AcDbPolyline
  90
4
  70
0
  43
0
  10
81.42883667767347
  20
52.03688341378768
  42
1
  10
81.72883667767343
  20
52.036883413759824
  10
81.72883667767343
  20
52.03688341374607
  42
1
  10
81.42883667767347
  20
52.03688341377392
  0
LWPOLYLINE
  5
2383
  100
AcDbEntity
  8
Hole-Layer
  100
AcDbPolyline
  90
4
  70
0
  43
0
  10
82.64718821437651
  20
52.03688341378768
  42
1
  10
82.94718821437647
  20
52.036883413759824
  10
82.94718821437647
  20
52.03688341374607
  42
1
  10
82.64718821437651
  20
52.03688341377392
  0
LWPOLYLINE
  5
2385
  100
AcDbEntity
  8
Hole-Layer
  100
AcDbPolyline
  90
4
  70
0
  43
0
  10
83.86553975107967
  20
52.03688341378768
  42
1
  10
84.16553975107962
  20
52.036883413759824
  10
84.16553975107962
  20
52.03688341374607
  42
1
  10
83.86553975107967
  20
52.03688341377392
  0
LWPOLYLINE
  5
2387
  100
AcDbEntity
  8
Hole-Layer
  100
AcDbPolyline
  90
4
  70
0
  43
0
  10
85.08389128778259
  20
52.03688341378768
  42
1
  10
85.38389128778255
  20
52.036883413759824
  10
85.38389128778255
  20
52.03688341374607
  42
1
  10
85.08389128778259
  20
52.03688341377392
  0
LWPOLYLINE
  5
2389
  100
AcDbEntity
  8
Hole-Layer
  100
AcDbPolyline
  90
4
  70
0
  43
0
  10
80.05748285496571
  20
50.55786131574348
  42
1
  10
80.35748285496567
  20
50.55786131571563
  10
80.35748285496567
  20
50.55786131570187
  42
1
  10
80.05748285496571
  20
50.557861315729724
  0
LWPOLYLINE
  5
2391
  100
AcDbEntity
  8
Hole-Layer
  100
AcDbPolyline
  90
4
  70
0
  43
0
  10
81.27583439166875
  20
50.55786131574348
  42
1
  10
81.5758343916687
  20
50.55786131571563
  10
81.5758343916687
  20
50.55786131570187
  42
1
  10
81.27583439166875
  20
50.557861315729724
  0
LWPOLYLINE
  5
2393
  100
AcDbEntity
  8
Hole-Layer
  100
AcDbPolyline
  90
4
  70
0
  43
0
  10
82.4941859283719
  20
50.55786131574348
  42
1
  10
82.79418592837186
  20
50.55786131571563
  10
82.79418592837186
  20
50.55786131570187
  42
1
  10
82.4941859283719
  20
50.557861315729724
  0
LWPOLYLINE
  5
2395
  100
AcDbEntity
  8
Hole-Layer
  100
AcDbPolyline
  90
4
  70
0
  43
0
  10
83.71253746507506
  20
50.55786131574348
  42
1
  10
84.01253746507501
  20
50.55786131571563
  10
84.01253746507501
  20
50.55786131570187
  42
1
  10
83.71253746507506
  20
50.557861315729724
  0
LWPOLYLINE
  5
2397
  100
AcDbEntity
  8
Hole-Layer
  100
AcDbPolyline
  90
4
  70
0
  43
0
  10
84.9308890017781
  20
50.55786131574348
  42
1
  10
85.23088900177794
  20
50.55786131571563
  10
85.23088900177794
  20
50.55786131570187
  42
1
  10
84.9308890017781
  20
50.557861315729724
  0
LWPOLYLINE
  5
2399
  100
AcDbEntity
  8
Hole-Layer
  100
AcDbPolyline
  90
4
  70
0
  43
0
  10
78.50405638811282
  20
46.768171196363255
  42
1
  10
78.80405638811277
  20
46.7681711963354
  10
78.80405638811277
  20
46.768171196321646
  42
1
  10
78.50405638811282
  20
46.7681711963495
  0
LWPOLYLINE
  5
2401
  100
AcDbEntity
  8
Hole-Layer
  100
AcDbPolyline
  90
4
  70
0
  43
0
  10
79.72240792481585
  20
46.768171196363255
  42
1
  10
80.02240792481581
  20
46.7681711963354
  10
80.02240792481581
  20
46.768171196321646
  42
1
  10
79.72240792481585
  20
46.7681711963495
  0
LWPOLYLINE
  5
2403
  100
AcDbEntity
  8
Hole-Layer
  100
AcDbPolyline
  90
4
  70
0
  43
0
  10
80.94075946151901
  20
46.768171196363255
  42
1
  10
81.24075946151896
  20
46.7681711963354
  10
81.24075946151896
  20
46.768171196321646
  42
1
  10
80.94075946151901
  20
46.7681711963495
  0
LWPOLYLINE
  5
2405
  100
AcDbEntity
  8
Hole-Layer
  100
AcDbPolyline
  90
4
  70
0
  43
0
  10
82.15911099822205
  20
46.768171196363255
  42
1
  10
82.45911099822189
  20
46.7681711963354
  10
82.45911099822189
  20
46.768171196321646
  42
1
  10
82.15911099822205
  20
46.7681711963495
  0
LWPOLYLINE
  5
2407
  100
AcDbEntity
  8
Hole-Layer
  100
AcDbPolyline
  90
4
  70
0
  43
0
  10
83.37746253492509
  20
46.768171196363255
  42
1
  10
83.67746253492504
  20
46.7681711963354
  10
83.67746253492504
  20
46.768171196321646
  42
1
  10
83.37746253492509
  20
46.7681711963495
  0
LWPOLYLINE
  5
2409
  100
AcDbEntity
  8
Hole-Layer
  100
AcDbPolyline
  90
4
  70
0
  43
0
  10
78.01745237490485
  20
44.845775971572834
  42
1
  10
78.3174523749048
  20
44.84577597154498
  10
78.3174523749048
  20
44.845775971531225
  42
1
  10
78.01745237490485
  20
44.84577597155908
  0
LWPOLYLINE
  5
2411
  100
AcDbEntity
  8
Hole-Layer
  100
AcDbPolyline
  90
4
  70
0
  43
0
  10
79.23580391160789
  20
44.845775971572834
  42
1
  10
79.53580391160784
  20
44.84577597154498
  10
79.53580391160784
  20
44.845775971531225
  42
1
  10
79.23580391160789
  20
44.84577597155908
  0
LWPOLYLINE
  5
2413
  100
AcDbEntity
  8
Hole-Layer
  100
AcDbPolyline
  90
4
  70
0
  43
0
  10
80.45415544831093
  20
44.845775971572834
  42
1
  10
80.75415544831077
  20
44.84577597154498
  10
80.75415544831077
  20
44.845775971531225
  42
1
  10
80.45415544831093
  20
44.84577597155908
  0
LWPOLYLINE
  5
2415
  100
AcDbEntity
  8
Hole-Layer
  100
AcDbPolyline
  90
4
  70
0
  43
0
  10
81.67250698501397
  20
44.845775971572834
  42
1
  10
81.97250698501392
  20
44.84577597154498
  10
81.97250698501392
  20
44.845775971531225
  42
1
  10
81.67250698501397
  20
44.84577597155908
  0
LWPOLYLINE
  5
2417
  100
AcDbEntity
  8
Hole-Layer
  100
AcDbPolyline
  90
4
  70
0
  43
0
  10
82.89085852171712
  20
44.845775971572834
  42
1
  10
83.19085852171708
  20
44.84577597154498
  10
83.19085852171708
  20
44.845775971531225
  42
1
  10
82.89085852171712
  20
44.84577597155908
  0
LWPOLYLINE
  5
2419
  100
AcDbEntity
  8
Hole-Layer
  100
AcDbPolyline
  90
4
  70
0
  43
0
  10
77.5074447548896
  20
42.75474472951032
  42
1
  10
77.80744475488956
  20
42.75474472948247
  10
77.80744475488956
  20
42.75474472946871
  42
1
  10
77.5074447548896
  20
42.754744729496565
  0
LWPOLYLINE
  5
2421
  100
AcDbEntity
  8
Hole-Layer
  100
AcDbPolyline
  90
4
  70
0
  43
0
  10
78.72579629159264
  20
42.75474472951032
  42
1
  10
79.0257962915926
  20
42.75474472948247
  10
79.0257962915926
  20
42.75474472946871
  42
1
  10
78.72579629159264
  20
42.754744729496565
  0
LWPOLYLINE
  5
2423
  100
AcDbEntity
  8
Hole-Layer
  100
AcDbPolyline
  90
4
  70
0
  43
0
  10
79.94414782829568
  20
42.75474472951032
  42
1
  10
80.24414782829564
  20
42.75474472948247
  10
80.24414782829564
  20
42.75474472946871
  42
1
  10
79.94414782829568
  20
42.754744729496565
  0
LWPOLYLINE
  5
2425
  100
AcDbEntity
  8
Hole-Layer
  100
AcDbPolyline
  90
4
  70
0
  43
0
  10
81.16249936499872
  20
42.75474472951032
  42
1
  10
81.46249936499868
  20
42.75474472948247
  10
81.46249936499868
  20
42.75474472946871
  42
1
  10
81.16249936499872
  20
42.754744729496565
  0
LWPOLYLINE
  5
2427
  100
AcDbEntity
  8
Hole-Layer
  100
AcDbPolyline
  90
4
  70
0
  43
0
  10
82.38085090170176
  20
42.75474472951032
  42
1
  10
82.68085090170172
  20
42.75474472948247
  10
82.68085090170172
  20
42.75474472946871
  42
1
  10
82.38085090170176
  20
42.754744729496565
  0
LWPOLYLINE
  5
2429
  100
AcDbEntity
  8
Hole-Layer
  100
AcDbPolyline
  90
4
  70
0
  43
0
  10
99.53977393954784
  20
38.368679197379265
  42
1
  10
99.8397739395478
  20
38.36867919735141
  10
99.8397739395478
  20
38.368679197337656
  42
1
  10
99.53977393954784
  20
38.36867919736551
  0
LWPOLYLINE
  5
2431
  100
AcDbEntity
  8
Hole-Layer
  100
AcDbPolyline
  90
4
  70
0
  43
0
  10
100.758125476251
  20
38.368679197379265
  42
1
  10
101.05812547625095
  20
38.36867919735141
  10
101.05812547625095
  20
38.368679197337656
  42
1
  10
100.758125476251
  20
38.36867919736551
  0
LWPOLYLINE
  5
2433
  100
AcDbEntity
  8
Hole-Layer
  100
AcDbPolyline
  90
4
  70
0
  43
0
  10
101.97647701295404
  20
38.368679197379265
  42
1
  10
102.27647701295399
  20
38.36867919735141
  10
102.27647701295399
  20
38.368679197337656
  42
1
  10
101.97647701295404
  20
38.36867919736551
  0
LWPOLYLINE
  5
2435
  100
AcDbEntity
  8
Hole-Layer
  100
AcDbPolyline
  90
4
  70
0
  43
0
  10
103.19482854965719
  20
38.368679197379265
  42
1
  10
103.49482854965714
  20
38.36867919735141
  10
103.49482854965714
  20
38.368679197337656
  42
1
  10
103.19482854965719
  20
38.36867919736551
  0
LWPOLYLINE
  5
2437
  100
AcDbEntity
  8
Hole-Layer
  100
AcDbPolyline
  90
4
  70
0
  43
0
  10
104.41318008636023
  20
38.368679197379265
  42
1
  10
104.71318008636018
  20
38.36867919735141
  10
104.71318008636018
  20
38.368679197337656
  42
1
  10
104.41318008636023
  20
38.36867919736551
  0
LWPOLYLINE
  5
2439
  100
AcDbEntity
  8
Hole-Layer
  100
AcDbPolyline
  90
4
  70
0
  43
0
  10
100.76379222758447
  20
36.63465328932739
  42
1
  10
101.06379222758443
  20
36.634653289299536
  10
101.06379222758443
  20
36.63465328928589
  42
1
  10
100.76379222758447
  20
36.63465328931363
  0
LWPOLYLINE
  5
2441
  100
AcDbEntity
  8
Hole-Layer
  100
AcDbPolyline
  90
4
  70
0
  43
0
  10
101.98214376428751
  20
36.63465328932739
  42
1
  10
102.28214376428747
  20
36.634653289299536
  10
102.28214376428747
  20
36.63465328928589
  42
1
  10
101.98214376428751
  20
36.63465328931363
  0
LWPOLYLINE
  5
2443
  100
AcDbEntity
  8
Hole-Layer
  100
AcDbPolyline
  90
4
  70
0
  43
0
  10
103.20049530099067
  20
36.63465328932739
  42
1
  10
103.50049530099062
  20
36.634653289299536
  10
103.50049530099062
  20
36.63465328928589
  42
1
  10
103.20049530099067
  20
36.63465328931363
  0
LWPOLYLINE
  5
2445
  100
AcDbEntity
  8
Hole-Layer
  100
AcDbPolyline
  90
4
  70
0
  43
0
  10
104.4188468376937
  20
36.63465328932739
  42
1
  10
104.71884683769366
  20
36.634653289299536
  10
104.71884683769366
  20
36.63465328928589
  42
1
  10
104.4188468376937
  20
36.63465328931363
  0
LWPOLYLINE
  5
2447
  100
AcDbEntity
  8
Hole-Layer
  100
AcDbPolyline
  90
4
  70
0
  43
0
  10
105.63719837439686
  20
36.63465328932739
  42
1
  10
105.93719837439681
  20
36.634653289299536
  10
105.93719837439681
  20
36.63465328928589
  42
1
  10
105.63719837439686
  20
36.63465328931363
  0
LWPOLYLINE
  5
2449
  100
AcDbEntity
  8
Hole-Layer
  100
AcDbPolyline
  90
4
  70
0
  43
0
  10
97.1380441960884
  20
39.58970535943149
  42
1
  10
97.43804419608836
  20
39.58970535940375
  10
97.43804419608836
  20
39.589705359389995
  42
1
  10
97.1380441960884
  20
39.58970535941785
  0
LWPOLYLINE
  5
2451
  100
AcDbEntity
  8
Hole-Layer
  100
AcDbPolyline
  90
4
  70
0
  43
0
  10
98.35639573279155
  20
39.58970535943149
  42
1
  10
98.65639573279151
  20
39.58970535940375
  10
98.65639573279151
  20
39.589705359389995
  42
1
  10
98.35639573279155
  20
39.58970535941785
  0
LWPOLYLINE
  5
2453
  100
AcDbEntity
  8
Hole-Layer
  100
AcDbPolyline
  90
4
  70
0
  43
0
  10
99.57474726949471
  20
39.58970535943149
  42
1
  10
99.87474726949466
  20
39.58970535940375
  10
99.87474726949466
  20
39.589705359389995
  42
1
  10
99.57474726949471
  20
39.58970535941785
  0
LWPOLYLINE
  5
2455
  100
AcDbEntity
  8
Hole-Layer
  100
AcDbPolyline
  90
4
  70
0
  43
0
  10
100.79309880619763
  20
39.58970535943149
  42
1
  10
101.09309880619759
  20
39.58970535940375
  10
101.09309880619759
  20
39.589705359389995
  42
1
  10
100.79309880619763
  20
39.58970535941785
  0
LWPOLYLINE
  5
2457
  100
AcDbEntity
  8
Hole-Layer
  100
AcDbPolyline
  90
4
  70
0
  43
0
  10
99.61441452882917
  20
37.3456718313646
  42
1
  10
99.91441452882913
  20
37.345671831336745
  10
99.91441452882913
  20
37.34567183132299
  42
1
  10
99.61441452882917
  20
37.34567183135084
  0
LWPOLYLINE
  5
2459
  100
AcDbEntity
  8
Hole-Layer
  100
AcDbPolyline
  90
4
  70
0
  43
0
  10
89.23762001524
  20
46.52880111762306
  42
1
  10
89.53762001523995
  20
46.52880111759521
  10
89.53762001523995
  20
46.52880111758145
  42
1
  10
89.23762001524
  20
46.528801117609305
  0
LWPOLYLINE
  5
2461
  100
AcDbEntity
  8
Hole-Layer
  100
AcDbPolyline
  90
4
  70
0
  43
0
  10
90.45597155194315
  20
46.52880111762306
  42
1
  10
90.7559715519431
  20
46.52880111759521
  10
90.7559715519431
  20
46.52880111758145
  42
1
  10
90.45597155194315
  20
46.528801117609305
  0
LWPOLYLINE
  5
2463
  100
AcDbEntity
  8
Hole-Layer
  100
AcDbPolyline
  90
4
  70
0
  43
0
  10
91.6743230886463
  20
46.52880111762306
  42
1
  10
91.97432308864626
  20
46.52880111759521
  10
91.97432308864626
  20
46.52880111758145
  42
1
  10
91.6743230886463
  20
46.528801117609305
  0
LWPOLYLINE
  5
2465
  100
AcDbEntity
  8
Hole-Layer
  100
AcDbPolyline
  90
4
  70
0
  43
0
  10
92.89267462534934
  20
46.52880111762306
  42
1
  10
93.1926746253493
  20
46.52880111759521
  10
93.1926746253493
  20
46.52880111758145
  42
1
  10
92.89267462534934
  20
46.528801117609305
  0
LWPOLYLINE
  5
2467
  100
AcDbEntity
  8
Hole-Layer
  100
AcDbPolyline
  90
4
  70
0
  43
0
  10
94.11102616205238
  20
46.52880111762306
  42
1
  10
94.41102616205234
  20
46.52880111759521
  10
94.41102616205234
  20
46.52880111758145
  42
1
  10
94.11102616205238
  20
46.528801117609305
  0
LWPOLYLINE
  5
2469
  100
AcDbEntity
  8
Hole-Layer
  100
AcDbPolyline
  90
4
  70
0
  43
0
  10
1.2613055626111418
  20
17.91737363476807
  42
1
  10
1.5613055626110963
  20
17.91737363474033
  10
1.5613055626110963
  20
17.917373634726573
  42
1
  10
1.2613055626111418
  20
17.917373634754313
  0
LWPOLYLINE
  5
2471
  100
AcDbEntity
  8
Hole-Layer
  100
AcDbPolyline
  90
4
  70
0
  43
0
  10
2.479657099314238
  20
17.91737363476807
  42
1
  10
2.7796570993141927
  20
17.91737363474033
  10
2.7796570993141927
  20
17.917373634726573
  42
1
  10
2.479657099314238
  20
17.917373634754313
  0
LWPOLYLINE
  5
2473
  100
AcDbEntity
  8
Hole-Layer
  100
AcDbPolyline
  90
4
  70
0
  43
0
  10
3.6980086360173345
  20
17.91737363476807
  42
1
  10
3.998008636017289
  20
17.91737363474033
  10
3.998008636017289
  20
17.917373634726573
  42
1
  10
3.6980086360173345
  20
17.917373634754313
  0
LWPOLYLINE
  5
2475
  100
AcDbEntity
  8
Hole-Layer
  100
AcDbPolyline
  90
4
  70
0
  43
0
  10
4.916360172720374
  20
17.91737363476807
  42
1
  10
5.216360172720329
  20
17.91737363474033
  10
5.216360172720329
  20
17.917373634726573
  42
1
  10
4.916360172720374
  20
17.917373634754313
  0
LWPOLYLINE
  5
2477
  100
AcDbEntity
  8
Hole-Layer
  100
AcDbPolyline
  90
4
  70
0
  43
0
  10
1.159304038608127
  20
16.387350774722336
  42
1
  10
1.4593040386080816
  20
16.387350774694482
  10
1.4593040386080816
  20
16.387350774680726
  42
1
  10
1.159304038608127
  20
16.38735077470858
  0
LWPOLYLINE
  5
2479
  100
AcDbEntity
  8
Hole-Layer
  100
AcDbPolyline
  90
4
  70
0
  43
0
  10
2.3776555753112234
  20
16.387350774722336
  42
1
  10
2.677655575311178
  20
16.387350774694482
  10
2.677655575311178
  20
16.387350774680726
  42
1
  10
2.3776555753112234
  20
16.38735077470858
  0
LWPOLYLINE
  5
2481
  100
AcDbEntity
  8
Hole-Layer
  100
AcDbPolyline
  90
4
  70
0
  43
0
  10
3.596007112014263
  20
16.387350774722336
  42
1
  10
3.8960071120142175
  20
16.387350774694482
  10
3.8960071120142175
  20
16.387350774680726
  42
1
  10
3.596007112014263
  20
16.38735077470858
  0
LWPOLYLINE
  5
2483
  100
AcDbEntity
  8
Hole-Layer
  100
AcDbPolyline
  90
4
  70
0
  43
0
  10
4.814358648717359
  20
16.387350774722336
  42
1
  10
5.114358648717257
  20
16.387350774694482
  10
5.114358648717257
  20
16.387350774680726
  42
1
  10
4.814358648717359
  20
16.38735077470858
  0
LWPOLYLINE
  5
2485
  100
AcDbEntity
  8
Hole-Layer
  100
AcDbPolyline
  90
4
  70
0
  43
0
  10
1.1083032766065912
  20
14.398321056662894
  42
1
  10
1.408303276606489
  20
14.39832105663504
  10
1.408303276606489
  20
14.398321056621398
  42
1
  10
1.1083032766065912
  20
14.398321056649138
  0
LWPOLYLINE
  5
2487
  100
AcDbEntity
  8
Hole-Layer
  100
AcDbPolyline
  90
4
  70
0
  43
0
  10
2.3266548133096876
  20
14.398321056662894
  42
1
  10
2.626654813309642
  20
14.39832105663504
  10
2.626654813309642
  20
14.398321056621398
  42
1
  10
2.3266548133096876
  20
14.398321056649138
  0
LWPOLYLINE
  5
2489
  100
AcDbEntity
  8
Hole-Layer
  100
AcDbPolyline
  90
4
  70
0
  43
0
  10
3.545006350012727
  20
14.398321056662894
  42
1
  10
3.8450063500126817
  20
14.39832105663504
  10
3.8450063500126817
  20
14.398321056621398
  42
1
  10
3.545006350012727
  20
14.398321056649138
  0
LWPOLYLINE
  5
2491
  100
AcDbEntity
  8
Hole-Layer
  100
AcDbPolyline
  90
4
  70
0
  43
0
  10
4.763357886715767
  20
14.398321056662894
  42
1
  10
5.063357886715721
  20
14.39832105663504
  10
5.063357886715721
  20
14.398321056621398
  42
1
  10
4.763357886715767
  20
14.398321056649138
  0
LWPOLYLINE
  5
2493
  100
AcDbEntity
  8
Hole-Layer
  100
AcDbPolyline
  90
4
  70
0
  43
0
  10
12.013926847853725
  20
6.043959867940657
  42
1
  10
12.31392684785368
  20
6.043959867912804
  10
12.31392684785368
  20
6.043959867899048
  42
1
  10
12.013926847853725
  20
6.043959867926901
  0
LWPOLYLINE
  5
2495
  100
AcDbEntity
  8
Hole-Layer
  100
AcDbPolyline
  90
4
  70
0
  43
0
  10
13.232278384556821
  20
6.043959867940657
  42
1
  10
13.532278384556776
  20
6.043959867912804
  10
13.532278384556776
  20
6.043959867899048
  42
1
  10
13.232278384556821
  20
6.043959867926901
  0
LWPOLYLINE
  5
2497
  100
AcDbEntity
  8
Hole-Layer
  100
AcDbPolyline
  90
4
  70
0
  43
0
  10
14.450629921259917
  20
6.043959867940657
  42
1
  10
14.750629921259872
  20
6.043959867912804
  10
14.750629921259872
  20
6.043959867899048
  42
1
  10
14.450629921259917
  20
6.043959867926901
  0
LWPOLYLINE
  5
2499
  100
AcDbEntity
  8
Hole-Layer
  100
AcDbPolyline
  90
4
  70
0
  43
0
  10
15.6689814579629
  20
6.043959867940657
  42
1
  10
15.968981457962855
  20
6.043959867912804
  10
15.968981457962855
  20
6.043959867899048
  42
1
  10
15.6689814579629
  20
6.043959867926901
  0
LWPOLYLINE
  5
2501
  100
AcDbEntity
  8
Hole-Layer
  100
AcDbPolyline
  90
4
  70
0
  43
0
  10
16.887332994666053
  20
6.043959867940657
  42
1
  10
17.187332994666008
  20
6.043959867912804
  10
17.187332994666008
  20
6.043959867899048
  42
1
  10
16.887332994666053
  20
6.043959867926901
  0
LWPOLYLINE
  5
2503
  100
AcDbEntity
  8
Hole-Layer
  100
AcDbPolyline
  90
4
  70
0
  43
0
  10
12.013926847853725
  20
4.5480518161244845
  42
1
  10
12.31392684785368
  20
4.548051816096631
  10
12.31392684785368
  20
4.548051816082875
  42
1
  10
12.013926847853725
  20
4.548051816110728
  0
LWPOLYLINE
  5
2505
  100
AcDbEntity
  8
Hole-Layer
  100
AcDbPolyline
  90
4
  70
0
  43
0
  10
13.232278384556821
  20
4.5480518161244845
  42
1
  10
13.532278384556776
  20
4.548051816096631
  10
13.532278384556776
  20
4.548051816082875
  42
1
  10
13.232278384556821
  20
4.548051816110728
  0
LWPOLYLINE
  5
2507
  100
AcDbEntity
  8
Hole-Layer
  100
AcDbPolyline
  90
4
  70
0
  43
0
  10
14.450629921259917
  20
4.5480518161244845
  42
1
  10
14.750629921259872
  20
4.548051816096631
  10
14.750629921259872
  20
4.548051816082875
  42
1
  10
14.450629921259917
  20
4.548051816110728
  0
LWPOLYLINE
  5
2509
  100
AcDbEntity
  8
Hole-Layer
  100
AcDbPolyline
  90
4
  70
0
  43
0
  10
15.6689814579629
  20
4.5480518161244845
  42
1
  10
15.968981457962855
  20
4.548051816096631
  10
15.968981457962855
  20
4.548051816082875
  42
1
  10
15.6689814579629
  20
4.548051816110728
  0
LWPOLYLINE
  5
2511
  100
AcDbEntity
  8
Hole-Layer
  100
AcDbPolyline
  90
4
  70
0
  43
0
  10
16.887332994666053
  20
4.5480518161244845
  42
1
  10
17.187332994666008
  20
4.548051816096631
  10
17.187332994666008
  20
4.548051816082875
  42
1
  10
16.887332994666053
  20
4.548051816110728
  0
LWPOLYLINE
  5
2513
  100
AcDbEntity
  8
Hole-Layer
  100
AcDbPolyline
  90
4
  70
0
  43
0
  10
30.07673609347222
  20
45.151780543581935
  42
1
  10
30.376736093472175
  20
45.15178054355408
  10
30.376736093472175
  20
45.151780543540326
  42
1
  10
30.07673609347222
  20
45.15178054356818
  0
LWPOLYLINE
  5
2515
  100
AcDbEntity
  8
Hole-Layer
  100
AcDbPolyline
  90
4
  70
0
  43
0
  10
30.07673609347222
  20
43.162750825522494
  42
1
  10
30.376736093472175
  20
43.162750825494754
  10
30.376736093472175
  20
43.162750825481
  42
1
  10
30.07673609347222
  20
43.16275082550885
  0
LWPOLYLINE
  5
2517
  100
AcDbEntity
  8
Hole-Layer
  100
AcDbPolyline
  90
4
  70
0
  43
0
  10
31.02875031750068
  20
43.162750825522494
  42
1
  10
31.328750317500635
  20
43.162750825494754
  10
31.328750317500635
  20
43.162750825481
  42
1
  10
31.02875031750068
  20
43.16275082550885
  0
LWPOLYLINE
  5
2519
  100
AcDbEntity
  8
Hole-Layer
  100
AcDbPolyline
  90
4
  70
0
  43
0
  10
31.02875031750068
  20
45.151780543581935
  42
1
  10
31.328750317500635
  20
45.15178054355408
  10
31.328750317500635
  20
45.151780543540326
  42
1
  10
31.02875031750068
  20
45.15178054356818
  0
LWPOLYLINE
  5
2521
  100
AcDbEntity
  8
Hole-Layer
  100
AcDbPolyline
  90
4
  70
0
  43
0
  10
31.98076454152914
  20
43.162750825522494
  42
1
  10
32.280764541529095
  20
43.162750825494754
  10
32.280764541529095
  20
43.162750825481
  42
1
  10
31.98076454152914
  20
43.16275082550885
  0
LWPOLYLINE
  5
2523
  100
AcDbEntity
  8
Hole-Layer
  100
AcDbPolyline
  90
4
  70
0
  43
0
  10
31.98076454152914
  20
45.151780543581935
  42
1
  10
32.280764541529095
  20
45.15178054355408
  10
32.280764541529095
  20
45.151780543540326
  42
1
  10
31.98076454152914
  20
45.15178054356818
  0
LWPOLYLINE
  5
2525
  100
AcDbEntity
  8
Hole-Layer
  100
AcDbPolyline
  90
4
  70
0
  43
0
  10
32.93277876555754
  20
43.162750825522494
  42
1
  10
33.2327787655575
  20
43.162750825494754
  10
33.2327787655575
  20
43.162750825481
  42
1
  10
32.93277876555754
  20
43.16275082550885
  0
LWPOLYLINE
  5
2527
  100
AcDbEntity
  8
Hole-Layer
  100
AcDbPolyline
  90
4
  70
0
  43
0
  10
32.93277876555754
  20
45.151780543581935
  42
1
  10
33.2327787655575
  20
45.15178054355408
  10
33.2327787655575
  20
45.151780543540326
  42
1
  10
32.93277876555754
  20
45.15178054356818
  0
LWPOLYLINE
  5
2529
  100
AcDbEntity
  8
Hole-Layer
  100
AcDbPolyline
  90
4
  70
0
  43
0
  10
40.837896875793774
  20
45.25378206758489
  42
1
  10
41.13789687579373
  20
45.253782067557154
  10
41.13789687579373
  20
45.2537820675434
  42
1
  10
40.837896875793774
  20
45.25378206757125
  0
LWPOLYLINE
  5
2531
  100
AcDbEntity
  8
Hole-Layer
  100
AcDbPolyline
  90
4
  70
0
  43
0
  10
40.837896875793774
  20
43.264752349525565
  42
1
  10
41.13789687579373
  20
43.26475234949771
  10
41.13789687579373
  20
43.264752349483956
  42
1
  10
40.837896875793774
  20
43.26475234951181
  0
LWPOLYLINE
  5
2533
  100
AcDbEntity
  8
Hole-Layer
  100
AcDbPolyline
  90
4
  70
0
  43
0
  10
41.789911099822234
  20
43.264752349525565
  42
1
  10
42.08991109982219
  20
43.26475234949771
  10
42.08991109982219
  20
43.264752349483956
  42
1
  10
41.789911099822234
  20
43.26475234951181
  0
LWPOLYLINE
  5
2535
  100
AcDbEntity
  8
Hole-Layer
  100
AcDbPolyline
  90
4
  70
0
  43
0
  10
41.789911099822234
  20
45.25378206758489
  42
1
  10
42.08991109982219
  20
45.253782067557154
  10
42.08991109982219
  20
45.2537820675434
  42
1
  10
41.789911099822234
  20
45.25378206757125
  0
LWPOLYLINE
  5
2537
  100
AcDbEntity
  8
Hole-Layer
  100
AcDbPolyline
  90
4
  70
0
  43
0
  10
42.741925323850694
  20
43.264752349525565
  42
1
  10
43.04192532385065
  20
43.26475234949771
  10
43.04192532385065
  20
43.264752349483956
  42
1
  10
42.741925323850694
  20
43.26475234951181
  0
LWPOLYLINE
  5
2539
  100
AcDbEntity
  8
Hole-Layer
  100
AcDbPolyline
  90
4
  70
0
  43
0
  10
42.741925323850694
  20
45.25378206758489
  42
1
  10
43.04192532385065
  20
45.253782067557154
  10
43.04192532385065
  20
45.2537820675434
  42
1
  10
42.741925323850694
  20
45.25378206757125
  0
LWPOLYLINE
  5
2541
  100
AcDbEntity
  8
Hole-Layer
  100
AcDbPolyline
  90
4
  70
0
  43
0
  10
43.693939547879154
  20
43.264752349525565
  42
1
  10
43.99393954787905
  20
43.26475234949771
  10
43.99393954787905
  20
43.264752349483956
  42
1
  10
43.693939547879154
  20
43.26475234951181
  0
LWPOLYLINE
  5
2543
  100
AcDbEntity
  8
Hole-Layer
  100
AcDbPolyline
  90
4
  70
0
  43
0
  10
43.693939547879154
  20
45.25378206758489
  42
1
  10
43.99393954787905
  20
45.253782067557154
  10
43.99393954787905
  20
45.2537820675434
  42
1
  10
43.693939547879154
  20
45.25378206757125
  0
LWPOLYLINE
  5
2545
  100
AcDbEntity
  8
Hole-Layer
  100
AcDbPolyline
  90
4
  70
0
  43
0
  10
12.946504953009935
  20
33.83758191518473
  42
1
  10
13.24650495300989
  20
33.837581915156875
  10
13.24650495300989
  20
33.83758191514312
  42
1
  10
12.946504953009935
  20
33.83758191517097
  0
LWPOLYLINE
  5
2547
  100
AcDbEntity
  8
Hole-Layer
  100
AcDbPolyline
  90
4
  70
0
  43
0
  10
14.935534671069377
  20
33.83758191518473
  42
1
  10
15.235534671069331
  20
33.837581915156875
  10
15.235534671069331
  20
33.83758191514312
  42
1
  10
14.935534671069377
  20
33.83758191517097
  0
LWPOLYLINE
  5
2549
  100
AcDbEntity
  8
Hole-Layer
  100
AcDbPolyline
  90
4
  70
0
  43
0
  10
14.935534671069377
  20
34.78959613921302
  42
1
  10
15.235534671069331
  20
34.789596139185164
  10
15.235534671069331
  20
34.78959613917141
  42
1
  10
14.935534671069377
  20
34.78959613919926
  0
LWPOLYLINE
  5
2551
  100
AcDbEntity
  8
Hole-Layer
  100
AcDbPolyline
  90
4
  70
0
  43
0
  10
12.946504953009935
  20
34.78959613921302
  42
1
  10
13.24650495300989
  20
34.789596139185164
  10
13.24650495300989
  20
34.78959613917141
  42
1
  10
12.946504953009935
  20
34.78959613919926
  0
LWPOLYLINE
  5
2553
  100
AcDbEntity
  8
Hole-Layer
  100
AcDbPolyline
  90
4
  70
0
  43
0
  10
14.935534671069377
  20
35.741610363241534
  42
1
  10
15.235534671069331
  20
35.74161036321368
  10
15.235534671069331
  20
35.741610363199925
  42
1
  10
14.935534671069377
  20
35.74161036322778
  0
LWPOLYLINE
  5
2555
  100
AcDbEntity
  8
Hole-Layer
  100
AcDbPolyline
  90
4
  70
0
  43
0
  10
12.946504953009935
  20
35.741610363241534
  42
1
  10
13.24650495300989
  20
35.74161036321368
  10
13.24650495300989
  20
35.741610363199925
  42
1
  10
12.946504953009935
  20
35.74161036322778
  0
LWPOLYLINE
  5
2557
  100
AcDbEntity
  8
Hole-Layer
  100
AcDbPolyline
  90
4
  70
0
  43
0
  10
14.935534671069377
  20
36.69362458727005
  42
1
  10
15.235534671069331
  20
36.6936245872422
  10
15.235534671069331
  20
36.69362458722844
  42
1
  10
14.935534671069377
  20
36.693624587256295
  0
LWPOLYLINE
  5
2559
  100
AcDbEntity
  8
Hole-Layer
  100
AcDbPolyline
  90
4
  70
0
  43
0
  10
12.946504953009935
  20
36.69362458727005
  42
1
  10
13.24650495300989
  20
36.6936245872422
  10
13.24650495300989
  20
36.69362458722844
  42
1
  10
12.946504953009935
  20
36.693624587256295
  0
LWPOLYLINE
  5
2561
  100
AcDbEntity
  8
Hole-Layer
  100
AcDbPolyline
  90
4
  70
0
  43
0
  10
2.4403479806960036
  20
31.440546101113
  42
1
  10
2.740347980695958
  20
31.44054610108526
  10
2.740347980695958
  20
31.440546101071504
  42
1
  10
2.4403479806960036
  20
31.440546101099244
  0
LWPOLYLINE
  5
2563
  100
AcDbEntity
  8
Hole-Layer
  100
AcDbPolyline
  90
4
  70
0
  43
0
  10
4.429377698755445
  20
31.440546101113
  42
1
  10
4.7293776987554
  20
31.44054610108526
  10
4.7293776987554
  20
31.440546101071504
  42
1
  10
4.429377698755445
  20
31.440546101099244
  0
LWPOLYLINE
  5
2565
  100
AcDbEntity
  8
Hole-Layer
  100
AcDbPolyline
  90
4
  70
0
  43
0
  10
4.429377698755445
  20
32.3925603251414
  42
1
  10
4.7293776987554
  20
32.392560325113664
  10
4.7293776987554
  20
32.39256032509991
  42
1
  10
4.429377698755445
  20
32.39256032512776
  0
LWPOLYLINE
  5
2567
  100
AcDbEntity
  8
Hole-Layer
  100
AcDbPolyline
  90
4
  70
0
  43
0
  10
2.4403479806960036
  20
32.3925603251414
  42
1
  10
2.740347980695958
  20
32.392560325113664
  10
2.740347980695958
  20
32.39256032509991
  42
1
  10
2.4403479806960036
  20
32.39256032512776
  0
LWPOLYLINE
  5
2569
  100
AcDbEntity
  8
Hole-Layer
  100
AcDbPolyline
  90
4
  70
0
  43
0
  10
4.429377698755445
  20
33.34457454916992
  42
1
  10
4.7293776987554
  20
33.34457454914218
  10
4.7293776987554
  20
33.344574549128424
  42
1
  10
4.429377698755445
  20
33.34457454915628
  0
LWPOLYLINE
  5
2571
  100
AcDbEntity
  8
Hole-Layer
  100
AcDbPolyline
  90
4
  70
0
  43
0
  10
2.4403479806960036
  20
33.34457454916992
  42
1
  10
2.740347980695958
  20
33.34457454914218
  10
2.740347980695958
  20
33.344574549128424
  42
1
  10
2.4403479806960036
  20
33.34457454915628
  0
LWPOLYLINE
  5
2573
  100
AcDbEntity
  8
Hole-Layer
  100
AcDbPolyline
  90
4
  70
0
  43
0
  10
4.429377698755445
  20
34.29658877319844
  42
1
  10
4.7293776987554
  20
34.29658877317058
  10
4.7293776987554
  20
34.29658877315683
  42
1
  10
4.429377698755445
  20
34.29658877318468
  0
LWPOLYLINE
  5
2575
  100
AcDbEntity
  8
Hole-Layer
  100
AcDbPolyline
  90
4
  70
0
  43
0
  10
2.4403479806960036
  20
34.29658877319844
  42
1
  10
2.740347980695958
  20
34.29658877317058
  10
2.740347980695958
  20
34.29658877315683
  42
1
  10
2.4403479806960036
  20
34.29658877318468
  0
LWPOLYLINE
  5
2577
  100
AcDbEntity
  8
Hole-Layer
  100
AcDbPolyline
  90
4
  70
0
  43
0
  10
19.672580645161304
  20
59.278991618004056
  42
1
  10
19.97258064516126
  20
59.2789916179762
  10
19.97258064516126
  20
59.27899161796245
  42
1
  10
19.672580645161304
  20
59.2789916179903
  0
LWPOLYLINE
  5
2579
  100
AcDbEntity
  8
Hole-Layer
  100
AcDbPolyline
  90
4
  70
0
  43
0
  10
20.8909321818644
  20
59.278991618004056
  42
1
  10
21.190932181864355
  20
59.2789916179762
  10
21.190932181864355
  20
59.27899161796245
  42
1
  10
20.8909321818644
  20
59.2789916179903
  0
LWPOLYLINE
  5
2581
  100
AcDbEntity
  8
Hole-Layer
  100
AcDbPolyline
  90
4
  70
0
  43
0
  10
22.10928371856744
  20
59.278991618004056
  42
1
  10
22.409283718567394
  20
59.2789916179762
  10
22.409283718567394
  20
59.27899161796245
  42
1
  10
22.10928371856744
  20
59.2789916179903
  0
LWPOLYLINE
  5
2583
  100
AcDbEntity
  8
Hole-Layer
  100
AcDbPolyline
  90
4
  70
0
  43
0
  10
23.327635255270593
  20
59.278991618004056
  42
1
  10
23.62763525527049
  20
59.2789916179762
  10
23.62763525527049
  20
59.27899161796245
  42
1
  10
23.327635255270593
  20
59.2789916179903
  0
LWPOLYLINE
  5
2585
  100
AcDbEntity
  8
Hole-Layer
  100
AcDbPolyline
  90
4
  70
0
  43
0
  10
24.545986791973633
  20
59.278991618004056
  42
1
  10
24.845986791973587
  20
59.2789916179762
  10
24.845986791973587
  20
59.27899161796245
  42
1
  10
24.545986791973633
  20
59.2789916179903
  0
LWPOLYLINE
  5
2587
  100
AcDbEntity
  8
Hole-Layer
  100
AcDbPolyline
  90
4
  70
0
  43
0
  10
25.764338328676672
  20
59.278991618004056
  42
1
  10
26.064338328676627
  20
59.2789916179762
  10
26.064338328676627
  20
59.27899161796245
  42
1
  10
25.764338328676672
  20
59.2789916179903
  0
LWPOLYLINE
  5
2589
  100
AcDbEntity
  8
Hole-Layer
  100
AcDbPolyline
  90
4
  70
0
  43
0
  10
26.98268986537977
  20
59.278991618004056
  42
1
  10
27.282689865379723
  20
59.2789916179762
  10
27.282689865379723
  20
59.27899161796245
  42
1
  10
26.98268986537977
  20
59.2789916179903
  0
LWPOLYLINE
  5
2591
  100
AcDbEntity
  8
Hole-Layer
  100
AcDbPolyline
  90
4
  70
0
  43
0
  10
28.201041402082865
  20
59.278991618004056
  42
1
  10
28.50104140208282
  20
59.2789916179762
  10
28.50104140208282
  20
59.27899161796245
  42
1
  10
28.201041402082865
  20
59.2789916179903
  0
LWPOLYLINE
  5
2593
  100
AcDbEntity
  8
Hole-Layer
  100
AcDbPolyline
  90
4
  70
0
  43
0
  10
29.419392938785904
  20
59.278991618004056
  42
1
  10
29.719392938785802
  20
59.2789916179762
  10
29.719392938785802
  20
59.27899161796245
  42
1
  10
29.419392938785904
  20
59.2789916179903
  0
LWPOLYLINE
  5
2595
  100
AcDbEntity
  8
Hole-Layer
  100
AcDbPolyline
  90
4
  70
0
  43
0
  10
30.637744475489
  20
59.278991618004056
  42
1
  10
30.937744475488955
  20
59.2789916179762
  10
30.937744475488955
  20
59.27899161796245
  42
1
  10
30.637744475489
  20
59.2789916179903
  0
LWPOLYLINE
  5
2597
  100
AcDbEntity
  8
Hole-Layer
  100
AcDbPolyline
  90
4
  70
0
  43
0
  10
31.85609601219204
  20
59.278991618004056
  42
1
  10
32.156096012191995
  20
59.2789916179762
  10
32.156096012191995
  20
59.27899161796245
  42
1
  10
31.85609601219204
  20
59.2789916179903
  0
LWPOLYLINE
  5
2599
  100
AcDbEntity
  8
Hole-Layer
  100
AcDbPolyline
  90
4
  70
0
  43
0
  10
33.07444754889514
  20
59.278991618004056
  42
1
  10
33.37444754889509
  20
59.2789916179762
  10
33.37444754889509
  20
59.27899161796245
  42
1
  10
33.07444754889514
  20
59.2789916179903
  0
LWPOLYLINE
  5
2601
  100
AcDbEntity
  8
Hole-Layer
  100
AcDbPolyline
  90
4
  70
0
  43
0
  10
34.29279908559823
  20
59.278991618004056
  42
1
  10
34.59279908559819
  20
59.2789916179762
  10
34.59279908559819
  20
59.27899161796245
  42
1
  10
34.29279908559823
  20
59.2789916179903
  0
LWPOLYLINE
  5
2603
  100
AcDbEntity
  8
Hole-Layer
  100
AcDbPolyline
  90
4
  70
0
  43
0
  10
35.51115062230127
  20
59.278991618004056
  42
1
  10
35.81115062230117
  20
59.2789916179762
  10
35.81115062230117
  20
59.27899161796245
  42
1
  10
35.51115062230127
  20
59.2789916179903
  0
LWPOLYLINE
  5
2605
  100
AcDbEntity
  8
Hole-Layer
  100
AcDbPolyline
  90
4
  70
0
  43
0
  10
36.72950215900437
  20
59.278991618004056
  42
1
  10
37.02950215900432
  20
59.2789916179762
  10
37.02950215900432
  20
59.27899161796245
  42
1
  10
36.72950215900437
  20
59.2789916179903
  0
LWPOLYLINE
  5
2607
  100
AcDbEntity
  8
Hole-Layer
  100
AcDbPolyline
  90
4
  70
0
  43
0
  10
37.947853695707465
  20
59.278991618004056
  42
1
  10
38.24785369570742
  20
59.2789916179762
  10
38.24785369570742
  20
59.27899161796245
  42
1
  10
37.947853695707465
  20
59.2789916179903
  0
LWPOLYLINE
  5
2609
  100
AcDbEntity
  8
Hole-Layer
  100
AcDbPolyline
  90
4
  70
0
  43
0
  10
39.16620523241045
  20
59.278991618004056
  42
1
  10
39.4662052324104
  20
59.2789916179762
  10
39.4662052324104
  20
59.27899161796245
  42
1
  10
39.16620523241045
  20
59.2789916179903
  0
LWPOLYLINE
  5
2611
  100
AcDbEntity
  8
Hole-Layer
  100
AcDbPolyline
  90
4
  70
0
  43
0
  10
40.3845567691136
  20
59.278991618004056
  42
1
  10
40.684556769113556
  20
59.2789916179762
  10
40.684556769113556
  20
59.27899161796245
  42
1
  10
40.3845567691136
  20
59.2789916179903
  0
LWPOLYLINE
  5
2613
  100
AcDbEntity
  8
Hole-Layer
  100
AcDbPolyline
  90
4
  70
0
  43
0
  10
41.60290830581664
  20
59.278991618004056
  42
1
  10
41.90290830581654
  20
59.2789916179762
  10
41.90290830581654
  20
59.27899161796245
  42
1
  10
41.60290830581664
  20
59.2789916179903
  0
LWPOLYLINE
  5
2615
  100
AcDbEntity
  8
Hole-Layer
  100
AcDbPolyline
  90
4
  70
0
  43
0
  10
42.82125984251974
  20
59.278991618004056
  42
1
  10
43.12125984251969
  20
59.2789916179762
  10
43.12125984251969
  20
59.27899161796245
  42
1
  10
42.82125984251974
  20
59.2789916179903
  0
LWPOLYLINE
  5
2617
  100
AcDbEntity
  8
Hole-Layer
  100
AcDbPolyline
  90
4
  70
0
  43
0
  10
44.03961137922283
  20
59.278991618004056
  42
1
  10
44.33961137922279
  20
59.2789916179762
  10
44.33961137922279
  20
59.27899161796245
  42
1
  10
44.03961137922283
  20
59.2789916179903
  0
LWPOLYLINE
  5
2619
  100
AcDbEntity
  8
Hole-Layer
  100
AcDbPolyline
  90
4
  70
0
  43
0
  10
45.257962915925816
  20
59.278991618004056
  42
1
  10
45.55796291592577
  20
59.2789916179762
  10
45.55796291592577
  20
59.27899161796245
  42
1
  10
45.257962915925816
  20
59.2789916179903
  0
LWPOLYLINE
  5
2621
  100
AcDbEntity
  8
Hole-Layer
  100
AcDbPolyline
  90
4
  70
0
  43
0
  10
80.51648971297953
  20
58.10597409196896
  42
1
  10
80.81648971297949
  20
58.10597409194111
  10
80.81648971297949
  20
58.10597409192735
  42
1
  10
80.51648971297953
  20
58.105974091955204
  0
LWPOLYLINE
  5
2623
  100
AcDbEntity
  8
Hole-Layer
  100
AcDbPolyline
  90
4
  70
0
  43
0
  10
81.73484124968257
  20
58.10597409196896
  42
1
  10
82.03484124968253
  20
58.10597409194111
  10
82.03484124968253
  20
58.10597409192735
  42
1
  10
81.73484124968257
  20
58.105974091955204
  0
LWPOLYLINE
  5
2625
  100
AcDbEntity
  8
Hole-Layer
  100
AcDbPolyline
  90
4
  70
0
  43
0
  10
82.9531927863855
  20
58.10597409196896
  42
1
  10
83.25319278638545
  20
58.10597409194111
  10
83.25319278638545
  20
58.10597409192735
  42
1
  10
82.9531927863855
  20
58.105974091955204
  0
LWPOLYLINE
  5
2627
  100
AcDbEntity
  8
Hole-Layer
  100
AcDbPolyline
  90
4
  70
0
  43
0
  10
84.17154432308865
  20
58.10597409196896
  42
1
  10
84.47154432308861
  20
58.10597409194111
  10
84.47154432308861
  20
58.10597409192735
  42
1
  10
84.17154432308865
  20
58.105974091955204
  0
LWPOLYLINE
  5
2629
  100
AcDbEntity
  8
Hole-Layer
  100
AcDbPolyline
  90
4
  70
0
  43
0
  10
85.3898958597918
  20
58.10597409196896
  42
1
  10
85.68989585979176
  20
58.10597409194111
  10
85.68989585979176
  20
58.10597409192735
  42
1
  10
85.3898958597918
  20
58.105974091955204
  0
LWPOLYLINE
  5
2631
  100
AcDbEntity
  8
Hole-Layer
  100
AcDbPolyline
  90
4
  70
0
  43
0
  10
86.60824739649485
  20
58.10597409196896
  42
1
  10
86.9082473964948
  20
58.10597409194111
  10
86.9082473964948
  20
58.10597409192735
  42
1
  10
86.60824739649485
  20
58.105974091955204
  0
LWPOLYLINE
  5
2633
  100
AcDbEntity
  8
Hole-Layer
  100
AcDbPolyline
  90
4
  70
0
  43
0
  10
87.826598933198
  20
58.10597409196896
  42
1
  10
88.12659893319795
  20
58.10597409194111
  10
88.12659893319795
  20
58.10597409192735
  42
1
  10
87.826598933198
  20
58.105974091955204
  0
LWPOLYLINE
  5
2635
  100
AcDbEntity
  8
Hole-Layer
  100
AcDbPolyline
  90
4
  70
0
  43
0
  10
89.04495046990093
  20
58.10597409196896
  42
1
  10
89.34495046990088
  20
58.10597409194111
  10
89.34495046990088
  20
58.10597409192735
  42
1
  10
89.04495046990093
  20
58.105974091955204
  0
LWPOLYLINE
  5
2637
  100
AcDbEntity
  8
Hole-Layer
  100
AcDbPolyline
  90
4
  70
0
  43
0
  10
90.26330200660408
  20
58.10597409196896
  42
1
  10
90.56330200660403
  20
58.10597409194111
  10
90.56330200660403
  20
58.10597409192735
  42
1
  10
90.26330200660408
  20
58.105974091955204
  0
LWPOLYLINE
  5
2639
  100
AcDbEntity
  8
Hole-Layer
  100
AcDbPolyline
  90
4
  70
0
  43
0
  10
91.48165354330712
  20
58.10597409196896
  42
1
  10
91.78165354330707
  20
58.10597409194111
  10
91.78165354330707
  20
58.10597409192735
  42
1
  10
91.48165354330712
  20
58.105974091955204
  0
LWPOLYLINE
  5
2641
  100
AcDbEntity
  8
Hole-Layer
  100
AcDbPolyline
  90
4
  70
0
  43
0
  10
92.70000508001016
  20
58.10597409196896
  42
1
  10
93.00000508001011
  20
58.10597409194111
  10
93.00000508001011
  20
58.10597409192735
  42
1
  10
92.70000508001016
  20
58.105974091955204
  0
LWPOLYLINE
  5
2643
  100
AcDbEntity
  8
Hole-Layer
  100
AcDbPolyline
  90
4
  70
0
  43
0
  10
93.91835661671331
  20
58.10597409196896
  42
1
  10
94.21835661671327
  20
58.10597409194111
  10
94.21835661671327
  20
58.10597409192735
  42
1
  10
93.91835661671331
  20
58.105974091955204
  0
LWPOLYLINE
  5
2645
  100
AcDbEntity
  8
Hole-Layer
  100
AcDbPolyline
  90
4
  70
0
  43
0
  10
95.13670815341635
  20
58.10597409196896
  42
1
  10
95.4367081534163
  20
58.10597409194111
  10
95.4367081534163
  20
58.10597409192735
  42
1
  10
95.13670815341635
  20
58.105974091955204
  0
LWPOLYLINE
  5
2647
  100
AcDbEntity
  8
Hole-Layer
  100
AcDbPolyline
  90
4
  70
0
  43
0
  10
96.35505969011939
  20
58.10597409196896
  42
1
  10
96.65505969011934
  20
58.10597409194111
  10
96.65505969011934
  20
58.10597409192735
  42
1
  10
96.35505969011939
  20
58.105974091955204
  0
LWPOLYLINE
  5
2649
  100
AcDbEntity
  8
Hole-Layer
  100
AcDbPolyline
  90
4
  70
0
  43
0
  10
97.57341122682254
  20
58.10597409196896
  42
1
  10
97.8734112268225
  20
58.10597409194111
  10
97.8734112268225
  20
58.10597409192735
  42
1
  10
97.57341122682254
  20
58.105974091955204
  0
LWPOLYLINE
  5
2651
  100
AcDbEntity
  8
Hole-Layer
  100
AcDbPolyline
  90
4
  70
0
  43
0
  10
98.79176276352558
  20
58.10597409196896
  42
1
  10
99.09176276352554
  20
58.10597409194111
  10
99.09176276352554
  20
58.10597409192735
  42
1
  10
98.79176276352558
  20
58.105974091955204
  0
LWPOLYLINE
  5
2653
  100
AcDbEntity
  8
Hole-Layer
  100
AcDbPolyline
  90
4
  70
0
  43
0
  10
100.01011430022874
  20
58.10597409196896
  42
1
  10
100.31011430022869
  20
58.10597409194111
  10
100.31011430022869
  20
58.10597409192735
  42
1
  10
100.01011430022874
  20
58.105974091955204
  0
LWPOLYLINE
  5
2655
  100
AcDbEntity
  8
Hole-Layer
  100
AcDbPolyline
  90
4
  70
0
  43
0
  10
101.22846583693166
  20
58.10597409196896
  42
1
  10
101.52846583693162
  20
58.10597409194111
  10
101.52846583693162
  20
58.10597409192735
  42
1
  10
101.22846583693166
  20
58.105974091955204
  0
LWPOLYLINE
  5
2657
  100
AcDbEntity
  8
Hole-Layer
  100
AcDbPolyline
  90
4
  70
0
  43
0
  10
102.4468173736347
  20
58.10597409196896
  42
1
  10
102.74681737363466
  20
58.10597409194111
  10
102.74681737363466
  20
58.10597409192735
  42
1
  10
102.4468173736347
  20
58.105974091955204
  0
LWPOLYLINE
  5
2659
  100
AcDbEntity
  8
Hole-Layer
  100
AcDbPolyline
  90
4
  70
0
  43
0
  10
103.66516891033785
  20
58.10597409196896
  42
1
  10
103.96516891033781
  20
58.10597409194111
  10
103.96516891033781
  20
58.10597409192735
  42
1
  10
103.66516891033785
  20
58.105974091955204
  0
LWPOLYLINE
  5
2661
  100
AcDbEntity
  8
Hole-Layer
  100
AcDbPolyline
  90
4
  70
0
  43
0
  10
104.88352044704101
  20
58.10597409196896
  42
1
  10
105.18352044704096
  20
58.10597409194111
  10
105.18352044704096
  20
58.10597409192735
  42
1
  10
104.88352044704101
  20
58.105974091955204
  0
LWPOLYLINE
  5
2663
  100
AcDbEntity
  8
Hole-Layer
  100
AcDbPolyline
  90
4
  70
0
  43
0
  10
106.10187198374405
  20
58.10597409196896
  42
1
  10
106.401871983744
  20
58.10597409194111
  10
106.401871983744
  20
58.10597409192735
  42
1
  10
106.10187198374405
  20
58.105974091955204
  0
LWPOLYLINE
  5
2665
  100
AcDbEntity
  8
Hole-Layer
  100
AcDbPolyline
  90
4
  70
0
  43
0
  10
97.86277368554732
  20
5.94016510035101
  42
1
  10
98.16277368554728
  20
5.940165100323156
  10
98.16277368554728
  20
5.940165100309514
  42
1
  10
97.86277368554732
  20
5.9401651003372535
  0
LWPOLYLINE
  5
2667
  100
AcDbEntity
  8
Hole-Layer
  100
AcDbPolyline
  90
4
  70
0
  43
0
  10
97.86277368554732
  20
7.158516637054049
  42
1
  10
98.16277368554728
  20
7.158516637026196
  10
98.16277368554728
  20
7.15851663701244
  42
1
  10
97.86277368554732
  20
7.158516637040293
  0
LWPOLYLINE
  5
2669
  100
AcDbEntity
  8
Hole-Layer
  100
AcDbPolyline
  90
4
  70
0
  43
0
  10
97.86277368554732
  20
8.376868173757202
  42
1
  10
98.16277368554728
  20
8.376868173729349
  10
98.16277368554728
  20
8.376868173715593
  42
1
  10
97.86277368554732
  20
8.376868173743446
  0
LWPOLYLINE
  5
2671
  100
AcDbEntity
  8
Hole-Layer
  100
AcDbPolyline
  90
4
  70
0
  43
0
  10
97.86277368554732
  20
9.595219710460356
  42
1
  10
98.16277368554728
  20
9.595219710432502
  10
98.16277368554728
  20
9.595219710418746
  42
1
  10
97.86277368554732
  20
9.5952197104466
  0
LWPOLYLINE
  5
2673
  100
AcDbEntity
  8
Hole-Layer
  100
AcDbPolyline
  90
4
  70
0
  43
0
  10
97.86277368554732
  20
10.813571247163281
  42
1
  10
98.16277368554728
  20
10.813571247135542
  10
98.16277368554728
  20
10.813571247121786
  42
1
  10
97.86277368554732
  20
10.813571247149639
  0
LWPOLYLINE
  5
2675
  100
AcDbEntity
  8
Hole-Layer
  100
AcDbPolyline
  90
4
  70
0
  43
0
  10
97.86277368554732
  20
12.031922783866435
  42
1
  10
98.16277368554728
  20
12.031922783838581
  10
98.16277368554728
  20
12.031922783824939
  42
1
  10
97.86277368554732
  20
12.031922783852679
  0
LWPOLYLINE
  5
2677
  100
AcDbEntity
  8
Hole-Layer
  100
AcDbPolyline
  90
4
  70
0
  43
0
  10
97.86277368554732
  20
13.250274320569474
  42
1
  10
98.16277368554728
  20
13.250274320541621
  10
98.16277368554728
  20
13.250274320527865
  42
1
  10
97.86277368554732
  20
13.250274320555718
  0
LWPOLYLINE
  5
2679
  100
AcDbEntity
  8
Hole-Layer
  100
AcDbPolyline
  90
4
  70
0
  43
0
  10
97.86277368554732
  20
14.468625857272514
  42
1
  10
98.16277368554728
  20
14.46862585724466
  10
98.16277368554728
  20
14.468625857230904
  42
1
  10
97.86277368554732
  20
14.468625857258758
  0
LWPOLYLINE
  5
2681
  100
AcDbEntity
  8
Hole-Layer
  100
AcDbPolyline
  90
4
  70
0
  43
0
  10
97.86277368554732
  20
15.686977393975667
  42
1
  10
98.16277368554728
  20
15.686977393947814
  10
98.16277368554728
  20
15.686977393934058
  42
1
  10
97.86277368554732
  20
15.68697739396191
  0
LWPOLYLINE
  5
2683
  100
AcDbEntity
  8
Hole-Layer
  100
AcDbPolyline
  90
4
  70
0
  43
0
  10
97.86277368554732
  20
16.905328930678593
  42
1
  10
98.16277368554728
  20
16.905328930650853
  10
98.16277368554728
  20
16.905328930637097
  42
1
  10
97.86277368554732
  20
16.90532893066495
  0
LWPOLYLINE
  5
2685
  100
AcDbEntity
  8
Hole-Layer
  100
AcDbPolyline
  90
4
  70
0
  43
0
  10
97.86277368554732
  20
18.123680467381746
  42
1
  10
98.16277368554728
  20
18.123680467353893
  10
98.16277368554728
  20
18.12368046734025
  42
1
  10
97.86277368554732
  20
18.12368046736799
  0
LWPOLYLINE
  5
2687
  100
AcDbEntity
  8
Hole-Layer
  100
AcDbPolyline
  90
4
  70
0
  43
0
  10
97.86277368554732
  20
19.3420320040849
  42
1
  10
98.16277368554728
  20
19.342032004057046
  10
98.16277368554728
  20
19.34203200404329
  42
1
  10
97.86277368554732
  20
19.342032004071143
  0
LWPOLYLINE
  5
2689
  100
AcDbEntity
  8
Hole-Layer
  100
AcDbPolyline
  90
4
  70
0
  43
0
  10
97.86277368554732
  20
20.56038354078794
  42
1
  10
98.16277368554728
  20
20.560383540760085
  10
98.16277368554728
  20
20.56038354074633
  42
1
  10
97.86277368554732
  20
20.560383540774183
  0
LWPOLYLINE
  5
2691
  100
AcDbEntity
  8
Hole-Layer
  100
AcDbPolyline
  90
4
  70
0
  43
0
  10
97.86277368554732
  20
21.778735077491092
  42
1
  10
98.16277368554728
  20
21.77873507746324
  10
98.16277368554728
  20
21.778735077449483
  42
1
  10
97.86277368554732
  20
21.778735077477336
  0
LWPOLYLINE
  5
2693
  100
AcDbEntity
  8
Hole-Layer
  100
AcDbPolyline
  90
4
  70
0
  43
0
  10
97.86277368554732
  20
22.997086614194018
  42
1
  10
98.16277368554728
  20
22.997086614166278
  10
98.16277368554728
  20
22.997086614152522
  42
1
  10
97.86277368554732
  20
22.997086614180375
  0
LWPOLYLINE
  5
2695
  100
AcDbEntity
  8
Hole-Layer
  100
AcDbPolyline
  90
4
  70
0
  43
0
  10
97.86277368554732
  20
24.215438150897057
  42
1
  10
98.16277368554728
  20
24.215438150869204
  10
98.16277368554728
  20
24.21543815085556
  42
1
  10
97.86277368554732
  20
24.2154381508833
  0
LWPOLYLINE
  5
2697
  100
AcDbEntity
  8
Hole-Layer
  100
AcDbPolyline
  90
4
  70
0
  43
0
  10
97.86277368554732
  20
25.43378968760021
  42
1
  10
98.16277368554728
  20
25.433789687572357
  10
98.16277368554728
  20
25.4337896875586
  42
1
  10
97.86277368554732
  20
25.433789687586454
  0
LWPOLYLINE
  5
2699
  100
AcDbEntity
  8
Hole-Layer
  100
AcDbPolyline
  90
4
  70
0
  43
0
  10
97.86277368554732
  20
26.65214122430325
  42
1
  10
98.16277368554728
  20
26.652141224275397
  10
98.16277368554728
  20
26.65214122426164
  42
1
  10
97.86277368554732
  20
26.652141224289494
  0
LWPOLYLINE
  5
2701
  100
AcDbEntity
  8
Hole-Layer
  100
AcDbPolyline
  90
4
  70
0
  43
0
  10
97.86277368554732
  20
27.870492761006403
  42
1
  10
98.16277368554728
  20
27.87049276097855
  10
98.16277368554728
  20
27.870492760964794
  42
1
  10
97.86277368554732
  20
27.870492760992647
  0
LWPOLYLINE
  5
2703
  100
AcDbEntity
  8
Hole-Layer
  100
AcDbPolyline
  90
4
  70
0
  43
0
  10
97.86277368554732
  20
29.088844297709443
  42
1
  10
98.16277368554728
  20
29.088844297681703
  10
98.16277368554728
  20
29.088844297667947
  42
1
  10
97.86277368554732
  20
29.0888442976958
  0
LWPOLYLINE
  5
2705
  100
AcDbEntity
  8
Hole-Layer
  100
AcDbPolyline
  90
4
  70
0
  43
0
  10
97.86277368554732
  20
30.307195834412482
  42
1
  10
98.16277368554728
  20
30.30719583438463
  10
98.16277368554728
  20
30.307195834370987
  42
1
  10
97.86277368554732
  20
30.307195834398726
  0
LWPOLYLINE
  5
2707
  100
AcDbEntity
  8
Hole-Layer
  100
AcDbPolyline
  90
4
  70
0
  43
0
  10
97.86277368554732
  20
31.525547371115636
  42
1
  10
98.16277368554728
  20
31.525547371087782
  10
98.16277368554728
  20
31.525547371074026
  42
1
  10
97.86277368554732
  20
31.52554737110188
  0
LWPOLYLINE
  5
2709
  100
AcDbEntity
  8
Hole-Layer
  100
AcDbPolyline
  90
4
  70
0
  43
0
  10
13.827287274574587
  20
16.686233172487164
  42
1
  10
14.127287274574542
  20
16.68623317245931
  10
14.127287274574542
  20
16.686233172445554
  42
1
  10
13.827287274574587
  20
16.686233172473408
  0
LWPOLYLINE
  5
2711
  100
AcDbEntity
  8
Hole-Layer
  100
AcDbPolyline
  90
4
  70
0
  43
0
  10
14.643299466598933
  20
17.145240030500872
  42
1
  10
14.943299466598887
  20
17.14524003047302
  10
14.943299466598887
  20
17.145240030459263
  42
1
  10
14.643299466598933
  20
17.145240030487116
  0
LWPOLYLINE
  5
2713
  100
AcDbEntity
  8
Hole-Layer
  100
AcDbPolyline
  90
4
  70
0
  43
0
  10
13.929288798577602
  20
17.604246888514695
  42
1
  10
14.229288798577556
  20
17.60424688848684
  10
14.229288798577556
  20
17.604246888473085
  42
1
  10
13.929288798577602
  20
17.60424688850094
  0
LWPOLYLINE
  5
2715
  100
AcDbEntity
  8
Hole-Layer
  100
AcDbPolyline
  90
4
  70
0
  43
0
  10
13.521282702565486
  20
10.51514097030281
  42
1
  10
13.821282702565384
  20
10.515140970274956
  10
13.821282702565384
  20
10.5151409702612
  42
1
  10
13.521282702565486
  20
10.515140970289053
  0
LWPOLYLINE
  5
2717
  100
AcDbEntity
  8
Hole-Layer
  100
AcDbPolyline
  90
4
  70
0
  43
0
  10
14.388295656591367
  20
10.51514097030281
  42
1
  10
14.688295656591322
  20
10.515140970274956
  10
14.688295656591322
  20
10.5151409702612
  42
1
  10
14.388295656591367
  20
10.515140970289053
  0
HATCH
  5
1081
  100
AcDbEntity
  8
Pin-Soldering-Layer
  100
AcDbHatch
  10
0
  20
0
  30
0
  210
0
  220
0
  230
1
  2
SOLID
  70
1
  71
0
  91
1
  92
7
  72
1
  73
1
  93
2
  10
16.007264414528823
  20
48.68784861569725
  42
1
  10
17.008026416052825
  20
48.68784861569725
  42
1
  97
1
  330
1080
  75
0
  76
1
  47
0.8681437583925616
  98
1
  10
3.629517071192367
  20
33.92795499968543
  450
0
  451
0
  460
0
  461
0
  452
1
  462
1
  453
2
  463
0
  63
5
  421
255
  463
1
  63
7
  421
16777215
  470
LINEAR
  1001
ACAD
  1010
0
  1020
0
  1030
0
  0
HATCH
  5
1083
  100
AcDbEntity
  8
Pin-Soldering-Layer
  100
AcDbHatch
  10
0
  20
0
  30
0
  210
0
  220
0
  230
1
  2
SOLID
  70
1
  71
0
  91
1
  92
7
  72
1
  73
1
  93
2
  10
13.507899415798864
  20
48.68784861569725
  42
1
  10
14.508661417322866
  20
48.68784861569725
  42
1
  97
1
  330
1082
  75
0
  76
1
  47
0.8681437583925616
  98
1
  10
3.629517071192367
  20
33.92795499968543
  450
0
  451
0
  460
0
  461
0
  452
1
  462
1
  453
2
  463
0
  63
5
  421
255
  463
1
  63
7
  421
16777215
  470
LINEAR
  1001
ACAD
  1010
0
  1020
0
  1030
0
  0
HATCH
  5
1085
  100
AcDbEntity
  8
Pin-Soldering-Layer
  100
AcDbHatch
  10
0
  20
0
  30
0
  210
0
  220
0
  230
1
  2
SOLID
  70
1
  71
0
  91
1
  92
7
  72
1
  73
1
  93
2
  10
11.008534417068848
  20
48.68784861569725
  42
1
  10
12.00929641859285
  20
48.68784861569725
  42
1
  97
1
  330
1084
  75
0
  76
1
  47
0.8681437583925616
  98
1
  10
3.629517071192367
  20
33.92795499968543
  450
0
  451
0
  460
0
  461
0
  452
1
  462
1
  453
2
  463
0
  63
5
  421
255
  463
1
  63
7
  421
16777215
  470
LINEAR
  1001
ACAD
  1010
0
  1020
0
  1030
0
  0
HATCH
  5
1087
  100
AcDbEntity
  8
Pin-Soldering-Layer
  100
AcDbHatch
  10
0
  20
0
  30
0
  210
0
  220
0
  230
1
  2
SOLID
  70
1
  71
0
  91
1
  92
7
  72
1
  73
1
  93
2
  10
106.8529768859538
  20
43.27675133350283
  42
1
  10
107.5530022860046
  20
43.27675133350283
  42
1
  97
1
  330
1086
  75
0
  76
1
  47
0.8681437583925616
  98
1
  10
3.629517071192367
  20
33.92795499968543
  450
0
  451
0
  460
0
  461
0
  452
1
  462
1
  453
2
  463
0
  63
5
  421
255
  463
1
  63
7
  421
16777215
  470
LINEAR
  1001
ACAD
  1010
0
  1020
0
  1030
0
  0
HATCH
  5
1089
  100
AcDbEntity
  8
Pin-Soldering-Layer
  100
AcDbHatch
  10
0
  20
0
  30
0
  210
0
  220
0
  230
1
  2
SOLID
  70
1
  71
0
  91
1
  92
7
  72
1
  73
1
  93
2
  10
106.8529768859538
  20
40.73674625349258
  42
1
  10
107.5530022860046
  20
40.73674625349258
  42
1
  97
1
  330
1088
  75
0
  76
1
  47
0.8681437583925616
  98
1
  10
3.629517071192367
  20
33.92795499968543
  450
0
  451
0
  460
0
  461
0
  452
1
  462
1
  453
2
  463
0
  63
5
  421
255
  463
1
  63
7
  421
16777215
  470
LINEAR
  1001
ACAD
  1010
0
  1020
0
  1030
0
  0
HATCH
  5
1091
  100
AcDbEntity
  8
Pin-Soldering-Layer
  100
AcDbHatch
  10
0
  20
0
  30
0
  210
0
  220
0
  230
1
  2
SOLID
  70
1
  71
0
  91
1
  92
7
  72
1
  73
1
  93
2
  10
5.4471450342900765
  20
43.27675133350283
  42
1
  10
6.147170434340876
  20
43.27675133350283
  42
1
  97
1
  330
1090
  75
0
  76
1
  47
0.8681437583925616
  98
1
  10
3.629517071192367
  20
33.92795499968543
  450
0
  451
0
  460
0
  461
0
  452
1
  462
1
  453
2
  463
0
  63
5
  421
255
  463
1
  63
7
  421
16777215
  470
LINEAR
  1001
ACAD
  1010
0
  1020
0
  1030
0
  0
HATCH
  5
1093
  100
AcDbEntity
  8
Pin-Soldering-Layer
  100
AcDbHatch
  10
0
  20
0
  30
0
  210
0
  220
0
  230
1
  2
SOLID
  70
1
  71
0
  91
1
  92
7
  72
1
  73
1
  93
2
  10
5.4471450342900765
  20
40.73674625349258
  42
1
  10
6.147170434340876
  20
40.73674625349258
  42
1
  97
1
  330
1092
  75
0
  76
1
  47
0.8681437583925616
  98
1
  10
3.629517071192367
  20
33.92795499968543
  450
0
  451
0
  460
0
  461
0
  452
1
  462
1
  453
2
  463
0
  63
5
  421
255
  463
1
  63
7
  421
16777215
  470
LINEAR
  1001
ACAD
  1010
0
  1020
0
  1030
0
  0
HATCH
  5
1095
  100
AcDbEntity
  8
Pin-Soldering-Layer
  100
AcDbHatch
  10
0
  20
0
  30
0
  210
0
  220
0
  230
1
  2
SOLID
  70
1
  71
0
  91
1
  92
7
  72
1
  73
1
  93
2
  10
8.549776479552978
  20
12.420050800101649
  42
1
  10
9.850259080518182
  20
12.420050800101649
  42
1
  97
1
  330
1094
  75
0
  76
1
  47
0.8681437583925616
  98
1
  10
3.629517071192367
  20
33.92795499968543
  450
0
  451
0
  460
0
  461
0
  452
1
  462
1
  453
2
  463
0
  63
5
  421
255
  463
1
  63
7
  421
16777215
  470
LINEAR
  1001
ACAD
  1010
0
  1020
0
  1030
0
  0
HATCH
  5
1097
  100
AcDbEntity
  8
Pin-Soldering-Layer
  100
AcDbHatch
  10
0
  20
0
  30
0
  210
0
  220
0
  230
1
  2
SOLID
  70
1
  71
0
  91
1
  92
7
  72
1
  73
1
  93
2
  10
8.549776479552978
  20
17.500060960121914
  42
1
  10
9.850259080518182
  20
17.500060960121914
  42
1
  97
1
  330
1096
  75
0
  76
1
  47
0.8681437583925616
  98
1
  10
3.629517071192367
  20
33.92795499968543
  450
0
  451
0
  460
0
  461
0
  452
1
  462
1
  453
2
  463
0
  63
5
  421
255
  463
1
  63
7
  421
16777215
  470
LINEAR
  1001
ACAD
  1010
0
  1020
0
  1030
0
  0
HATCH
  5
1099
  100
AcDbEntity
  8
Pin-Soldering-Layer
  100
AcDbHatch
  10
0
  20
0
  30
0
  210
0
  220
0
  230
1
  2
SOLID
  70
1
  71
0
  91
1
  92
7
  72
1
  73
1
  93
2
  10
8.549776479552978
  20
22.580071120142293
  42
1
  10
9.850259080518182
  20
22.580071120142293
  42
1
  97
1
  330
1098
  75
0
  76
1
  47
0.8681437583925616
  98
1
  10
3.629517071192367
  20
33.92795499968543
  450
0
  451
0
  460
0
  461
0
  452
1
  462
1
  453
2
  463
0
  63
5
  421
255
  463
1
  63
7
  421
16777215
  470
LINEAR
  1001
ACAD
  1010
0
  1020
0
  1030
0
  0
HATCH
  5
1101
  100
AcDbEntity
  8
Pin-Soldering-Layer
  100
AcDbHatch
  10
0
  20
0
  30
0
  210
0
  220
0
  230
1
  2
SOLID
  70
1
  71
0
  91
1
  92
7
  72
1
  73
1
  93
2
  10
11.008534417068848
  20
8.499248158496357
  42
1
  10
12.00929641859285
  20
8.499248158496357
  42
1
  97
1
  330
1100
  75
0
  76
1
  47
0.8681437583925616
  98
1
  10
3.629517071192367
  20
33.92795499968543
  450
0
  451
0
  460
0
  461
0
  452
1
  462
1
  453
2
  463
0
  63
5
  421
255
  463
1
  63
7
  421
16777215
  470
LINEAR
  1001
ACAD
  1010
0
  1020
0
  1030
0
  0
HATCH
  5
1103
  100
AcDbEntity
  8
Pin-Soldering-Layer
  100
AcDbHatch
  10
0
  20
0
  30
0
  210
0
  220
0
  230
1
  2
SOLID
  70
1
  71
0
  91
1
  92
7
  72
1
  73
1
  93
2
  10
13.507899415798864
  20
8.499248158496357
  42
1
  10
14.508661417322866
  20
8.499248158496357
  42
1
  97
1
  330
1102
  75
0
  76
1
  47
0.8681437583925616
  98
1
  10
3.629517071192367
  20
33.92795499968543
  450
0
  451
0
  460
0
  461
0
  452
1
  462
1
  453
2
  463
0
  63
5
  421
255
  463
1
  63
7
  421
16777215
  470
LINEAR
  1001
ACAD
  1010
0
  1020
0
  1030
0
  0
HATCH
  5
1105
  100
AcDbEntity
  8
Pin-Soldering-Layer
  100
AcDbHatch
  10
0
  20
0
  30
0
  210
0
  220
0
  230
1
  2
SOLID
  70
1
  71
0
  91
1
  92
7
  72
1
  73
1
  93
2
  10
16.007264414528823
  20
8.499248158496357
  42
1
  10
17.008026416052825
  20
8.499248158496357
  42
1
  97
1
  330
1104
  75
0
  76
1
  47
0.8681437583925616
  98
1
  10
3.629517071192367
  20
33.92795499968543
  450
0
  451
0
  460
0
  461
0
  452
1
  462
1
  453
2
  463
0
  63
5
  421
255
  463
1
  63
7
  421
16777215
  470
LINEAR
  1001
ACAD
  1010
0
  1020
0
  1030
0
  0
HATCH
  5
1107
  100
AcDbEntity
  8
Pin-Soldering-Layer
  100
AcDbHatch
  10
0
  20
0
  30
0
  210
0
  220
0
  230
1
  2
SOLID
  70
1
  71
0
  91
1
  92
7
  72
1
  73
1
  93
2
  10
103.14996697993399
  20
12.420050800101649
  42
1
  10
104.4504495808992
  20
12.420050800101649
  42
1
  97
1
  330
1106
  75
0
  76
1
  47
0.8681437583925616
  98
1
  10
3.629517071192367
  20
33.92795499968543
  450
0
  451
0
  460
0
  461
0
  452
1
  462
1
  453
2
  463
0
  63
5
  421
255
  463
1
  63
7
  421
16777215
  470
LINEAR
  1001
ACAD
  1010
0
  1020
0
  1030
0
  0
HATCH
  5
1109
  100
AcDbEntity
  8
Pin-Soldering-Layer
  100
AcDbHatch
  10
0
  20
0
  30
0
  210
0
  220
0
  230
1
  2
SOLID
  70
1
  71
0
  91
1
  92
7
  72
1
  73
1
  93
2
  10
103.14996697993399
  20
17.500060960121914
  42
1
  10
104.4504495808992
  20
17.500060960121914
  42
1
  97
1
  330
1108
  75
0
  76
1
  47
0.8681437583925616
  98
1
  10
3.629517071192367
  20
33.92795499968543
  450
0
  451
0
  460
0
  461
0
  452
1
  462
1
  453
2
  463
0
  63
5
  421
255
  463
1
  63
7
  421
16777215
  470
LINEAR
  1001
ACAD
  1010
0
  1020
0
  1030
0
  0
HATCH
  5
1111
  100
AcDbEntity
  8
Pin-Soldering-Layer
  100
AcDbHatch
  10
0
  20
0
  30
0
  210
0
  220
0
  230
1
  2
SOLID
  70
1
  71
0
  91
1
  92
7
  72
1
  73
1
  93
2
  10
103.14996697993399
  20
22.580071120142293
  42
1
  10
104.4504495808992
  20
22.580071120142293
  42
1
  97
1
  330
1110
  75
0
  76
1
  47
0.8681437583925616
  98
1
  10
3.629517071192367
  20
33.92795499968543
  450
0
  451
0
  460
0
  461
0
  452
1
  462
1
  453
2
  463
0
  63
5
  421
255
  463
1
  63
7
  421
16777215
  470
LINEAR
  1001
ACAD
  1010
0
  1020
0
  1030
0
  0
HATCH
  5
1208
  100
AcDbEntity
  8
Pin-Soldering-Layer
  100
AcDbHatch
  10
0
  20
0
  30
0
  210
0
  220
0
  230
1
  2
SOLID
  70
1
  71
0
  91
1
  92
7
  72
0
  73
1
  93
4
  10
31.38180594361188
  20
48.96328676657356
  10
31.981805943611903
  20
48.96328676657356
  10
31.981805943611903
  20
48.36328676657365
  10
31.38180594361188
  20
48.36328676657365
  97
1
  330
1207
  75
0
  76
1
  47
0.4128176842155181
  98
1
  10
34.90568961886538
  20
22.81183545379326
  450
0
  451
0
  460
0
  461
0
  452
1
  462
1
  453
2
  463
0
  63
5
  421
255
  463
1
  63
7
  421
16777215
  470
LINEAR
  1001
ACAD
  1010
0
  1020
0
  1030
0
  0
HATCH
  5
1210
  100
AcDbEntity
  8
Pin-Soldering-Layer
  100
AcDbHatch
  10
0
  20
0
  30
0
  210
0
  220
0
  230
1
  2
SOLID
  70
1
  71
0
  91
1
  92
7
  72
0
  73
1
  93
4
  10
28.882440944881864
  20
48.96328676657356
  10
29.482440944881887
  20
48.96328676657356
  10
29.482440944881887
  20
48.36328676657365
  10
28.882440944881864
  20
48.36328676657365
  97
1
  330
1209
  75
0
  76
1
  47
0.4128176842155181
  98
1
  10
34.90568961886538
  20
22.81183545379326
  450
0
  451
0
  460
0
  461
0
  452
1
  462
1
  453
2
  463
0
  63
5
  421
255
  463
1
  63
7
  421
16777215
  470
LINEAR
  1001
ACAD
  1010
0
  1020
0
  1030
0
  0
HATCH
  5
1212
  100
AcDbEntity
  8
Pin-Soldering-Layer
  100
AcDbHatch
  10
0
  20
0
  30
0
  210
0
  220
0
  230
1
  2
SOLID
  70
1
  71
0
  91
1
  92
7
  72
0
  73
1
  93
4
  10
26.383075946151905
  20
48.96328676657356
  10
26.983075946151928
  20
48.96328676657356
  10
26.983075946151928
  20
48.36328676657365
  10
26.383075946151905
  20
48.36328676657365
  97
1
  330
1211
  75
0
  76
1
  47
0.4128176842155181
  98
1
  10
34.90568961886538
  20
22.81183545379326
  450
0
  451
0
  460
0
  461
0
  452
1
  462
1
  453
2
  463
0
  63
5
  421
255
  463
1
  63
7
  421
16777215
  470
LINEAR
  1001
ACAD
  1010
0
  1020
0
  1030
0
  0
HATCH
  5
1214
  100
AcDbEntity
  8
Pin-Soldering-Layer
  100
AcDbHatch
  10
0
  20
0
  30
0
  210
0
  220
0
  230
1
  2
SOLID
  70
1
  71
0
  91
1
  92
7
  72
0
  73
1
  93
4
  10
23.88117094234184
  20
48.96328676657356
  10
24.481170942341862
  20
48.96328676657356
  10
24.481170942341862
  20
48.36328676657365
  10
23.88117094234184
  20
48.36328676657365
  97
1
  330
1213
  75
0
  76
1
  47
0.4128176842155181
  98
1
  10
34.90568961886538
  20
22.81183545379326
  450
0
  451
0
  460
0
  461
0
  452
1
  462
1
  453
2
  463
0
  63
5
  421
255
  463
1
  63
7
  421
16777215
  470
LINEAR
  1001
ACAD
  1010
0
  1020
0
  1030
0
  0
HATCH
  5
1254
  100
AcDbEntity
  8
Pin-Soldering-Layer
  100
AcDbHatch
  10
0
  20
0
  30
0
  210
0
  220
0
  230
1
  2
SOLID
  70
1
  71
0
  91
1
  92
7
  72
0
  73
1
  93
4
  10
13.866972313944586
  20
41.700601981204045
  10
13.866972313944586
  20
43.27560833121663
  10
14.316985013969997
  20
43.27560833121663
  10
14.316985013969997
  20
41.700601981204045
  97
1
  330
1253
  75
0
  76
1
  47
0.4128176842155181
  98
1
  10
34.90568961886538
  20
22.81183545379326
  450
0
  451
0
  460
0
  461
0
  452
1
  462
1
  453
2
  463
0
  63
5
  421
255
  463
1
  63
7
  421
16777215
  470
LINEAR
  1001
ACAD
  1010
0
  1020
0
  1030
0
  0
HATCH
  5
1256
  100
AcDbEntity
  8
Pin-Soldering-Layer
  100
AcDbHatch
  10
0
  20
0
  30
0
  210
0
  220
0
  230
1
  2
SOLID
  70
1
  71
0
  91
1
  92
7
  72
0
  73
1
  93
4
  10
16.966997713995397
  20
41.700601981204045
  10
16.966997713995397
  20
43.27560833121663
  10
16.516985013969986
  20
43.27560833121663
  10
16.516985013969986
  20
41.700601981204045
  97
1
  330
1255
  75
0
  76
1
  47
0.4128176842155181
  98
1
  10
34.90568961886538
  20
22.81183545379326
  450
0
  451
0
  460
0
  461
0
  452
1
  462
1
  453
2
  463
0
  63
5
  421
255
  463
1
  63
7
  421
16777215
  470
LINEAR
  1001
ACAD
  1010
0
  1020
0
  1030
0
  0
HATCH
  5
1268
  100
AcDbEntity
  8
Pin-Soldering-Layer
  100
AcDbHatch
  10
0
  20
0
  30
0
  210
0
  220
0
  230
1
  2
SOLID
  70
1
  71
0
  91
1
  92
7
  72
0
  73
1
  93
4
  10
13.866972313944586
  20
44.07213614427235
  10
13.866972313944586
  20
45.647142494284935
  10
14.316985013969997
  20
45.647142494284935
  10
14.316985013969997
  20
44.07213614427235
  97
1
  330
1267
  75
0
  76
1
  47
0.4128176842155181
  98
1
  10
34.90568961886538
  20
22.81183545379326
  450
0
  451
0
  460
0
  461
0
  452
1
  462
1
  453
2
  463
0
  63
5
  421
255
  463
1
  63
7
  421
16777215
  470
LINEAR
  1001
ACAD
  1010
0
  1020
0
  1030
0
  0
HATCH
  5
1270
  100
AcDbEntity
  8
Pin-Soldering-Layer
  100
AcDbHatch
  10
0
  20
0
  30
0
  210
0
  220
0
  230
1
  2
SOLID
  70
1
  71
0
  91
1
  92
7
  72
0
  73
1
  93
4
  10
16.966997713995397
  20
44.07213614427235
  10
16.966997713995397
  20
45.647142494284935
  10
16.516985013969986
  20
45.647142494284935
  10
16.516985013969986
  20
44.07213614427235
  97
1
  330
1269
  75
0
  76
1
  47
0.4128176842155181
  98
1
  10
34.90568961886538
  20
22.81183545379326
  450
0
  451
0
  460
0
  461
0
  452
1
  462
1
  453
2
  463
0
  63
5
  421
255
  463
1
  63
7
  421
16777215
  470
LINEAR
  1001
ACAD
  1010
0
  1020
0
  1030
0
  0
HATCH
  5
1282
  100
AcDbEntity
  8
Pin-Soldering-Layer
  100
AcDbHatch
  10
0
  20
0
  30
0
  210
0
  220
0
  230
1
  2
SOLID
  70
1
  71
0
  91
1
  92
7
  72
0
  73
1
  93
4
  10
104.8280848361697
  20
49.6974752349505
  10
103.25307848615711
  20
49.6974752349505
  10
103.25307848615711
  20
50.14748793497597
  10
104.8280848361697
  20
50.14748793497597
  97
1
  330
1281
  75
0
  76
1
  47
0.4128176842155181
  98
1
  10
34.90568961886538
  20
22.81183545379326
  450
0
  451
0
  460
0
  461
0
  452
1
  462
1
  453
2
  463
0
  63
5
  421
255
  463
1
  63
7
  421
16777215
  470
LINEAR
  1001
ACAD
  1010
0
  1020
0
  1030
0
  0
HATCH
  5
1284
  100
AcDbEntity
  8
Pin-Soldering-Layer
  100
AcDbHatch
  10
0
  20
0
  30
0
  210
0
  220
0
  230
1
  2
SOLID
  70
1
  71
0
  91
1
  92
7
  72
0
  73
1
  93
4
  10
104.8280848361697
  20
52.79750063500137
  10
103.25307848615711
  20
52.79750063500137
  10
103.25307848615711
  20
52.3474879349759
  10
104.8280848361697
  20
52.3474879349759
  97
1
  330
1283
  75
0
  76
1
  47
0.4128176842155181
  98
1
  10
34.90568961886538
  20
22.81183545379326
  450
0
  451
0
  460
0
  461
0
  452
1
  462
1
  453
2
  463
0
  63
5
  421
255
  463
1
  63
7
  421
16777215
  470
LINEAR
  1001
ACAD
  1010
0
  1020
0
  1030
0
  0
HATCH
  5
1296
  100
AcDbEntity
  8
Pin-Soldering-Layer
  100
AcDbHatch
  10
0
  20
0
  30
0
  210
0
  220
0
  230
1
  2
SOLID
  70
1
  71
0
  91
1
  92
7
  72
0
  73
1
  93
4
  10
102.45952755905506
  20
49.6974752349505
  10
100.88452120904248
  20
49.6974752349505
  10
100.88452120904248
  20
50.14748793497597
  10
102.45952755905506
  20
50.14748793497597
  97
1
  330
1295
  75
0
  76
1
  47
0.4128176842155181
  98
1
  10
34.90568961886538
  20
22.81183545379326
  450
0
  451
0
  460
0
  461
0
  452
1
  462
1
  453
2
  463
0
  63
5
  421
255
  463
1
  63
7
  421
16777215
  470
LINEAR
  1001
ACAD
  1010
0
  1020
0
  1030
0
  0
HATCH
  5
1298
  100
AcDbEntity
  8
Pin-Soldering-Layer
  100
AcDbHatch
  10
0
  20
0
  30
0
  210
0
  220
0
  230
1
  2
SOLID
  70
1
  71
0
  91
1
  92
7
  72
0
  73
1
  93
4
  10
102.45952755905506
  20
52.79750063500137
  10
100.88452120904248
  20
52.79750063500137
  10
100.88452120904248
  20
52.3474879349759
  10
102.45952755905506
  20
52.3474879349759
  97
1
  330
1297
  75
0
  76
1
  47
0.4128176842155181
  98
1
  10
34.90568961886538
  20
22.81183545379326
  450
0
  451
0
  460
0
  461
0
  452
1
  462
1
  453
2
  463
0
  63
5
  421
255
  463
1
  63
7
  421
16777215
  470
LINEAR
  1001
ACAD
  1010
0
  1020
0
  1030
0
  0
HATCH
  5
1345
  100
AcDbEntity
  8
Pin-Soldering-Layer
  100
AcDbHatch
  10
0
  20
0
  30
0
  210
0
  220
0
  230
1
  2
SOLID
  70
1
  71
0
  91
1
  92
7
  72
0
  73
1
  93
4
  10
71.87514351028705
  20
53.24888239776487
  10
71.87514351028705
  20
53.888862077724184
  10
72.51512319024636
  20
53.888862077724184
  10
72.51512319024636
  20
53.24888239776487
  97
1
  330
1344
  75
0
  76
1
  47
0.4128176842155181
  98
1
  10
34.90568961886538
  20
22.81183545379326
  450
0
  451
0
  460
0
  461
0
  452
1
  462
1
  453
2
  463
0
  63
5
  421
255
  463
1
  63
7
  421
16777215
  470
LINEAR
  1001
ACAD
  1010
0
  1020
0
  1030
0
  0
HATCH
  5
1347
  100
AcDbEntity
  8
Pin-Soldering-Layer
  100
AcDbHatch
  10
0
  20
0
  30
0
  210
0
  220
0
  230
1
  2
SOLID
  70
1
  71
0
  91
1
  92
7
  72
0
  73
1
  93
4
  10
69.33513843027686
  20
50.70887731775474
  10
69.33513843027686
  20
51.34885699771405
  10
69.97511811023622
  20
51.34885699771405
  10
69.97511811023622
  20
50.70887731775474
  97
1
  330
1346
  75
0
  76
1
  47
0.4128176842155181
  98
1
  10
34.90568961886538
  20
22.81183545379326
  450
0
  451
0
  460
0
  461
0
  452
1
  462
1
  453
2
  463
0
  63
5
  421
255
  463
1
  63
7
  421
16777215
  470
LINEAR
  1001
ACAD
  1010
0
  1020
0
  1030
0
  0
HATCH
  5
1349
  100
AcDbEntity
  8
Pin-Soldering-Layer
  100
AcDbHatch
  10
0
  20
0
  30
0
  210
0
  220
0
  230
1
  2
SOLID
  70
1
  71
0
  91
1
  92
7
  72
0
  73
1
  93
4
  10
71.87514351028705
  20
50.70887731775474
  10
71.87514351028705
  20
51.34885699771405
  10
72.51512319024636
  20
51.34885699771405
  10
72.51512319024636
  20
50.70887731775474
  97
1
  330
1348
  75
0
  76
1
  47
0.4128176842155181
  98
1
  10
34.90568961886538
  20
22.81183545379326
  450
0
  451
0
  460
0
  461
0
  452
1
  462
1
  453
2
  463
0
  63
5
  421
255
  463
1
  63
7
  421
16777215
  470
LINEAR
  1001
ACAD
  1010
0
  1020
0
  1030
0
  0
HATCH
  5
1351
  100
AcDbEntity
  8
Pin-Soldering-Layer
  100
AcDbHatch
  10
0
  20
0
  30
0
  210
0
  220
0
  230
1
  2
SOLID
  70
1
  71
0
  91
1
  92
7
  72
0
  73
1
  93
4
  10
69.33513843027686
  20
48.16887223774461
  10
69.33513843027686
  20
48.808851917703805
  10
69.97511811023622
  20
48.808851917703805
  10
69.97511811023622
  20
48.16887223774461
  97
1
  330
1350
  75
0
  76
1
  47
0.4128176842155181
  98
1
  10
34.90568961886538
  20
22.81183545379326
  450
0
  451
0
  460
0
  461
0
  452
1
  462
1
  453
2
  463
0
  63
5
  421
255
  463
1
  63
7
  421
16777215
  470
LINEAR
  1001
ACAD
  1010
0
  1020
0
  1030
0
  0
HATCH
  5
1353
  100
AcDbEntity
  8
Pin-Soldering-Layer
  100
AcDbHatch
  10
0
  20
0
  30
0
  210
0
  220
0
  230
1
  2
SOLID
  70
1
  71
0
  91
1
  92
7
  72
0
  73
1
  93
4
  10
71.87514351028705
  20
48.16887223774461
  10
71.87514351028705
  20
48.808851917703805
  10
72.51512319024636
  20
48.808851917703805
  10
72.51512319024636
  20
48.16887223774461
  97
1
  330
1352
  75
0
  76
1
  47
0.4128176842155181
  98
1
  10
34.90568961886538
  20
22.81183545379326
  450
0
  451
0
  460
0
  461
0
  452
1
  462
1
  453
2
  463
0
  63
5
  421
255
  463
1
  63
7
  421
16777215
  470
LINEAR
  1001
ACAD
  1010
0
  1020
0
  1030
0
  0
HATCH
  5
1355
  100
AcDbEntity
  8
Pin-Soldering-Layer
  100
AcDbHatch
  10
0
  20
0
  30
0
  210
0
  220
0
  230
1
  2
SOLID
  70
1
  71
0
  91
1
  92
7
  72
0
  73
1
  93
4
  10
69.33513843027686
  20
45.628867157734476
  10
69.33513843027686
  20
46.26884683769367
  10
69.97511811023622
  20
46.26884683769367
  10
69.97511811023622
  20
45.628867157734476
  97
1
  330
1354
  75
0
  76
1
  47
0.4128176842155181
  98
1
  10
34.90568961886538
  20
22.81183545379326
  450
0
  451
0
  460
0
  461
0
  452
1
  462
1
  453
2
  463
0
  63
5
  421
255
  463
1
  63
7
  421
16777215
  470
LINEAR
  1001
ACAD
  1010
0
  1020
0
  1030
0
  0
HATCH
  5
1357
  100
AcDbEntity
  8
Pin-Soldering-Layer
  100
AcDbHatch
  10
0
  20
0
  30
0
  210
0
  220
0
  230
1
  2
SOLID
  70
1
  71
0
  91
1
  92
7
  72
0
  73
1
  93
4
  10
71.87514351028705
  20
45.628867157734476
  10
71.87514351028705
  20
46.26884683769367
  10
72.51512319024636
  20
46.26884683769367
  10
72.51512319024636
  20
45.628867157734476
  97
1
  330
1356
  75
0
  76
1
  47
0.4128176842155181
  98
1
  10
34.90568961886538
  20
22.81183545379326
  450
0
  451
0
  460
0
  461
0
  452
1
  462
1
  453
2
  463
0
  63
5
  421
255
  463
1
  63
7
  421
16777215
  470
LINEAR
  1001
ACAD
  1010
0
  1020
0
  1030
0
  0
HATCH
  5
1359
  100
AcDbEntity
  8
Pin-Soldering-Layer
  100
AcDbHatch
  10
0
  20
0
  30
0
  210
0
  220
0
  230
1
  2
SOLID
  70
1
  71
0
  91
1
  92
7
  72
0
  73
1
  93
4
  10
69.33513843027686
  20
53.24888239776487
  10
69.33513843027686
  20
53.888862077724184
  10
69.97511811023622
  20
53.888862077724184
  10
69.97511811023622
  20
53.24888239776487
  97
1
  330
1358
  75
0
  76
1
  47
0.4128176842155181
  98
1
  10
34.90568961886538
  20
22.81183545379326
  450
0
  451
0
  460
0
  461
0
  452
1
  462
1
  453
2
  463
0
  63
5
  421
255
  463
1
  63
7
  421
16777215
  470
LINEAR
  1001
ACAD
  1010
0
  1020
0
  1030
0
  0
HATCH
  5
1392
  100
AcDbEntity
  8
Pin-Soldering-Layer
  100
AcDbHatch
  10
0
  20
0
  30
0
  210
0
  220
0
  230
1
  2
SOLID
  70
1
  71
0
  91
1
  92
7
  72
0
  73
1
  93
4
  10
8.09014478028962
  20
45.30468884937761
  10
8.09014478028962
  20
46.90468884937775
  10
8.59014478028962
  20
46.90468884937775
  10
8.59014478028962
  20
45.30468884937761
  97
1
  330
1391
  75
0
  76
1
  47
0.4128176842155181
  98
1
  10
34.90568961886538
  20
22.81183545379326
  450
0
  451
0
  460
0
  461
0
  452
1
  462
1
  453
2
  463
0
  63
5
  421
255
  463
1
  63
7
  421
16777215
  470
LINEAR
  1001
ACAD
  1010
0
  1020
0
  1030
0
  0
HATCH
  5
1394
  100
AcDbEntity
  8
Pin-Soldering-Layer
  100
AcDbHatch
  10
0
  20
0
  30
0
  210
0
  220
0
  230
1
  2
SOLID
  70
1
  71
0
  91
1
  92
7
  72
0
  73
1
  93
4
  10
11.290144780289609
  20
45.30468884937761
  10
11.290144780289609
  20
46.90468884937775
  10
10.790144780289609
  20
46.90468884937775
  10
10.790144780289609
  20
45.30468884937761
  97
1
  330
1393
  75
0
  76
1
  47
0.4128176842155181
  98
1
  10
34.90568961886538
  20
22.81183545379326
  450
0
  451
0
  460
0
  461
0
  452
1
  462
1
  453
2
  463
0
  63
5
  421
255
  463
1
  63
7
  421
16777215
  470
LINEAR
  1001
ACAD
  1010
0
  1020
0
  1030
0
  0
HATCH
  5
1410
  100
AcDbEntity
  8
Pin-Soldering-Layer
  100
AcDbHatch
  10
0
  20
0
  30
0
  210
0
  220
0
  230
1
  2
SOLID
  70
1
  71
0
  91
1
  92
7
  72
0
  73
1
  93
4
  10
8.995110490221009
  20
27.72840233680472
  10
8.995110490221009
  20
26.128402336804697
  10
8.495110490221009
  20
26.128402336804697
  10
8.495110490221009
  20
27.72840233680472
  97
1
  330
1409
  75
0
  76
1
  47
0.4128176842155181
  98
1
  10
34.90568961886538
  20
22.81183545379326
  450
0
  451
0
  460
0
  461
0
  452
1
  462
1
  453
2
  463
0
  63
5
  421
255
  463
1
  63
7
  421
16777215
  470
LINEAR
  1001
ACAD
  1010
0
  1020
0
  1030
0
  0
HATCH
  5
1412
  100
AcDbEntity
  8
Pin-Soldering-Layer
  100
AcDbHatch
  10
0
  20
0
  30
0
  210
0
  220
0
  230
1
  2
SOLID
  70
1
  71
0
  91
1
  92
7
  72
0
  73
1
  93
4
  10
5.79511049022102
  20
27.72840233680472
  10
5.79511049022102
  20
26.128402336804697
  10
6.29511049022102
  20
26.128402336804697
  10
6.29511049022102
  20
27.72840233680472
  97
1
  330
1411
  75
0
  76
1
  47
0.4128176842155181
  98
1
  10
34.90568961886538
  20
22.81183545379326
  450
0
  451
0
  460
0
  461
0
  452
1
  462
1
  453
2
  463
0
  63
5
  421
255
  463
1
  63
7
  421
16777215
  470
LINEAR
  1001
ACAD
  1010
0
  1020
0
  1030
0
  0
HATCH
  5
1428
  100
AcDbEntity
  8
Pin-Soldering-Layer
  100
AcDbHatch
  10
0
  20
0
  30
0
  210
0
  220
0
  230
1
  2
SOLID
  70
1
  71
0
  91
1
  92
7
  72
0
  73
1
  93
4
  10
103.76757429514868
  20
26.128402336804697
  10
103.76757429514868
  20
27.72840233680472
  10
104.26757429514868
  20
27.72840233680472
  10
104.26757429514868
  20
26.128402336804697
  97
1
  330
1427
  75
0
  76
1
  47
0.4128176842155181
  98
1
  10
34.90568961886538
  20
22.81183545379326
  450
0
  451
0
  460
0
  461
0
  452
1
  462
1
  453
2
  463
0
  63
5
  421
255
  463
1
  63
7
  421
16777215
  470
LINEAR
  1001
ACAD
  1010
0
  1020
0
  1030
0
  0
HATCH
  5
1430
  100
AcDbEntity
  8
Pin-Soldering-Layer
  100
AcDbHatch
  10
0
  20
0
  30
0
  210
0
  220
0
  230
1
  2
SOLID
  70
1
  71
0
  91
1
  92
7
  72
0
  73
1
  93
4
  10
106.96757429514861
  20
26.128402336804697
  10
106.96757429514861
  20
27.72840233680472
  10
106.46757429514861
  20
27.72840233680472
  10
106.46757429514861
  20
26.128402336804697
  97
1
  330
1429
  75
0
  76
1
  47
0.4128176842155181
  98
1
  10
34.90568961886538
  20
22.81183545379326
  450
0
  451
0
  460
0
  461
0
  452
1
  462
1
  453
2
  463
0
  63
5
  421
255
  463
1
  63
7
  421
16777215
  470
LINEAR
  1001
ACAD
  1010
0
  1020
0
  1030
0
  0
HATCH
  5
1446
  100
AcDbEntity
  8
Pin-Soldering-Layer
  100
AcDbHatch
  10
0
  20
0
  30
0
  210
0
  220
0
  230
1
  2
SOLID
  70
1
  71
0
  91
1
  92
7
  72
0
  73
1
  93
4
  10
14.261236982473974
  20
11.338181356362725
  10
14.261236982473974
  20
12.938181356362747
  10
14.761236982473918
  20
12.938181356362747
  10
14.761236982473918
  20
11.338181356362725
  97
1
  330
1445
  75
0
  76
1
  47
0.4128176842155181
  98
1
  10
34.90568961886538
  20
22.81183545379326
  450
0
  451
0
  460
0
  461
0
  452
1
  462
1
  453
2
  463
0
  63
5
  421
255
  463
1
  63
7
  421
16777215
  470
LINEAR
  1001
ACAD
  1010
0
  1020
0
  1030
0
  0
HATCH
  5
1448
  100
AcDbEntity
  8
Pin-Soldering-Layer
  100
AcDbHatch
  10
0
  20
0
  30
0
  210
0
  220
0
  230
1
  2
SOLID
  70
1
  71
0
  91
1
  92
7
  72
0
  73
1
  93
4
  10
17.461236982473906
  20
11.338181356362725
  10
17.461236982473906
  20
12.938181356362747
  10
16.961236982473906
  20
12.938181356362747
  10
16.961236982473906
  20
11.338181356362725
  97
1
  330
1447
  75
0
  76
1
  47
0.4128176842155181
  98
1
  10
34.90568961886538
  20
22.81183545379326
  450
0
  451
0
  460
0
  461
0
  452
1
  462
1
  453
2
  463
0
  63
5
  421
255
  463
1
  63
7
  421
16777215
  470
LINEAR
  1001
ACAD
  1010
0
  1020
0
  1030
0
  0
HATCH
  5
1464
  100
AcDbEntity
  8
Pin-Soldering-Layer
  100
AcDbHatch
  10
0
  20
0
  30
0
  210
0
  220
0
  230
1
  2
SOLID
  70
1
  71
0
  91
1
  92
7
  72
0
  73
1
  93
4
  10
14.261236982473974
  20
14.143223266446512
  10
14.261236982473974
  20
15.743223266446648
  10
14.761236982473918
  20
15.743223266446648
  10
14.761236982473918
  20
14.143223266446512
  97
1
  330
1463
  75
0
  76
1
  47
0.4128176842155181
  98
1
  10
34.90568961886538
  20
22.81183545379326
  450
0
  451
0
  460
0
  461
0
  452
1
  462
1
  453
2
  463
0
  63
5
  421
255
  463
1
  63
7
  421
16777215
  470
LINEAR
  1001
ACAD
  1010
0
  1020
0
  1030
0
  0
HATCH
  5
1466
  100
AcDbEntity
  8
Pin-Soldering-Layer
  100
AcDbHatch
  10
0
  20
0
  30
0
  210
0
  220
0
  230
1
  2
SOLID
  70
1
  71
0
  91
1
  92
7
  72
0
  73
1
  93
4
  10
17.461236982473906
  20
14.143223266446512
  10
17.461236982473906
  20
15.743223266446648
  10
16.961236982473906
  20
15.743223266446648
  10
16.961236982473906
  20
14.143223266446512
  97
1
  330
1465
  75
0
  76
1
  47
0.4128176842155181
  98
1
  10
34.90568961886538
  20
22.81183545379326
  450
0
  451
0
  460
0
  461
0
  452
1
  462
1
  453
2
  463
0
  63
5
  421
255
  463
1
  63
7
  421
16777215
  470
LINEAR
  1001
ACAD
  1010
0
  1020
0
  1030
0
  0
HATCH
  5
1482
  100
AcDbEntity
  8
Pin-Soldering-Layer
  100
AcDbHatch
  10
0
  20
0
  30
0
  210
0
  220
0
  230
1
  2
SOLID
  70
1
  71
0
  91
1
  92
7
  72
0
  73
1
  93
4
  10
6.359083058166107
  20
47.5137338074677
  10
4.759083058166141
  20
47.5137338074677
  10
4.759083058166141
  20
48.0137338074677
  10
6.359083058166107
  20
48.0137338074677
  97
1
  330
1481
  75
0
  76
1
  47
0.4128176842155181
  98
1
  10
34.90568961886538
  20
22.81183545379326
  450
0
  451
0
  460
0
  461
0
  452
1
  462
1
  453
2
  463
0
  63
5
  421
255
  463
1
  63
7
  421
16777215
  470
LINEAR
  1001
ACAD
  1010
0
  1020
0
  1030
0
  0
HATCH
  5
1484
  100
AcDbEntity
  8
Pin-Soldering-Layer
  100
AcDbHatch
  10
0
  20
0
  30
0
  210
0
  220
0
  230
1
  2
SOLID
  70
1
  71
0
  91
1
  92
7
  72
0
  73
1
  93
4
  10
6.359083058166107
  20
50.71373380746775
  10
4.759083058166141
  20
50.71373380746775
  10
4.759083058166141
  20
50.21373380746775
  10
6.359083058166107
  20
50.21373380746775
  97
1
  330
1483
  75
0
  76
1
  47
0.4128176842155181
  98
1
  10
34.90568961886538
  20
22.81183545379326
  450
0
  451
0
  460
0
  461
0
  452
1
  462
1
  453
2
  463
0
  63
5
  421
255
  463
1
  63
7
  421
16777215
  470
LINEAR
  1001
ACAD
  1010
0
  1020
0
  1030
0
  0
LWPOLYLINE
  5
2796
  100
AcDbEntity
  8
Pin-Soldering-Layer
  100
AcDbPolyline
  90
2
  70
1
  43
0.005080010160020321
  10
16.007264414528834
  20
48.68784861569725
  42
1
  10
17.008026416052815
  20
48.68784861569725
  42
1
  0
LWPOLYLINE
  5
2797
  100
AcDbEntity
  8
Pin-Soldering-Layer
  100
AcDbPolyline
  90
2
  70
1
  43
0.005080010160020321
  10
13.507899415798818
  20
48.68784861569725
  42
1
  10
14.508661417322855
  20
48.68784861569725
  42
1
  0
LWPOLYLINE
  5
2798
  100
AcDbEntity
  8
Pin-Soldering-Layer
  100
AcDbPolyline
  90
2
  70
1
  43
0.005080010160020321
  10
11.008534417068859
  20
48.68784861569725
  42
1
  10
12.009296418592896
  20
48.68784861569725
  42
1
  0
LWPOLYLINE
  5
2825
  100
AcDbEntity
  8
Pin-Soldering-Layer
  100
AcDbPolyline
  90
4
  70
1
  43
0.005080010160020321
  10
31.38180594361188
  20
48.96328676657356
  10
31.981805943611903
  20
48.96328676657356
  10
31.981805943611903
  20
48.36328676657365
  10
31.38180594361188
  20
48.36328676657365
  0
LWPOLYLINE
  5
2826
  100
AcDbEntity
  8
Pin-Soldering-Layer
  100
AcDbPolyline
  90
4
  70
1
  43
0.005080010160020321
  10
28.882440944881864
  20
48.96328676657356
  10
29.482440944881887
  20
48.96328676657356
  10
29.482440944881887
  20
48.36328676657365
  10
28.882440944881864
  20
48.36328676657365
  0
LWPOLYLINE
  5
2827
  100
AcDbEntity
  8
Pin-Soldering-Layer
  100
AcDbPolyline
  90
4
  70
1
  43
0.005080010160020321
  10
26.383075946151905
  20
48.96328676657356
  10
26.983075946151928
  20
48.96328676657356
  10
26.983075946151928
  20
48.36328676657365
  10
26.383075946151905
  20
48.36328676657365
  0
LWPOLYLINE
  5
2828
  100
AcDbEntity
  8
Pin-Soldering-Layer
  100
AcDbPolyline
  90
4
  70
1
  43
0.005080010160020321
  10
23.88117094234184
  20
48.96328676657356
  10
24.481170942341862
  20
48.96328676657356
  10
24.481170942341862
  20
48.36328676657365
  10
23.88117094234184
  20
48.36328676657365
  0
LWPOLYLINE
  5
2837
  100
AcDbEntity
  8
Pin-Soldering-Layer
  100
AcDbPolyline
  90
2
  70
1
  43
0.005080010160020321
  10
106.85297688595375
  20
43.27675133350283
  42
1
  10
107.55300228600464
  20
43.27675133350283
  42
1
  0
LWPOLYLINE
  5
2838
  100
AcDbEntity
  8
Pin-Soldering-Layer
  100
AcDbPolyline
  90
2
  70
1
  43
0.005080010160020321
  10
106.85297688595375
  20
40.73674625349258
  42
1
  10
107.55300228600464
  20
40.73674625349258
  42
1
  0
LWPOLYLINE
  5
2849
  100
AcDbEntity
  8
Pin-Soldering-Layer
  100
AcDbPolyline
  90
4
  70
0
  43
0.005080010160020321
  10
5.447145034290088
  20
43.27675133358787
  42
1
  10
6.147170434340865
  20
43.276751333406196
  10
6.147170434340865
  20
43.27675133341768
  42
1
  10
5.447145034290088
  20
43.27675133359935
  0
LWPOLYLINE
  5
2850
  100
AcDbEntity
  8
Pin-Soldering-Layer
  100
AcDbPolyline
  90
4
  70
0
  43
0.005080010160020321
  10
5.447145034290088
  20
40.736746253577735
  42
1
  10
6.147170434340865
  20
40.73674625339606
  10
6.147170434340865
  20
40.736746253407546
  42
1
  10
5.447145034290088
  20
40.73674625358922
  0
LWPOLYLINE
  5
2862
  100
AcDbEntity
  8
Pin-Soldering-Layer
  100
AcDbPolyline
  90
4
  70
1
  43
0.005080010160020321
  10
13.866972313944586
  20
41.700601981204045
  10
13.866972313944586
  20
43.27560833121663
  10
14.316985013969997
  20
43.27560833121663
  10
14.316985013969997
  20
41.700601981204045
  0
LWPOLYLINE
  5
2863
  100
AcDbEntity
  8
Pin-Soldering-Layer
  100
AcDbPolyline
  90
4
  70
1
  43
0.005080010160020321
  10
16.966997713995397
  20
41.700601981204045
  10
16.966997713995397
  20
43.27560833121663
  10
16.516985013969986
  20
43.27560833121663
  10
16.516985013969986
  20
41.700601981204045
  0
LWPOLYLINE
  5
2872
  100
AcDbEntity
  8
Pin-Soldering-Layer
  100
AcDbPolyline
  90
4
  70
1
  43
0.005080010160020321
  10
13.866972313944586
  20
44.07213614427235
  10
13.866972313944586
  20
45.647142494284935
  10
14.316985013969997
  20
45.647142494284935
  10
14.316985013969997
  20
44.07213614427235
  0
LWPOLYLINE
  5
2873
  100
AcDbEntity
  8
Pin-Soldering-Layer
  100
AcDbPolyline
  90
4
  70
1
  43
0.005080010160020321
  10
16.966997713995397
  20
44.07213614427235
  10
16.966997713995397
  20
45.647142494284935
  10
16.516985013969986
  20
45.647142494284935
  10
16.516985013969986
  20
44.07213614427235
  0
LWPOLYLINE
  5
2882
  100
AcDbEntity
  8
Pin-Soldering-Layer
  100
AcDbPolyline
  90
4
  70
1
  43
0.005080010160020321
  10
104.8280848361697
  20
49.6974752349505
  10
103.25307848615711
  20
49.6974752349505
  10
103.25307848615711
  20
50.14748793497597
  10
104.8280848361697
  20
50.14748793497597
  0
LWPOLYLINE
  5
2883
  100
AcDbEntity
  8
Pin-Soldering-Layer
  100
AcDbPolyline
  90
4
  70
1
  43
0.005080010160020321
  10
104.8280848361697
  20
52.79750063500137
  10
103.25307848615711
  20
52.79750063500137
  10
103.25307848615711
  20
52.3474879349759
  10
104.8280848361697
  20
52.3474879349759
  0
LWPOLYLINE
  5
2892
  100
AcDbEntity
  8
Pin-Soldering-Layer
  100
AcDbPolyline
  90
4
  70
1
  43
0.005080010160020321
  10
102.45952755905506
  20
49.6974752349505
  10
100.88452120904248
  20
49.6974752349505
  10
100.88452120904248
  20
50.14748793497597
  10
102.45952755905506
  20
50.14748793497597
  0
LWPOLYLINE
  5
2893
  100
AcDbEntity
  8
Pin-Soldering-Layer
  100
AcDbPolyline
  90
4
  70
1
  43
0.005080010160020321
  10
102.45952755905506
  20
52.79750063500137
  10
100.88452120904248
  20
52.79750063500137
  10
100.88452120904248
  20
52.3474879349759
  10
102.45952755905506
  20
52.3474879349759
  0
LWPOLYLINE
  5
2900
  100
AcDbEntity
  8
Pin-Soldering-Layer
  100
AcDbPolyline
  90
4
  70
0
  43
0.005080010160020321
  10
8.549776479552975
  20
12.420050800180206
  42
1
  10
9.850259080518185
  20
12.420050800180206
  10
9.850259080518185
  20
12.420050800023091
  42
1
  10
8.549776479552975
  20
12.420050800023091
  0
LWPOLYLINE
  5
2901
  100
AcDbEntity
  8
Pin-Soldering-Layer
  100
AcDbPolyline
  90
4
  70
0
  43
0.005080010160020321
  10
8.549776479552975
  20
17.50006096020047
  42
1
  10
9.850259080518185
  20
17.50006096020047
  10
9.850259080518185
  20
17.500060960043356
  42
1
  10
8.549776479552975
  20
17.500060960043356
  0
LWPOLYLINE
  5
2902
  100
AcDbEntity
  8
Pin-Soldering-Layer
  100
AcDbPolyline
  90
4
  70
0
  43
0.005080010160020321
  10
8.549776479552975
  20
22.58007112022085
  42
1
  10
9.850259080518185
  20
22.58007112022085
  10
9.850259080518185
  20
22.580071120063735
  42
1
  10
8.549776479552975
  20
22.580071120063735
  0
LWPOLYLINE
  5
2916
  100
AcDbEntity
  8
Pin-Soldering-Layer
  100
AcDbPolyline
  90
2
  70
1
  43
0.005080010160020321
  10
11.008534417068859
  20
8.499248158496357
  42
1
  10
12.009296418592896
  20
8.499248158496357
  42
1
  0
LWPOLYLINE
  5
2917
  100
AcDbEntity
  8
Pin-Soldering-Layer
  100
AcDbPolyline
  90
2
  70
1
  43
0.005080010160020321
  10
13.507899415798818
  20
8.499248158496357
  42
1
  10
14.508661417322855
  20
8.499248158496357
  42
1
  0
LWPOLYLINE
  5
2918
  100
AcDbEntity
  8
Pin-Soldering-Layer
  100
AcDbPolyline
  90
2
  70
1
  43
0.005080010160020321
  10
16.007264414528834
  20
8.499248158496357
  42
1
  10
17.008026416052815
  20
8.499248158496357
  42
1
  0
LWPOLYLINE
  5
2925
  100
AcDbEntity
  8
Pin-Soldering-Layer
  100
AcDbPolyline
  90
4
  70
0
  43
0.005080010160020321
  10
103.14996697993394
  20
12.420050800180206
  42
1
  10
104.45044958089915
  20
12.420050800180206
  10
104.45044958089915
  20
12.420050800023091
  42
1
  10
103.14996697993394
  20
12.420050800023091
  0
LWPOLYLINE
  5
2926
  100
AcDbEntity
  8
Pin-Soldering-Layer
  100
AcDbPolyline
  90
4
  70
0
  43
0.005080010160020321
  10
103.14996697993394
  20
17.50006096020047
  42
1
  10
104.45044958089915
  20
17.50006096020047
  10
104.45044958089915
  20
17.500060960043356
  42
1
  10
103.14996697993394
  20
17.500060960043356
  0
LWPOLYLINE
  5
2927
  100
AcDbEntity
  8
Pin-Soldering-Layer
  100
AcDbPolyline
  90
4
  70
0
  43
0.005080010160020321
  10
103.14996697993394
  20
22.58007112022085
  42
1
  10
104.45044958089915
  20
22.58007112022085
  10
104.45044958089915
  20
22.580071120063735
  42
1
  10
103.14996697993394
  20
22.580071120063735
  0
LWPOLYLINE
  5
2947
  100
AcDbEntity
  8
Pin-Soldering-Layer
  100
AcDbPolyline
  90
4
  70
1
  43
0.005080010160020321
  10
71.87514351028705
  20
53.24888239776487
  10
71.87514351028705
  20
53.888862077724184
  10
72.51512319024636
  20
53.888862077724184
  10
72.51512319024636
  20
53.24888239776487
  0
LWPOLYLINE
  5
2948
  100
AcDbEntity
  8
Pin-Soldering-Layer
  100
AcDbPolyline
  90
4
  70
1
  43
0.005080010160020321
  10
69.33513843027686
  20
50.70887731775474
  10
69.33513843027686
  20
51.34885699771405
  10
69.97511811023622
  20
51.34885699771405
  10
69.97511811023622
  20
50.70887731775474
  0
LWPOLYLINE
  5
2949
  100
AcDbEntity
  8
Pin-Soldering-Layer
  100
AcDbPolyline
  90
4
  70
1
  43
0.005080010160020321
  10
71.87514351028705
  20
50.70887731775474
  10
71.87514351028705
  20
51.34885699771405
  10
72.51512319024636
  20
51.34885699771405
  10
72.51512319024636
  20
50.70887731775474
  0
LWPOLYLINE
  5
2950
  100
AcDbEntity
  8
Pin-Soldering-Layer
  100
AcDbPolyline
  90
4
  70
1
  43
0.005080010160020321
  10
69.33513843027686
  20
48.16887223774461
  10
69.33513843027686
  20
48.808851917703805
  10
69.97511811023622
  20
48.808851917703805
  10
69.97511811023622
  20
48.16887223774461
  0
LWPOLYLINE
  5
2951
  100
AcDbEntity
  8
Pin-Soldering-Layer
  100
AcDbPolyline
  90
4
  70
1
  43
0.005080010160020321
  10
71.87514351028705
  20
48.16887223774461
  10
71.87514351028705
  20
48.808851917703805
  10
72.51512319024636
  20
48.808851917703805
  10
72.51512319024636
  20
48.16887223774461
  0
LWPOLYLINE
  5
2952
  100
AcDbEntity
  8
Pin-Soldering-Layer
  100
AcDbPolyline
  90
4
  70
1
  43
0.005080010160020321
  10
69.33513843027686
  20
45.628867157734476
  10
69.33513843027686
  20
46.26884683769367
  10
69.97511811023622
  20
46.26884683769367
  10
69.97511811023622
  20
45.628867157734476
  0
LWPOLYLINE
  5
2953
  100
AcDbEntity
  8
Pin-Soldering-Layer
  100
AcDbPolyline
  90
4
  70
1
  43
0.005080010160020321
  10
71.87514351028705
  20
45.628867157734476
  10
71.87514351028705
  20
46.26884683769367
  10
72.51512319024636
  20
46.26884683769367
  10
72.51512319024636
  20
45.628867157734476
  0
LWPOLYLINE
  5
2954
  100
AcDbEntity
  8
Pin-Soldering-Layer
  100
AcDbPolyline
  90
4
  70
1
  43
0.005080010160020321
  10
69.33513843027686
  20
53.24888239776487
  10
69.33513843027686
  20
53.888862077724184
  10
69.97511811023622
  20
53.888862077724184
  10
69.97511811023622
  20
53.24888239776487
  0
LWPOLYLINE
  5
2986
  100
AcDbEntity
  8
Pin-Soldering-Layer
  100
AcDbPolyline
  90
4
  70
1
  43
0.005080010160020321
  10
8.09014478028962
  20
45.30468884937761
  10
8.09014478028962
  20
46.90468884937775
  10
8.59014478028962
  20
46.90468884937775
  10
8.59014478028962
  20
45.30468884937761
  0
LWPOLYLINE
  5
2987
  100
AcDbEntity
  8
Pin-Soldering-Layer
  100
AcDbPolyline
  90
4
  70
1
  43
0.005080010160020321
  10
11.290144780289609
  20
45.30468884937761
  10
11.290144780289609
  20
46.90468884937775
  10
10.790144780289609
  20
46.90468884937775
  10
10.790144780289609
  20
45.30468884937761
  0
LWPOLYLINE
  5
3000
  100
AcDbEntity
  8
Pin-Soldering-Layer
  100
AcDbPolyline
  90
4
  70
1
  43
0.005080010160020321
  10
8.995110490221009
  20
27.72840233680472
  10
8.995110490221009
  20
26.128402336804697
  10
8.495110490221009
  20
26.128402336804697
  10
8.495110490221009
  20
27.72840233680472
  0
LWPOLYLINE
  5
3001
  100
AcDbEntity
  8
Pin-Soldering-Layer
  100
AcDbPolyline
  90
4
  70
1
  43
0.005080010160020321
  10
5.79511049022102
  20
27.72840233680472
  10
5.79511049022102
  20
26.128402336804697
  10
6.29511049022102
  20
26.128402336804697
  10
6.29511049022102
  20
27.72840233680472
  0
LWPOLYLINE
  5
3014
  100
AcDbEntity
  8
Pin-Soldering-Layer
  100
AcDbPolyline
  90
4
  70
1
  43
0.005080010160020321
  10
103.76757429514868
  20
26.128402336804697
  10
103.76757429514868
  20
27.72840233680472
  10
104.26757429514868
  20
27.72840233680472
  10
104.26757429514868
  20
26.128402336804697
  0
LWPOLYLINE
  5
3015
  100
AcDbEntity
  8
Pin-Soldering-Layer
  100
AcDbPolyline
  90
4
  70
1
  43
0.005080010160020321
  10
106.96757429514861
  20
26.128402336804697
  10
106.96757429514861
  20
27.72840233680472
  10
106.46757429514861
  20
27.72840233680472
  10
106.46757429514861
  20
26.128402336804697
  0
LWPOLYLINE
  5
3028
  100
AcDbEntity
  8
Pin-Soldering-Layer
  100
AcDbPolyline
  90
4
  70
1
  43
0.005080010160020321
  10
14.261236982473974
  20
11.338181356362725
  10
14.261236982473974
  20
12.938181356362747
  10
14.761236982473918
  20
12.938181356362747
  10
14.761236982473918
  20
11.338181356362725
  0
LWPOLYLINE
  5
3029
  100
AcDbEntity
  8
Pin-Soldering-Layer
  100
AcDbPolyline
  90
4
  70
1
  43
0.005080010160020321
  10
17.461236982473906
  20
11.338181356362725
  10
17.461236982473906
  20
12.938181356362747
  10
16.961236982473906
  20
12.938181356362747
  10
16.961236982473906
  20
11.338181356362725
  0
LWPOLYLINE
  5
3042
  100
AcDbEntity
  8
Pin-Soldering-Layer
  100
AcDbPolyline
  90
4
  70
1
  43
0.005080010160020321
  10
14.261236982473974
  20
14.143223266446512
  10
14.261236982473974
  20
15.743223266446648
  10
14.761236982473918
  20
15.743223266446648
  10
14.761236982473918
  20
14.143223266446512
  0
LWPOLYLINE
  5
3043
  100
AcDbEntity
  8
Pin-Soldering-Layer
  100
AcDbPolyline
  90
4
  70
1
  43
0.005080010160020321
  10
17.461236982473906
  20
14.143223266446512
  10
17.461236982473906
  20
15.743223266446648
  10
16.961236982473906
  20
15.743223266446648
  10
16.961236982473906
  20
14.143223266446512
  0
LWPOLYLINE
  5
3056
  100
AcDbEntity
  8
Pin-Soldering-Layer
  100
AcDbPolyline
  90
4
  70
1
  43
0.005080010160020321
  10
6.359083058166107
  20
47.5137338074677
  10
4.759083058166141
  20
47.5137338074677
  10
4.759083058166141
  20
48.0137338074677
  10
6.359083058166107
  20
48.0137338074677
  0
LWPOLYLINE
  5
3057
  100
AcDbEntity
  8
Pin-Soldering-Layer
  100
AcDbPolyline
  90
4
  70
1
  43
0.005080010160020321
  10
6.359083058166107
  20
50.71373380746775
  10
4.759083058166141
  20
50.71373380746775
  10
4.759083058166141
  20
50.21373380746775
  10
6.359083058166107
  20
50.21373380746775
  0
LWPOLYLINE
  5
1366
  100
AcDbEntity
  8
Custom2
  100
AcDbPolyline
  90
2
  70
0
  43
0.012700025400050802
  10
10.480861061722067
  20
44.330795021590006
  10
10.430060960121864
  20
44.27999491998992
  0
LWPOLYLINE
  5
1373
  100
AcDbEntity
  8
Custom2
  100
AcDbPolyline
  90
2
  70
0
  43
0.012700025400050802
  10
6.655394970789928
  20
29.1103022606045
  10
6.706195072390187
  20
29.1611023622047
  0
LWPOLYLINE
  5
1380
  100
AcDbEntity
  8
Custom2
  100
AcDbPolyline
  90
2
  70
0
  43
0.012700025400050802
  10
106.36229362458738
  20
29.94347472694949
  10
106.31149352298706
  20
29.892674625349287
  0
LWPOLYLINE
  5
2961
  100
AcDbEntity
  8
Custom2
  100
AcDbPolyline
  90
2
  70
0
  43
0.012700025400050802
  10
10.480861061722067
  20
44.330795021590006
  10
10.430060960121864
  20
44.27999491998992
  0
LWPOLYLINE
  5
2968
  100
AcDbEntity
  8
Custom2
  100
AcDbPolyline
  90
2
  70
0
  43
0.012700025400050802
  10
6.655394970789928
  20
29.1103022606045
  10
6.706195072390187
  20
29.1611023622047
  0
LWPOLYLINE
  5
2975
  100
AcDbEntity
  8
Custom2
  100
AcDbPolyline
  90
2
  70
0
  43
0.012700025400050802
  10
106.36229362458738
  20
29.94347472694949
  10
106.31149352298706
  20
29.892674625349287
  0
ENDSEC
  0
SECTION
  2
OBJECTS
  0
DICTIONARY
  5
C
  330
0
  100
AcDbDictionary
  281
1
  3
ACAD_CIP_PREVIOUS_PRODUCT_INFO
  350
1A2
  3
ACAD_COLOR
  350
6C
  3
ACAD_DETAILVIEWSTYLE
  350
1A8
  3
ACAD_GROUP
  350
D
  3
ACAD_LAYOUT
  350
1A
  3
ACAD_MATERIAL
  350
6B
  3
ACAD_MLEADERSTYLE
  350
D2
  3
ACAD_MLINESTYLE
  350
17
  3
ACAD_PLOTSETTINGS
  350
19
  3
ACAD_PLOTSTYLENAME
  350
E
  3
ACAD_SCALELIST
  350
B1
  3
ACAD_SECTIONVIEWSTYLE
  350
1A5
  3
ACAD_TABLESTYLE
  350
A6
  3
ACAD_VISUALSTYLE
  350
95
  3
ACDB_RECOMPOSE_DATA
  350
301
  3
AcDbVariableDictionary
  350
59
  3
AcDsDecomposeData
  350
307
  0
DICTIONARY
  5
18B
  330
2
  100
AcDbDictionary
  280
1
  281
1
  3
ACAD_LAYERSTATES
  360
18C
  0
DICTIONARY
  5
E1
  330
10
  100
AcDbDictionary
  280
1
  281
1
  0
DICTIONARY
  5
15A
  330
1F
  100
AcDbDictionary
  280
1
  281
1
  0
XRECORD
  5
1A2
  102
{ACAD_REACTORS
  330
C
  102
}
  330
C
  100
AcDbXrecord
  280
1
  300
ACD
  300
2021
  300

  0
DICTIONARY
  5
6C
  102
{ACAD_REACTORS
  330
C
  102
}
  330
C
  100
AcDbDictionary
  281
1
  0
DICTIONARY
  5
1A8
  102
{ACAD_REACTORS
  330
C
  102
}
  330
C
  100
AcDbDictionary
  281
1
  3
Imperial24
  350
1A9
  0
DICTIONARY
  5
D
  102
{ACAD_REACTORS
  330
C
  102
}
  330
C
  100
AcDbDictionary
  281
1
  0
DICTIONARY
  5
1A
  102
{ACAD_REACTORS
  330
C
  102
}
  330
C
  100
AcDbDictionary
  281
1
  3
Model
  350
22
  3
布局1
  350
74
  3
布局2
  350
79
  0
DICTIONARY
  5
6B
  102
{ACAD_REACTORS
  330
C
  102
}
  330
C
  100
AcDbDictionary
  281
1
  3
ByBlock
  350
93
  3
ByLayer
  350
92
  3
Global
  350
94
  0
DICTIONARY
  5
D2
  102
{ACAD_REACTORS
  330
C
  102
}
  330
C
  100
AcDbDictionary
  281
1
  3
Annotative
  350
E0
  3
Standard
  350
D3
  0
DICTIONARY
  5
17
  102
{ACAD_REACTORS
  330
C
  102
}
  330
C
  100
AcDbDictionary
  281
1
  3
Standard
  350
18
  0
DICTIONARY
  5
19
  102
{ACAD_REACTORS
  330
C
  102
}
  330
C
  100
AcDbDictionary
  281
1
  0
ACDBDICTIONARYWDFLT
  5
E
  102
{ACAD_REACTORS
  330
C
  102
}
  330
C
  100
AcDbDictionary
  281
1
  3
Normal
  350
F
  100
AcDbDictionaryWithDefault
  340
F
  0
DICTIONARY
  5
B1
  102
{ACAD_REACTORS
  330
C
  102
}
  330
C
  100
AcDbDictionary
  281
1
  3
A0
  350
B2
  3
A1
  350
124
  3
A2
  350
125
  3
A3
  350
126
  3
A4
  350
127
  3
A5
  350
128
  3
A6
  350
129
  3
A7
  350
12A
  3
A8
  350
12B
  3
A9
  350
12C
  3
B0
  350
12D
  3
B1
  350
12E
  3
B2
  350
12F
  3
B3
  350
130
  3
B4
  350
131
  3
B5
  350
132
  3
B6
  350
133
  3
B7
  350
134
  3
B8
  350
135
  3
B9
  350
136
  3
C0
  350
137
  3
C1
  350
138
  3
C2
  350
139
  3
C3
  350
13A
  3
C4
  350
13B
  3
C5
  350
13C
  3
C6
  350
13D
  3
C7
  350
13E
  3
C8
  350
13F
  3
C9
  350
140
  3
D0
  350
141
  3
D1
  350
142
  3
D2
  350
143
  0
DICTIONARY
  5
1A5
  102
{ACAD_REACTORS
  330
C
  102
}
  330
C
  100
AcDbDictionary
  281
1
  3
Imperial24
  350
1A7
  0
DICTIONARY
  5
A6
  102
{ACAD_REACTORS
  330
C
  102
}
  330
C
  100
AcDbDictionary
  281
1
  3
Standard
  350
A7
  0
DICTIONARY
  5
95
  102
{ACAD_REACTORS
  330
C
  102
}
  330
C
  100
AcDbDictionary
  281
1
  3
2dWireframe
  350
9B
  3
Basic
  350
9A
  3
Brighten
  350
A1
  3
ColorChange
  350
A5
  3
Conceptual
  350
9E
  3
Dim
  350
A0
  3
EdgeColorOff
  350
172
  3
Facepattern
  350
A4
  3
Flat
  350
96
  3
FlatWithEdges
  350
97
  3
Gouraud
  350
98
  3
GouraudWithEdges
  350
99
  3
Hidden
  350
9D
  3
JitterOff
  350
170
  3
Linepattern
  350
A3
  3
OverhangOff
  350
171
  3
Realistic
  350
9F
  3
Shaded
  350
17F
  3
Shaded with edges
  350
17E
  3
Shades of Gray
  350
17B
  3
Sketchy
  350
17C
  3
Thicken
  350
A2
  3
Wireframe
  350
9C
  3
X-Ray
  350
17D
  0
XRECORD
  5
301
  102
{ACAD_REACTORS
  330
C
  102
}
  330
C
  100
AcDbXrecord
  280
1
  90
1
  330
A7
  0
DICTIONARY
  5
59
  102
{ACAD_REACTORS
  330
C
  102
}
  330
C
  100
AcDbDictionary
  281
1
  3
CAMERAHEIGHT
  350
227
  3
CANNOSCALE
  350
EB
  3
CMLEADERSTYLE
  350
EA
  3
CTABLESTYLE
  350
AB
  3
CVIEWDETAILSTYLE
  350
1B4
  3
CVIEWSECTIONSTYLE
  350
1B5
  3
DIMASSOC
  350
5A
  3
HIDETEXT
  350
5E
  3
INDEXCTL
  350
226
  3
LAYEREVAL
  350
14A
  3
LAYERNOTIFY
  350
14B
  3
LIGHTINGUNITS
  350
224
  3
MSLTSCALE
  350
223
  3
SORTENTS
  350
225
  3
XCLIPFRAME
  350
228
  0
DICTIONARY
  5
307
  102
{ACAD_REACTORS
  330
C
  102
}
  330
C
  100
AcDbDictionary
  281
1
  3
AcDsRecords
  350
309
  3
AcDsSchemas
  350
308
  1001
ACAD
  1070
2
  0
DICTIONARY
  5
18C
  102
{ACAD_REACTORS
  330
18B
  102
}
  330
18B
  100
AcDbDictionary
  281
1
  0
ACDBDETAILVIEWSTYLE
  5
1A9
  102
{ACAD_XDICTIONARY
  360
33C
  102
}
  102
{ACAD_REACTORS
  330
1A8
  102
}
  330
1A8
  100
AcDbModelDocViewStyle
  70
0
  3
Imperial24
  290
0
  100
AcDbDetailViewStyle
  70
0
  71
0
  90
3
  71
1
  340
11
  62
256
  40
0.24
  340
0
  62
256
  40
0.24
  300

  40
0.36
  280
3
  71
2
  340
16
  90
25
  62
256
  71
3
  340
11
  62
256
  40
0.24
  90
1
  40
0.75
  90
1
  300
%<\AcVar ViewType \f "%tc1">% %<\AcVar ViewDetailId>%\PSCALE %<\AcVar ViewScale \f "%sn">%
  71
4
  340
16
  90
25
  62
256
  340
16
  90
25
  62
256
  280
0
  0
LAYOUT
  5
22
  102
{ACAD_XDICTIONARY
  360
191
  102
}
  102
{ACAD_REACTORS
  330
1A
  102
}
  330
1A
  100
AcDbPlotSettings
  1

  2
none_device
  4
Letter_(8.50_x_11.00_Inches)
  6

  40
6.349999904632568
  41
6.349999904632568
  42
6.350006103515625
  43
6.350006103515625
  44
215.8999938964844
  45
279.3999938964844
  46
0
  47
0
  48
0
  49
0
  140
0
  141
0
  142
1
  143
3.560208697428376
  70
11952
  72
0
  73
1
  74
0
  7

  75
0
  147
0.28088241027059
  76
0
  77
2
  78
300
  148
0.1311165230791651
  149
0.096403374003771
  100
AcDbLayout
  1
Model
  70
1
  71
0
  10
0
  20
0
  11
12
  21
9
  12
0
  22
0
  32
0
  14
0
  24
0
  34
0
  15
0
  25
0
  35
0
  146
0
  13
0
  23
0
  33
0
  16
1
  26
0
  36
0
  17
0
  27
1
  37
0
  76
0
  330
1F
  331
90
  0
LAYOUT
  5
74
  102
{ACAD_REACTORS
  330
1A
  102
}
  330
1A
  100
AcDbPlotSettings
  1

  2
\\ADSCCNDC1\hq601xrx1
  4

  6

  40
0
  41
0
  42
0
  43
0
  44
0
  45
0
  46
0
  47
0
  48
0
  49
0
  140
0
  141
0
  142
1
  143
1
  70
688
  72
0
  73
0
  74
5
  7

  75
16
  147
1
  76
0
  77
2
  78
300
  148
0
  149
0
  100
AcDbLayout
  1
布局1
  70
1
  71
1
  10
0
  20
0
  11
12
  21
9
  12
0
  22
0
  32
0
  14
0
  24
0
  34
0
  15
0
  25
0
  35
0
  146
0
  13
0
  23
0
  33
0
  16
1
  26
0
  36
0
  17
0
  27
1
  37
0
  76
0
  330
73
  0
LAYOUT
  5
79
  102
{ACAD_REACTORS
  330
1A
  102
}
  330
1A
  100
AcDbPlotSettings
  1

  2
\\ADSCCNDC1\hq601xrx1
  4

  6

  40
0
  41
0
  42
0
  43
0
  44
0
  45
0
  46
0
  47
0
  48
0
  49
0
  140
0
  141
0
  142
1
  143
1
  70
688
  72
0
  73
0
  74
5
  7

  75
16
  147
1
  76
0
  77
2
  78
300
  148
0
  149
0
  100
AcDbLayout
  1
布局2
  70
1
  71
2
  10
0
  20
0
  11
12
  21
9
  12
0
  22
0
  32
0
  14
0
  24
0
  34
0
  15
0
  25
0
  35
0
  146
0
  13
0
  23
0
  33
0
  16
1
  26
0
  36
0
  17
0
  27
1
  37
0
  76
0
  330
78
  0
MATERIAL
  5
93
  102
{ACAD_XDICTIONARY
  360
185
  102
}
  102
{ACAD_REACTORS
  330
6B
  102
}
  330
6B
  100
AcDbMaterial
  1
ByBlock
  94
63
  0
MATERIAL
  5
92
  102
{ACAD_XDICTIONARY
  360
183
  102
}
  102
{ACAD_REACTORS
  330
6B
  102
}
  330
6B
  100
AcDbMaterial
  1
ByLayer
  94
63
  0
MATERIAL
  5
94
  102
{ACAD_XDICTIONARY
  360
10B
  102
}
  102
{ACAD_REACTORS
  330
6B
  102
}
  330
6B
  100
AcDbMaterial
  1
Global
  43
0.0208000000566244
  43
0
  43
0
  43
0
  43
0
  43
0.0208000000566244
  43
0
  43
0
  43
0
  43
0
  43
1
  43
0
  43
0
  43
0
  43
0
  43
1
  49
0.0208000000566244
  49
0
  49
0
  49
0
  49
0
  49
0.0208000000566244
  49
0
  49
0
  49
0
  49
0
  49
1
  49
0
  49
0
  49
0
  49
0
  49
1
  142
0.0208000000566244
  142
0
  142
0
  142
0
  142
0
  142
0.0208000000566244
  142
0
  142
0
  142
0
  142
0
  142
1
  142
0
  142
0
  142
0
  142
0
  142
1
  144
0.0208000000566244
  144
0
  144
0
  144
0
  144
0
  144
0.0208000000566244
  144
0
  144
0
  144
0
  144
0
  144
1
  144
0
  144
0
  144
0
  144
0
  144
1
  94
63
  1001
ACAD
  1070
-1
  1070
3
  1070
0
  1000

  1071
0
  1070
0
  0
MLEADERSTYLE
  5
E0
  102
{ACAD_REACTORS
  330
D2
  102
}
  330
D2
  100
AcDbMLeaderStyle
  170
2
  171
1
  172
0
  90
2
  40
0
  41
0
  173
1
  91
-1056964608
  340
14
  92
-2
  290
0
  42
0.09
  291
0
  43
0.36
  3
Standard
  44
0.18
  300

  342
11
  174
1
  178
1
  175
1
  176
0
  93
-1056964608
  45
0.18
  292
0
  297
0
  46
0.18
  94
-1056964608
  47
1
  49
1
  140
1
  293
0
  141
0
  294
0
  177
0
  142
1
  295
0
  296
0
  143
0.125
  1001
ACAD_MLEADERVER
  1070
2
  0
MLEADERSTYLE
  5
D3
  102
{ACAD_REACTORS
  330
D2
  102
}
  330
D2
  100
AcDbMLeaderStyle
  170
2
  171
1
  172
0
  90
2
  40
0
  41
0
  173
1
  91
-1056964608
  340
14
  92
-2
  290
0
  42
0.09
  291
0
  43
0.36
  3
Standard
  44
0.18
  300

  342
11
  174
1
  178
1
  175
1
  176
0
  93
-1056964608
  45
0.18
  292
0
  297
0
  46
0.18
  94
-1056964608
  47
1
  49
1
  140
1
  293
0
  141
0
  294
0
  177
0
  142
1
  295
0
  296
0
  143
0.125
  1001
ACAD_MLEADERVER
  1070
2
  0
MLINESTYLE
  5
18
  102
{ACAD_REACTORS
  330
17
  102
}
  330
17
  100
AcDbMlineStyle
  2
STANDARD
  70
0
  3

  62
256
  51
90
  52
90
  71
2
  49
0.5
  62
256
  6
BYLAYER
  49
-0.5
  62
256
  6
BYLAYER
  0
ACDBPLACEHOLDER
  5
F
  102
{ACAD_REACTORS
  330
E
  102
}
  330
E
  0
SCALE
  5
B2
  102
{ACAD_REACTORS
  330
B1
  102
}
  330
B1
  100
AcDbScale
  70
0
  300
1:1
  140
1
  141
1
  290
0
  0
SCALE
  5
124
  102
{ACAD_REACTORS
  330
B1
  102
}
  330
B1
  100
AcDbScale
  70
0
  300
1:2
  140
1
  141
2
  290
0
  0
SCALE
  5
125
  102
{ACAD_REACTORS
  330
B1
  102
}
  330
B1
  100
AcDbScale
  70
0
  300
1:4
  140
1
  141
4
  290
0
  0
SCALE
  5
126
  102
{ACAD_REACTORS
  330
B1
  102
}
  330
B1
  100
AcDbScale
  70
0
  300
1:5
  140
1
  141
5
  290
0
  0
SCALE
  5
127
  102
{ACAD_REACTORS
  330
B1
  102
}
  330
B1
  100
AcDbScale
  70
0
  300
1:8
  140
1
  141
8
  290
0
  0
SCALE
  5
128
  102
{ACAD_REACTORS
  330
B1
  102
}
  330
B1
  100
AcDbScale
  70
0
  300
1:10
  140
1
  141
10
  290
0
  0
SCALE
  5
129
  102
{ACAD_REACTORS
  330
B1
  102
}
  330
B1
  100
AcDbScale
  70
0
  300
1:16
  140
1
  141
16
  290
0
  0
SCALE
  5
12A
  102
{ACAD_REACTORS
  330
B1
  102
}
  330
B1
  100
AcDbScale
  70
0
  300
1:20
  140
1
  141
20
  290
0
  0
SCALE
  5
12B
  102
{ACAD_REACTORS
  330
B1
  102
}
  330
B1
  100
AcDbScale
  70
0
  300
1:30
  140
1
  141
30
  290
0
  0
SCALE
  5
12C
  102
{ACAD_REACTORS
  330
B1
  102
}
  330
B1
  100
AcDbScale
  70
0
  300
1:40
  140
1
  141
40
  290
0
  0
SCALE
  5
12D
  102
{ACAD_REACTORS
  330
B1
  102
}
  330
B1
  100
AcDbScale
  70
0
  300
1:50
  140
1
  141
50
  290
0
  0
SCALE
  5
12E
  102
{ACAD_REACTORS
  330
B1
  102
}
  330
B1
  100
AcDbScale
  70
0
  300
1:100
  140
1
  141
100
  290
0
  0
SCALE
  5
12F
  102
{ACAD_REACTORS
  330
B1
  102
}
  330
B1
  100
AcDbScale
  70
0
  300
2:1
  140
2
  141
1
  290
0
  0
SCALE
  5
130
  102
{ACAD_REACTORS
  330
B1
  102
}
  330
B1
  100
AcDbScale
  70
0
  300
4:1
  140
4
  141
1
  290
0
  0
SCALE
  5
131
  102
{ACAD_REACTORS
  330
B1
  102
}
  330
B1
  100
AcDbScale
  70
0
  300
8:1
  140
8
  141
1
  290
0
  0
SCALE
  5
132
  102
{ACAD_REACTORS
  330
B1
  102
}
  330
B1
  100
AcDbScale
  70
0
  300
10:1
  140
10
  141
1
  290
0
  0
SCALE
  5
133
  102
{ACAD_REACTORS
  330
B1
  102
}
  330
B1
  100
AcDbScale
  70
0
  300
100:1
  140
100
  141
1
  290
0
  0
SCALE
  5
134
  102
{ACAD_REACTORS
  330
B1
  102
}
  330
B1
  100
AcDbScale
  70
0
  300
1/128" = 1'-0"
  140
0.0078125
  141
12
  290
0
  0
SCALE
  5
135
  102
{ACAD_REACTORS
  330
B1
  102
}
  330
B1
  100
AcDbScale
  70
0
  300
1/64" = 1'-0"
  140
0.015625
  141
12
  290
0
  0
SCALE
  5
136
  102
{ACAD_REACTORS
  330
B1
  102
}
  330
B1
  100
AcDbScale
  70
0
  300
1/32" = 1'-0"
  140
0.03125
  141
12
  290
0
  0
SCALE
  5
137
  102
{ACAD_REACTORS
  330
B1
  102
}
  330
B1
  100
AcDbScale
  70
0
  300
1/16" = 1'-0"
  140
0.0625
  141
12
  290
0
  0
SCALE
  5
138
  102
{ACAD_REACTORS
  330
B1
  102
}
  330
B1
  100
AcDbScale
  70
0
  300
3/32" = 1'-0"
  140
0.09375
  141
12
  290
0
  0
SCALE
  5
139
  102
{ACAD_REACTORS
  330
B1
  102
}
  330
B1
  100
AcDbScale
  70
0
  300
1/8" = 1'-0"
  140
0.125
  141
12
  290
0
  0
SCALE
  5
13A
  102
{ACAD_REACTORS
  330
B1
  102
}
  330
B1
  100
AcDbScale
  70
0
  300
3/16" = 1'-0"
  140
0.1875
  141
12
  290
0
  0
SCALE
  5
13B
  102
{ACAD_REACTORS
  330
B1
  102
}
  330
B1
  100
AcDbScale
  70
0
  300
1/4" = 1'-0"
  140
0.25
  141
12
  290
0
  0
SCALE
  5
13C
  102
{ACAD_REACTORS
  330
B1
  102
}
  330
B1
  100
AcDbScale
  70
0
  300
3/8" = 1'-0"
  140
0.375
  141
12
  290
0
  0
SCALE
  5
13D
  102
{ACAD_REACTORS
  330
B1
  102
}
  330
B1
  100
AcDbScale
  70
0
  300
1/2" = 1'-0"
  140
0.5
  141
12
  290
0
  0
SCALE
  5
13E
  102
{ACAD_REACTORS
  330
B1
  102
}
  330
B1
  100
AcDbScale
  70
0
  300
3/4" = 1'-0"
  140
0.75
  141
12
  290
0
  0
SCALE
  5
13F
  102
{ACAD_REACTORS
  330
B1
  102
}
  330
B1
  100
AcDbScale
  70
0
  300
1" = 1'-0"
  140
1
  141
12
  290
0
  0
SCALE
  5
140
  102
{ACAD_REACTORS
  330
B1
  102
}
  330
B1
  100
AcDbScale
  70
0
  300
1-1/2" = 1'-0"
  140
1.5
  141
12
  290
0
  0
SCALE
  5
141
  102
{ACAD_REACTORS
  330
B1
  102
}
  330
B1
  100
AcDbScale
  70
0
  300
3" = 1'-0"
  140
3
  141
12
  290
0
  0
SCALE
  5
142
  102
{ACAD_REACTORS
  330
B1
  102
}
  330
B1
  100
AcDbScale
  70
0
  300
6" = 1'-0"
  140
6
  141
12
  290
0
  0
SCALE
  5
143
  102
{ACAD_REACTORS
  330
B1
  102
}
  330
B1
  100
AcDbScale
  70
0
  300
1'-0" = 1'-0"
  140
12
  141
12
  290
0
  0
ACDBSECTIONVIEWSTYLE
  5
1A7
  102
{ACAD_XDICTIONARY
  360
33A
  102
}
  102
{ACAD_REACTORS
  330
1A5
  102
}
  330
1A5
  100
AcDbModelDocViewStyle
  70
0
  3
Imperial24
  290
0
  100
AcDbSectionViewStyle
  70
0
  71
0
  90
78
  71
1
  340
11
  62
256
  40
0.24
  340
0
  340
0
  62
256
  40
0.24
  300
I, O, Q, S, X, Z
  40
0.48
  90
3
  40
0.18
  90
1
  71
2
  340
16
  90
25
  62
256
  340
16
  90
50
  62
256
  40
0.24
  40
0
  40
0.24
  71
3
  340
11
  62
256
  40
0.24
  90
1
  40
0.75
  90
1
  300
%<\AcVar ViewType \f "%tc1">% %<\AcVar ViewSectionStartId>%-%<\AcVar ViewSectionEndId>%\PSCALE %<\AcVar ViewScale \f "%sn">%
  71
4
  62
256
  62
257
  300
ANSI31
  40
1
  90
0
  290
0
  290
0
  90
6
  40
0
  40
1.570796326794896
  40
0.2617993877991494
  40
1.308996938995747
  40
-0.2617993877991494
  40
1.832595714594046
  0
TABLESTYLE
  5
A7
  102
{ACAD_XDICTIONARY
  360
FF
  102
}
  102
{ACAD_REACTORS
  330
A6
  102
}
  330
A6
  100
AcDbTableStyle
  3
Standard
  70
0
  71
0
  40
0.06
  41
0.06
  280
0
  281
0
  7
Standard
  140
0.18
  170
2
  62
0
  63
7
  283
0
  90
512
  91
0
  1

  274
-2
  284
1
  64
0
  275
-2
  285
1
  65
0
  276
-2
  286
1
  66
0
  277
-2
  287
1
  67
0
  278
-2
  288
1
  68
0
  279
-2
  289
1
  69
0
  7
Standard
  140
0.25
  170
5
  62
0
  63
7
  283
0
  90
512
  91
0
  1

  274
-2
  284
1
  64
0
  275
-2
  285
1
  65
0
  276
-2
  286
1
  66
0
  277
-2
  287
1
  67
0
  278
-2
  288
1
  68
0
  279
-2
  289
1
  69
0
  7
Standard
  140
0.18
  170
5
  62
0
  63
7
  283
0
  90
512
  91
0
  1

  274
-2
  284
1
  64
0
  275
-2
  285
1
  65
0
  276
-2
  286
1
  66
0
  277
-2
  287
1
  67
0
  278
-2
  288
1
  68
0
  279
-2
  289
1
  69
0
  0
VISUALSTYLE
  5
9B
  102
{ACAD_XDICTIONARY
  360
314
  102
}
  102
{ACAD_REACTORS
  330
95
  102
}
  330
95
  100
AcDbVisualStyle
  2
2dWireframe
  70
4
  71
0
  72
2
  73
1
  90
0
  40
-0.6
  41
-30
  62
5
  63
7
  421
16777215
  74
1
  91
4
  64
7
  65
257
  75
1
  175
1
  42
1
  92
0
  66
257
  43
1
  76
1
  77
6
  78
2
  67
7
  79
5
  170
0
  171
0
  290
0
  174
0
  93
1
  44
0
  173
0
  291
0
  45
0
  1001
ACAD
  1000
AcDbSavedByObjectVersion
  1070
0
  0
VISUALSTYLE
  5
9A
  102
{ACAD_XDICTIONARY
  360
312
  102
}
  102
{ACAD_REACTORS
  330
95
  102
}
  330
95
  100
AcDbVisualStyle
  2
Basic
  70
7
  71
1
  72
0
  73
1
  90
0
  40
-0.6
  41
-30
  62
5
  63
7
  421
16777215
  74
0
  91
4
  64
7
  65
257
  75
1
  175
1
  42
1
  92
8
  66
7
  43
1
  76
1
  77
6
  78
2
  67
7
  79
5
  170
0
  171
0
  290
0
  174
0
  93
1
  44
0
  173
0
  291
0
  45
0
  1001
ACAD
  1000
AcDbSavedByObjectVersion
  1070
0
  0
VISUALSTYLE
  5
A1
  102
{ACAD_XDICTIONARY
  360
320
  102
}
  102
{ACAD_REACTORS
  330
95
  102
}
  330
95
  100
AcDbVisualStyle
  2
Brighten
  70
12
  71
2
  72
2
  73
1
  90
0
  40
-0.6
  41
-30
  62
5
  63
7
  421
16777215
  74
1
  91
4
  64
7
  65
257
  75
1
  175
1
  42
1
  92
8
  66
7
  43
1
  76
1
  77
6
  78
2
  67
7
  79
5
  170
0
  171
0
  290
0
  174
0
  93
1
  44
50
  173
0
  291
0
  45
0
  1001
ACAD
  1000
AcDbSavedByObjectVersion
  1070
0
  0
VISUALSTYLE
  5
A5
  102
{ACAD_XDICTIONARY
  360
328
  102
}
  102
{ACAD_REACTORS
  330
95
  102
}
  330
95
  100
AcDbVisualStyle
  2
ColorChange
  70
16
  71
2
  72
2
  73
3
  90
0
  40
-0.6
  41
-30
  62
5
  63
8
  421
8421504
  74
1
  91
4
  64
7
  65
257
  75
1
  175
1
  42
1
  92
8
  66
8
  424
8421504
  43
1
  76
1
  77
6
  78
2
  67
7
  79
5
  170
0
  171
0
  290
0
  174
0
  93
1
  44
0
  173
0
  291
0
  45
0
  1001
ACAD
  1000
AcDbSavedByObjectVersion
  1070
0
  0
VISUALSTYLE
  5
9E
  102
{ACAD_XDICTIONARY
  360
31A
  102
}
  102
{ACAD_REACTORS
  330
95
  102
}
  330
95
  100
AcDbVisualStyle
  2
Conceptual
  70
9
  71
3
  72
2
  73
1
  90
0
  40
-0.6
  41
-30
  62
5
  63
7
  421
16777215
  74
2
  91
2
  64
7
  65
257
  75
1
  175
1
  42
40
  92
8
  66
7
  43
1
  76
1
  77
6
  78
2
  67
7
  79
3
  170
0
  171
0
  290
0
  174
0
  93
1
  44
0
  173
0
  291
0
  45
0
  1001
ACAD
  1000
AcDbSavedByObjectVersion
  1070
0
  0
VISUALSTYLE
  5
A0
  102
{ACAD_XDICTIONARY
  360
31E
  102
}
  102
{ACAD_REACTORS
  330
95
  102
}
  330
95
  100
AcDbVisualStyle
  2
Dim
  70
11
  71
2
  72
2
  73
1
  90
0
  40
-0.6
  41
-30
  62
5
  63
7
  421
16777215
  74
1
  91
4
  64
7
  65
257
  75
1
  175
1
  42
1
  92
8
  66
7
  43
1
  76
1
  77
6
  78
2
  67
7
  79
5
  170
0
  171
0
  290
0
  174
0
  93
1
  44
-50
  173
0
  291
0
  45
0
  1001
ACAD
  1000
AcDbSavedByObjectVersion
  1070
0
  0
VISUALSTYLE
  5
172
  102
{ACAD_XDICTIONARY
  360
32E
  102
}
  102
{ACAD_REACTORS
  330
95
  102
}
  330
95
  100
AcDbVisualStyle
  2
EdgeColorOff
  70
22
  71
2
  72
2
  73
0
  90
0
  40
-0.6
  41
-30
  62
5
  63
7
  421
16777215
  74
1
  91
4
  64
7
  65
257
  75
1
  175
1
  42
1
  92
8
  66
7
  43
1
  76
1
  77
6
  78
2
  67
7
  79
5
  170
0
  171
0
  290
0
  174
0
  93
1
  44
0
  173
0
  291
0
  45
0
  1001
ACAD
  1000
AcDbSavedByObjectVersion
  1070
0
  0
VISUALSTYLE
  5
A4
  102
{ACAD_XDICTIONARY
  360
326
  102
}
  102
{ACAD_REACTORS
  330
95
  102
}
  330
95
  100
AcDbVisualStyle
  2
Facepattern
  70
15
  71
2
  72
2
  73
1
  90
0
  40
-0.6
  41
-30
  62
5
  63
7
  421
16777215
  74
1
  91
4
  64
7
  65
257
  75
1
  175
1
  42
1
  92
8
  66
7
  43
1
  76
1
  77
6
  78
2
  67
7
  79
5
  170
0
  171
0
  290
0
  174
0
  93
1
  44
0
  173
0
  291
0
  45
0
  1001
ACAD
  1000
AcDbSavedByObjectVersion
  1070
0
  0
VISUALSTYLE
  5
96
  102
{ACAD_XDICTIONARY
  360
30A
  102
}
  102
{ACAD_REACTORS
  330
95
  102
}
  330
95
  100
AcDbVisualStyle
  2
Flat
  70
0
  71
2
  72
1
  73
1
  90
2
  40
-0.6
  41
30
  62
5
  63
7
  421
16777215
  74
0
  91
0
  64
7
  65
257
  75
1
  175
1
  42
1
  92
8
  66
7
  43
1
  76
1
  77
6
  78
2
  67
7
  79
5
  170
0
  171
0
  290
0
  174
0
  93
13
  44
0
  173
0
  291
0
  45
0
  1001
ACAD
  1000
AcDbSavedByObjectVersion
  1070
0
  0
VISUALSTYLE
  5
97
  102
{ACAD_XDICTIONARY
  360
30C
  102
}
  102
{ACAD_REACTORS
  330
95
  102
}
  330
95
  100
AcDbVisualStyle
  2
FlatWithEdges
  70
1
  71
2
  72
1
  73
1
  90
2
  40
-0.6
  41
30
  62
5
  63
7
  421
16777215
  74
1
  91
0
  64
7
  65
257
  75
1
  175
1
  42
1
  92
0
  66
257
  43
1
  76
1
  77
6
  78
2
  67
7
  79
5
  170
0
  171
0
  290
0
  174
0
  93
13
  44
0
  173
0
  291
0
  45
0
  1001
ACAD
  1000
AcDbSavedByObjectVersion
  1070
0
  0
VISUALSTYLE
  5
98
  102
{ACAD_XDICTIONARY
  360
30E
  102
}
  102
{ACAD_REACTORS
  330
95
  102
}
  330
95
  100
AcDbVisualStyle
  2
Gouraud
  70
2
  71
2
  72
2
  73
1
  90
2
  40
-0.6
  41
30
  62
5
  63
7
  421
16777215
  74
0
  91
0
  64
7
  65
257
  75
1
  175
1
  42
1
  92
0
  66
7
  43
1
  76
1
  77
6
  78
2
  67
7
  79
5
  170
0
  171
0
  290
0
  174
0
  93
13
  44
0
  173
0
  291
0
  45
0
  1001
ACAD
  1000
AcDbSavedByObjectVersion
  1070
0
  0
VISUALSTYLE
  5
99
  102
{ACAD_XDICTIONARY
  360
310
  102
}
  102
{ACAD_REACTORS
  330
95
  102
}
  330
95
  100
AcDbVisualStyle
  2
GouraudWithEdges
  70
3
  71
2
  72
2
  73
1
  90
2
  40
-0.6
  41
30
  62
5
  63
7
  421
16777215
  74
1
  91
0
  64
7
  65
257
  75
1
  175
1
  42
1
  92
0
  66
257
  43
1
  76
1
  77
6
  78
2
  67
7
  79
5
  170
0
  171
0
  290
0
  174
0
  93
13
  44
0
  173
0
  291
0
  45
0
  1001
ACAD
  1000
AcDbSavedByObjectVersion
  1070
0
  0
VISUALSTYLE
  5
9D
  102
{ACAD_XDICTIONARY
  360
318
  102
}
  102
{ACAD_REACTORS
  330
95
  102
}
  330
95
  100
AcDbVisualStyle
  2
Hidden
  70
6
  71
1
  72
2
  73
2
  90
0
  40
-0.6
  41
-30
  62
5
  63
7
  421
16777215
  74
2
  91
2
  64
7
  65
257
  75
2
  175
1
  42
40
  92
0
  66
257
  43
1
  76
1
  77
6
  78
2
  67
7
  79
3
  170
0
  171
0
  290
0
  174
0
  93
1
  44
0
  173
0
  291
0
  45
0
  1001
ACAD
  1000
AcDbSavedByObjectVersion
  1070
0
  0
VISUALSTYLE
  5
170
  102
{ACAD_XDICTIONARY
  360
32A
  102
}
  102
{ACAD_REACTORS
  330
95
  102
}
  330
95
  100
AcDbVisualStyle
  2
JitterOff
  70
20
  71
2
  72
2
  73
0
  90
0
  40
-0.6
  41
-30
  62
5
  63
7
  421
16777215
  74
1
  91
4
  64
7
  65
257
  75
1
  175
1
  42
1
  92
10
  66
7
  43
1
  76
1
  77
6
  78
2
  67
7
  79
5
  170
0
  171
0
  290
0
  174
0
  93
1
  44
0
  173
0
  291
0
  45
0
  1001
ACAD
  1000
AcDbSavedByObjectVersion
  1070
0
  0
VISUALSTYLE
  5
A3
  102
{ACAD_XDICTIONARY
  360
324
  102
}
  102
{ACAD_REACTORS
  330
95
  102
}
  330
95
  100
AcDbVisualStyle
  2
Linepattern
  70
14
  71
2
  72
2
  73
1
  90
0
  40
-0.6
  41
-30
  62
5
  63
7
  421
16777215
  74
1
  91
4
  64
7
  65
257
  75
7
  175
7
  42
1
  92
8
  66
7
  43
1
  76
1
  77
6
  78
2
  67
7
  79
5
  170
0
  171
0
  290
0
  174
0
  93
1
  44
0
  173
0
  291
0
  45
0
  1001
ACAD
  1000
AcDbSavedByObjectVersion
  1070
0
  0
VISUALSTYLE
  5
171
  102
{ACAD_XDICTIONARY
  360
32C
  102
}
  102
{ACAD_REACTORS
  330
95
  102
}
  330
95
  100
AcDbVisualStyle
  2
OverhangOff
  70
21
  71
2
  72
2
  73
0
  90
0
  40
-0.6
  41
-30
  62
5
  63
7
  421
16777215
  74
1
  91
4
  64
7
  65
257
  75
1
  175
1
  42
1
  92
9
  66
7
  43
1
  76
1
  77
6
  78
2
  67
7
  79
5
  170
0
  171
0
  290
0
  174
0
  93
1
  44
0
  173
0
  291
0
  45
0
  1001
ACAD
  1000
AcDbSavedByObjectVersion
  1070
0
  0
VISUALSTYLE
  5
9F
  102
{ACAD_XDICTIONARY
  360
31C
  102
}
  102
{ACAD_REACTORS
  330
95
  102
}
  330
95
  100
AcDbVisualStyle
  2
Realistic
  70
8
  71
2
  72
3
  73
0
  90
2
  40
-0.6
  41
30
  62
5
  63
7
  421
16777215
  74
0
  91
0
  64
7
  65
257
  75
1
  175
1
  42
1
  92
8
  66
257
  43
1
  76
1
  77
6
  78
2
  67
7
  79
3
  170
0
  171
0
  290
0
  174
0
  93
13
  44
0
  173
0
  291
0
  45
0
  1001
ACAD
  1000
AcDbSavedByObjectVersion
  1070
0
  0
VISUALSTYLE
  5
17F
  102
{ACAD_XDICTIONARY
  360
338
  102
}
  102
{ACAD_REACTORS
  330
95
  102
}
  330
95
  100
AcDbVisualStyle
  2
Shaded
  70
27
  71
2
  72
2
  73
1
  90
2
  40
-0.6
  41
30
  62
5
  63
7
  421
16777215
  74
0
  91
4
  64
7
  65
257
  75
1
  175
1
  42
1
  92
8
  66
257
  43
1
  76
1
  77
6
  78
2
  67
8
  425
7895160
  79
3
  170
0
  171
0
  290
0
  174
0
  93
5
  44
0
  173
0
  291
0
  45
0
  1001
ACAD
  1000
AcDbSavedByObjectVersion
  1070
0
  0
VISUALSTYLE
  5
17E
  102
{ACAD_XDICTIONARY
  360
336
  102
}
  102
{ACAD_REACTORS
  330
95
  102
}
  330
95
  100
AcDbVisualStyle
  2
Shaded with edges
  70
26
  71
2
  72
2
  73
1
  90
2
  40
-0.6
  41
30
  62
5
  63
7
  421
16777215
  74
1
  91
2
  64
7
  65
257
  75
2
  175
1
  42
1
  92
8
  66
257
  43
1
  76
1
  77
6
  78
2
  67
7
  79
3
  170
0
  171
0
  290
0
  174
0
  93
5
  44
0
  173
0
  291
0
  45
0
  1001
ACAD
  1000
AcDbSavedByObjectVersion
  1070
0
  0
VISUALSTYLE
  5
17B
  102
{ACAD_XDICTIONARY
  360
330
  102
}
  102
{ACAD_REACTORS
  330
95
  102
}
  330
95
  100
AcDbVisualStyle
  2
Shades of Gray
  70
23
  71
2
  72
2
  73
3
  90
0
  40
-0.6
  41
-30
  62
5
  63
7
  421
16777215
  74
2
  91
2
  64
7
  65
7
  75
1
  175
1
  42
40
  92
8
  66
7
  43
1
  76
1
  77
6
  78
2
  67
7
  79
3
  170
0
  171
0
  290
0
  174
0
  93
1
  44
0
  173
0
  291
0
  45
0
  1001
ACAD
  1000
AcDbSavedByObjectVersion
  1070
0
  0
VISUALSTYLE
  5
17C
  102
{ACAD_XDICTIONARY
  360
332
  102
}
  102
{ACAD_REACTORS
  330
95
  102
}
  330
95
  100
AcDbVisualStyle
  2
Sketchy
  70
24
  71
1
  72
2
  73
2
  90
0
  40
-0.6
  41
-30
  62
5
  63
7
  421
16777215
  74
2
  91
2
  64
7
  65
7
  75
1
  175
1
  42
40
  92
11
  66
7
  43
1
  76
1
  77
6
  78
2
  67
7
  79
6
  170
0
  171
0
  290
0
  174
0
  93
1
  44
0
  173
0
  291
0
  45
0
  1001
ACAD
  1000
AcDbSavedByObjectVersion
  1070
0
  0
VISUALSTYLE
  5
A2
  102
{ACAD_XDICTIONARY
  360
322
  102
}
  102
{ACAD_REACTORS
  330
95
  102
}
  330
95
  100
AcDbVisualStyle
  2
Thicken
  70
13
  71
2
  72
2
  73
1
  90
0
  40
-0.6
  41
-30
  62
5
  63
7
  421
16777215
  74
1
  91
4
  64
7
  65
257
  75
1
  175
1
  42
1
  92
12
  66
7
  43
1
  76
1
  77
6
  78
2
  67
7
  79
5
  170
0
  171
0
  290
0
  174
0
  93
1
  44
0
  173
0
  291
0
  45
0
  1001
ACAD
  1000
AcDbSavedByObjectVersion
  1070
0
  0
VISUALSTYLE
  5
9C
  102
{ACAD_XDICTIONARY
  360
316
  102
}
  102
{ACAD_REACTORS
  330
95
  102
}
  330
95
  100
AcDbVisualStyle
  2
Wireframe
  70
5
  71
0
  72
2
  73
0
  90
0
  40
-0.6
  41
-30
  62
5
  63
7
  421
16777215
  74
1
  91
4
  64
7
  65
257
  75
1
  175
1
  42
1
  92
0
  66
257
  43
1
  76
1
  77
6
  78
2
  67
7
  79
3
  170
0
  171
0
  290
0
  174
0
  93
1
  44
0
  173
0
  291
0
  45
0
  1001
ACAD
  1000
AcDbSavedByObjectVersion
  1070
0
  0
VISUALSTYLE
  5
17D
  102
{ACAD_XDICTIONARY
  360
334
  102
}
  102
{ACAD_REACTORS
  330
95
  102
}
  330
95
  100
AcDbVisualStyle
  2
X-Ray
  70
25
  71
2
  72
2
  73
1
  90
1
  40
0.5
  41
-30
  62
5
  63
7
  421
16777215
  74
1
  91
0
  64
7
  65
257
  75
1
  175
1
  42
1
  92
8
  66
7
  43
1
  76
1
  77
6
  78
2
  67
7
  79
3
  170
0
  171
0
  290
0
  174
0
  93
13
  44
0
  173
0
  291
0
  45
0
  1001
ACAD
  1000
AcDbSavedByObjectVersion
  1070
0
  0
DICTIONARYVAR
  5
227
  102
{ACAD_REACTORS
  330
59
  102
}
  330
59
  100
DictionaryVariables
  280
0
  1
60.000000
  0
DICTIONARYVAR
  5
EB
  102
{ACAD_REACTORS
  330
59
  102
}
  330
59
  100
DictionaryVariables
  280
0
  1
1:1
  0
DICTIONARYVAR
  5
EA
  102
{ACAD_REACTORS
  330
59
  102
}
  330
59
  100
DictionaryVariables
  280
0
  1
STANDARD
  0
DICTIONARYVAR
  5
AB
  102
{ACAD_REACTORS
  330
59
  102
}
  330
59
  100
DictionaryVariables
  280
0
  1
STANDARD
  0
DICTIONARYVAR
  5
1B4
  102
{ACAD_REACTORS
  330
59
  102
}
  330
59
  100
DictionaryVariables
  280
0
  1
Imperial24
  0
DICTIONARYVAR
  5
1B5
  102
{ACAD_REACTORS
  330
59
  102
}
  330
59
  100
DictionaryVariables
  280
0
  1
Imperial24
  0
DICTIONARYVAR
  5
5A
  102
{ACAD_REACTORS
  330
59
  102
}
  330
59
  100
DictionaryVariables
  280
0
  1
2
  0
DICTIONARYVAR
  5
5E
  102
{ACAD_REACTORS
  330
59
  102
}
  330
59
  100
DictionaryVariables
  280
0
  1
1
  0
DICTIONARYVAR
  5
226
  102
{ACAD_REACTORS
  330
59
  102
}
  330
59
  100
DictionaryVariables
  280
0
  1
0
  0
DICTIONARYVAR
  5
14A
  102
{ACAD_REACTORS
  330
59
  102
}
  330
59
  100
DictionaryVariables
  280
0
  1
0
  0
DICTIONARYVAR
  5
14B
  102
{ACAD_REACTORS
  330
59
  102
}
  330
59
  100
DictionaryVariables
  280
0
  1
0
  0
DICTIONARYVAR
  5
224
  102
{ACAD_REACTORS
  330
59
  102
}
  330
59
  100
DictionaryVariables
  280
0
  1
2
  0
DICTIONARYVAR
  5
223
  102
{ACAD_REACTORS
  330
59
  102
}
  330
59
  100
DictionaryVariables
  280
0
  1
1
  0
DICTIONARYVAR
  5
225
  102
{ACAD_REACTORS
  330
59
  102
}
  330
59
  100
DictionaryVariables
  280
0
  1
127
  0
DICTIONARYVAR
  5
228
  102
{ACAD_REACTORS
  330
59
  102
}
  330
59
  100
DictionaryVariables
  280
0
  1
2
  0
DICTIONARY
  5
309
  102
{ACAD_REACTORS
  330
307
  102
}
  330
307
  100
AcDbDictionary
  281
1
  0
DICTIONARY
  5
308
  102
{ACAD_REACTORS
  330
307
  102
}
  330
307
  100
AcDbDictionary
  281
1
  3
1654967913120
  350
302
  3
1654967913136
  350
303
  3
1654967913152
  350
304
  3
1654967913168
  350
305
  3
1654967913184
  350
306
  0
DICTIONARY
  5
33C
  330
1A9
  100
AcDbDictionary
  280
1
  281
1
  3
ACAD_XREC_ROUNDTRIP
  360
33D
  0
DICTIONARY
  5
191
  330
22
  100
AcDbDictionary
  280
1
  281
1
  0
DICTIONARY
  5
185
  330
93
  100
AcDbDictionary
  280
1
  281
1
  3
FBXASSET
  360
186
  0
DICTIONARY
  5
183
  330
92
  100
AcDbDictionary
  280
1
  281
1
  3
FBXASSET
  360
184
  0
DICTIONARY
  5
10B
  330
94
  100
AcDbDictionary
  280
1
  281
1
  3
BUMPTILE
  360
10D
  3
DIFFUSETILE
  360
10C
  3
FBXASSET
  360
187
  3
OPACITYTILE
  360
10E
  3
REFLECTIONTILE
  360
10F
  0
DICTIONARY
  5
33A
  330
1A7
  100
AcDbDictionary
  280
1
  281
1
  3
ACAD_XREC_ROUNDTRIP
  360
33B
  0
DICTIONARY
  5
FF
  330
A7
  100
AcDbDictionary
  280
1
  281
1
  3
ACAD_ROUNDTRIP_2008_TABLESTYLE_CELLSTYLEMAP
  360
300
  0
DICTIONARY
  5
314
  330
9B
  100
AcDbDictionary
  280
1
  281
1
  3
ACAD_XREC_ROUNDTRIP
  360
315
  0
DICTIONARY
  5
312
  330
9A
  100
AcDbDictionary
  280
1
  281
1
  3
ACAD_XREC_ROUNDTRIP
  360
313
  0
DICTIONARY
  5
320
  330
A1
  100
AcDbDictionary
  280
1
  281
1
  3
ACAD_XREC_ROUNDTRIP
  360
321
  0
DICTIONARY
  5
328
  330
A5
  100
AcDbDictionary
  280
1
  281
1
  3
ACAD_XREC_ROUNDTRIP
  360
329
  0
DICTIONARY
  5
31A
  330
9E
  100
AcDbDictionary
  280
1
  281
1
  3
ACAD_XREC_ROUNDTRIP
  360
31B
  0
DICTIONARY
  5
31E
  330
A0
  100
AcDbDictionary
  280
1
  281
1
  3
ACAD_XREC_ROUNDTRIP
  360
31F
  0
DICTIONARY
  5
32E
  330
172
  100
AcDbDictionary
  280
1
  281
1
  3
ACAD_XREC_ROUNDTRIP
  360
32F
  0
DICTIONARY
  5
326
  330
A4
  100
AcDbDictionary
  280
1
  281
1
  3
ACAD_XREC_ROUNDTRIP
  360
327
  0
DICTIONARY
  5
30A
  330
96
  100
AcDbDictionary
  280
1
  281
1
  3
ACAD_XREC_ROUNDTRIP
  360
30B
  0
DICTIONARY
  5
30C
  330
97
  100
AcDbDictionary
  280
1
  281
1
  3
ACAD_XREC_ROUNDTRIP
  360
30D
  0
DICTIONARY
  5
30E
  330
98
  100
AcDbDictionary
  280
1
  281
1
  3
ACAD_XREC_ROUNDTRIP
  360
30F
  0
DICTIONARY
  5
310
  330
99
  100
AcDbDictionary
  280
1
  281
1
  3
ACAD_XREC_ROUNDTRIP
  360
311
  0
DICTIONARY
  5
318
  330
9D
  100
AcDbDictionary
  280
1
  281
1
  3
ACAD_XREC_ROUNDTRIP
  360
319
  0
DICTIONARY
  5
32A
  330
170
  100
AcDbDictionary
  280
1
  281
1
  3
ACAD_XREC_ROUNDTRIP
  360
32B
  0
DICTIONARY
  5
324
  330
A3
  100
AcDbDictionary
  280
1
  281
1
  3
ACAD_XREC_ROUNDTRIP
  360
325
  0
DICTIONARY
  5
32C
  330
171
  100
AcDbDictionary
  280
1
  281
1
  3
ACAD_XREC_ROUNDTRIP
  360
32D
  0
DICTIONARY
  5
31C
  330
9F
  100
AcDbDictionary
  280
1
  281
1
  3
ACAD_XREC_ROUNDTRIP
  360
31D
  0
DICTIONARY
  5
338
  330
17F
  100
AcDbDictionary
  280
1
  281
1
  3
ACAD_XREC_ROUNDTRIP
  360
339
  0
DICTIONARY
  5
336
  330
17E
  100
AcDbDictionary
  280
1
  281
1
  3
ACAD_XREC_ROUNDTRIP
  360
337
  0
DICTIONARY
  5
330
  330
17B
  100
AcDbDictionary
  280
1
  281
1
  3
ACAD_XREC_ROUNDTRIP
  360
331
  0
DICTIONARY
  5
332
  330
17C
  100
AcDbDictionary
  280
1
  281
1
  3
ACAD_XREC_ROUNDTRIP
  360
333
  0
DICTIONARY
  5
322
  330
A2
  100
AcDbDictionary
  280
1
  281
1
  3
ACAD_XREC_ROUNDTRIP
  360
323
  0
DICTIONARY
  5
316
  330
9C
  100
AcDbDictionary
  280
1
  281
1
  3
ACAD_XREC_ROUNDTRIP
  360
317
  0
DICTIONARY
  5
334
  330
17D
  100
AcDbDictionary
  280
1
  281
1
  3
ACAD_XREC_ROUNDTRIP
  360
335
  0
XRECORD
  5
302
  102
{ACAD_REACTORS
  330
308
  102
}
  330
308
  100
AcDbXrecord
  280
1
  1
AcDb_Thumbnail_Schema
  102
{ATTRRECORD
  341
303
  2
AcDbDs::TreatedAsObjectData
  280
1
  291
0
  102
ATTRRECORD}
  102
{ATTRRECORD
  341
304
  2
AcDbDs::Legacy
  280
1
  291
0
  102
ATTRRECORD}
  2
AcDbDs::ID
  280
10
  91
8
  102
{ATTRRECORD
  341
305
  2
AcDs:Indexable
  280
1
  291
0
  102
ATTRRECORD}
  102
{ATTRRECORD
  341
306
  2
AcDbDs::HandleAttribute
  280
7
  282
1
  102
ATTRRECORD}
  2
Thumbnail_Data
  280
15
  91
0
  0
XRECORD
  5
303
  102
{ACAD_REACTORS
  330
308
  102
}
  330
308
  100
AcDbXrecord
  280
1
  1
AcDbDs::TreatedAsObjectDataSchema
  2
AcDbDs::TreatedAsObjectData
  280
1
  91
0
  0
XRECORD
  5
304
  102
{ACAD_REACTORS
  330
308
  102
}
  330
308
  100
AcDbXrecord
  280
1
  1
AcDbDs::LegacySchema
  2
AcDbDs::Legacy
  280
1
  91
0
  0
XRECORD
  5
305
  102
{ACAD_REACTORS
  330
308
  102
}
  330
308
  100
AcDbXrecord
  280
1
  1
AcDbDs::IndexedPropertySchema
  2
AcDs:Indexable
  280
1
  91
0
  0
XRECORD
  5
306
  102
{ACAD_REACTORS
  330
308
  102
}
  330
308
  100
AcDbXrecord
  280
1
  1
AcDbDs::HandleAttributeSchema
  2
AcDbDs::HandleAttribute
  280
7
  91
1
  284
1
  0
XRECORD
  5
33D
  102
{ACAD_REACTORS
  330
33C
  102
}
  330
33C
  100
AcDbXrecord
  280
1
  102
DISPLAYNAME
  1
Imperial24
  102
FLAGS
  90
0
  0
XRECORD
  5
186
  102
{ACAD_REACTORS
  330
185
  102
}
  330
185
  100
AcDbXrecord
  280
1
  70
1
  90
429727718
  1
7581DE8E-A623-425F-9BF4-B3F4BE6C4F9A
  310
504B03040A0000080000AC70623B3DEE336E79000000790000001B0000006175746F6465736B2D64657369676E2D7061636B6167652E786D6C3C3F786D6C2076657273696F6E3D22312E302220656E636F64696E673D227574662D3822203F3E3C666F726D6174733E3C666F726D61743E687474703A2F2F736368656D612E
  310
6175746F6465736B2E636F6D2F64657369676E2D7061636B6167652F323030393C2F666F726D61743E3C2F666F726D6174733E504B0304140006080800AC70623BD486FD9CA0000000F4000000130000005B436F6E74656E745F54797065735D2E786D6C7D8EC10E82300C865F65E91D8A1E8C310C0EEA1BF002731658846E
  310
D98AC1B77784ABF1D8FE5FBFBF75BBCE937A534CCEB38643598122B6FEE978D0B0485F9C41B54DDD7D022595594E1A469170414C76A4D9A4D207E29CF43ECE46F218070CC6BECC4078ACAA135ACF422C856C0E68EA1BF5669944DDD7BCDE7B1F8E415D77AECB980613C2E4AC91FC167A2B244592486606FC29C8FD7F045B9A
  310
EF7053A7E60B504B0304140006080800AC70623B9A2F3B5FEC0000007C01000008000000636F72652E786D6C8D90416E83301045AF62CDB632D8040820E328B4E204BD80653BC44AB011B6AB1EBF262152BBEB6A467FFE9B197D76FA9EEFE84BAFDE38DB03CD08206DA553C64E3DC470C10DA01367AB73E1970D9015B3EE61
  310
9381B3697571D925E96CD03624D53AA5775178AF0320794F4D0F5E5EF52C32114372F85BB608791393CEE8AB4B708C46A1E711A3D23E73317A055E0D4D53D6C71A9FC7A1C6657D18703354232ECFED4731B6B43CBED72CDF60CE82995FF7E5AA45D00A7841488B29C5A4F8A46547AAAEA8DE48D311C2F2CDFE078A8BFA2714
  310
8D0D87627FF78979E0343DF21870966F59A4F2082AD52D37FE03504B0304140006080800AC70623B55019EA25F0000007C00000007000000636E782E786D6C4DCB3B0E80201045D1AD90E915ED2CF8AC45050C11660C8261F98AB1B07AC9C97D42D718D865D3E909258CFD00CCE24AC6E326A164D74DC0B4128928FF326038
  310
472BA13128B1252AC747C6BAB984FC68F0B87FE8960A5C09FE86CFB69FBA01504B0304140006080800AC70623B6E137E0172010000D40300000C0000006662782F636F72652E786D6CC5535B6E833010BC8AE5DF0A6C0810121947A1554ED00B38E05014B091B1518EDFE511A5A9D22AFD2A1F60CDEC7A67C698ED2E6D8306
  310
69FA5AAB0C073EC548AA4297B5AA32ECECC94B31DA7166B4B65FCA3052A295191E61CC5965B4EB16A8D0CA4A650155BA940B28FA5E5A8C8A061619EE8B0FD90A5F380B15FDD9EF44711695F4031F68A8E3ACB70604A079C8F8C6FC74BC3032E39C3957970B5B9730AD3ED5D2601EE7691A25EBC4DB1FF2C48B9255EEA5797C
  310
F0A2FDE62D3C6C8268FD9A3032367366EBF6AAAE30525859621E52BAF182C0A3E17B106D69BC0DE3179A6E2965642CBF6B725DF96493AB955D858BDCB9ADC73C002113F1CD2D4464512F06D04338236388F09912BE0F1A028190AD3836571F67800659586D22604AED6ED4201A27612AF5E9F4A09F178CCC9D3075DA1C5C3F
  310
9C113E3DE3F71DE1A885AAC084B0B03C3A3BEA64B38625B44E1A6FB017A4B46945F39C8D5F1CFE89BA897F28A9D08D36FFA5882C074496DF838CF7917F02504B0304140006080800AC70623BE001BAC07D0000009D0000000B0000006662782F636E782E786D6C4DCCD10AC2201886E15B91FFDCA6536B037548D87D8CE686
  310
E4344CA3CB6F8B1D74F4C1C3C72B87CF1AD0DBE5974F51013D11402EDED3E4E3A2A096197780062D734AE5EF06288EAB53B03368B9E4549F074D6E1E6B289B061F1F07124689687987B9601C7373BD60C36E065B6A6DDF7341A93843A365F32B6DBB87F517504B0304140006080800AC70623B8E5068122901000012020000
  310
310000006662782F30333130353234382D343533342D344143372D413346412D4531454539393435313135362F636F72652E786D6C8D515B6EC32010BC0AE22B55850D364E93081345557A825E801892A2C460F1A872FC2EB523B57FF961D1EECCECECAED8DFC71BFA36215AEF7ACC2A8A917183D7D65D7A9CD3996C30DA4B
  310
11BC4F7F601839359A1E973496E2127C9E96D4E05D322E41D6796D96A48AD1248C861B7C7A1C872F33AA4AE5048878AD26355CD5C554AC8232E0A4882980013437292F96B465B46BF886F0AEE5841FDEDFC8A1FD3890233B1EB75BDE31D6AD453D13A5C8D9EA856E35D8B1676BC2B322852C45B2E3C3FE108C4A4663D950BA
  310
258C11DA7C32BEA3DDAEE95EE96647A9A80BFC1F294FFA4952B62EB5CD6277A6452C99A8E78214DAE7D3ED61C6DC271F122AFD56D10C2F305545CB6A60FC1908E383E29A2F8A31F900EB5D5D4F8065DD2CBBE652D4E542107ECF07B15C53FE00504B0304140006080800AC70623B503B51794E010000330300003000000066
  310
62782F30333130353234382D343533342D344143372D413346412D4531454539393435313135362F636E782E786D6CD593C16EC32010447F0571AD6CE3D489D20813A9877E410FBD62D82434182CC055F3F75D1292E692438FBD206B7698593D61BEFD1E2DF982108D773D6D6B460938E5B571FB9ECE6957AD29D90A1EBC4F
  310
77364A9C1CA1A759A682EF839FA72269D8C9D92654AD71C72206887E0E0A22CAF926B15E498B01E0AA19451807D01A34B919F16B070157417138917400F2F6FA41FCF0092A45DEE414C19BDC21783E4BD39D891265658C3D8DEA00A3ACE59CBC8678ACB54CB26EEB6BD7839D7E9348BE70AD9C8321B9BCA7F9A4A26C542347
  310
DEE050F09802D22BA6749A800A394DD62899107273365E3C82CFC6A55557BC06C10774B7ABE7AEC3B0F34CF06446280E154026D0542C187BA9DAB6628BF7B6DBB0E566B17C62EB0D63BCC976C107EF6DB9843110FC449477095CA2A2E54D1E3FC2577C449B80AC7D38FD01240228AD173AB78CFFCCA739BF6FC415F02F103F
  310
504B0304140006080800AC70623B38FA165F680500003C100000340000006662782F30333130353234382D343533342D344143372D413346412D4531454539393435313135362F6F626A656374732E786D6CAD575D6FA33814FD2B887D0E8424EDB42BCAA8499A2A1A756634D18CF6A15264C0A16CC146B6E9A4FBEBF7180C
  310
019276B21F7908D8D8F7F3DCE36BFFE33ECFAC172A64CAD98DED3963DBA22CE271CA921BBB54BBD1956D7D0C7CC1B9EA2CB32D46727A63EB693BF013C1CBC24CC57447CA4C0D6657F33F2C1951466D2BCA889437B68C9E684E1C522A1E53F9ECC4441127D9ED1DCFA917F6C52682144F03A105119429588A790629566D94D7
  310
1F8E6D37F05DFD3DF0F5BF59357D7B955BF9D3D79F32A9088B8E940DC44CBDD9F26E72713DBA98CDA6A3D9E5C41BCD57F3E5C8FB301D2F2E178BEBDBBB6B28964A4092B144D09D1DDC2336228D7CB7FED45A6C0C3F6552C419A351E53F3CAC6C3612635A5016238F2995D0D6F17ADC1F7A3A369DCF533D362ABBD3E779D5DD
  310
D111D4D8DE3CBB96F2F04FB820CF41859054A3AA8E8F71B4C6DFF810B590F3CC7C4BA5951345454A322B4B4341C4AB1D60A95E12F83D311A9D42235C7B6007DE415ED75694C6AFB17BCACA5D99651A9A7650217B0BFC53252BCBD2BFA838AD0D36215765CAD4957148BD16D40EAE7DB79A0C7CFD984ECCC73A90D62E230952
  310
0E37EBAF034717BAF6D64B3BF8B40AF71B5D8FA79517821754280D1F40AB495CF3D451326ABDB332A737C0995ECC0F41F986C87F46F91E4C41DE44BA9FED67468B1284C91D173972E38CAB9F356E5E46EDDBF10BF86CB0FA784D3BF3AF16FB6E6B6C9F30DECA1FC0A55373F5DFF3D78F5917A99DF405FE0B0A8C8BA909E526
  310
2219A8E72165488806A595714C81CB77E1DE0ED6604A303B76912C680372F4E2BB2FF88EFF5A36D8AA52DF79322474C0B767303F625995056C7B032C473C592936CEBD15F38BFFA5666E979B4F9B52EC48441F0CB12CE92E65A9C2D979006FD7A05E227A1E3DD3D79F5CC470F438099B6E1272A34A22DA3AE63AF0497358E8
  310
C141734F41847D09D79CE7FF42C3432A239A6584515E365ADA634863B52519D327A00AEB804E2703140BFA92EA4EA2B7A26716CEFA48A4850E597BE8B53CEDBCE1CBF7F56780D20EE6AF73A0F5F9B02A3CD07DC4332EB6E1EBB666421BE0C39E3EBA7FF4E16D22EA6A29407C85E586724C88B771BADB9512BC7B228A3FD68B
  310
6EA65A22397E690AA8D158D7E40CEC8CDA23C2C0B7D1898640101CEC9C6D531CE328CB93CABBBA870A6425F70DF96199175B92F392A973C2346EFC69AC6F8577BB18F993A8E8C90E36D573340765C7343EA4AA87027D049DF0A9979E0F1757DEF2EEEA6E747B39412B35B9588DAEE7ABD9683E5DCDE677978BD9EAFAB6B5A8
  310
B224F09B13AA5B8388264E44BF14A909F3F7F5A16CEDE08128E9DED705E526F5F3FBDA415BECBBD80380B71BD77991D19C3245347C1FF44BF68DA0ABE8C9A8E7D73949E81952BEDC6F063660E68C7D5F75A9D19F83BD6676A16BE1A410F554E621236936D8681C770A9618B79B50B6CF9AD19BA11E9978A20F953C4B63104E
  310
6C2594E7548176CE607B915309C474BBF2D8DC1ECED8FD52F7838A84196D2C79226889330954036E65A4FAF3D66F68E174177563E3B0739EF1670AD1B690EA1B1BFCA6D2884A27C4F1A81B9F4A3820802EAC2541408DB02443675D6F6AC7ED2E1D1BD00F4E40A3BF5D724EB764FCEA116F4E8A02A7768F562BDB8C82E81F39
  310
DE98631185D7B054AD2F8789D6994A0D2AAB76CADC0DD0423C1BD57BD4D7FB6E794EB5A61791B3EE49EF82A0963A524424D5BD40DB674CBA5D7E75D10A58EB2F569195097279BEA491A00073A90B1C28022A8CCC82284075F1FBE357C17117CDAD550A083C2E789E736606B7E62E6B6D9E70338D1F410B545F3FE464EC798F
  310
55D76F2E22DB9048EA90583E63A22938EDC1006B00E4D1716A52E0EA1C0C96AF9796393066105A81F6A829ADAFE1168A47DF1C75A974C9B278B7F177ABA5008340CB1EFC0D504B0304140006080000AC70623B000000000000000000000000350000006662782F30333130353234382D343533342D344143372D413346412D
  310
4531454539393435313135362F76657274696365732E62696E504B0304140006080800AC70623BF270F1330600000004000000360000006662782F30333130353234382D343533342D344143372D413346412D4531454539393435313135362F747269616E676C65732E62696E636660600000504B0304140006080000AC70
  310
623B000000000000000000000000370000006662782F30333130353234382D343533342D344143372D413346412D4531454539393435313135362F617474726962757465732E62696E504B0304140006080800AC70623B08DA0BD19000000041010000360000006662782F30333130353234382D343533342D344143372D41
  310
3346412D4531454539393435313135362F6469726563746F72792E786D6C858F410AC3201045AF22B36F53E9A60B35CBEEBAE80D244E44489C6234F4F835464A48035D0DF398FF9F8AF63D0E6CC63039F212F8F9020C7D47C6792B21C5FE7403D62A1188E2E60C98D7234A5830286103A55745067B9D86B8A3CF9C7F90C11D
  310
E607FB144396D7B6A82D282E9A152AD114D5EF2CB866EEE831B8EEA07A7BB5A8D7D61A2BAAEB7FD5F70921FF497D00504B0304140006080800AC70623BF2C5666EFF000000A00100003B0000006662782F30333130353234382D343533342D344143372D413346412D4531454539393435313135362F7265736F7572636573
  310
2F636F72652E786D6C8D504B6E833010BD0A9A6D65B00910888CA3D02A27E8052C33A156821DF953F5F8B5132AB5BB6E6646EFA3797AFCF8B5DE8A4F745E5B33022B291468949DB5594688E1427A288E823B6BC32F191446AE38428641F0C5D978DF20654D4013126AEC8C1B28BDC70085BAA56304AF3E7095A58C2129FCB5
  310
BC4B75950B96AC4C74D209EE834B018AE7933C4138F4363A859E574F56F018F5BC69F49C7EEA8B4607A29DFABEE9F62D399DA78E34DD6E22FDD49E49731ADEEAF3C09AFD6BC7AB6C163CE8F527A3722803CE206A4A07C218A1F53B6B0EB43DD4ED0BED0F94F22ACBFF98E27DFEA7296A1376F516F769F320580AF22004AF72
  310
5F693DCA4C3B772BBE01504B010214000A0000080000AC70623B3DEE336E79000000790000001B00000000000000000000000000000000006175746F6465736B2D64657369676E2D7061636B6167652E786D6C504B01021400140006080800AC70623BD486FD9CA0000000F40000001300000000000000000000000000B200
  310
00005B436F6E74656E745F54797065735D2E786D6C504B01021400140006080800AC70623B9A2F3B5FEC0000007C010000080000000000000000000000000083010000636F72652E786D6C504B01021400140006080800AC70623B55019EA25F0000007C000000070000000000000000000000000095020000636E782E786D
  310
6C504B01021400140006080800AC70623B6E137E0172010000D40300000C00000000000000000000000000190300006662782F636F72652E786D6C504B01021400140006080800AC70623BE001BAC07D0000009D0000000B00000000000000000000000000B50400006662782F636E782E786D6C504B010214001400060808
  310
00AC70623B8E506812290100001202000031000000000000000000000000005B0500006662782F30333130353234382D343533342D344143372D413346412D4531454539393435313135362F636F72652E786D6C504B01021400140006080800AC70623B503B51794E010000330300003000000000000000000000000000D3
  310
0600006662782F30333130353234382D343533342D344143372D413346412D4531454539393435313135362F636E782E786D6C504B01021400140006080800AC70623B38FA165F680500003C10000034000000000000000000000000006F0800006662782F30333130353234382D343533342D344143372D413346412D4531
  310
454539393435313135362F6F626A656374732E786D6C504B01021400140006080000AC70623B0000000000000000000000003500000000000000000000000000290E00006662782F30333130353234382D343533342D344143372D413346412D4531454539393435313135362F76657274696365732E62696E504B01021400
  310
140006080800AC70623BF270F133060000000400000036000000000000000000000000007C0E00006662782F30333130353234382D343533342D344143372D413346412D4531454539393435313135362F747269616E676C65732E62696E504B01021400140006080000AC70623B0000000000000000000000003700000000
  310
000000000000000000D60E00006662782F30333130353234382D343533342D344143372D413346412D4531454539393435313135362F617474726962757465732E62696E504B01021400140006080800AC70623B08DA0BD1900000004101000036000000000000000000000000002B0F00006662782F30333130353234382D
  310
343533342D344143372D413346412D4531454539393435313135362F6469726563746F72792E786D6C504B01021400140006080800AC70623BF2C5666EFF000000A00100003B000000000000000000000000000F1000006662782F30333130353234382D343533342D344143372D413346412D453145453939343531313536
  310
2F7265736F75726365732F636F72652E786D6C504B0506000000000E000E0080040000671100000000
  0
XRECORD
  5
184
  102
{ACAD_REACTORS
  330
183
  102
}
  330
183
  100
AcDbXrecord
  280
1
  70
1
  90
429727718
  1
778E3A9F-1AF3-452F-85C1-1BC15BD3F630
  310
504B03040A0000080000AC70623B3DEE336E79000000790000001B0000006175746F6465736B2D64657369676E2D7061636B6167652E786D6C3C3F786D6C2076657273696F6E3D22312E302220656E636F64696E673D227574662D3822203F3E3C666F726D6174733E3C666F726D61743E687474703A2F2F736368656D612E
  310
6175746F6465736B2E636F6D2F64657369676E2D7061636B6167652F323030393C2F666F726D61743E3C2F666F726D6174733E504B0304140006080800AC70623BD486FD9CA0000000F4000000130000005B436F6E74656E745F54797065735D2E786D6C7D8EC10E82300C865F65E91D8A1E8C310C0EEA1BF002731658846E
  310
D98AC1B77784ABF1D8FE5FBFBF75BBCE937A534CCEB38643598122B6FEE978D0B0485F9C41B54DDD7D022595594E1A469170414C76A4D9A4D207E29CF43ECE46F218070CC6BECC4078ACAA135ACF422C856C0E68EA1BF5669944DDD7BCDE7B1F8E415D77AECB980613C2E4AC91FC167A2B244592486606FC29C8FD7F045B9A
  310
EF7053A7E60B504B0304140006080800AC70623BFD5588D4EC0000007C01000008000000636F72652E786D6C8D90416EC3201045AF82665B6103891DC7C24471939CA01740405C94182C03558F5F9C3852BBEB6A467FFE9B197D7EF81EEFE8CBCCC17AD7012D0820E394D7D60D1DA478C50DA083E0B3F7F1970D9093A3E960
  310
9141F061F6695A25E55D342E66D5796D56518660222075CF4D07417D9A511632C5EC08B76292EA260753D05797E194AC46CF2356E77DF66ACD0C62C768BD63971E5727D2E06DDF9C71BF7B3FE10BABF79BFA488FE4DCF07281058F767CDD57B391D168108C903DA61413F641B72DA95A56BD91A62584978BFD0F9426FD4F28
  310
5917376C7DF7890510343FF218085E2E59E4F2082AD72537F103504B0304140006080800AC70623B55019EA25F0000007C00000007000000636E782E786D6C4DCB3B0E80201045D1AD90E915ED2CF8AC45050C11660C8261F98AB1B07AC9C97D42D718D865D3E909258CFD00CCE24AC6E326A164D74DC0B4128928FF326038
  310
472BA13128B1252AC747C6BAB984FC68F0B87FE8960A5C09FE86CFB69FBA01504B0304140006080800AC70623BB5D38BAD72010000D40300000C0000006662782F636F72652E786D6CC553DB8E823014FC95A6AF1B68C11B9A52A3AB7EC1FE4085CA36424B4A4BFCFC3D5C8CEBC635EED3F200CDCC393D3353CAD697AA44AD
  310
B48D323AC5514831923A33B9D2458ABD3B0509466BCEAC31EE5B19465A5432C51D8C392BACF1F50865463BA91DA0DAE4720445D348875156C222C54DF6292B110AEFA0A23987B5C8CEA2906114020D759C35CE8200340CE9DE989F8E1746069C33EF553EB22A8769EAA4A4C57C1147F3457CD806B31D4D82E936D907DBC5FB
  310
2E38C4F3E564BE8936749F30D23573E65475559759299CCC318F295D065114D0F8239AAEE86C15CFDE68B2A29491AEFCAEC9D7F98B4D5E69378947B9435B837904427AE2875B88C8A146B4A0877046BA10E1D3277C1F340402213B712CAF3ECE00B53273C64E81C98DBF51AD28BD84A934A4FD837E5F303274C2D47E7370FD
  310
7046FCF28CE73BC2510B5D8009E16079F4AED3C9060D6368B5B441EB2E481B5B89F2351B4F1CFE89BA897F282933A5B1FFA5888C0744C6DF8374F7917F01504B0304140006080800AC70623B09885E1C7E0000009D0000000B0000006662782F636E782E786D6C4DCCDF0A83201C86E15B91DFB9CBA6FD11D41063F711CB42
  310
663A9C8E5DFE6A74B0A30F1E3E5E317C368FDE36BD5C0C12EA0B0164C33DCE2EAC124A5E700F685022C598FF6E80C2B459090783126B8AE579D26C97A9F8BCAB77E17122E586D5843498B3EE8699D114F39E5E713D76EDA84DCBB569A052A2FA95F63DC2EA0B504B0304140006080800AC70623B961D28872A010000120200
  310
00310000006662782F33394334313030352D393437462D344341332D393833322D3144373644414336394143352F636F72652E786D6C8D515B6EC32010BC8AC557AA0A1BFC4A1C61A2C8514FD00B10435294182C1E558EDFA576A4F62F3F80666766875D76784CF7EC5B39AFADE911CD09CA9419ADD4E6DAA3182E7887B203
  310
67CEDAF08786322326D5A30423CEAECEC67985466B8232015063A55A41E1BD0A281BEFF0E8911FBFD42472110330FC2D9FC578135795D31CCAC0E3CC070701B2A5493A11AFBAA1A68434B8ABB71FB81E8E15EE765589E969DB9E8E43DB1D8786158B90B318B55CE55A421C7DD1CABD6A92C49C053D3DE38F4E89A024E22521
  310
1DA61493F293D67BD2ECCBE69DECF684B022D1FF89E22C5F14456D4255AE711799479CB2622970266D3CDF9F61D463B62E64A9DFC6ABF10D7192C35CCA0A040B11BE0F8E6DBD3AFA601D8C77733B0397C290926D5B7356A40DC1F5BB3EB8D336F90F504B0304140006080800AC70623B503B51794E01000033030000300000
  310
006662782F33394334313030352D393437462D344341332D393833322D3144373644414336394143352F636E782E786D6CD593C16EC32010447F0571AD6CE3D489D20813A9877E410FBD62D82434182CC055F3F75D1292E692438FBD206B7698593D61BEFD1E2DF982108D773D6D6B460938E5B571FB9ECE6957AD29D90A1E
  310
BC4F77364A9C1CA1A759A682EF839FA72269D8C9D92654AD71C72206887E0E0A22CAF926B15E498B01E0AA19451807D01A34B919F16B070157417138917400F2F6FA41FCF0092A45DEE414C19BDC21783E4BD39D891265658C3D8DEA00A3ACE59CBC8678ACB54CB26EEB6BD7839D7E9348BE70AD9C8321B9BCA7F9A4A26C54
  310
2347DEE050F09802D22BA6749A800A394DD62899107273365E3C82CFC6A55557BC06C10774B7ABE7AEC3B0F34CF06446280E154026D0542C187BA9DAB6628BF7B6DBB0E566B17C62EB0D63BCC976C107EF6DB9843110FC449477095CA2A2E54D1E3FC2577C449B80AC7D38FD01240228AD173AB78CFFCCA739BF6FC415F02F
  310
103F504B0304140006080800AC70623B2EA4D28F640500003C100000340000006662782F33394334313030352D393437462D344341332D393833322D3144373644414336394143352F6F626A656374732E786D6CAD575D739B3814FD2B0CFB6C30B1D3263B844E6CC71D4F376DA79E76F621331E01326103122389C4E9AFDF
  310
231018B09D7A3FFC609090EEE7B94757FE875D9E59CF54C894B31BDB73C6B64559C4E394253776A9B6A32BDBFA10F88273D559665B8CE4F4C6D6D376E027829785998AE99694991ACC2E677F5A32A28CDA569411296F6C193DD29C38A4543CA6F2C98989224EB2DD399E532FEC8B4D04291E07420B222853B014F30C52ACDA
  310
28AF3F1CDB6EE0BBFA7BE0EB7FB36A727A955BF9D3D79F32A9088B0E940DC44CBCE9E2EEE2F27A74399D4E46D37717DE68B69C2D46DEFBC978FE6E3EBFBEBDBB8662A90424194B04DDDAC147C446A491EFD69F5A8B8DE1C74C8A386334AAFC878795CD46624C0BCA62E431A512DA3A5E8FFB434FC7A6F379A2C7466577FA3C
  310
AFBA3B3A821ADB9B67D7521EFE0517E439A810926A54D5F1318ED6F81BEFA316729E996FA9B472A2A84849666569288878B5032CD54B02BF2746A35368846B0FECC0DBCBEBDA8AD2F835768F59B92DB34C43D30E2A646F807FAA646559FA938AE3DA60137255A64C5D1987D46B41EDE0DA77ABC9C0D78FC985F95807D2DA66
  310
2441CAE166FD75E0E85CD7DE6A61079F96E16EADEBF1B8F242F0820AA5E1036835896B9E3A4A46AD7756E6F40638D38BF93E28DF10F9CF28DFBD29C89B4877D3DDD468518230B9E522476E9C71F5B3C6CDCBA87D3B7C019F0D561FAE6967FED562DF6D8DED13C6A9FC015C3A3557FF3D7FFD987591DA495FE03FA3C0B89898
  310
50AE2392817AEE53868468505A19C714B87C1BEEEC6005A604B36317C9823620072FBEFB8CEFF8AF6583AD2AF59D274342077C7B06F323965559C0B6136039E0C94AB171EE54CC2FFF979AB95DAC3FAD4BB12511BD37C4B2A0DB94A50A67E71EBC5D837A89E879F4445F5FB888E1E86112D6DD24E4469544B475CC75E093E6
  310
B0D083BDE69E8208FB12AE39CFFF8586FB544634CB08A3BC6CB4B4C790C66A4B32A64F4015D6019D5C0C502CE873AA3B89DE8A9E5938EB2391163A64EDA1D7F2B473C297EFABCF00A51DCC5EFF20AF5DC20CF7741FF18C8B4DF8BAA999D006F8B0A78FEE1F7D789B88BA5A0A105F61B9A11C13E24D9C6EB7A504EF1E89E28F
  310
D5BC9BA996480E5F9A026A34D63539053BA3F68830F06D74A2211004073B679B14C738CAF2A8F2AEEEA10259C93D213F2CF36243725E32754E98C68D3F8DF5ADF06E17235F888A1EED605D3D473350764CE31309D547D0119F7AE979FFFEEA6E727BBD1C79B74BB4529717CBD1D5E5DC1B79B3B977395B4C96EF2638E6FA15
  310
D09C50DD1A44347122FAA5484D98BFAFF6656B07F74449F7635D506E523FBFAF1CB4C5BE8B3D0078BB71951719CD295344C3F75EBF64DF08BA8A9E8C7A7E9593849E21E5CBC7F5C006CC9CB1EFAB2E35FA32D86B66E7BA168E0A518F651E329266838DC671A7608971BB0965FBAC19BD19EA918927FA50C9B33406E1C45642
  310
794E1568E70CB6173995404CB72B8FCDEDE18CDDCF753FA84898D1C6924782963893403548A78C547FDEFA0D2D9CEEA26E6C1C76CE13FE4C21DA16527D6383DF541A51E984381E75E353090704D085B52408D0139664E8ACEB4DEDB8DDA56303FAC10968F4B74BCEE9968C5F3DE2CD4951E0D4EED16A659B5110FD23C71B73
  310
2CA2F01A96AAF5653FD13A53A909C03570A77DA0857832AA77A8AFB7DDF29C6A4D2F2267DD93DE04412D75A48848AA7B810EBA31E976F1D5452B60ADBE58455626C8E5F992468202CCA52E70A008A830320BA200D5F9EF0F5F05C75D34B7962920F030E779CE9919DC9ABBACB57EC4CD347E002D507DFD901763CF7BA8BA7E
  310
7311D984445287C4F209134DC1690F065803200F8E53733D73750E06CB570BCB1C185308AD407BD094D6D7700BC5A36F8EBA54BA6459BCD9F8BBD552A040A0650FFE06504B0304140006080000AC70623B000000000000000000000000350000006662782F33394334313030352D393437462D344341332D393833322D3144
  310
373644414336394143352F76657274696365732E62696E504B0304140006080800AC70623BF270F1330600000004000000360000006662782F33394334313030352D393437462D344341332D393833322D3144373644414336394143352F747269616E676C65732E62696E636660600000504B0304140006080000AC70623B
  310
000000000000000000000000370000006662782F33394334313030352D393437462D344341332D393833322D3144373644414336394143352F617474726962757465732E62696E504B0304140006080800AC70623B08DA0BD19000000041010000360000006662782F33394334313030352D393437462D344341332D393833
  310
322D3144373644414336394143352F6469726563746F72792E786D6C858F410AC3201045AF22B36F53E9A60B35CBEEBAE80D244E44489C6234F4F835464A48035D0DF398FF9F8AF63D0E6CC63039F212F8F9020C7D47C6792B21C5FE7403D62A1188E2E60C98D7234A5830286103A55745067B9D86B8A3CF9C7F90C11DE607
  310
FB144396D7B6A82D282E9A152AD114D5EF2CB866EEE831B8EEA07A7BB5A8D7D61A2BAAEB7FD5F70921FF497D00504B0304140006080800AC70623B95BFD5E5FE000000A00100003B0000006662782F33394334313030352D393437462D344341332D393833322D3144373644414336394143352F7265736F75726365732F63
  310
6F72652E786D6C8D50596E833010BD0A9ADFCA603B1B41C611699213F40296992456828DBC543D7E4DA052FBD79F99D15B344F4F1CBE8667F1893E18675B60258502AD76BDB1B71652BC921A8A8314DEB9F84B06855503B630C120C5CDBB342E907636A28D19B5AEC70554216084423FF3D142D0771C54A952CC8AF02847A5
  310
1FEA86252B339D755284E87380627E324D901E834B5E6310D5CC4A9192E9178DE9F34F7335E841EE38DBEEF8A5239B13ADC9FA589FC971F77E2217BEDDAFB61DEBE8B916D56496229AE127A3F6A822F62039A57BC218A1FC83AD1BBA69F8E68DD60DA5A29AE47F4C69ECFF694AC6C6155FE2CEB60092E5202F428A6AEA2BAF
  310
5799794FDDCA6F504B010214000A0000080000AC70623B3DEE336E79000000790000001B00000000000000000000000000000000006175746F6465736B2D64657369676E2D7061636B6167652E786D6C504B01021400140006080800AC70623BD486FD9CA0000000F40000001300000000000000000000000000B20000005B
  310
436F6E74656E745F54797065735D2E786D6C504B01021400140006080800AC70623BFD5588D4EC0000007C010000080000000000000000000000000083010000636F72652E786D6C504B01021400140006080800AC70623B55019EA25F0000007C000000070000000000000000000000000095020000636E782E786D6C504B
  310
01021400140006080800AC70623BB5D38BAD72010000D40300000C00000000000000000000000000190300006662782F636F72652E786D6C504B01021400140006080800AC70623B09885E1C7E0000009D0000000B00000000000000000000000000B50400006662782F636E782E786D6C504B01021400140006080800AC70
  310
623B961D28872A0100001202000031000000000000000000000000005C0500006662782F33394334313030352D393437462D344341332D393833322D3144373644414336394143352F636F72652E786D6C504B01021400140006080800AC70623B503B51794E010000330300003000000000000000000000000000D5060000
  310
6662782F33394334313030352D393437462D344341332D393833322D3144373644414336394143352F636E782E786D6C504B01021400140006080800AC70623B2EA4D28F640500003C1000003400000000000000000000000000710800006662782F33394334313030352D393437462D344341332D393833322D3144373644
  310
414336394143352F6F626A656374732E786D6C504B01021400140006080000AC70623B0000000000000000000000003500000000000000000000000000270E00006662782F33394334313030352D393437462D344341332D393833322D3144373644414336394143352F76657274696365732E62696E504B01021400140006
  310
080800AC70623BF270F133060000000400000036000000000000000000000000007A0E00006662782F33394334313030352D393437462D344341332D393833322D3144373644414336394143352F747269616E676C65732E62696E504B01021400140006080000AC70623B0000000000000000000000003700000000000000
  310
000000000000D40E00006662782F33394334313030352D393437462D344341332D393833322D3144373644414336394143352F617474726962757465732E62696E504B01021400140006080800AC70623B08DA0BD190000000410100003600000000000000000000000000290F00006662782F33394334313030352D393437
  310
462D344341332D393833322D3144373644414336394143352F6469726563746F72792E786D6C504B01021400140006080800AC70623B95BFD5E5FE000000A00100003B000000000000000000000000000D1000006662782F33394334313030352D393437462D344341332D393833322D3144373644414336394143352F7265
  310
736F75726365732F636F72652E786D6C504B0506000000000E000E0080040000641100000000
  0
XRECORD
  5
10D
  102
{ACAD_REACTORS
  330
10B
  102
}
  330
10B
  100
AcDbXrecord
  280
1
  270
1
  271
1
  0
XRECORD
  5
10C
  102
{ACAD_REACTORS
  330
10B
  102
}
  330
10B
  100
AcDbXrecord
  280
1
  270
1
  271
1
  0
XRECORD
  5
187
  102
{ACAD_REACTORS
  330
10B
  102
}
  330
10B
  100
AcDbXrecord
  280
1
  70
0
  90
1778669749
  1
7E355024-1ABF-47F9-966E-F2159FBE82AB
  310
504B03040A0000080000AC70623B3DEE336E79000000790000001B0000006175746F6465736B2D64657369676E2D7061636B6167652E786D6C3C3F786D6C2076657273696F6E3D22312E302220656E636F64696E673D227574662D3822203F3E3C666F726D6174733E3C666F726D61743E687474703A2F2F736368656D612E
  310
6175746F6465736B2E636F6D2F64657369676E2D7061636B6167652F323030393C2F666F726D61743E3C2F666F726D6174733E504B0304140006080800AC70623BD486FD9CA0000000F4000000130000005B436F6E74656E745F54797065735D2E786D6C7D8EC10E82300C865F65E91D8A1E8C310C0EEA1BF002731658846E
  310
D98AC1B77784ABF1D8FE5FBFBF75BBCE937A534CCEB38643598122B6FEE978D0B0485F9C41B54DDD7D022595594E1A469170414C76A4D9A4D207E29CF43ECE46F218070CC6BECC4078ACAA135ACF422C856C0E68EA1BF5669944DDD7BCDE7B1F8E415D77AECB980613C2E4AC91FC167A2B244592486606FC29C8FD7F045B9A
  310
EF7053A7E60B504B0304140006080800AC70623BDCE527C8EB0000007C01000008000000636F72652E786D6C8D90416EC3201045AF82665B6103B15DC7C24471249FA01740405C94182C03558F5F9C3852BBEB6A467FFE9B197D7EFA9EEFE8CBACC17AD7032D0820E394D7D64D3DA478C52DA093E0ABF7F1970D9093B3E961
  310
9341F069F569D925E55D342E66D5796D76518660222075CF4D0F417D9A591632C5EC08B76291EA262753D05797E194AC46CF2356E77DF66ACD0A621C9B73335C463C5E0E1457EC9DE2A1612D3E9233A92BD2D66333F07283058F767EDD57AB91D168108C9023A61413F641AB8ED41DABDF48DB11C2CBCDFE074A8BFE2794AC
  310
8B07B6BFFBC402089A1F790C042FB72C72790495EB969BF801504B0304140006080800AC70623B55019EA25F0000007C00000007000000636E782E786D6C4DCB3B0E80201045D1AD90E915ED2CF8AC45050C11660C8261F98AB1B07AC9C97D42D718D865D3E909258CFD00CCE24AC6E326A164D74DC0B4128928FF32603847
  310
2BA13128B1252AC747C6BAB984FC68F0B87FE8960A5C09FE86CFB69FBA01504B0304140006080800AC70623BB24894EB71010000D40300000C0000006662782F636F72652E786D6CC5535B6E833010BC8AE5DF0A6C085012194749244ED00B38E05014B091B1518EDFE511A5A9D228FD2A1F60CDEC7A67C6986D2F6D830669
  310
FA5AAB0C073EC548AA4297B5AA32ECECC94B31DA7266B4B6DFCA3052A295191E61CC5965B4EB16A8D0CA4A650155BA940B28FA5E5A8C8A061619EE8B4FD90A5F380B15FDD9EF44711695F4031F68A8E3ACB70604A079C8F8C6FC74BC3032E39C3957970B5B9730AD3ED5D2609EE7C92ED91F722F3FAC022F0ADF036F9F84A9
  310
B7A63B1A47348DF364CFC8D8CC99ADDBABBAC2486165897948E9DA0B028F861F41B4A1F1268CDF68BAA19491B1FCAEC975E58B4DAE5676152E72E7B61EF300844CC40FB7109145BD18400FE18C8C21C2674AF83E68080442B6E2D85C7D9C011A6461B5898029B5BB5183689C84A9D4A7D3837E5F303277C2D4697370FD7046
  310
F8F28CE73BC2510B5581096161797476D4C9660D4B689D34DE602F4869D38AE6351B4F1CFE89BA897F28A9D08D36FFA5882C074496DF838CF7917F01504B0304140006080800AC70623B3A54DFB77D0000009D0000000B0000006662782F636E782E786D6C4DCCD10A83201805E05791FFDEA5EBA76DA046A37C8F581632D3
  310
613AF6F8B3D1C52E0E073E0E47B49FD591B7899B0D5E023F3120C63FC264FD2221A7995E81B44AC410D2DF0C881F5723616750628921BF0E9ACC3C66978A3AEB9F07B2A6D77AB87514F95953EC39D20EEF9C6AD60C88BC2EB940A544F57B2ABD1FAB2F504B0304140006080800AC70623B4A17098729010000120200003100
  310
00006662782F30364446464539412D343132462D344431342D413442312D4630364534343133343431372F636F72652E786D6C8D515B6EC32010BC0AE22B55850D0E76930813A54A7C825E80DA244589C1E251E5F85D6A476AFFF2018B7667666759B1BF8F37F4AD7D30CEB6981514236D7B37187B69718A67B2C1682F8577
  310
2EFE816164D5A85B9CD3588A8B77695A52BDB351DB0859EB06BD2455083A62D4DFE0D1E2D07FE951152A4540846B31A9FEAA2EBA600594012745881E0CA0B949BEB1A4CDB1EB4EDB03E1ACEA083F324E0EFC9D918E3627CED91ACE9B2867A214299961A19B01EC98B3D1FE59914C96229AF161BFF75A453D605951BA258C11
  310
5A7D30BEA3F5AEAA5FE96647A92833FC1F294DC393A4646C5C578BDD9916B064A29C0B520C2E7DDE1E66F47D723EA2DC6F1574FF02531594D6AC69443903617C506CF8A218A2F3F0BDABEB2760593DCB365C8A326F08C2EFFA20E66DCA1F504B0304140006080800AC70623B503B51794E0100003303000030000000666278
  310
2F30364446464539412D343132462D344431342D413442312D4630364534343133343431372F636E782E786D6CD593C16EC32010447F0571AD6CE3D489D20813A9877E410FBD62D82434182CC055F3F75D1292E692438FBD206B7698593D61BEFD1E2DF982108D773D6D6B460938E5B571FB9ECE6957AD29D90A1EBC4F7736
  310
4A9C1CA1A759A682EF839FA72269D8C9D92654AD71C72206887E0E0A22CAF926B15E498B01E0AA19451807D01A34B919F16B070157417138917400F2F6FA41FCF0092A45DEE414C19BDC21783E4BD39D891265658C3D8DEA00A3ACE59CBC8678ACB54CB26EEB6BD7839D7E9348BE70AD9C8321B9BCA7F9A4A26C542347DEE0
  310
50F09802D22BA6749A800A394DD62899107273365E3C82CFC6A55557BC06C10774B7ABE7AEC3B0F34CF06446280E154026D0542C187BA9DAB6628BF7B6DBB0E566B17C62EB0D63BCC976C107EF6DB9843110FC449477095CA2A2E54D1E3FC2577C449B80AC7D38FD01240228AD173AB78CFFCCA739BF6FC415F02F103F504B
  310
0304140006080800AC70623BD8F6D0D5660500003B100000340000006662782F30364446464539412D343132462D344431342D413442312D4630364534343133343431372F6F626A656374732E786D6CAD575B8F9B3814FE2B887D064292B964C5504D92491555D3568D5AEDC348910187610730B2CD4C667FFD7E06438024
  310
6DF6928780CDF1B97EE762EFC33E4B8D57CA45C2F23BD3B547A641F39045491EDF99A5DC59B7A6F1C1F73863B243661A39C9E89DA9B64DDF8B392B0BBD15D11D295339D85DCDFF304448736A1A614A84B83345F84C33629352B2888A173B2292D8F16E6FBB764DD8671B73523C0F981684D35C4253ECE7E062D44AB9FDE5C8
  310
747CCF51DF7D4FFD6BAAC9792AA7B2A72F3FC985247978246CC066E24E970FE3AB9975359D4EACE9F5D8B5E6ABF9D2726F26A3C5F56231BB7F9841B0901C9CB4269CEE4CFF237CC393D073EA4FADC65AF1532A852CCF6958D90F0B2B9D35C78816348F10C7840A48EB583DEA2F5DE59BCEE7895A6B91DDEDCBACEA9EE8306A
  310
746F9E5D4D59F0274C1097A0820BAA5055FB471B5AE36F74F05AC058AABF25C2C888A43C21A991260127FCDDF441AA487CAFC746A1932B842B0B4CDF3DF0EBEA8AD4F835764F69B92BD35441D3F42B646F817F2A45A559F217E5A7A54127C4AA4C7279AB0D92EF0535FD99E7549BBEA71E93B1FE583BD2D8A52446C86166FD
  310
7560E842E5DE7A69FA9F56C17EA3F2F1B4F082B38272A9E0036835816B9ECA4B5AAC7B51E4D40118D3F3F9C129DFE0F9CF48DF832A881B4FF6D3FD544B919CE462C77886D8D8A3EA678C9A17AB7D3B7E413D1B501FD3B43BFF8AD8735A65FB05E35CFC002E159ADBFF1EBFBECFBA48ED84CFF75E91608C4FB42B372149517A
  310
1E931C0151A03452862DD4F25DB037FD352A252A3B4E91D46F1D72F4E239AFF88EFF9A37AA5525BEF3CC11D041BDBDA0F2C397555A40B7336039AA9395606DDC399F5FFD2F3973BFDC7CDA947C4742FAA80BCB92EE923C91E89D07F07615EA05A267D10B7D7F633C82A1C741D8748390695102DE563E578E8F9B66A11607C9
  310
3D0121CEC54CD53CEF17121E1311D2342539656523A56D430AAB6D91D17302B2B076E8643C4031A7AF899A247A143DB5D0EB439E14CA656DD36BEBB47DC696EFEBCF0025E8531690F440141CAA7DC852C6B7C1FBB62E8426B087237D70FFE8A35B3BD4515C00F80ACA4DC5D11EDE46C96E570A94DD134EFCB15E7403D5D691
  310
E397267F1A89754A4E519C917A846BF43632310F7082BECEF26D822E8EAC3C29BC2B7B2840547CCFF00FCAACD8928C95B9BCC44DA3C69E46FB96797788116F4486CFA6BFA99ED61C153BA2D121543D10A80E74C2A65E786E1E265757A3F1D472EFE72B6B7AB39A59B3EBEB076B3576AF66ABF9C3EDF87EDE6A5469E27B4D83
  310
EAA620BC8986E8953CD16EFEBE3E64ADE93F12299C8F753E3971FDFCBEB631157B0ECE00DFEDC17556A434A3B9240ABD8FEA25FD463054F478D4FBEB8CC4F4022E5F3E6E063A60E782735F55A6D1B7C159BDBB50B97092897C2EB32027493A38A80DB78B3CD66637AE6C9F75416F966AA5FD893154B03489506F2223A62CA3
  310
1255E78262CF332A8098EE501EE9CBC305A75FEB71509220A58D26CF0413712A806AC0AD0C657FDFF80D139C1AA2EE4CF43AFB057F3A114D03A1BE3351DE6412526107E88E6AEEA998030218C2DA1A08A8913C4E3158D787DA757B4AF906E5070D50CB6F492E1996B45DBDBA9B91A240D3EE55D54A372D20FC478637EA1844
  310
E23528656BCB61A335A61283CCAA8DD257034C102F5AF41EF9F573B35CBBA2E979E4A26BD24F415073B524E171752D50FA6995EE975F1D4C02C6FA8B51A4658C585ECEC9E214602E558203454085E6591009A82E7E7FFACA19AEA299B14A0081A705CB3296EBC5BDBECA1A9B675C4CA3279405AA6E1F623C72DDA76AE8D7F7
  310
906D4004B549245EB0D1249CB260803500F2A89BEA10382A0603F2F5D2D00D630AA615688F66D2FA166E2079D4C551A54AB758163F9DFB9D8A1460E098D8FDBF01504B0304140006080000AC70623B000000000000000000000000350000006662782F30364446464539412D343132462D344431342D413442312D46303645
  310
34343133343431372F76657274696365732E62696E504B0304140006080800AC70623BF270F1330600000004000000360000006662782F30364446464539412D343132462D344431342D413442312D4630364534343133343431372F747269616E676C65732E62696E636660600000504B0304140006080000AC70623B0000
  310
00000000000000000000370000006662782F30364446464539412D343132462D344431342D413442312D4630364534343133343431372F617474726962757465732E62696E504B0304140006080800AC70623B08DA0BD19000000041010000360000006662782F30364446464539412D343132462D344431342D413442312D
  310
4630364534343133343431372F6469726563746F72792E786D6C858F410AC3201045AF22B36F53E9A60B35CBEEBAE80D244E44489C6234F4F835464A48035D0DF398FF9F8AF63D0E6CC63039F212F8F9020C7D47C6792B21C5FE7403D62A1188E2E60C98D7234A5830286103A55745067B9D86B8A3CF9C7F90C11DE607FB14
  310
4396D7B6A82D282E9A152AD114D5EF2CB866EEE831B8EEA07A7BB5A8D7D61A2BAAEB7FD5F70921FF497D00504B0304140006080800AC70623BB40F7AF9FE000000A00100003B0000006662782F30364446464539412D343132462D344431342D413442312D4630364534343133343431372F7265736F75726365732F636F72
  310
652E786D6C8D504B6E833010BD0A9A6D65B00950828CA3109513F4029699502BC146FE543D7E4D42A576D7CDCCE87D344F8F9FBE967BF689CE6B6B7A6039850C8DB29336730F315C490BD94970676DF82583CCC8057BD860107C7636AE3BA4AC096842428D9D7007A5F7182053F774F4E0D5072E3297312485BFE5AB543739
  310
63CEF244279DE03EB814207B3ED9260887DE46A7D0F3E2C90A1EA39E768D9ED24F7DD5E8408C63736E86CB1B192F0746AAF29591A1295B72A4675A57B4ADC766E0C566163CE8E527A37228034E204A4A8F843142CB775675B4EECAFA85B61DA5BCD8E47F4C719DFE698ADA8443B9C77DDA3C0896823C08C18BADAFB41E65A6
  310
BD752BBE01504B010214000A0000080000AC70623B3DEE336E79000000790000001B00000000000000000000000000000000006175746F6465736B2D64657369676E2D7061636B6167652E786D6C504B01021400140006080800AC70623BD486FD9CA0000000F40000001300000000000000000000000000B20000005B436F
  310
6E74656E745F54797065735D2E786D6C504B01021400140006080800AC70623BDCE527C8EB0000007C010000080000000000000000000000000083010000636F72652E786D6C504B01021400140006080800AC70623B55019EA25F0000007C000000070000000000000000000000000094020000636E782E786D6C504B0102
  310
1400140006080800AC70623BB24894EB71010000D40300000C00000000000000000000000000180300006662782F636F72652E786D6C504B01021400140006080800AC70623B3A54DFB77D0000009D0000000B00000000000000000000000000B30400006662782F636E782E786D6C504B01021400140006080800AC70623B
  310
4A17098729010000120200003100000000000000000000000000590500006662782F30364446464539412D343132462D344431342D413442312D4630364534343133343431372F636F72652E786D6C504B01021400140006080800AC70623B503B51794E010000330300003000000000000000000000000000D10600006662
  310
782F30364446464539412D343132462D344431342D413442312D4630364534343133343431372F636E782E786D6C504B01021400140006080800AC70623BD8F6D0D5660500003B10000034000000000000000000000000006D0800006662782F30364446464539412D343132462D344431342D413442312D46303645343431
  310
33343431372F6F626A656374732E786D6C504B01021400140006080000AC70623B0000000000000000000000003500000000000000000000000000250E00006662782F30364446464539412D343132462D344431342D413442312D4630364534343133343431372F76657274696365732E62696E504B010214001400060808
  310
00AC70623BF270F13306000000040000003600000000000000000000000000780E00006662782F30364446464539412D343132462D344431342D413442312D4630364534343133343431372F747269616E676C65732E62696E504B01021400140006080000AC70623B00000000000000000000000037000000000000000000
  310
00000000D20E00006662782F30364446464539412D343132462D344431342D413442312D4630364534343133343431372F617474726962757465732E62696E504B01021400140006080800AC70623B08DA0BD190000000410100003600000000000000000000000000270F00006662782F30364446464539412D343132462D
  310
344431342D413442312D4630364534343133343431372F6469726563746F72792E786D6C504B01021400140006080800AC70623BB40F7AF9FE000000A00100003B000000000000000000000000000B1000006662782F30364446464539412D343132462D344431342D413442312D4630364534343133343431372F7265736F
  310
75726365732F636F72652E786D6C504B0506000000000E000E0080040000621100000000
  0
XRECORD
  5
10E
  102
{ACAD_REACTORS
  330
10B
  102
}
  330
10B
  100
AcDbXrecord
  280
1
  270
1
  271
1
  0
XRECORD
  5
10F
  102
{ACAD_REACTORS
  330
10B
  102
}
  330
10B
  100
AcDbXrecord
  280
1
  270
1
  271
1
  0
XRECORD
  5
33B
  102
{ACAD_REACTORS
  330
33A
  102
}
  330
33A
  100
AcDbXrecord
  280
1
  102
DISPLAYNAME
  1
Imperial24
  102
FLAGS
  90
0
  0
CELLSTYLEMAP
  5
300
  102
{ACAD_REACTORS
  330
FF
  102
}
  330
FF
  100
AcDbCellStyleMap
  90
3
  300
CELLSTYLE
  1
TABLEFORMAT_BEGIN
  90
5
  170
1
  91
0
  92
32768
  62
257
  93
1
  300
CONTENTFORMAT
  1
CONTENTFORMAT_BEGIN
  90
0
  91
0
  92
512
  93
0
  300

  40
0
  140
1
  94
5
  62
0
  340
11
  144
0.25
  309
CONTENTFORMAT_END
  171
1
  301
MARGIN
  1
CELLMARGIN_BEGIN
  40
0.06
  40
0.06
  40
0.06
  40
0.06
  40
0.18
  40
0.18
  309
CELLMARGIN_END
  94
6
  95
1
  302
GRIDFORMAT
  1
GRIDFORMAT_BEGIN
  90
0
  91
1
  62
0
  92
-2
  340
0
  93
0
  40
0.045
  309
GRIDFORMAT_END
  95
2
  302
GRIDFORMAT
  1
GRIDFORMAT_BEGIN
  90
0
  91
1
  62
0
  92
-2
  340
0
  93
0
  40
0.045
  309
GRIDFORMAT_END
  95
4
  302
GRIDFORMAT
  1
GRIDFORMAT_BEGIN
  90
0
  91
1
  62
0
  92
-2
  340
0
  93
0
  40
0.045
  309
GRIDFORMAT_END
  95
8
  302
GRIDFORMAT
  1
GRIDFORMAT_BEGIN
  90
0
  91
1
  62
0
  92
-2
  340
0
  93
0
  40
0.045
  309
GRIDFORMAT_END
  95
16
  302
GRIDFORMAT
  1
GRIDFORMAT_BEGIN
  90
0
  91
1
  62
0
  92
-2
  340
0
  93
0
  40
0.045
  309
GRIDFORMAT_END
  95
32
  302
GRIDFORMAT
  1
GRIDFORMAT_BEGIN
  90
0
  91
1
  62
0
  92
-2
  340
0
  93
0
  40
0.045
  309
GRIDFORMAT_END
  309
TABLEFORMAT_END
  1
CELLSTYLE_BEGIN
  90
1
  91
1
  300
_TITLE
  309
CELLSTYLE_END
  300
CELLSTYLE
  1
TABLEFORMAT_BEGIN
  90
5
  170
1
  91
0
  92
0
  62
257
  93
1
  300
CONTENTFORMAT
  1
CONTENTFORMAT_BEGIN
  90
0
  91
0
  92
512
  93
0
  300

  40
0
  140
1
  94
5
  62
0
  340
11
  144
0.18
  309
CONTENTFORMAT_END
  171
1
  301
MARGIN
  1
CELLMARGIN_BEGIN
  40
0.06
  40
0.06
  40
0.06
  40
0.06
  40
0.18
  40
0.18
  309
CELLMARGIN_END
  94
6
  95
1
  302
GRIDFORMAT
  1
GRIDFORMAT_BEGIN
  90
0
  91
1
  62
0
  92
-2
  340
0
  93
0
  40
0.045
  309
GRIDFORMAT_END
  95
2
  302
GRIDFORMAT
  1
GRIDFORMAT_BEGIN
  90
0
  91
1
  62
0
  92
-2
  340
0
  93
0
  40
0.045
  309
GRIDFORMAT_END
  95
4
  302
GRIDFORMAT
  1
GRIDFORMAT_BEGIN
  90
0
  91
1
  62
0
  92
-2
  340
0
  93
0
  40
0.045
  309
GRIDFORMAT_END
  95
8
  302
GRIDFORMAT
  1
GRIDFORMAT_BEGIN
  90
0
  91
1
  62
0
  92
-2
  340
0
  93
0
  40
0.045
  309
GRIDFORMAT_END
  95
16
  302
GRIDFORMAT
  1
GRIDFORMAT_BEGIN
  90
0
  91
1
  62
0
  92
-2
  340
0
  93
0
  40
0.045
  309
GRIDFORMAT_END
  95
32
  302
GRIDFORMAT
  1
GRIDFORMAT_BEGIN
  90
0
  91
1
  62
0
  92
-2
  340
0
  93
0
  40
0.045
  309
GRIDFORMAT_END
  309
TABLEFORMAT_END
  1
CELLSTYLE_BEGIN
  90
2
  91
1
  300
_HEADER
  309
CELLSTYLE_END
  300
CELLSTYLE
  1
TABLEFORMAT_BEGIN
  90
5
  170
1
  91
0
  92
0
  62
257
  93
1
  300
CONTENTFORMAT
  1
CONTENTFORMAT_BEGIN
  90
0
  91
0
  92
512
  93
0
  300

  40
0
  140
1
  94
2
  62
0
  340
11
  144
0.18
  309
CONTENTFORMAT_END
  171
1
  301
MARGIN
  1
CELLMARGIN_BEGIN
  40
0.06
  40
0.06
  40
0.06
  40
0.06
  40
0.18
  40
0.18
  309
CELLMARGIN_END
  94
6
  95
1
  302
GRIDFORMAT
  1
GRIDFORMAT_BEGIN
  90
0
  91
1
  62
0
  92
-2
  340
0
  93
0
  40
0.045
  309
GRIDFORMAT_END
  95
2
  302
GRIDFORMAT
  1
GRIDFORMAT_BEGIN
  90
0
  91
1
  62
0
  92
-2
  340
0
  93
0
  40
0.045
  309
GRIDFORMAT_END
  95
4
  302
GRIDFORMAT
  1
GRIDFORMAT_BEGIN
  90
0
  91
1
  62
0
  92
-2
  340
0
  93
0
  40
0.045
  309
GRIDFORMAT_END
  95
8
  302
GRIDFORMAT
  1
GRIDFORMAT_BEGIN
  90
0
  91
1
  62
0
  92
-2
  340
0
  93
0
  40
0.045
  309
GRIDFORMAT_END
  95
16
  302
GRIDFORMAT
  1
GRIDFORMAT_BEGIN
  90
0
  91
1
  62
0
  92
-2
  340
0
  93
0
  40
0.045
  309
GRIDFORMAT_END
  95
32
  302
GRIDFORMAT
  1
GRIDFORMAT_BEGIN
  90
0
  91
1
  62
0
  92
-2
  340
0
  93
0
  40
0.045
  309
GRIDFORMAT_END
  309
TABLEFORMAT_END
  1
CELLSTYLE_BEGIN
  90
3
  91
2
  300
_DATA
  309
CELLSTYLE_END
  0
XRECORD
  5
315
  102
{ACAD_REACTORS
  330
314
  102
}
  330
314
  100
AcDbXrecord
  280
1
  102
RTVSPost2010Prop28
  280
1
  102
RTVSPost2010PropOp28
  70
1
  102
RTVSPost2010Prop29
  280
1
  102
RTVSPost2010PropOp29
  70
1
  102
RTVSPost2010Prop30
  280
0
  102
RTVSPost2010PropOp30
  70
1
  102
RTVSPost2010Prop31
  280
0
  102
RTVSPost2010PropOp31
  70
1
  102
RTVSPost2010Prop32
  280
0
  102
RTVSPost2010PropOp32
  70
1
  102
RTVSPost2010Prop33
  280
0
  102
RTVSPost2010PropOp33
  70
1
  102
RTVSPost2010Prop34
  280
0
  102
RTVSPost2010PropOp34
  70
1
  102
RTVSPost2010Prop35
  280
0
  102
RTVSPost2010PropOp35
  70
1
  102
RTVSPost2010Prop36
  280
0
  102
RTVSPost2010PropOp36
  70
1
  102
RTVSPost2010Prop37
  90
50
  102
RTVSPost2010PropOp37
  70
1
  102
RTVSPost2010Prop38
  140
0
  102
RTVSPost2010PropOp38
  70
1
  102
RTVSPost2010Prop39
  140
1
  102
RTVSPost2010PropOp39
  70
1
  102
RTVSPost2010Prop40
  90
0
  102
RTVSPost2010PropOp40
  70
1
  102
RTVSPost2010Prop41ColorIndex
  90
18
  102
RTVSPost2010Prop41ColorRGB
  90
0
  102
RTVSPost2010PropOp41
  70
1
  102
RTVSPost2010Prop42
  90
50
  102
RTVSPost2010PropOp42
  70
1
  102
RTVSPost2010Prop43
  90
3
  102
RTVSPost2010PropOp43
  70
1
  102
RTVSPost2010Prop44ColorIndex
  90
5
  102
RTVSPost2010Prop44ColorRGB
  90
255
  102
RTVSPost2010PropOp44
  70
1
  102
RTVSPost2010Prop45
  280
0
  102
RTVSPost2010PropOp45
  70
1
  102
RTVSPost2010Prop46
  90
50
  102
RTVSPost2010PropOp46
  70
1
  102
RTVSPost2010Prop47
  90
50
  102
RTVSPost2010PropOp47
  70
1
  102
RTVSPost2010Prop48
  90
50
  102
RTVSPost2010PropOp48
  70
1
  102
RTVSPost2010Prop49
  280
0
  102
RTVSPost2010PropOp49
  70
1
  102
RTVSPost2010Prop50
  90
50
  102
RTVSPost2010PropOp50
  70
1
  102
RTVSPost2010Prop51ColorIndex
  90
256
  102
RTVSPost2010Prop51ColorRGB
  90
-16777216
  102
RTVSPost2010PropOp51
  70
0
  102
RTVSPost2010Prop52
  140
1
  102
RTVSPost2010PropOp52
  70
0
  102
RTVSPost2010Prop53
  90
2
  102
RTVSPost2010PropOp53
  70
1
  102
RTVSPost2010Prop54
  1
strokes_ogs.tif
  102
RTVSPost2010PropOp54
  70
1
  102
RTVSPost2010Prop55
  280
0
  102
RTVSPost2010PropOp55
  70
1
  102
RTVSPost2010Prop56
  140
1
  102
RTVSPost2010PropOp56
  70
1
  102
RTVSPost2010Prop57
  140
1
  102
RTVSPost2010PropOp57
  70
1
  102
RTVSPropertyOp0
  70
1
  102
RTVSPropertyOp1
  70
1
  102
RTVSPropertyOp2
  70
1
  102
RTVSPropertyOp3
  70
1
  102
RTVSPropertyOp4
  70
1
  102
RTVSPropertyOp5
  70
1
  102
RTVSPropertyOp6
  70
1
  102
RTVSPropertyOp7
  70
1
  102
RTVSPropertyOp8
  70
1
  102
RTVSPropertyOp9
  70
1
  102
RTVSPropertyOp10
  70
1
  102
RTVSPropertyOp11
  70
1
  102
RTVSPropertyOp12
  70
1
  102
RTVSPropertyOp13
  70
1
  102
RTVSPropertyOp14
  70
1
  102
RTVSPropertyOp15
  70
1
  102
RTVSPropertyOp16
  70
1
  102
RTVSPropertyOp17
  70
1
  102
RTVSPropertyOp18
  70
1
  102
RTVSPropertyOp19
  70
1
  102
RTVSPropertyOp20
  70
1
  102
RTVSPropertyOp21
  70
1
  102
RTVSPropertyOp22
  70
1
  102
RTVSPropertyOp23
  70
1
  102
RTVSPropertyOp24
  70
1
  102
RTVSPropertyOp25
  70
1
  102
RTVSPropertyOp26
  70
1
  102
RTVSPropertyOp27
  70
1
  102
RTVSPropertyOp28
  70
1
  102
RTVSPropertyOp29
  70
1
  102
RTVSPropertyOp30
  70
1
  102
RTVSPropertyOp31
  70
1
  102
RTVSPropertyOp32
  70
1
  102
RTVSPropertyOp33
  70
1
  102
RTVSPropertyOp34
  70
1
  102
RTVSPropertyOp35
  70
1
  102
RTVSPropertyOp36
  70
1
  102
RTVSPropertyOp37
  70
1
  102
RTVSPropertyOp38
  70
1
  102
RTVSPropertyOp39
  70
1
  102
RTVSPropertyOp40
  70
1
  102
RTVSPropertyOp41
  70
1
  102
RTVSPropertyOp42
  70
1
  102
RTVSPropertyOp43
  70
1
  102
RTVSPropertyOp44
  70
1
  102
RTVSPropertyOp45
  70
1
  102
RTVSPropertyOp46
  70
1
  102
RTVSPropertyOp47
  70
1
  102
RTVSPropertyOp48
  70
1
  102
RTVSPropertyOp49
  70
1
  102
RTVSPropertyOp50
  70
1
  102
RTVSPropertyOp51
  70
0
  102
RTVSPropertyOp52
  70
0
  102
RTVSPropertyOp53
  70
1
  102
RTVSPropertyOp54
  70
1
  102
RTVSPropertyOp55
  70
1
  102
RTVSPropertyOp56
  70
1
  102
RTVSPropertyOp57
  70
1
  102
RTVSPropertyOp58
  70
1
  102
RTVSPropertyOp59
  70
1
  102
RTVSPropertyOp60
  70
1
  102
RTVSPropertyOp61
  70
1
  102
RTVSPropertyOp62
  70
1
  0
XRECORD
  5
313
  102
{ACAD_REACTORS
  330
312
  102
}
  330
312
  100
AcDbXrecord
  280
1
  102
RTVSPost2010Prop28
  280
0
  102
RTVSPost2010PropOp28
  70
1
  102
RTVSPost2010Prop29
  280
1
  102
RTVSPost2010PropOp29
  70
1
  102
RTVSPost2010Prop30
  280
1
  102
RTVSPost2010PropOp30
  70
1
  102
RTVSPost2010Prop31
  280
0
  102
RTVSPost2010PropOp31
  70
1
  102
RTVSPost2010Prop32
  280
0
  102
RTVSPost2010PropOp32
  70
1
  102
RTVSPost2010Prop33
  280
0
  102
RTVSPost2010PropOp33
  70
1
  102
RTVSPost2010Prop34
  280
0
  102
RTVSPost2010PropOp34
  70
1
  102
RTVSPost2010Prop35
  280
0
  102
RTVSPost2010PropOp35
  70
1
  102
RTVSPost2010Prop36
  280
0
  102
RTVSPost2010PropOp36
  70
1
  102
RTVSPost2010Prop37
  90
50
  102
RTVSPost2010PropOp37
  70
1
  102
RTVSPost2010Prop38
  140
0
  102
RTVSPost2010PropOp38
  70
1
  102
RTVSPost2010Prop39
  140
1
  102
RTVSPost2010PropOp39
  70
1
  102
RTVSPost2010Prop40
  90
0
  102
RTVSPost2010PropOp40
  70
1
  102
RTVSPost2010Prop41ColorIndex
  90
18
  102
RTVSPost2010Prop41ColorRGB
  90
0
  102
RTVSPost2010PropOp41
  70
1
  102
RTVSPost2010Prop42
  90
50
  102
RTVSPost2010PropOp42
  70
1
  102
RTVSPost2010Prop43
  90
3
  102
RTVSPost2010PropOp43
  70
1
  102
RTVSPost2010Prop44ColorIndex
  90
5
  102
RTVSPost2010Prop44ColorRGB
  90
255
  102
RTVSPost2010PropOp44
  70
1
  102
RTVSPost2010Prop45
  280
0
  102
RTVSPost2010PropOp45
  70
1
  102
RTVSPost2010Prop46
  90
50
  102
RTVSPost2010PropOp46
  70
1
  102
RTVSPost2010Prop47
  90
50
  102
RTVSPost2010PropOp47
  70
1
  102
RTVSPost2010Prop48
  90
50
  102
RTVSPost2010PropOp48
  70
1
  102
RTVSPost2010Prop49
  280
0
  102
RTVSPost2010PropOp49
  70
1
  102
RTVSPost2010Prop50
  90
50
  102
RTVSPost2010PropOp50
  70
1
  102
RTVSPost2010Prop51ColorIndex
  90
256
  102
RTVSPost2010Prop51ColorRGB
  90
-16777216
  102
RTVSPost2010PropOp51
  70
0
  102
RTVSPost2010Prop52
  140
1
  102
RTVSPost2010PropOp52
  70
0
  102
RTVSPost2010Prop53
  90
2
  102
RTVSPost2010PropOp53
  70
1
  102
RTVSPost2010Prop54
  1
strokes_ogs.tif
  102
RTVSPost2010PropOp54
  70
1
  102
RTVSPost2010Prop55
  280
0
  102
RTVSPost2010PropOp55
  70
1
  102
RTVSPost2010Prop56
  140
1
  102
RTVSPost2010PropOp56
  70
1
  102
RTVSPost2010Prop57
  140
1
  102
RTVSPost2010PropOp57
  70
1
  102
RTVSPropertyOp0
  70
1
  102
RTVSPropertyOp1
  70
1
  102
RTVSPropertyOp2
  70
1
  102
RTVSPropertyOp3
  70
1
  102
RTVSPropertyOp4
  70
1
  102
RTVSPropertyOp5
  70
1
  102
RTVSPropertyOp6
  70
1
  102
RTVSPropertyOp7
  70
1
  102
RTVSPropertyOp8
  70
1
  102
RTVSPropertyOp9
  70
1
  102
RTVSPropertyOp10
  70
1
  102
RTVSPropertyOp11
  70
1
  102
RTVSPropertyOp12
  70
1
  102
RTVSPropertyOp13
  70
1
  102
RTVSPropertyOp14
  70
1
  102
RTVSPropertyOp15
  70
1
  102
RTVSPropertyOp16
  70
1
  102
RTVSPropertyOp17
  70
1
  102
RTVSPropertyOp18
  70
1
  102
RTVSPropertyOp19
  70
1
  102
RTVSPropertyOp20
  70
1
  102
RTVSPropertyOp21
  70
1
  102
RTVSPropertyOp22
  70
1
  102
RTVSPropertyOp23
  70
1
  102
RTVSPropertyOp24
  70
1
  102
RTVSPropertyOp25
  70
1
  102
RTVSPropertyOp26
  70
1
  102
RTVSPropertyOp27
  70
1
  102
RTVSPropertyOp28
  70
1
  102
RTVSPropertyOp29
  70
1
  102
RTVSPropertyOp30
  70
1
  102
RTVSPropertyOp31
  70
1
  102
RTVSPropertyOp32
  70
1
  102
RTVSPropertyOp33
  70
1
  102
RTVSPropertyOp34
  70
1
  102
RTVSPropertyOp35
  70
1
  102
RTVSPropertyOp36
  70
1
  102
RTVSPropertyOp37
  70
1
  102
RTVSPropertyOp38
  70
1
  102
RTVSPropertyOp39
  70
1
  102
RTVSPropertyOp40
  70
1
  102
RTVSPropertyOp41
  70
1
  102
RTVSPropertyOp42
  70
1
  102
RTVSPropertyOp43
  70
1
  102
RTVSPropertyOp44
  70
1
  102
RTVSPropertyOp45
  70
1
  102
RTVSPropertyOp46
  70
1
  102
RTVSPropertyOp47
  70
1
  102
RTVSPropertyOp48
  70
1
  102
RTVSPropertyOp49
  70
1
  102
RTVSPropertyOp50
  70
1
  102
RTVSPropertyOp51
  70
0
  102
RTVSPropertyOp52
  70
0
  102
RTVSPropertyOp53
  70
1
  102
RTVSPropertyOp54
  70
1
  102
RTVSPropertyOp55
  70
1
  102
RTVSPropertyOp56
  70
1
  102
RTVSPropertyOp57
  70
1
  102
RTVSPropertyOp58
  70
1
  102
RTVSPropertyOp59
  70
1
  102
RTVSPropertyOp60
  70
1
  102
RTVSPropertyOp61
  70
1
  102
RTVSPropertyOp62
  70
1
  0
XRECORD
  5
321
  102
{ACAD_REACTORS
  330
320
  102
}
  330
320
  100
AcDbXrecord
  280
1
  102
RTVSPost2010Prop28
  280
0
  102
RTVSPost2010PropOp28
  70
1
  102
RTVSPost2010Prop29
  280
1
  102
RTVSPost2010PropOp29
  70
1
  102
RTVSPost2010Prop30
  280
1
  102
RTVSPost2010PropOp30
  70
1
  102
RTVSPost2010Prop31
  280
0
  102
RTVSPost2010PropOp31
  70
1
  102
RTVSPost2010Prop32
  280
0
  102
RTVSPost2010PropOp32
  70
1
  102
RTVSPost2010Prop33
  280
0
  102
RTVSPost2010PropOp33
  70
1
  102
RTVSPost2010Prop34
  280
0
  102
RTVSPost2010PropOp34
  70
1
  102
RTVSPost2010Prop35
  280
0
  102
RTVSPost2010PropOp35
  70
1
  102
RTVSPost2010Prop36
  280
0
  102
RTVSPost2010PropOp36
  70
1
  102
RTVSPost2010Prop37
  90
50
  102
RTVSPost2010PropOp37
  70
1
  102
RTVSPost2010Prop38
  140
0
  102
RTVSPost2010PropOp38
  70
1
  102
RTVSPost2010Prop39
  140
1
  102
RTVSPost2010PropOp39
  70
1
  102
RTVSPost2010Prop40
  90
0
  102
RTVSPost2010PropOp40
  70
1
  102
RTVSPost2010Prop41ColorIndex
  90
18
  102
RTVSPost2010Prop41ColorRGB
  90
0
  102
RTVSPost2010PropOp41
  70
1
  102
RTVSPost2010Prop42
  90
50
  102
RTVSPost2010PropOp42
  70
1
  102
RTVSPost2010Prop43
  90
3
  102
RTVSPost2010PropOp43
  70
1
  102
RTVSPost2010Prop44ColorIndex
  90
5
  102
RTVSPost2010Prop44ColorRGB
  90
255
  102
RTVSPost2010PropOp44
  70
1
  102
RTVSPost2010Prop45
  280
0
  102
RTVSPost2010PropOp45
  70
1
  102
RTVSPost2010Prop46
  90
50
  102
RTVSPost2010PropOp46
  70
1
  102
RTVSPost2010Prop47
  90
50
  102
RTVSPost2010PropOp47
  70
1
  102
RTVSPost2010Prop48
  90
50
  102
RTVSPost2010PropOp48
  70
1
  102
RTVSPost2010Prop49
  280
0
  102
RTVSPost2010PropOp49
  70
1
  102
RTVSPost2010Prop50
  90
50
  102
RTVSPost2010PropOp50
  70
1
  102
RTVSPost2010Prop51ColorIndex
  90
256
  102
RTVSPost2010Prop51ColorRGB
  90
-16777216
  102
RTVSPost2010PropOp51
  70
0
  102
RTVSPost2010Prop52
  140
1
  102
RTVSPost2010PropOp52
  70
0
  102
RTVSPost2010Prop53
  90
2
  102
RTVSPost2010PropOp53
  70
1
  102
RTVSPost2010Prop54
  1
strokes_ogs.tif
  102
RTVSPost2010PropOp54
  70
1
  102
RTVSPost2010Prop55
  280
0
  102
RTVSPost2010PropOp55
  70
1
  102
RTVSPost2010Prop56
  140
1
  102
RTVSPost2010PropOp56
  70
1
  102
RTVSPost2010Prop57
  140
1
  102
RTVSPost2010PropOp57
  70
1
  102
RTVSPropertyOp0
  70
1
  102
RTVSPropertyOp1
  70
1
  102
RTVSPropertyOp2
  70
1
  102
RTVSPropertyOp3
  70
1
  102
RTVSPropertyOp4
  70
1
  102
RTVSPropertyOp5
  70
1
  102
RTVSPropertyOp6
  70
1
  102
RTVSPropertyOp7
  70
1
  102
RTVSPropertyOp8
  70
1
  102
RTVSPropertyOp9
  70
1
  102
RTVSPropertyOp10
  70
1
  102
RTVSPropertyOp11
  70
1
  102
RTVSPropertyOp12
  70
1
  102
RTVSPropertyOp13
  70
1
  102
RTVSPropertyOp14
  70
1
  102
RTVSPropertyOp15
  70
1
  102
RTVSPropertyOp16
  70
1
  102
RTVSPropertyOp17
  70
1
  102
RTVSPropertyOp18
  70
1
  102
RTVSPropertyOp19
  70
1
  102
RTVSPropertyOp20
  70
1
  102
RTVSPropertyOp21
  70
1
  102
RTVSPropertyOp22
  70
1
  102
RTVSPropertyOp23
  70
1
  102
RTVSPropertyOp24
  70
1
  102
RTVSPropertyOp25
  70
1
  102
RTVSPropertyOp26
  70
1
  102
RTVSPropertyOp27
  70
1
  102
RTVSPropertyOp28
  70
1
  102
RTVSPropertyOp29
  70
1
  102
RTVSPropertyOp30
  70
1
  102
RTVSPropertyOp31
  70
1
  102
RTVSPropertyOp32
  70
1
  102
RTVSPropertyOp33
  70
1
  102
RTVSPropertyOp34
  70
1
  102
RTVSPropertyOp35
  70
1
  102
RTVSPropertyOp36
  70
1
  102
RTVSPropertyOp37
  70
1
  102
RTVSPropertyOp38
  70
1
  102
RTVSPropertyOp39
  70
1
  102
RTVSPropertyOp40
  70
1
  102
RTVSPropertyOp41
  70
1
  102
RTVSPropertyOp42
  70
1
  102
RTVSPropertyOp43
  70
1
  102
RTVSPropertyOp44
  70
1
  102
RTVSPropertyOp45
  70
1
  102
RTVSPropertyOp46
  70
1
  102
RTVSPropertyOp47
  70
1
  102
RTVSPropertyOp48
  70
1
  102
RTVSPropertyOp49
  70
1
  102
RTVSPropertyOp50
  70
1
  102
RTVSPropertyOp51
  70
0
  102
RTVSPropertyOp52
  70
0
  102
RTVSPropertyOp53
  70
1
  102
RTVSPropertyOp54
  70
1
  102
RTVSPropertyOp55
  70
1
  102
RTVSPropertyOp56
  70
1
  102
RTVSPropertyOp57
  70
1
  102
RTVSPropertyOp58
  70
1
  102
RTVSPropertyOp59
  70
1
  102
RTVSPropertyOp60
  70
1
  102
RTVSPropertyOp61
  70
1
  102
RTVSPropertyOp62
  70
1
  0
XRECORD
  5
329
  102
{ACAD_REACTORS
  330
328
  102
}
  330
328
  100
AcDbXrecord
  280
1
  102
RTVSPost2010Prop28
  280
0
  102
RTVSPost2010PropOp28
  70
1
  102
RTVSPost2010Prop29
  280
1
  102
RTVSPost2010PropOp29
  70
1
  102
RTVSPost2010Prop30
  280
1
  102
RTVSPost2010PropOp30
  70
1
  102
RTVSPost2010Prop31
  280
0
  102
RTVSPost2010PropOp31
  70
1
  102
RTVSPost2010Prop32
  280
0
  102
RTVSPost2010PropOp32
  70
1
  102
RTVSPost2010Prop33
  280
0
  102
RTVSPost2010PropOp33
  70
1
  102
RTVSPost2010Prop34
  280
0
  102
RTVSPost2010PropOp34
  70
1
  102
RTVSPost2010Prop35
  280
0
  102
RTVSPost2010PropOp35
  70
1
  102
RTVSPost2010Prop36
  280
0
  102
RTVSPost2010PropOp36
  70
1
  102
RTVSPost2010Prop37
  90
50
  102
RTVSPost2010PropOp37
  70
1
  102
RTVSPost2010Prop38
  140
0
  102
RTVSPost2010PropOp38
  70
1
  102
RTVSPost2010Prop39
  140
1
  102
RTVSPost2010PropOp39
  70
1
  102
RTVSPost2010Prop40
  90
0
  102
RTVSPost2010PropOp40
  70
1
  102
RTVSPost2010Prop41ColorIndex
  90
18
  102
RTVSPost2010Prop41ColorRGB
  90
0
  102
RTVSPost2010PropOp41
  70
1
  102
RTVSPost2010Prop42
  90
50
  102
RTVSPost2010PropOp42
  70
1
  102
RTVSPost2010Prop43
  90
3
  102
RTVSPost2010PropOp43
  70
1
  102
RTVSPost2010Prop44ColorIndex
  90
5
  102
RTVSPost2010Prop44ColorRGB
  90
255
  102
RTVSPost2010PropOp44
  70
1
  102
RTVSPost2010Prop45
  280
0
  102
RTVSPost2010PropOp45
  70
1
  102
RTVSPost2010Prop46
  90
50
  102
RTVSPost2010PropOp46
  70
1
  102
RTVSPost2010Prop47
  90
50
  102
RTVSPost2010PropOp47
  70
1
  102
RTVSPost2010Prop48
  90
50
  102
RTVSPost2010PropOp48
  70
1
  102
RTVSPost2010Prop49
  280
0
  102
RTVSPost2010PropOp49
  70
1
  102
RTVSPost2010Prop50
  90
50
  102
RTVSPost2010PropOp50
  70
1
  102
RTVSPost2010Prop51ColorIndex
  90
256
  102
RTVSPost2010Prop51ColorRGB
  90
-16777216
  102
RTVSPost2010PropOp51
  70
0
  102
RTVSPost2010Prop52
  140
1
  102
RTVSPost2010PropOp52
  70
0
  102
RTVSPost2010Prop53
  90
2
  102
RTVSPost2010PropOp53
  70
1
  102
RTVSPost2010Prop54
  1
strokes_ogs.tif
  102
RTVSPost2010PropOp54
  70
1
  102
RTVSPost2010Prop55
  280
0
  102
RTVSPost2010PropOp55
  70
1
  102
RTVSPost2010Prop56
  140
1
  102
RTVSPost2010PropOp56
  70
1
  102
RTVSPost2010Prop57
  140
1
  102
RTVSPost2010PropOp57
  70
1
  102
RTVSPropertyOp0
  70
1
  102
RTVSPropertyOp1
  70
1
  102
RTVSPropertyOp2
  70
1
  102
RTVSPropertyOp3
  70
1
  102
RTVSPropertyOp4
  70
1
  102
RTVSPropertyOp5
  70
1
  102
RTVSPropertyOp6
  70
1
  102
RTVSPropertyOp7
  70
1
  102
RTVSPropertyOp8
  70
1
  102
RTVSPropertyOp9
  70
1
  102
RTVSPropertyOp10
  70
1
  102
RTVSPropertyOp11
  70
1
  102
RTVSPropertyOp12
  70
1
  102
RTVSPropertyOp13
  70
1
  102
RTVSPropertyOp14
  70
1
  102
RTVSPropertyOp15
  70
1
  102
RTVSPropertyOp16
  70
1
  102
RTVSPropertyOp17
  70
1
  102
RTVSPropertyOp18
  70
1
  102
RTVSPropertyOp19
  70
1
  102
RTVSPropertyOp20
  70
1
  102
RTVSPropertyOp21
  70
1
  102
RTVSPropertyOp22
  70
1
  102
RTVSPropertyOp23
  70
1
  102
RTVSPropertyOp24
  70
1
  102
RTVSPropertyOp25
  70
1
  102
RTVSPropertyOp26
  70
1
  102
RTVSPropertyOp27
  70
1
  102
RTVSPropertyOp28
  70
1
  102
RTVSPropertyOp29
  70
1
  102
RTVSPropertyOp30
  70
1
  102
RTVSPropertyOp31
  70
1
  102
RTVSPropertyOp32
  70
1
  102
RTVSPropertyOp33
  70
1
  102
RTVSPropertyOp34
  70
1
  102
RTVSPropertyOp35
  70
1
  102
RTVSPropertyOp36
  70
1
  102
RTVSPropertyOp37
  70
1
  102
RTVSPropertyOp38
  70
1
  102
RTVSPropertyOp39
  70
1
  102
RTVSPropertyOp40
  70
1
  102
RTVSPropertyOp41
  70
1
  102
RTVSPropertyOp42
  70
1
  102
RTVSPropertyOp43
  70
1
  102
RTVSPropertyOp44
  70
1
  102
RTVSPropertyOp45
  70
1
  102
RTVSPropertyOp46
  70
1
  102
RTVSPropertyOp47
  70
1
  102
RTVSPropertyOp48
  70
1
  102
RTVSPropertyOp49
  70
1
  102
RTVSPropertyOp50
  70
1
  102
RTVSPropertyOp51
  70
0
  102
RTVSPropertyOp52
  70
0
  102
RTVSPropertyOp53
  70
1
  102
RTVSPropertyOp54
  70
1
  102
RTVSPropertyOp55
  70
1
  102
RTVSPropertyOp56
  70
1
  102
RTVSPropertyOp57
  70
1
  102
RTVSPropertyOp58
  70
1
  102
RTVSPropertyOp59
  70
1
  102
RTVSPropertyOp60
  70
1
  102
RTVSPropertyOp61
  70
1
  102
RTVSPropertyOp62
  70
1
  0
XRECORD
  5
31B
  102
{ACAD_REACTORS
  330
31A
  102
}
  330
31A
  100
AcDbXrecord
  280
1
  102
RTVSPost2010Prop28
  280
0
  102
RTVSPost2010PropOp28
  70
1
  102
RTVSPost2010Prop29
  280
1
  102
RTVSPost2010PropOp29
  70
1
  102
RTVSPost2010Prop30
  280
1
  102
RTVSPost2010PropOp30
  70
1
  102
RTVSPost2010Prop31
  280
0
  102
RTVSPost2010PropOp31
  70
1
  102
RTVSPost2010Prop32
  280
0
  102
RTVSPost2010PropOp32
  70
1
  102
RTVSPost2010Prop33
  280
0
  102
RTVSPost2010PropOp33
  70
1
  102
RTVSPost2010Prop34
  280
0
  102
RTVSPost2010PropOp34
  70
1
  102
RTVSPost2010Prop35
  280
0
  102
RTVSPost2010PropOp35
  70
1
  102
RTVSPost2010Prop36
  280
0
  102
RTVSPost2010PropOp36
  70
1
  102
RTVSPost2010Prop37
  90
50
  102
RTVSPost2010PropOp37
  70
1
  102
RTVSPost2010Prop38
  140
0
  102
RTVSPost2010PropOp38
  70
1
  102
RTVSPost2010Prop39
  140
1
  102
RTVSPost2010PropOp39
  70
1
  102
RTVSPost2010Prop40
  90
0
  102
RTVSPost2010PropOp40
  70
1
  102
RTVSPost2010Prop41ColorIndex
  90
18
  102
RTVSPost2010Prop41ColorRGB
  90
0
  102
RTVSPost2010PropOp41
  70
1
  102
RTVSPost2010Prop42
  90
50
  102
RTVSPost2010PropOp42
  70
1
  102
RTVSPost2010Prop43
  90
3
  102
RTVSPost2010PropOp43
  70
1
  102
RTVSPost2010Prop44ColorIndex
  90
5
  102
RTVSPost2010Prop44ColorRGB
  90
255
  102
RTVSPost2010PropOp44
  70
1
  102
RTVSPost2010Prop45
  280
0
  102
RTVSPost2010PropOp45
  70
1
  102
RTVSPost2010Prop46
  90
50
  102
RTVSPost2010PropOp46
  70
1
  102
RTVSPost2010Prop47
  90
50
  102
RTVSPost2010PropOp47
  70
1
  102
RTVSPost2010Prop48
  90
50
  102
RTVSPost2010PropOp48
  70
1
  102
RTVSPost2010Prop49
  280
0
  102
RTVSPost2010PropOp49
  70
1
  102
RTVSPost2010Prop50
  90
50
  102
RTVSPost2010PropOp50
  70
1
  102
RTVSPost2010Prop51ColorIndex
  90
256
  102
RTVSPost2010Prop51ColorRGB
  90
-16777216
  102
RTVSPost2010PropOp51
  70
0
  102
RTVSPost2010Prop52
  140
1
  102
RTVSPost2010PropOp52
  70
0
  102
RTVSPost2010Prop53
  90
2
  102
RTVSPost2010PropOp53
  70
1
  102
RTVSPost2010Prop54
  1
strokes_ogs.tif
  102
RTVSPost2010PropOp54
  70
1
  102
RTVSPost2010Prop55
  280
0
  102
RTVSPost2010PropOp55
  70
1
  102
RTVSPost2010Prop56
  140
1
  102
RTVSPost2010PropOp56
  70
1
  102
RTVSPost2010Prop57
  140
1
  102
RTVSPost2010PropOp57
  70
1
  102
RTVSPropertyOp0
  70
1
  102
RTVSPropertyOp1
  70
1
  102
RTVSPropertyOp2
  70
1
  102
RTVSPropertyOp3
  70
1
  102
RTVSPropertyOp4
  70
1
  102
RTVSPropertyOp5
  70
1
  102
RTVSPropertyOp6
  70
1
  102
RTVSPropertyOp7
  70
1
  102
RTVSPropertyOp8
  70
1
  102
RTVSPropertyOp9
  70
1
  102
RTVSPropertyOp10
  70
1
  102
RTVSPropertyOp11
  70
1
  102
RTVSPropertyOp12
  70
1
  102
RTVSPropertyOp13
  70
1
  102
RTVSPropertyOp14
  70
1
  102
RTVSPropertyOp15
  70
1
  102
RTVSPropertyOp16
  70
1
  102
RTVSPropertyOp17
  70
1
  102
RTVSPropertyOp18
  70
1
  102
RTVSPropertyOp19
  70
1
  102
RTVSPropertyOp20
  70
1
  102
RTVSPropertyOp21
  70
1
  102
RTVSPropertyOp22
  70
1
  102
RTVSPropertyOp23
  70
1
  102
RTVSPropertyOp24
  70
1
  102
RTVSPropertyOp25
  70
1
  102
RTVSPropertyOp26
  70
1
  102
RTVSPropertyOp27
  70
1
  102
RTVSPropertyOp28
  70
1
  102
RTVSPropertyOp29
  70
1
  102
RTVSPropertyOp30
  70
1
  102
RTVSPropertyOp31
  70
1
  102
RTVSPropertyOp32
  70
1
  102
RTVSPropertyOp33
  70
1
  102
RTVSPropertyOp34
  70
1
  102
RTVSPropertyOp35
  70
1
  102
RTVSPropertyOp36
  70
1
  102
RTVSPropertyOp37
  70
1
  102
RTVSPropertyOp38
  70
1
  102
RTVSPropertyOp39
  70
1
  102
RTVSPropertyOp40
  70
1
  102
RTVSPropertyOp41
  70
1
  102
RTVSPropertyOp42
  70
1
  102
RTVSPropertyOp43
  70
1
  102
RTVSPropertyOp44
  70
1
  102
RTVSPropertyOp45
  70
1
  102
RTVSPropertyOp46
  70
1
  102
RTVSPropertyOp47
  70
1
  102
RTVSPropertyOp48
  70
1
  102
RTVSPropertyOp49
  70
1
  102
RTVSPropertyOp50
  70
1
  102
RTVSPropertyOp51
  70
0
  102
RTVSPropertyOp52
  70
0
  102
RTVSPropertyOp53
  70
1
  102
RTVSPropertyOp54
  70
1
  102
RTVSPropertyOp55
  70
1
  102
RTVSPropertyOp56
  70
1
  102
RTVSPropertyOp57
  70
1
  102
RTVSPropertyOp58
  70
1
  102
RTVSPropertyOp59
  70
1
  102
RTVSPropertyOp60
  70
1
  102
RTVSPropertyOp61
  70
1
  102
RTVSPropertyOp62
  70
1
  0
XRECORD
  5
31F
  102
{ACAD_REACTORS
  330
31E
  102
}
  330
31E
  100
AcDbXrecord
  280
1
  102
RTVSPost2010Prop28
  280
0
  102
RTVSPost2010PropOp28
  70
1
  102
RTVSPost2010Prop29
  280
1
  102
RTVSPost2010PropOp29
  70
1
  102
RTVSPost2010Prop30
  280
1
  102
RTVSPost2010PropOp30
  70
1
  102
RTVSPost2010Prop31
  280
0
  102
RTVSPost2010PropOp31
  70
1
  102
RTVSPost2010Prop32
  280
0
  102
RTVSPost2010PropOp32
  70
1
  102
RTVSPost2010Prop33
  280
0
  102
RTVSPost2010PropOp33
  70
1
  102
RTVSPost2010Prop34
  280
0
  102
RTVSPost2010PropOp34
  70
1
  102
RTVSPost2010Prop35
  280
0
  102
RTVSPost2010PropOp35
  70
1
  102
RTVSPost2010Prop36
  280
0
  102
RTVSPost2010PropOp36
  70
1
  102
RTVSPost2010Prop37
  90
50
  102
RTVSPost2010PropOp37
  70
1
  102
RTVSPost2010Prop38
  140
0
  102
RTVSPost2010PropOp38
  70
1
  102
RTVSPost2010Prop39
  140
1
  102
RTVSPost2010PropOp39
  70
1
  102
RTVSPost2010Prop40
  90
0
  102
RTVSPost2010PropOp40
  70
1
  102
RTVSPost2010Prop41ColorIndex
  90
18
  102
RTVSPost2010Prop41ColorRGB
  90
0
  102
RTVSPost2010PropOp41
  70
1
  102
RTVSPost2010Prop42
  90
50
  102
RTVSPost2010PropOp42
  70
1
  102
RTVSPost2010Prop43
  90
3
  102
RTVSPost2010PropOp43
  70
1
  102
RTVSPost2010Prop44ColorIndex
  90
5
  102
RTVSPost2010Prop44ColorRGB
  90
255
  102
RTVSPost2010PropOp44
  70
1
  102
RTVSPost2010Prop45
  280
0
  102
RTVSPost2010PropOp45
  70
1
  102
RTVSPost2010Prop46
  90
50
  102
RTVSPost2010PropOp46
  70
1
  102
RTVSPost2010Prop47
  90
50
  102
RTVSPost2010PropOp47
  70
1
  102
RTVSPost2010Prop48
  90
50
  102
RTVSPost2010PropOp48
  70
1
  102
RTVSPost2010Prop49
  280
0
  102
RTVSPost2010PropOp49
  70
1
  102
RTVSPost2010Prop50
  90
50
  102
RTVSPost2010PropOp50
  70
1
  102
RTVSPost2010Prop51ColorIndex
  90
256
  102
RTVSPost2010Prop51ColorRGB
  90
-16777216
  102
RTVSPost2010PropOp51
  70
0
  102
RTVSPost2010Prop52
  140
1
  102
RTVSPost2010PropOp52
  70
0
  102
RTVSPost2010Prop53
  90
2
  102
RTVSPost2010PropOp53
  70
1
  102
RTVSPost2010Prop54
  1
strokes_ogs.tif
  102
RTVSPost2010PropOp54
  70
1
  102
RTVSPost2010Prop55
  280
0
  102
RTVSPost2010PropOp55
  70
1
  102
RTVSPost2010Prop56
  140
1
  102
RTVSPost2010PropOp56
  70
1
  102
RTVSPost2010Prop57
  140
1
  102
RTVSPost2010PropOp57
  70
1
  102
RTVSPropertyOp0
  70
1
  102
RTVSPropertyOp1
  70
1
  102
RTVSPropertyOp2
  70
1
  102
RTVSPropertyOp3
  70
1
  102
RTVSPropertyOp4
  70
1
  102
RTVSPropertyOp5
  70
1
  102
RTVSPropertyOp6
  70
1
  102
RTVSPropertyOp7
  70
1
  102
RTVSPropertyOp8
  70
1
  102
RTVSPropertyOp9
  70
1
  102
RTVSPropertyOp10
  70
1
  102
RTVSPropertyOp11
  70
1
  102
RTVSPropertyOp12
  70
1
  102
RTVSPropertyOp13
  70
1
  102
RTVSPropertyOp14
  70
1
  102
RTVSPropertyOp15
  70
1
  102
RTVSPropertyOp16
  70
1
  102
RTVSPropertyOp17
  70
1
  102
RTVSPropertyOp18
  70
1
  102
RTVSPropertyOp19
  70
1
  102
RTVSPropertyOp20
  70
1
  102
RTVSPropertyOp21
  70
1
  102
RTVSPropertyOp22
  70
1
  102
RTVSPropertyOp23
  70
1
  102
RTVSPropertyOp24
  70
1
  102
RTVSPropertyOp25
  70
1
  102
RTVSPropertyOp26
  70
1
  102
RTVSPropertyOp27
  70
1
  102
RTVSPropertyOp28
  70
1
  102
RTVSPropertyOp29
  70
1
  102
RTVSPropertyOp30
  70
1
  102
RTVSPropertyOp31
  70
1
  102
RTVSPropertyOp32
  70
1
  102
RTVSPropertyOp33
  70
1
  102
RTVSPropertyOp34
  70
1
  102
RTVSPropertyOp35
  70
1
  102
RTVSPropertyOp36
  70
1
  102
RTVSPropertyOp37
  70
1
  102
RTVSPropertyOp38
  70
1
  102
RTVSPropertyOp39
  70
1
  102
RTVSPropertyOp40
  70
1
  102
RTVSPropertyOp41
  70
1
  102
RTVSPropertyOp42
  70
1
  102
RTVSPropertyOp43
  70
1
  102
RTVSPropertyOp44
  70
1
  102
RTVSPropertyOp45
  70
1
  102
RTVSPropertyOp46
  70
1
  102
RTVSPropertyOp47
  70
1
  102
RTVSPropertyOp48
  70
1
  102
RTVSPropertyOp49
  70
1
  102
RTVSPropertyOp50
  70
1
  102
RTVSPropertyOp51
  70
0
  102
RTVSPropertyOp52
  70
0
  102
RTVSPropertyOp53
  70
1
  102
RTVSPropertyOp54
  70
1
  102
RTVSPropertyOp55
  70
1
  102
RTVSPropertyOp56
  70
1
  102
RTVSPropertyOp57
  70
1
  102
RTVSPropertyOp58
  70
1
  102
RTVSPropertyOp59
  70
1
  102
RTVSPropertyOp60
  70
1
  102
RTVSPropertyOp61
  70
1
  102
RTVSPropertyOp62
  70
1
  0
XRECORD
  5
32F
  102
{ACAD_REACTORS
  330
32E
  102
}
  330
32E
  100
AcDbXrecord
  280
1
  102
RTVSPost2010Prop28
  280
0
  102
RTVSPost2010PropOp28
  70
1
  102
RTVSPost2010Prop29
  280
1
  102
RTVSPost2010PropOp29
  70
1
  102
RTVSPost2010Prop30
  280
1
  102
RTVSPost2010PropOp30
  70
1
  102
RTVSPost2010Prop31
  280
0
  102
RTVSPost2010PropOp31
  70
1
  102
RTVSPost2010Prop32
  280
0
  102
RTVSPost2010PropOp32
  70
1
  102
RTVSPost2010Prop33
  280
0
  102
RTVSPost2010PropOp33
  70
1
  102
RTVSPost2010Prop34
  280
0
  102
RTVSPost2010PropOp34
  70
1
  102
RTVSPost2010Prop35
  280
0
  102
RTVSPost2010PropOp35
  70
1
  102
RTVSPost2010Prop36
  280
0
  102
RTVSPost2010PropOp36
  70
1
  102
RTVSPost2010Prop37
  90
50
  102
RTVSPost2010PropOp37
  70
1
  102
RTVSPost2010Prop38
  140
0
  102
RTVSPost2010PropOp38
  70
1
  102
RTVSPost2010Prop39
  140
1
  102
RTVSPost2010PropOp39
  70
1
  102
RTVSPost2010Prop40
  90
0
  102
RTVSPost2010PropOp40
  70
1
  102
RTVSPost2010Prop41ColorIndex
  90
18
  102
RTVSPost2010Prop41ColorRGB
  90
0
  102
RTVSPost2010PropOp41
  70
1
  102
RTVSPost2010Prop42
  90
50
  102
RTVSPost2010PropOp42
  70
1
  102
RTVSPost2010Prop43
  90
3
  102
RTVSPost2010PropOp43
  70
1
  102
RTVSPost2010Prop44ColorIndex
  90
5
  102
RTVSPost2010Prop44ColorRGB
  90
255
  102
RTVSPost2010PropOp44
  70
1
  102
RTVSPost2010Prop45
  280
0
  102
RTVSPost2010PropOp45
  70
1
  102
RTVSPost2010Prop46
  90
50
  102
RTVSPost2010PropOp46
  70
1
  102
RTVSPost2010Prop47
  90
50
  102
RTVSPost2010PropOp47
  70
1
  102
RTVSPost2010Prop48
  90
50
  102
RTVSPost2010PropOp48
  70
1
  102
RTVSPost2010Prop49
  280
0
  102
RTVSPost2010PropOp49
  70
1
  102
RTVSPost2010Prop50
  90
50
  102
RTVSPost2010PropOp50
  70
1
  102
RTVSPost2010Prop51ColorIndex
  90
256
  102
RTVSPost2010Prop51ColorRGB
  90
-16777216
  102
RTVSPost2010PropOp51
  70
0
  102
RTVSPost2010Prop52
  140
1
  102
RTVSPost2010PropOp52
  70
0
  102
RTVSPost2010Prop53
  90
2
  102
RTVSPost2010PropOp53
  70
1
  102
RTVSPost2010Prop54
  1
strokes_ogs.tif
  102
RTVSPost2010PropOp54
  70
1
  102
RTVSPost2010Prop55
  280
0
  102
RTVSPost2010PropOp55
  70
1
  102
RTVSPost2010Prop56
  140
1
  102
RTVSPost2010PropOp56
  70
1
  102
RTVSPost2010Prop57
  140
1
  102
RTVSPost2010PropOp57
  70
1
  102
RTVSPropertyOp0
  70
0
  102
RTVSPropertyOp1
  70
0
  102
RTVSPropertyOp2
  70
0
  102
RTVSPropertyOp3
  70
0
  102
RTVSPropertyOp4
  70
0
  102
RTVSPropertyOp5
  70
0
  102
RTVSPropertyOp6
  70
0
  102
RTVSPropertyOp7
  70
0
  102
RTVSPropertyOp8
  70
0
  102
RTVSPropertyOp9
  70
0
  102
RTVSPropertyOp10
  70
0
  102
RTVSPropertyOp11
  70
0
  102
RTVSPropertyOp12
  70
0
  102
RTVSPropertyOp13
  70
0
  102
RTVSPropertyOp14
  70
2
  102
RTVSPropertyOp15
  70
0
  102
RTVSPropertyOp16
  70
0
  102
RTVSPropertyOp17
  70
0
  102
RTVSPropertyOp18
  70
0
  102
RTVSPropertyOp19
  70
0
  102
RTVSPropertyOp20
  70
0
  102
RTVSPropertyOp21
  70
0
  102
RTVSPropertyOp22
  70
0
  102
RTVSPropertyOp23
  70
0
  102
RTVSPropertyOp24
  70
0
  102
RTVSPropertyOp25
  70
0
  102
RTVSPropertyOp26
  70
0
  102
RTVSPropertyOp27
  70
0
  102
RTVSPropertyOp28
  70
1
  102
RTVSPropertyOp29
  70
1
  102
RTVSPropertyOp30
  70
1
  102
RTVSPropertyOp31
  70
1
  102
RTVSPropertyOp32
  70
1
  102
RTVSPropertyOp33
  70
1
  102
RTVSPropertyOp34
  70
1
  102
RTVSPropertyOp35
  70
1
  102
RTVSPropertyOp36
  70
1
  102
RTVSPropertyOp37
  70
1
  102
RTVSPropertyOp38
  70
1
  102
RTVSPropertyOp39
  70
1
  102
RTVSPropertyOp40
  70
1
  102
RTVSPropertyOp41
  70
1
  102
RTVSPropertyOp42
  70
1
  102
RTVSPropertyOp43
  70
1
  102
RTVSPropertyOp44
  70
1
  102
RTVSPropertyOp45
  70
1
  102
RTVSPropertyOp46
  70
1
  102
RTVSPropertyOp47
  70
1
  102
RTVSPropertyOp48
  70
1
  102
RTVSPropertyOp49
  70
1
  102
RTVSPropertyOp50
  70
1
  102
RTVSPropertyOp51
  70
0
  102
RTVSPropertyOp52
  70
0
  102
RTVSPropertyOp53
  70
1
  102
RTVSPropertyOp54
  70
1
  102
RTVSPropertyOp55
  70
1
  102
RTVSPropertyOp56
  70
1
  102
RTVSPropertyOp57
  70
1
  102
RTVSPropertyOp58
  70
1
  102
RTVSPropertyOp59
  70
1
  102
RTVSPropertyOp60
  70
1
  102
RTVSPropertyOp61
  70
1
  102
RTVSPropertyOp62
  70
1
  0
XRECORD
  5
327
  102
{ACAD_REACTORS
  330
326
  102
}
  330
326
  100
AcDbXrecord
  280
1
  102
RTVSPost2010Prop28
  280
0
  102
RTVSPost2010PropOp28
  70
1
  102
RTVSPost2010Prop29
  280
1
  102
RTVSPost2010PropOp29
  70
1
  102
RTVSPost2010Prop30
  280
1
  102
RTVSPost2010PropOp30
  70
1
  102
RTVSPost2010Prop31
  280
0
  102
RTVSPost2010PropOp31
  70
1
  102
RTVSPost2010Prop32
  280
0
  102
RTVSPost2010PropOp32
  70
1
  102
RTVSPost2010Prop33
  280
0
  102
RTVSPost2010PropOp33
  70
1
  102
RTVSPost2010Prop34
  280
0
  102
RTVSPost2010PropOp34
  70
1
  102
RTVSPost2010Prop35
  280
0
  102
RTVSPost2010PropOp35
  70
1
  102
RTVSPost2010Prop36
  280
0
  102
RTVSPost2010PropOp36
  70
1
  102
RTVSPost2010Prop37
  90
50
  102
RTVSPost2010PropOp37
  70
1
  102
RTVSPost2010Prop38
  140
0
  102
RTVSPost2010PropOp38
  70
1
  102
RTVSPost2010Prop39
  140
1
  102
RTVSPost2010PropOp39
  70
1
  102
RTVSPost2010Prop40
  90
0
  102
RTVSPost2010PropOp40
  70
1
  102
RTVSPost2010Prop41ColorIndex
  90
18
  102
RTVSPost2010Prop41ColorRGB
  90
0
  102
RTVSPost2010PropOp41
  70
1
  102
RTVSPost2010Prop42
  90
50
  102
RTVSPost2010PropOp42
  70
1
  102
RTVSPost2010Prop43
  90
3
  102
RTVSPost2010PropOp43
  70
1
  102
RTVSPost2010Prop44ColorIndex
  90
5
  102
RTVSPost2010Prop44ColorRGB
  90
255
  102
RTVSPost2010PropOp44
  70
1
  102
RTVSPost2010Prop45
  280
0
  102
RTVSPost2010PropOp45
  70
1
  102
RTVSPost2010Prop46
  90
50
  102
RTVSPost2010PropOp46
  70
1
  102
RTVSPost2010Prop47
  90
50
  102
RTVSPost2010PropOp47
  70
1
  102
RTVSPost2010Prop48
  90
50
  102
RTVSPost2010PropOp48
  70
1
  102
RTVSPost2010Prop49
  280
0
  102
RTVSPost2010PropOp49
  70
1
  102
RTVSPost2010Prop50
  90
50
  102
RTVSPost2010PropOp50
  70
1
  102
RTVSPost2010Prop51ColorIndex
  90
256
  102
RTVSPost2010Prop51ColorRGB
  90
-16777216
  102
RTVSPost2010PropOp51
  70
0
  102
RTVSPost2010Prop52
  140
1
  102
RTVSPost2010PropOp52
  70
0
  102
RTVSPost2010Prop53
  90
2
  102
RTVSPost2010PropOp53
  70
1
  102
RTVSPost2010Prop54
  1
strokes_ogs.tif
  102
RTVSPost2010PropOp54
  70
1
  102
RTVSPost2010Prop55
  280
0
  102
RTVSPost2010PropOp55
  70
1
  102
RTVSPost2010Prop56
  140
1
  102
RTVSPost2010PropOp56
  70
1
  102
RTVSPost2010Prop57
  140
1
  102
RTVSPost2010PropOp57
  70
1
  102
RTVSPropertyOp0
  70
1
  102
RTVSPropertyOp1
  70
1
  102
RTVSPropertyOp2
  70
1
  102
RTVSPropertyOp3
  70
1
  102
RTVSPropertyOp4
  70
1
  102
RTVSPropertyOp5
  70
1
  102
RTVSPropertyOp6
  70
1
  102
RTVSPropertyOp7
  70
1
  102
RTVSPropertyOp8
  70
1
  102
RTVSPropertyOp9
  70
1
  102
RTVSPropertyOp10
  70
1
  102
RTVSPropertyOp11
  70
1
  102
RTVSPropertyOp12
  70
1
  102
RTVSPropertyOp13
  70
1
  102
RTVSPropertyOp14
  70
1
  102
RTVSPropertyOp15
  70
1
  102
RTVSPropertyOp16
  70
1
  102
RTVSPropertyOp17
  70
1
  102
RTVSPropertyOp18
  70
1
  102
RTVSPropertyOp19
  70
1
  102
RTVSPropertyOp20
  70
1
  102
RTVSPropertyOp21
  70
1
  102
RTVSPropertyOp22
  70
1
  102
RTVSPropertyOp23
  70
1
  102
RTVSPropertyOp24
  70
1
  102
RTVSPropertyOp25
  70
1
  102
RTVSPropertyOp26
  70
1
  102
RTVSPropertyOp27
  70
1
  102
RTVSPropertyOp28
  70
1
  102
RTVSPropertyOp29
  70
1
  102
RTVSPropertyOp30
  70
1
  102
RTVSPropertyOp31
  70
1
  102
RTVSPropertyOp32
  70
1
  102
RTVSPropertyOp33
  70
1
  102
RTVSPropertyOp34
  70
1
  102
RTVSPropertyOp35
  70
1
  102
RTVSPropertyOp36
  70
1
  102
RTVSPropertyOp37
  70
1
  102
RTVSPropertyOp38
  70
1
  102
RTVSPropertyOp39
  70
1
  102
RTVSPropertyOp40
  70
1
  102
RTVSPropertyOp41
  70
1
  102
RTVSPropertyOp42
  70
1
  102
RTVSPropertyOp43
  70
1
  102
RTVSPropertyOp44
  70
1
  102
RTVSPropertyOp45
  70
1
  102
RTVSPropertyOp46
  70
1
  102
RTVSPropertyOp47
  70
1
  102
RTVSPropertyOp48
  70
1
  102
RTVSPropertyOp49
  70
1
  102
RTVSPropertyOp50
  70
1
  102
RTVSPropertyOp51
  70
0
  102
RTVSPropertyOp52
  70
0
  102
RTVSPropertyOp53
  70
1
  102
RTVSPropertyOp54
  70
1
  102
RTVSPropertyOp55
  70
1
  102
RTVSPropertyOp56
  70
1
  102
RTVSPropertyOp57
  70
1
  102
RTVSPropertyOp58
  70
1
  102
RTVSPropertyOp59
  70
1
  102
RTVSPropertyOp60
  70
1
  102
RTVSPropertyOp61
  70
1
  102
RTVSPropertyOp62
  70
1
  0
XRECORD
  5
30B
  102
{ACAD_REACTORS
  330
30A
  102
}
  330
30A
  100
AcDbXrecord
  280
1
  102
RTVSPost2010Prop28
  280
0
  102
RTVSPost2010PropOp28
  70
1
  102
RTVSPost2010Prop29
  280
1
  102
RTVSPost2010PropOp29
  70
1
  102
RTVSPost2010Prop30
  280
1
  102
RTVSPost2010PropOp30
  70
1
  102
RTVSPost2010Prop31
  280
0
  102
RTVSPost2010PropOp31
  70
1
  102
RTVSPost2010Prop32
  280
0
  102
RTVSPost2010PropOp32
  70
1
  102
RTVSPost2010Prop33
  280
0
  102
RTVSPost2010PropOp33
  70
1
  102
RTVSPost2010Prop34
  280
0
  102
RTVSPost2010PropOp34
  70
1
  102
RTVSPost2010Prop35
  280
0
  102
RTVSPost2010PropOp35
  70
1
  102
RTVSPost2010Prop36
  280
0
  102
RTVSPost2010PropOp36
  70
1
  102
RTVSPost2010Prop37
  90
50
  102
RTVSPost2010PropOp37
  70
1
  102
RTVSPost2010Prop38
  140
0
  102
RTVSPost2010PropOp38
  70
1
  102
RTVSPost2010Prop39
  140
1
  102
RTVSPost2010PropOp39
  70
1
  102
RTVSPost2010Prop40
  90
0
  102
RTVSPost2010PropOp40
  70
1
  102
RTVSPost2010Prop41ColorIndex
  90
18
  102
RTVSPost2010Prop41ColorRGB
  90
0
  102
RTVSPost2010PropOp41
  70
1
  102
RTVSPost2010Prop42
  90
50
  102
RTVSPost2010PropOp42
  70
1
  102
RTVSPost2010Prop43
  90
3
  102
RTVSPost2010PropOp43
  70
1
  102
RTVSPost2010Prop44ColorIndex
  90
5
  102
RTVSPost2010Prop44ColorRGB
  90
255
  102
RTVSPost2010PropOp44
  70
1
  102
RTVSPost2010Prop45
  280
0
  102
RTVSPost2010PropOp45
  70
1
  102
RTVSPost2010Prop46
  90
50
  102
RTVSPost2010PropOp46
  70
1
  102
RTVSPost2010Prop47
  90
50
  102
RTVSPost2010PropOp47
  70
1
  102
RTVSPost2010Prop48
  90
50
  102
RTVSPost2010PropOp48
  70
1
  102
RTVSPost2010Prop49
  280
0
  102
RTVSPost2010PropOp49
  70
1
  102
RTVSPost2010Prop50
  90
50
  102
RTVSPost2010PropOp50
  70
1
  102
RTVSPost2010Prop51ColorIndex
  90
256
  102
RTVSPost2010Prop51ColorRGB
  90
-16777216
  102
RTVSPost2010PropOp51
  70
0
  102
RTVSPost2010Prop52
  140
1
  102
RTVSPost2010PropOp52
  70
0
  102
RTVSPost2010Prop53
  90
2
  102
RTVSPost2010PropOp53
  70
1
  102
RTVSPost2010Prop54
  1
strokes_ogs.tif
  102
RTVSPost2010PropOp54
  70
1
  102
RTVSPost2010Prop55
  280
0
  102
RTVSPost2010PropOp55
  70
1
  102
RTVSPost2010Prop56
  140
1
  102
RTVSPost2010PropOp56
  70
1
  102
RTVSPost2010Prop57
  140
1
  102
RTVSPost2010PropOp57
  70
1
  102
RTVSPropertyOp0
  70
1
  102
RTVSPropertyOp1
  70
1
  102
RTVSPropertyOp2
  70
1
  102
RTVSPropertyOp3
  70
1
  102
RTVSPropertyOp4
  70
1
  102
RTVSPropertyOp5
  70
1
  102
RTVSPropertyOp6
  70
1
  102
RTVSPropertyOp7
  70
1
  102
RTVSPropertyOp8
  70
1
  102
RTVSPropertyOp9
  70
1
  102
RTVSPropertyOp10
  70
1
  102
RTVSPropertyOp11
  70
1
  102
RTVSPropertyOp12
  70
1
  102
RTVSPropertyOp13
  70
1
  102
RTVSPropertyOp14
  70
1
  102
RTVSPropertyOp15
  70
1
  102
RTVSPropertyOp16
  70
1
  102
RTVSPropertyOp17
  70
1
  102
RTVSPropertyOp18
  70
1
  102
RTVSPropertyOp19
  70
1
  102
RTVSPropertyOp20
  70
1
  102
RTVSPropertyOp21
  70
1
  102
RTVSPropertyOp22
  70
1
  102
RTVSPropertyOp23
  70
1
  102
RTVSPropertyOp24
  70
1
  102
RTVSPropertyOp25
  70
1
  102
RTVSPropertyOp26
  70
1
  102
RTVSPropertyOp27
  70
1
  102
RTVSPropertyOp28
  70
1
  102
RTVSPropertyOp29
  70
1
  102
RTVSPropertyOp30
  70
1
  102
RTVSPropertyOp31
  70
1
  102
RTVSPropertyOp32
  70
1
  102
RTVSPropertyOp33
  70
1
  102
RTVSPropertyOp34
  70
1
  102
RTVSPropertyOp35
  70
1
  102
RTVSPropertyOp36
  70
1
  102
RTVSPropertyOp37
  70
1
  102
RTVSPropertyOp38
  70
1
  102
RTVSPropertyOp39
  70
1
  102
RTVSPropertyOp40
  70
1
  102
RTVSPropertyOp41
  70
1
  102
RTVSPropertyOp42
  70
1
  102
RTVSPropertyOp43
  70
1
  102
RTVSPropertyOp44
  70
1
  102
RTVSPropertyOp45
  70
1
  102
RTVSPropertyOp46
  70
1
  102
RTVSPropertyOp47
  70
1
  102
RTVSPropertyOp48
  70
1
  102
RTVSPropertyOp49
  70
1
  102
RTVSPropertyOp50
  70
1
  102
RTVSPropertyOp51
  70
0
  102
RTVSPropertyOp52
  70
0
  102
RTVSPropertyOp53
  70
1
  102
RTVSPropertyOp54
  70
1
  102
RTVSPropertyOp55
  70
1
  102
RTVSPropertyOp56
  70
1
  102
RTVSPropertyOp57
  70
1
  102
RTVSPropertyOp58
  70
1
  102
RTVSPropertyOp59
  70
1
  102
RTVSPropertyOp60
  70
1
  102
RTVSPropertyOp61
  70
1
  102
RTVSPropertyOp62
  70
1
  0
XRECORD
  5
30D
  102
{ACAD_REACTORS
  330
30C
  102
}
  330
30C
  100
AcDbXrecord
  280
1
  102
RTVSPost2010Prop28
  280
0
  102
RTVSPost2010PropOp28
  70
1
  102
RTVSPost2010Prop29
  280
1
  102
RTVSPost2010PropOp29
  70
1
  102
RTVSPost2010Prop30
  280
1
  102
RTVSPost2010PropOp30
  70
1
  102
RTVSPost2010Prop31
  280
0
  102
RTVSPost2010PropOp31
  70
1
  102
RTVSPost2010Prop32
  280
0
  102
RTVSPost2010PropOp32
  70
1
  102
RTVSPost2010Prop33
  280
0
  102
RTVSPost2010PropOp33
  70
1
  102
RTVSPost2010Prop34
  280
0
  102
RTVSPost2010PropOp34
  70
1
  102
RTVSPost2010Prop35
  280
0
  102
RTVSPost2010PropOp35
  70
1
  102
RTVSPost2010Prop36
  280
0
  102
RTVSPost2010PropOp36
  70
1
  102
RTVSPost2010Prop37
  90
50
  102
RTVSPost2010PropOp37
  70
1
  102
RTVSPost2010Prop38
  140
0
  102
RTVSPost2010PropOp38
  70
1
  102
RTVSPost2010Prop39
  140
1
  102
RTVSPost2010PropOp39
  70
1
  102
RTVSPost2010Prop40
  90
0
  102
RTVSPost2010PropOp40
  70
1
  102
RTVSPost2010Prop41ColorIndex
  90
18
  102
RTVSPost2010Prop41ColorRGB
  90
0
  102
RTVSPost2010PropOp41
  70
1
  102
RTVSPost2010Prop42
  90
50
  102
RTVSPost2010PropOp42
  70
1
  102
RTVSPost2010Prop43
  90
3
  102
RTVSPost2010PropOp43
  70
1
  102
RTVSPost2010Prop44ColorIndex
  90
5
  102
RTVSPost2010Prop44ColorRGB
  90
255
  102
RTVSPost2010PropOp44
  70
1
  102
RTVSPost2010Prop45
  280
0
  102
RTVSPost2010PropOp45
  70
1
  102
RTVSPost2010Prop46
  90
50
  102
RTVSPost2010PropOp46
  70
1
  102
RTVSPost2010Prop47
  90
50
  102
RTVSPost2010PropOp47
  70
1
  102
RTVSPost2010Prop48
  90
50
  102
RTVSPost2010PropOp48
  70
1
  102
RTVSPost2010Prop49
  280
0
  102
RTVSPost2010PropOp49
  70
1
  102
RTVSPost2010Prop50
  90
50
  102
RTVSPost2010PropOp50
  70
1
  102
RTVSPost2010Prop51ColorIndex
  90
256
  102
RTVSPost2010Prop51ColorRGB
  90
-16777216
  102
RTVSPost2010PropOp51
  70
0
  102
RTVSPost2010Prop52
  140
1
  102
RTVSPost2010PropOp52
  70
0
  102
RTVSPost2010Prop53
  90
2
  102
RTVSPost2010PropOp53
  70
1
  102
RTVSPost2010Prop54
  1
strokes_ogs.tif
  102
RTVSPost2010PropOp54
  70
1
  102
RTVSPost2010Prop55
  280
0
  102
RTVSPost2010PropOp55
  70
1
  102
RTVSPost2010Prop56
  140
1
  102
RTVSPost2010PropOp56
  70
1
  102
RTVSPost2010Prop57
  140
1
  102
RTVSPost2010PropOp57
  70
1
  102
RTVSPropertyOp0
  70
1
  102
RTVSPropertyOp1
  70
1
  102
RTVSPropertyOp2
  70
1
  102
RTVSPropertyOp3
  70
1
  102
RTVSPropertyOp4
  70
1
  102
RTVSPropertyOp5
  70
1
  102
RTVSPropertyOp6
  70
1
  102
RTVSPropertyOp7
  70
1
  102
RTVSPropertyOp8
  70
1
  102
RTVSPropertyOp9
  70
1
  102
RTVSPropertyOp10
  70
1
  102
RTVSPropertyOp11
  70
1
  102
RTVSPropertyOp12
  70
1
  102
RTVSPropertyOp13
  70
1
  102
RTVSPropertyOp14
  70
1
  102
RTVSPropertyOp15
  70
1
  102
RTVSPropertyOp16
  70
1
  102
RTVSPropertyOp17
  70
1
  102
RTVSPropertyOp18
  70
1
  102
RTVSPropertyOp19
  70
1
  102
RTVSPropertyOp20
  70
1
  102
RTVSPropertyOp21
  70
1
  102
RTVSPropertyOp22
  70
1
  102
RTVSPropertyOp23
  70
1
  102
RTVSPropertyOp24
  70
1
  102
RTVSPropertyOp25
  70
1
  102
RTVSPropertyOp26
  70
1
  102
RTVSPropertyOp27
  70
1
  102
RTVSPropertyOp28
  70
1
  102
RTVSPropertyOp29
  70
1
  102
RTVSPropertyOp30
  70
1
  102
RTVSPropertyOp31
  70
1
  102
RTVSPropertyOp32
  70
1
  102
RTVSPropertyOp33
  70
1
  102
RTVSPropertyOp34
  70
1
  102
RTVSPropertyOp35
  70
1
  102
RTVSPropertyOp36
  70
1
  102
RTVSPropertyOp37
  70
1
  102
RTVSPropertyOp38
  70
1
  102
RTVSPropertyOp39
  70
1
  102
RTVSPropertyOp40
  70
1
  102
RTVSPropertyOp41
  70
1
  102
RTVSPropertyOp42
  70
1
  102
RTVSPropertyOp43
  70
1
  102
RTVSPropertyOp44
  70
1
  102
RTVSPropertyOp45
  70
1
  102
RTVSPropertyOp46
  70
1
  102
RTVSPropertyOp47
  70
1
  102
RTVSPropertyOp48
  70
1
  102
RTVSPropertyOp49
  70
1
  102
RTVSPropertyOp50
  70
1
  102
RTVSPropertyOp51
  70
0
  102
RTVSPropertyOp52
  70
0
  102
RTVSPropertyOp53
  70
1
  102
RTVSPropertyOp54
  70
1
  102
RTVSPropertyOp55
  70
1
  102
RTVSPropertyOp56
  70
1
  102
RTVSPropertyOp57
  70
1
  102
RTVSPropertyOp58
  70
1
  102
RTVSPropertyOp59
  70
1
  102
RTVSPropertyOp60
  70
1
  102
RTVSPropertyOp61
  70
1
  102
RTVSPropertyOp62
  70
1
  0
XRECORD
  5
30F
  102
{ACAD_REACTORS
  330
30E
  102
}
  330
30E
  100
AcDbXrecord
  280
1
  102
RTVSPost2010Prop28
  280
0
  102
RTVSPost2010PropOp28
  70
1
  102
RTVSPost2010Prop29
  280
1
  102
RTVSPost2010PropOp29
  70
1
  102
RTVSPost2010Prop30
  280
1
  102
RTVSPost2010PropOp30
  70
1
  102
RTVSPost2010Prop31
  280
0
  102
RTVSPost2010PropOp31
  70
1
  102
RTVSPost2010Prop32
  280
0
  102
RTVSPost2010PropOp32
  70
1
  102
RTVSPost2010Prop33
  280
0
  102
RTVSPost2010PropOp33
  70
1
  102
RTVSPost2010Prop34
  280
0
  102
RTVSPost2010PropOp34
  70
1
  102
RTVSPost2010Prop35
  280
0
  102
RTVSPost2010PropOp35
  70
1
  102
RTVSPost2010Prop36
  280
0
  102
RTVSPost2010PropOp36
  70
1
  102
RTVSPost2010Prop37
  90
50
  102
RTVSPost2010PropOp37
  70
1
  102
RTVSPost2010Prop38
  140
0
  102
RTVSPost2010PropOp38
  70
1
  102
RTVSPost2010Prop39
  140
1
  102
RTVSPost2010PropOp39
  70
1
  102
RTVSPost2010Prop40
  90
0
  102
RTVSPost2010PropOp40
  70
1
  102
RTVSPost2010Prop41ColorIndex
  90
18
  102
RTVSPost2010Prop41ColorRGB
  90
0
  102
RTVSPost2010PropOp41
  70
1
  102
RTVSPost2010Prop42
  90
50
  102
RTVSPost2010PropOp42
  70
1
  102
RTVSPost2010Prop43
  90
3
  102
RTVSPost2010PropOp43
  70
1
  102
RTVSPost2010Prop44ColorIndex
  90
5
  102
RTVSPost2010Prop44ColorRGB
  90
255
  102
RTVSPost2010PropOp44
  70
1
  102
RTVSPost2010Prop45
  280
0
  102
RTVSPost2010PropOp45
  70
1
  102
RTVSPost2010Prop46
  90
50
  102
RTVSPost2010PropOp46
  70
1
  102
RTVSPost2010Prop47
  90
50
  102
RTVSPost2010PropOp47
  70
1
  102
RTVSPost2010Prop48
  90
50
  102
RTVSPost2010PropOp48
  70
1
  102
RTVSPost2010Prop49
  280
0
  102
RTVSPost2010PropOp49
  70
1
  102
RTVSPost2010Prop50
  90
50
  102
RTVSPost2010PropOp50
  70
1
  102
RTVSPost2010Prop51ColorIndex
  90
256
  102
RTVSPost2010Prop51ColorRGB
  90
-16777216
  102
RTVSPost2010PropOp51
  70
0
  102
RTVSPost2010Prop52
  140
1
  102
RTVSPost2010PropOp52
  70
0
  102
RTVSPost2010Prop53
  90
2
  102
RTVSPost2010PropOp53
  70
1
  102
RTVSPost2010Prop54
  1
strokes_ogs.tif
  102
RTVSPost2010PropOp54
  70
1
  102
RTVSPost2010Prop55
  280
0
  102
RTVSPost2010PropOp55
  70
1
  102
RTVSPost2010Prop56
  140
1
  102
RTVSPost2010PropOp56
  70
1
  102
RTVSPost2010Prop57
  140
1
  102
RTVSPost2010PropOp57
  70
1
  102
RTVSPropertyOp0
  70
1
  102
RTVSPropertyOp1
  70
1
  102
RTVSPropertyOp2
  70
1
  102
RTVSPropertyOp3
  70
1
  102
RTVSPropertyOp4
  70
1
  102
RTVSPropertyOp5
  70
1
  102
RTVSPropertyOp6
  70
1
  102
RTVSPropertyOp7
  70
1
  102
RTVSPropertyOp8
  70
1
  102
RTVSPropertyOp9
  70
1
  102
RTVSPropertyOp10
  70
1
  102
RTVSPropertyOp11
  70
1
  102
RTVSPropertyOp12
  70
1
  102
RTVSPropertyOp13
  70
1
  102
RTVSPropertyOp14
  70
1
  102
RTVSPropertyOp15
  70
1
  102
RTVSPropertyOp16
  70
1
  102
RTVSPropertyOp17
  70
1
  102
RTVSPropertyOp18
  70
1
  102
RTVSPropertyOp19
  70
1
  102
RTVSPropertyOp20
  70
1
  102
RTVSPropertyOp21
  70
1
  102
RTVSPropertyOp22
  70
1
  102
RTVSPropertyOp23
  70
1
  102
RTVSPropertyOp24
  70
1
  102
RTVSPropertyOp25
  70
1
  102
RTVSPropertyOp26
  70
1
  102
RTVSPropertyOp27
  70
1
  102
RTVSPropertyOp28
  70
1
  102
RTVSPropertyOp29
  70
1
  102
RTVSPropertyOp30
  70
1
  102
RTVSPropertyOp31
  70
1
  102
RTVSPropertyOp32
  70
1
  102
RTVSPropertyOp33
  70
1
  102
RTVSPropertyOp34
  70
1
  102
RTVSPropertyOp35
  70
1
  102
RTVSPropertyOp36
  70
1
  102
RTVSPropertyOp37
  70
1
  102
RTVSPropertyOp38
  70
1
  102
RTVSPropertyOp39
  70
1
  102
RTVSPropertyOp40
  70
1
  102
RTVSPropertyOp41
  70
1
  102
RTVSPropertyOp42
  70
1
  102
RTVSPropertyOp43
  70
1
  102
RTVSPropertyOp44
  70
1
  102
RTVSPropertyOp45
  70
1
  102
RTVSPropertyOp46
  70
1
  102
RTVSPropertyOp47
  70
1
  102
RTVSPropertyOp48
  70
1
  102
RTVSPropertyOp49
  70
1
  102
RTVSPropertyOp50
  70
1
  102
RTVSPropertyOp51
  70
0
  102
RTVSPropertyOp52
  70
0
  102
RTVSPropertyOp53
  70
1
  102
RTVSPropertyOp54
  70
1
  102
RTVSPropertyOp55
  70
1
  102
RTVSPropertyOp56
  70
1
  102
RTVSPropertyOp57
  70
1
  102
RTVSPropertyOp58
  70
1
  102
RTVSPropertyOp59
  70
1
  102
RTVSPropertyOp60
  70
1
  102
RTVSPropertyOp61
  70
1
  102
RTVSPropertyOp62
  70
1
  0
XRECORD
  5
311
  102
{ACAD_REACTORS
  330
310
  102
}
  330
310
  100
AcDbXrecord
  280
1
  102
RTVSPost2010Prop28
  280
0
  102
RTVSPost2010PropOp28
  70
1
  102
RTVSPost2010Prop29
  280
1
  102
RTVSPost2010PropOp29
  70
1
  102
RTVSPost2010Prop30
  280
1
  102
RTVSPost2010PropOp30
  70
1
  102
RTVSPost2010Prop31
  280
0
  102
RTVSPost2010PropOp31
  70
1
  102
RTVSPost2010Prop32
  280
0
  102
RTVSPost2010PropOp32
  70
1
  102
RTVSPost2010Prop33
  280
0
  102
RTVSPost2010PropOp33
  70
1
  102
RTVSPost2010Prop34
  280
0
  102
RTVSPost2010PropOp34
  70
1
  102
RTVSPost2010Prop35
  280
0
  102
RTVSPost2010PropOp35
  70
1
  102
RTVSPost2010Prop36
  280
0
  102
RTVSPost2010PropOp36
  70
1
  102
RTVSPost2010Prop37
  90
50
  102
RTVSPost2010PropOp37
  70
1
  102
RTVSPost2010Prop38
  140
0
  102
RTVSPost2010PropOp38
  70
1
  102
RTVSPost2010Prop39
  140
1
  102
RTVSPost2010PropOp39
  70
1
  102
RTVSPost2010Prop40
  90
0
  102
RTVSPost2010PropOp40
  70
1
  102
RTVSPost2010Prop41ColorIndex
  90
18
  102
RTVSPost2010Prop41ColorRGB
  90
0
  102
RTVSPost2010PropOp41
  70
1
  102
RTVSPost2010Prop42
  90
50
  102
RTVSPost2010PropOp42
  70
1
  102
RTVSPost2010Prop43
  90
3
  102
RTVSPost2010PropOp43
  70
1
  102
RTVSPost2010Prop44ColorIndex
  90
5
  102
RTVSPost2010Prop44ColorRGB
  90
255
  102
RTVSPost2010PropOp44
  70
1
  102
RTVSPost2010Prop45
  280
0
  102
RTVSPost2010PropOp45
  70
1
  102
RTVSPost2010Prop46
  90
50
  102
RTVSPost2010PropOp46
  70
1
  102
RTVSPost2010Prop47
  90
50
  102
RTVSPost2010PropOp47
  70
1
  102
RTVSPost2010Prop48
  90
50
  102
RTVSPost2010PropOp48
  70
1
  102
RTVSPost2010Prop49
  280
0
  102
RTVSPost2010PropOp49
  70
1
  102
RTVSPost2010Prop50
  90
50
  102
RTVSPost2010PropOp50
  70
1
  102
RTVSPost2010Prop51ColorIndex
  90
256
  102
RTVSPost2010Prop51ColorRGB
  90
-16777216
  102
RTVSPost2010PropOp51
  70
0
  102
RTVSPost2010Prop52
  140
1
  102
RTVSPost2010PropOp52
  70
0
  102
RTVSPost2010Prop53
  90
2
  102
RTVSPost2010PropOp53
  70
1
  102
RTVSPost2010Prop54
  1
strokes_ogs.tif
  102
RTVSPost2010PropOp54
  70
1
  102
RTVSPost2010Prop55
  280
0
  102
RTVSPost2010PropOp55
  70
1
  102
RTVSPost2010Prop56
  140
1
  102
RTVSPost2010PropOp56
  70
1
  102
RTVSPost2010Prop57
  140
1
  102
RTVSPost2010PropOp57
  70
1
  102
RTVSPropertyOp0
  70
1
  102
RTVSPropertyOp1
  70
1
  102
RTVSPropertyOp2
  70
1
  102
RTVSPropertyOp3
  70
1
  102
RTVSPropertyOp4
  70
1
  102
RTVSPropertyOp5
  70
1
  102
RTVSPropertyOp6
  70
1
  102
RTVSPropertyOp7
  70
1
  102
RTVSPropertyOp8
  70
1
  102
RTVSPropertyOp9
  70
1
  102
RTVSPropertyOp10
  70
1
  102
RTVSPropertyOp11
  70
1
  102
RTVSPropertyOp12
  70
1
  102
RTVSPropertyOp13
  70
1
  102
RTVSPropertyOp14
  70
1
  102
RTVSPropertyOp15
  70
1
  102
RTVSPropertyOp16
  70
1
  102
RTVSPropertyOp17
  70
1
  102
RTVSPropertyOp18
  70
1
  102
RTVSPropertyOp19
  70
1
  102
RTVSPropertyOp20
  70
1
  102
RTVSPropertyOp21
  70
1
  102
RTVSPropertyOp22
  70
1
  102
RTVSPropertyOp23
  70
1
  102
RTVSPropertyOp24
  70
1
  102
RTVSPropertyOp25
  70
1
  102
RTVSPropertyOp26
  70
1
  102
RTVSPropertyOp27
  70
1
  102
RTVSPropertyOp28
  70
1
  102
RTVSPropertyOp29
  70
1
  102
RTVSPropertyOp30
  70
1
  102
RTVSPropertyOp31
  70
1
  102
RTVSPropertyOp32
  70
1
  102
RTVSPropertyOp33
  70
1
  102
RTVSPropertyOp34
  70
1
  102
RTVSPropertyOp35
  70
1
  102
RTVSPropertyOp36
  70
1
  102
RTVSPropertyOp37
  70
1
  102
RTVSPropertyOp38
  70
1
  102
RTVSPropertyOp39
  70
1
  102
RTVSPropertyOp40
  70
1
  102
RTVSPropertyOp41
  70
1
  102
RTVSPropertyOp42
  70
1
  102
RTVSPropertyOp43
  70
1
  102
RTVSPropertyOp44
  70
1
  102
RTVSPropertyOp45
  70
1
  102
RTVSPropertyOp46
  70
1
  102
RTVSPropertyOp47
  70
1
  102
RTVSPropertyOp48
  70
1
  102
RTVSPropertyOp49
  70
1
  102
RTVSPropertyOp50
  70
1
  102
RTVSPropertyOp51
  70
0
  102
RTVSPropertyOp52
  70
0
  102
RTVSPropertyOp53
  70
1
  102
RTVSPropertyOp54
  70
1
  102
RTVSPropertyOp55
  70
1
  102
RTVSPropertyOp56
  70
1
  102
RTVSPropertyOp57
  70
1
  102
RTVSPropertyOp58
  70
1
  102
RTVSPropertyOp59
  70
1
  102
RTVSPropertyOp60
  70
1
  102
RTVSPropertyOp61
  70
1
  102
RTVSPropertyOp62
  70
1
  0
XRECORD
  5
319
  102
{ACAD_REACTORS
  330
318
  102
}
  330
318
  100
AcDbXrecord
  280
1
  102
RTVSPost2010Prop28
  280
0
  102
RTVSPost2010PropOp28
  70
1
  102
RTVSPost2010Prop29
  280
1
  102
RTVSPost2010PropOp29
  70
1
  102
RTVSPost2010Prop30
  280
1
  102
RTVSPost2010PropOp30
  70
1
  102
RTVSPost2010Prop31
  280
0
  102
RTVSPost2010PropOp31
  70
1
  102
RTVSPost2010Prop32
  280
0
  102
RTVSPost2010PropOp32
  70
1
  102
RTVSPost2010Prop33
  280
0
  102
RTVSPost2010PropOp33
  70
1
  102
RTVSPost2010Prop34
  280
0
  102
RTVSPost2010PropOp34
  70
1
  102
RTVSPost2010Prop35
  280
0
  102
RTVSPost2010PropOp35
  70
1
  102
RTVSPost2010Prop36
  280
0
  102
RTVSPost2010PropOp36
  70
1
  102
RTVSPost2010Prop37
  90
50
  102
RTVSPost2010PropOp37
  70
1
  102
RTVSPost2010Prop38
  140
0
  102
RTVSPost2010PropOp38
  70
1
  102
RTVSPost2010Prop39
  140
1
  102
RTVSPost2010PropOp39
  70
1
  102
RTVSPost2010Prop40
  90
0
  102
RTVSPost2010PropOp40
  70
1
  102
RTVSPost2010Prop41ColorIndex
  90
18
  102
RTVSPost2010Prop41ColorRGB
  90
0
  102
RTVSPost2010PropOp41
  70
1
  102
RTVSPost2010Prop42
  90
50
  102
RTVSPost2010PropOp42
  70
1
  102
RTVSPost2010Prop43
  90
3
  102
RTVSPost2010PropOp43
  70
1
  102
RTVSPost2010Prop44ColorIndex
  90
5
  102
RTVSPost2010Prop44ColorRGB
  90
255
  102
RTVSPost2010PropOp44
  70
1
  102
RTVSPost2010Prop45
  280
0
  102
RTVSPost2010PropOp45
  70
1
  102
RTVSPost2010Prop46
  90
50
  102
RTVSPost2010PropOp46
  70
1
  102
RTVSPost2010Prop47
  90
50
  102
RTVSPost2010PropOp47
  70
1
  102
RTVSPost2010Prop48
  90
50
  102
RTVSPost2010PropOp48
  70
1
  102
RTVSPost2010Prop49
  280
0
  102
RTVSPost2010PropOp49
  70
1
  102
RTVSPost2010Prop50
  90
50
  102
RTVSPost2010PropOp50
  70
1
  102
RTVSPost2010Prop51ColorIndex
  90
256
  102
RTVSPost2010Prop51ColorRGB
  90
-16777216
  102
RTVSPost2010PropOp51
  70
0
  102
RTVSPost2010Prop52
  140
1
  102
RTVSPost2010PropOp52
  70
0
  102
RTVSPost2010Prop53
  90
2
  102
RTVSPost2010PropOp53
  70
1
  102
RTVSPost2010Prop54
  1
strokes_ogs.tif
  102
RTVSPost2010PropOp54
  70
1
  102
RTVSPost2010Prop55
  280
0
  102
RTVSPost2010PropOp55
  70
1
  102
RTVSPost2010Prop56
  140
1
  102
RTVSPost2010PropOp56
  70
1
  102
RTVSPost2010Prop57
  140
1
  102
RTVSPost2010PropOp57
  70
1
  102
RTVSPropertyOp0
  70
1
  102
RTVSPropertyOp1
  70
1
  102
RTVSPropertyOp2
  70
1
  102
RTVSPropertyOp3
  70
1
  102
RTVSPropertyOp4
  70
1
  102
RTVSPropertyOp5
  70
1
  102
RTVSPropertyOp6
  70
1
  102
RTVSPropertyOp7
  70
1
  102
RTVSPropertyOp8
  70
1
  102
RTVSPropertyOp9
  70
1
  102
RTVSPropertyOp10
  70
1
  102
RTVSPropertyOp11
  70
1
  102
RTVSPropertyOp12
  70
1
  102
RTVSPropertyOp13
  70
1
  102
RTVSPropertyOp14
  70
1
  102
RTVSPropertyOp15
  70
1
  102
RTVSPropertyOp16
  70
1
  102
RTVSPropertyOp17
  70
1
  102
RTVSPropertyOp18
  70
1
  102
RTVSPropertyOp19
  70
1
  102
RTVSPropertyOp20
  70
1
  102
RTVSPropertyOp21
  70
1
  102
RTVSPropertyOp22
  70
1
  102
RTVSPropertyOp23
  70
1
  102
RTVSPropertyOp24
  70
1
  102
RTVSPropertyOp25
  70
1
  102
RTVSPropertyOp26
  70
1
  102
RTVSPropertyOp27
  70
1
  102
RTVSPropertyOp28
  70
1
  102
RTVSPropertyOp29
  70
1
  102
RTVSPropertyOp30
  70
1
  102
RTVSPropertyOp31
  70
1
  102
RTVSPropertyOp32
  70
1
  102
RTVSPropertyOp33
  70
1
  102
RTVSPropertyOp34
  70
1
  102
RTVSPropertyOp35
  70
1
  102
RTVSPropertyOp36
  70
1
  102
RTVSPropertyOp37
  70
1
  102
RTVSPropertyOp38
  70
1
  102
RTVSPropertyOp39
  70
1
  102
RTVSPropertyOp40
  70
1
  102
RTVSPropertyOp41
  70
1
  102
RTVSPropertyOp42
  70
1
  102
RTVSPropertyOp43
  70
1
  102
RTVSPropertyOp44
  70
1
  102
RTVSPropertyOp45
  70
1
  102
RTVSPropertyOp46
  70
1
  102
RTVSPropertyOp47
  70
1
  102
RTVSPropertyOp48
  70
1
  102
RTVSPropertyOp49
  70
1
  102
RTVSPropertyOp50
  70
1
  102
RTVSPropertyOp51
  70
0
  102
RTVSPropertyOp52
  70
0
  102
RTVSPropertyOp53
  70
1
  102
RTVSPropertyOp54
  70
1
  102
RTVSPropertyOp55
  70
1
  102
RTVSPropertyOp56
  70
1
  102
RTVSPropertyOp57
  70
1
  102
RTVSPropertyOp58
  70
1
  102
RTVSPropertyOp59
  70
1
  102
RTVSPropertyOp60
  70
1
  102
RTVSPropertyOp61
  70
1
  102
RTVSPropertyOp62
  70
1
  0
XRECORD
  5
32B
  102
{ACAD_REACTORS
  330
32A
  102
}
  330
32A
  100
AcDbXrecord
  280
1
  102
RTVSPost2010Prop28
  280
0
  102
RTVSPost2010PropOp28
  70
1
  102
RTVSPost2010Prop29
  280
1
  102
RTVSPost2010PropOp29
  70
1
  102
RTVSPost2010Prop30
  280
1
  102
RTVSPost2010PropOp30
  70
1
  102
RTVSPost2010Prop31
  280
0
  102
RTVSPost2010PropOp31
  70
1
  102
RTVSPost2010Prop32
  280
0
  102
RTVSPost2010PropOp32
  70
1
  102
RTVSPost2010Prop33
  280
0
  102
RTVSPost2010PropOp33
  70
1
  102
RTVSPost2010Prop34
  280
0
  102
RTVSPost2010PropOp34
  70
1
  102
RTVSPost2010Prop35
  280
0
  102
RTVSPost2010PropOp35
  70
1
  102
RTVSPost2010Prop36
  280
0
  102
RTVSPost2010PropOp36
  70
1
  102
RTVSPost2010Prop37
  90
50
  102
RTVSPost2010PropOp37
  70
1
  102
RTVSPost2010Prop38
  140
0
  102
RTVSPost2010PropOp38
  70
1
  102
RTVSPost2010Prop39
  140
1
  102
RTVSPost2010PropOp39
  70
1
  102
RTVSPost2010Prop40
  90
0
  102
RTVSPost2010PropOp40
  70
1
  102
RTVSPost2010Prop41ColorIndex
  90
18
  102
RTVSPost2010Prop41ColorRGB
  90
0
  102
RTVSPost2010PropOp41
  70
1
  102
RTVSPost2010Prop42
  90
50
  102
RTVSPost2010PropOp42
  70
1
  102
RTVSPost2010Prop43
  90
3
  102
RTVSPost2010PropOp43
  70
1
  102
RTVSPost2010Prop44ColorIndex
  90
5
  102
RTVSPost2010Prop44ColorRGB
  90
255
  102
RTVSPost2010PropOp44
  70
1
  102
RTVSPost2010Prop45
  280
0
  102
RTVSPost2010PropOp45
  70
1
  102
RTVSPost2010Prop46
  90
50
  102
RTVSPost2010PropOp46
  70
1
  102
RTVSPost2010Prop47
  90
50
  102
RTVSPost2010PropOp47
  70
1
  102
RTVSPost2010Prop48
  90
50
  102
RTVSPost2010PropOp48
  70
1
  102
RTVSPost2010Prop49
  280
0
  102
RTVSPost2010PropOp49
  70
1
  102
RTVSPost2010Prop50
  90
50
  102
RTVSPost2010PropOp50
  70
1
  102
RTVSPost2010Prop51ColorIndex
  90
256
  102
RTVSPost2010Prop51ColorRGB
  90
-16777216
  102
RTVSPost2010PropOp51
  70
0
  102
RTVSPost2010Prop52
  140
1
  102
RTVSPost2010PropOp52
  70
0
  102
RTVSPost2010Prop53
  90
2
  102
RTVSPost2010PropOp53
  70
1
  102
RTVSPost2010Prop54
  1
strokes_ogs.tif
  102
RTVSPost2010PropOp54
  70
1
  102
RTVSPost2010Prop55
  280
0
  102
RTVSPost2010PropOp55
  70
1
  102
RTVSPost2010Prop56
  140
1
  102
RTVSPost2010PropOp56
  70
1
  102
RTVSPost2010Prop57
  140
1
  102
RTVSPost2010PropOp57
  70
1
  102
RTVSPropertyOp0
  70
0
  102
RTVSPropertyOp1
  70
0
  102
RTVSPropertyOp2
  70
0
  102
RTVSPropertyOp3
  70
0
  102
RTVSPropertyOp4
  70
0
  102
RTVSPropertyOp5
  70
0
  102
RTVSPropertyOp6
  70
0
  102
RTVSPropertyOp7
  70
0
  102
RTVSPropertyOp8
  70
0
  102
RTVSPropertyOp9
  70
0
  102
RTVSPropertyOp10
  70
0
  102
RTVSPropertyOp11
  70
0
  102
RTVSPropertyOp12
  70
0
  102
RTVSPropertyOp13
  70
0
  102
RTVSPropertyOp14
  70
2
  102
RTVSPropertyOp15
  70
0
  102
RTVSPropertyOp16
  70
0
  102
RTVSPropertyOp17
  70
0
  102
RTVSPropertyOp18
  70
0
  102
RTVSPropertyOp19
  70
0
  102
RTVSPropertyOp20
  70
0
  102
RTVSPropertyOp21
  70
0
  102
RTVSPropertyOp22
  70
0
  102
RTVSPropertyOp23
  70
0
  102
RTVSPropertyOp24
  70
0
  102
RTVSPropertyOp25
  70
0
  102
RTVSPropertyOp26
  70
0
  102
RTVSPropertyOp27
  70
0
  102
RTVSPropertyOp28
  70
1
  102
RTVSPropertyOp29
  70
1
  102
RTVSPropertyOp30
  70
1
  102
RTVSPropertyOp31
  70
1
  102
RTVSPropertyOp32
  70
1
  102
RTVSPropertyOp33
  70
1
  102
RTVSPropertyOp34
  70
1
  102
RTVSPropertyOp35
  70
1
  102
RTVSPropertyOp36
  70
1
  102
RTVSPropertyOp37
  70
1
  102
RTVSPropertyOp38
  70
1
  102
RTVSPropertyOp39
  70
1
  102
RTVSPropertyOp40
  70
1
  102
RTVSPropertyOp41
  70
1
  102
RTVSPropertyOp42
  70
1
  102
RTVSPropertyOp43
  70
1
  102
RTVSPropertyOp44
  70
1
  102
RTVSPropertyOp45
  70
1
  102
RTVSPropertyOp46
  70
1
  102
RTVSPropertyOp47
  70
1
  102
RTVSPropertyOp48
  70
1
  102
RTVSPropertyOp49
  70
1
  102
RTVSPropertyOp50
  70
1
  102
RTVSPropertyOp51
  70
0
  102
RTVSPropertyOp52
  70
0
  102
RTVSPropertyOp53
  70
1
  102
RTVSPropertyOp54
  70
1
  102
RTVSPropertyOp55
  70
1
  102
RTVSPropertyOp56
  70
1
  102
RTVSPropertyOp57
  70
1
  102
RTVSPropertyOp58
  70
1
  102
RTVSPropertyOp59
  70
1
  102
RTVSPropertyOp60
  70
1
  102
RTVSPropertyOp61
  70
1
  102
RTVSPropertyOp62
  70
1
  0
XRECORD
  5
325
  102
{ACAD_REACTORS
  330
324
  102
}
  330
324
  100
AcDbXrecord
  280
1
  102
RTVSPost2010Prop28
  280
0
  102
RTVSPost2010PropOp28
  70
1
  102
RTVSPost2010Prop29
  280
1
  102
RTVSPost2010PropOp29
  70
1
  102
RTVSPost2010Prop30
  280
1
  102
RTVSPost2010PropOp30
  70
1
  102
RTVSPost2010Prop31
  280
0
  102
RTVSPost2010PropOp31
  70
1
  102
RTVSPost2010Prop32
  280
0
  102
RTVSPost2010PropOp32
  70
1
  102
RTVSPost2010Prop33
  280
0
  102
RTVSPost2010PropOp33
  70
1
  102
RTVSPost2010Prop34
  280
0
  102
RTVSPost2010PropOp34
  70
1
  102
RTVSPost2010Prop35
  280
0
  102
RTVSPost2010PropOp35
  70
1
  102
RTVSPost2010Prop36
  280
0
  102
RTVSPost2010PropOp36
  70
1
  102
RTVSPost2010Prop37
  90
50
  102
RTVSPost2010PropOp37
  70
1
  102
RTVSPost2010Prop38
  140
0
  102
RTVSPost2010PropOp38
  70
1
  102
RTVSPost2010Prop39
  140
1
  102
RTVSPost2010PropOp39
  70
1
  102
RTVSPost2010Prop40
  90
0
  102
RTVSPost2010PropOp40
  70
1
  102
RTVSPost2010Prop41ColorIndex
  90
18
  102
RTVSPost2010Prop41ColorRGB
  90
0
  102
RTVSPost2010PropOp41
  70
1
  102
RTVSPost2010Prop42
  90
50
  102
RTVSPost2010PropOp42
  70
1
  102
RTVSPost2010Prop43
  90
3
  102
RTVSPost2010PropOp43
  70
1
  102
RTVSPost2010Prop44ColorIndex
  90
5
  102
RTVSPost2010Prop44ColorRGB
  90
255
  102
RTVSPost2010PropOp44
  70
1
  102
RTVSPost2010Prop45
  280
0
  102
RTVSPost2010PropOp45
  70
1
  102
RTVSPost2010Prop46
  90
50
  102
RTVSPost2010PropOp46
  70
1
  102
RTVSPost2010Prop47
  90
50
  102
RTVSPost2010PropOp47
  70
1
  102
RTVSPost2010Prop48
  90
50
  102
RTVSPost2010PropOp48
  70
1
  102
RTVSPost2010Prop49
  280
0
  102
RTVSPost2010PropOp49
  70
1
  102
RTVSPost2010Prop50
  90
50
  102
RTVSPost2010PropOp50
  70
1
  102
RTVSPost2010Prop51ColorIndex
  90
256
  102
RTVSPost2010Prop51ColorRGB
  90
-16777216
  102
RTVSPost2010PropOp51
  70
0
  102
RTVSPost2010Prop52
  140
1
  102
RTVSPost2010PropOp52
  70
0
  102
RTVSPost2010Prop53
  90
2
  102
RTVSPost2010PropOp53
  70
1
  102
RTVSPost2010Prop54
  1
strokes_ogs.tif
  102
RTVSPost2010PropOp54
  70
1
  102
RTVSPost2010Prop55
  280
0
  102
RTVSPost2010PropOp55
  70
1
  102
RTVSPost2010Prop56
  140
1
  102
RTVSPost2010PropOp56
  70
1
  102
RTVSPost2010Prop57
  140
1
  102
RTVSPost2010PropOp57
  70
1
  102
RTVSPropertyOp0
  70
1
  102
RTVSPropertyOp1
  70
1
  102
RTVSPropertyOp2
  70
1
  102
RTVSPropertyOp3
  70
1
  102
RTVSPropertyOp4
  70
1
  102
RTVSPropertyOp5
  70
1
  102
RTVSPropertyOp6
  70
1
  102
RTVSPropertyOp7
  70
1
  102
RTVSPropertyOp8
  70
1
  102
RTVSPropertyOp9
  70
1
  102
RTVSPropertyOp10
  70
1
  102
RTVSPropertyOp11
  70
1
  102
RTVSPropertyOp12
  70
1
  102
RTVSPropertyOp13
  70
1
  102
RTVSPropertyOp14
  70
1
  102
RTVSPropertyOp15
  70
1
  102
RTVSPropertyOp16
  70
1
  102
RTVSPropertyOp17
  70
1
  102
RTVSPropertyOp18
  70
1
  102
RTVSPropertyOp19
  70
1
  102
RTVSPropertyOp20
  70
1
  102
RTVSPropertyOp21
  70
1
  102
RTVSPropertyOp22
  70
1
  102
RTVSPropertyOp23
  70
1
  102
RTVSPropertyOp24
  70
1
  102
RTVSPropertyOp25
  70
1
  102
RTVSPropertyOp26
  70
1
  102
RTVSPropertyOp27
  70
1
  102
RTVSPropertyOp28
  70
1
  102
RTVSPropertyOp29
  70
1
  102
RTVSPropertyOp30
  70
1
  102
RTVSPropertyOp31
  70
1
  102
RTVSPropertyOp32
  70
1
  102
RTVSPropertyOp33
  70
1
  102
RTVSPropertyOp34
  70
1
  102
RTVSPropertyOp35
  70
1
  102
RTVSPropertyOp36
  70
1
  102
RTVSPropertyOp37
  70
1
  102
RTVSPropertyOp38
  70
1
  102
RTVSPropertyOp39
  70
1
  102
RTVSPropertyOp40
  70
1
  102
RTVSPropertyOp41
  70
1
  102
RTVSPropertyOp42
  70
1
  102
RTVSPropertyOp43
  70
1
  102
RTVSPropertyOp44
  70
1
  102
RTVSPropertyOp45
  70
1
  102
RTVSPropertyOp46
  70
1
  102
RTVSPropertyOp47
  70
1
  102
RTVSPropertyOp48
  70
1
  102
RTVSPropertyOp49
  70
1
  102
RTVSPropertyOp50
  70
1
  102
RTVSPropertyOp51
  70
0
  102
RTVSPropertyOp52
  70
0
  102
RTVSPropertyOp53
  70
1
  102
RTVSPropertyOp54
  70
1
  102
RTVSPropertyOp55
  70
1
  102
RTVSPropertyOp56
  70
1
  102
RTVSPropertyOp57
  70
1
  102
RTVSPropertyOp58
  70
1
  102
RTVSPropertyOp59
  70
1
  102
RTVSPropertyOp60
  70
1
  102
RTVSPropertyOp61
  70
1
  102
RTVSPropertyOp62
  70
1
  0
XRECORD
  5
32D
  102
{ACAD_REACTORS
  330
32C
  102
}
  330
32C
  100
AcDbXrecord
  280
1
  102
RTVSPost2010Prop28
  280
0
  102
RTVSPost2010PropOp28
  70
1
  102
RTVSPost2010Prop29
  280
1
  102
RTVSPost2010PropOp29
  70
1
  102
RTVSPost2010Prop30
  280
1
  102
RTVSPost2010PropOp30
  70
1
  102
RTVSPost2010Prop31
  280
0
  102
RTVSPost2010PropOp31
  70
1
  102
RTVSPost2010Prop32
  280
0
  102
RTVSPost2010PropOp32
  70
1
  102
RTVSPost2010Prop33
  280
0
  102
RTVSPost2010PropOp33
  70
1
  102
RTVSPost2010Prop34
  280
0
  102
RTVSPost2010PropOp34
  70
1
  102
RTVSPost2010Prop35
  280
0
  102
RTVSPost2010PropOp35
  70
1
  102
RTVSPost2010Prop36
  280
0
  102
RTVSPost2010PropOp36
  70
1
  102
RTVSPost2010Prop37
  90
50
  102
RTVSPost2010PropOp37
  70
1
  102
RTVSPost2010Prop38
  140
0
  102
RTVSPost2010PropOp38
  70
1
  102
RTVSPost2010Prop39
  140
1
  102
RTVSPost2010PropOp39
  70
1
  102
RTVSPost2010Prop40
  90
0
  102
RTVSPost2010PropOp40
  70
1
  102
RTVSPost2010Prop41ColorIndex
  90
18
  102
RTVSPost2010Prop41ColorRGB
  90
0
  102
RTVSPost2010PropOp41
  70
1
  102
RTVSPost2010Prop42
  90
50
  102
RTVSPost2010PropOp42
  70
1
  102
RTVSPost2010Prop43
  90
3
  102
RTVSPost2010PropOp43
  70
1
  102
RTVSPost2010Prop44ColorIndex
  90
5
  102
RTVSPost2010Prop44ColorRGB
  90
255
  102
RTVSPost2010PropOp44
  70
1
  102
RTVSPost2010Prop45
  280
0
  102
RTVSPost2010PropOp45
  70
1
  102
RTVSPost2010Prop46
  90
50
  102
RTVSPost2010PropOp46
  70
1
  102
RTVSPost2010Prop47
  90
50
  102
RTVSPost2010PropOp47
  70
1
  102
RTVSPost2010Prop48
  90
50
  102
RTVSPost2010PropOp48
  70
1
  102
RTVSPost2010Prop49
  280
0
  102
RTVSPost2010PropOp49
  70
1
  102
RTVSPost2010Prop50
  90
50
  102
RTVSPost2010PropOp50
  70
1
  102
RTVSPost2010Prop51ColorIndex
  90
256
  102
RTVSPost2010Prop51ColorRGB
  90
-16777216
  102
RTVSPost2010PropOp51
  70
0
  102
RTVSPost2010Prop52
  140
1
  102
RTVSPost2010PropOp52
  70
0
  102
RTVSPost2010Prop53
  90
2
  102
RTVSPost2010PropOp53
  70
1
  102
RTVSPost2010Prop54
  1
strokes_ogs.tif
  102
RTVSPost2010PropOp54
  70
1
  102
RTVSPost2010Prop55
  280
0
  102
RTVSPost2010PropOp55
  70
1
  102
RTVSPost2010Prop56
  140
1
  102
RTVSPost2010PropOp56
  70
1
  102
RTVSPost2010Prop57
  140
1
  102
RTVSPost2010PropOp57
  70
1
  102
RTVSPropertyOp0
  70
0
  102
RTVSPropertyOp1
  70
0
  102
RTVSPropertyOp2
  70
0
  102
RTVSPropertyOp3
  70
0
  102
RTVSPropertyOp4
  70
0
  102
RTVSPropertyOp5
  70
0
  102
RTVSPropertyOp6
  70
0
  102
RTVSPropertyOp7
  70
0
  102
RTVSPropertyOp8
  70
0
  102
RTVSPropertyOp9
  70
0
  102
RTVSPropertyOp10
  70
0
  102
RTVSPropertyOp11
  70
0
  102
RTVSPropertyOp12
  70
0
  102
RTVSPropertyOp13
  70
0
  102
RTVSPropertyOp14
  70
2
  102
RTVSPropertyOp15
  70
0
  102
RTVSPropertyOp16
  70
0
  102
RTVSPropertyOp17
  70
0
  102
RTVSPropertyOp18
  70
0
  102
RTVSPropertyOp19
  70
0
  102
RTVSPropertyOp20
  70
0
  102
RTVSPropertyOp21
  70
0
  102
RTVSPropertyOp22
  70
0
  102
RTVSPropertyOp23
  70
0
  102
RTVSPropertyOp24
  70
0
  102
RTVSPropertyOp25
  70
0
  102
RTVSPropertyOp26
  70
0
  102
RTVSPropertyOp27
  70
0
  102
RTVSPropertyOp28
  70
1
  102
RTVSPropertyOp29
  70
1
  102
RTVSPropertyOp30
  70
1
  102
RTVSPropertyOp31
  70
1
  102
RTVSPropertyOp32
  70
1
  102
RTVSPropertyOp33
  70
1
  102
RTVSPropertyOp34
  70
1
  102
RTVSPropertyOp35
  70
1
  102
RTVSPropertyOp36
  70
1
  102
RTVSPropertyOp37
  70
1
  102
RTVSPropertyOp38
  70
1
  102
RTVSPropertyOp39
  70
1
  102
RTVSPropertyOp40
  70
1
  102
RTVSPropertyOp41
  70
1
  102
RTVSPropertyOp42
  70
1
  102
RTVSPropertyOp43
  70
1
  102
RTVSPropertyOp44
  70
1
  102
RTVSPropertyOp45
  70
1
  102
RTVSPropertyOp46
  70
1
  102
RTVSPropertyOp47
  70
1
  102
RTVSPropertyOp48
  70
1
  102
RTVSPropertyOp49
  70
1
  102
RTVSPropertyOp50
  70
1
  102
RTVSPropertyOp51
  70
0
  102
RTVSPropertyOp52
  70
0
  102
RTVSPropertyOp53
  70
1
  102
RTVSPropertyOp54
  70
1
  102
RTVSPropertyOp55
  70
1
  102
RTVSPropertyOp56
  70
1
  102
RTVSPropertyOp57
  70
1
  102
RTVSPropertyOp58
  70
1
  102
RTVSPropertyOp59
  70
1
  102
RTVSPropertyOp60
  70
1
  102
RTVSPropertyOp61
  70
1
  102
RTVSPropertyOp62
  70
1
  0
XRECORD
  5
31D
  102
{ACAD_REACTORS
  330
31C
  102
}
  330
31C
  100
AcDbXrecord
  280
1
  102
RTVSPost2010Prop28
  280
0
  102
RTVSPost2010PropOp28
  70
1
  102
RTVSPost2010Prop29
  280
1
  102
RTVSPost2010PropOp29
  70
1
  102
RTVSPost2010Prop30
  280
1
  102
RTVSPost2010PropOp30
  70
1
  102
RTVSPost2010Prop31
  280
0
  102
RTVSPost2010PropOp31
  70
1
  102
RTVSPost2010Prop32
  280
0
  102
RTVSPost2010PropOp32
  70
1
  102
RTVSPost2010Prop33
  280
0
  102
RTVSPost2010PropOp33
  70
1
  102
RTVSPost2010Prop34
  280
0
  102
RTVSPost2010PropOp34
  70
1
  102
RTVSPost2010Prop35
  280
0
  102
RTVSPost2010PropOp35
  70
1
  102
RTVSPost2010Prop36
  280
0
  102
RTVSPost2010PropOp36
  70
1
  102
RTVSPost2010Prop37
  90
50
  102
RTVSPost2010PropOp37
  70
1
  102
RTVSPost2010Prop38
  140
0
  102
RTVSPost2010PropOp38
  70
1
  102
RTVSPost2010Prop39
  140
1
  102
RTVSPost2010PropOp39
  70
1
  102
RTVSPost2010Prop40
  90
0
  102
RTVSPost2010PropOp40
  70
1
  102
RTVSPost2010Prop41ColorIndex
  90
18
  102
RTVSPost2010Prop41ColorRGB
  90
0
  102
RTVSPost2010PropOp41
  70
1
  102
RTVSPost2010Prop42
  90
50
  102
RTVSPost2010PropOp42
  70
1
  102
RTVSPost2010Prop43
  90
3
  102
RTVSPost2010PropOp43
  70
1
  102
RTVSPost2010Prop44ColorIndex
  90
5
  102
RTVSPost2010Prop44ColorRGB
  90
255
  102
RTVSPost2010PropOp44
  70
1
  102
RTVSPost2010Prop45
  280
0
  102
RTVSPost2010PropOp45
  70
1
  102
RTVSPost2010Prop46
  90
50
  102
RTVSPost2010PropOp46
  70
1
  102
RTVSPost2010Prop47
  90
50
  102
RTVSPost2010PropOp47
  70
1
  102
RTVSPost2010Prop48
  90
50
  102
RTVSPost2010PropOp48
  70
1
  102
RTVSPost2010Prop49
  280
0
  102
RTVSPost2010PropOp49
  70
1
  102
RTVSPost2010Prop50
  90
50
  102
RTVSPost2010PropOp50
  70
1
  102
RTVSPost2010Prop51ColorIndex
  90
256
  102
RTVSPost2010Prop51ColorRGB
  90
-16777216
  102
RTVSPost2010PropOp51
  70
0
  102
RTVSPost2010Prop52
  140
1
  102
RTVSPost2010PropOp52
  70
0
  102
RTVSPost2010Prop53
  90
2
  102
RTVSPost2010PropOp53
  70
1
  102
RTVSPost2010Prop54
  1
strokes_ogs.tif
  102
RTVSPost2010PropOp54
  70
1
  102
RTVSPost2010Prop55
  280
0
  102
RTVSPost2010PropOp55
  70
1
  102
RTVSPost2010Prop56
  140
1
  102
RTVSPost2010PropOp56
  70
1
  102
RTVSPost2010Prop57
  140
1
  102
RTVSPost2010PropOp57
  70
1
  102
RTVSPropertyOp0
  70
1
  102
RTVSPropertyOp1
  70
1
  102
RTVSPropertyOp2
  70
1
  102
RTVSPropertyOp3
  70
1
  102
RTVSPropertyOp4
  70
1
  102
RTVSPropertyOp5
  70
1
  102
RTVSPropertyOp6
  70
1
  102
RTVSPropertyOp7
  70
1
  102
RTVSPropertyOp8
  70
1
  102
RTVSPropertyOp9
  70
1
  102
RTVSPropertyOp10
  70
1
  102
RTVSPropertyOp11
  70
1
  102
RTVSPropertyOp12
  70
1
  102
RTVSPropertyOp13
  70
1
  102
RTVSPropertyOp14
  70
1
  102
RTVSPropertyOp15
  70
1
  102
RTVSPropertyOp16
  70
1
  102
RTVSPropertyOp17
  70
1
  102
RTVSPropertyOp18
  70
1
  102
RTVSPropertyOp19
  70
1
  102
RTVSPropertyOp20
  70
1
  102
RTVSPropertyOp21
  70
1
  102
RTVSPropertyOp22
  70
1
  102
RTVSPropertyOp23
  70
1
  102
RTVSPropertyOp24
  70
1
  102
RTVSPropertyOp25
  70
1
  102
RTVSPropertyOp26
  70
1
  102
RTVSPropertyOp27
  70
1
  102
RTVSPropertyOp28
  70
1
  102
RTVSPropertyOp29
  70
1
  102
RTVSPropertyOp30
  70
1
  102
RTVSPropertyOp31
  70
1
  102
RTVSPropertyOp32
  70
1
  102
RTVSPropertyOp33
  70
1
  102
RTVSPropertyOp34
  70
1
  102
RTVSPropertyOp35
  70
1
  102
RTVSPropertyOp36
  70
1
  102
RTVSPropertyOp37
  70
1
  102
RTVSPropertyOp38
  70
1
  102
RTVSPropertyOp39
  70
1
  102
RTVSPropertyOp40
  70
1
  102
RTVSPropertyOp41
  70
1
  102
RTVSPropertyOp42
  70
1
  102
RTVSPropertyOp43
  70
1
  102
RTVSPropertyOp44
  70
1
  102
RTVSPropertyOp45
  70
1
  102
RTVSPropertyOp46
  70
1
  102
RTVSPropertyOp47
  70
1
  102
RTVSPropertyOp48
  70
1
  102
RTVSPropertyOp49
  70
1
  102
RTVSPropertyOp50
  70
1
  102
RTVSPropertyOp51
  70
0
  102
RTVSPropertyOp52
  70
0
  102
RTVSPropertyOp53
  70
1
  102
RTVSPropertyOp54
  70
1
  102
RTVSPropertyOp55
  70
1
  102
RTVSPropertyOp56
  70
1
  102
RTVSPropertyOp57
  70
1
  102
RTVSPropertyOp58
  70
1
  102
RTVSPropertyOp59
  70
1
  102
RTVSPropertyOp60
  70
1
  102
RTVSPropertyOp61
  70
1
  102
RTVSPropertyOp62
  70
1
  0
XRECORD
  5
339
  102
{ACAD_REACTORS
  330
338
  102
}
  330
338
  100
AcDbXrecord
  280
1
  102
RTVSPost2010Prop28
  280
0
  102
RTVSPost2010PropOp28
  70
1
  102
RTVSPost2010Prop29
  280
1
  102
RTVSPost2010PropOp29
  70
1
  102
RTVSPost2010Prop30
  280
1
  102
RTVSPost2010PropOp30
  70
1
  102
RTVSPost2010Prop31
  280
0
  102
RTVSPost2010PropOp31
  70
1
  102
RTVSPost2010Prop32
  280
0
  102
RTVSPost2010PropOp32
  70
1
  102
RTVSPost2010Prop33
  280
0
  102
RTVSPost2010PropOp33
  70
1
  102
RTVSPost2010Prop34
  280
0
  102
RTVSPost2010PropOp34
  70
1
  102
RTVSPost2010Prop35
  280
0
  102
RTVSPost2010PropOp35
  70
1
  102
RTVSPost2010Prop36
  280
0
  102
RTVSPost2010PropOp36
  70
1
  102
RTVSPost2010Prop37
  90
50
  102
RTVSPost2010PropOp37
  70
1
  102
RTVSPost2010Prop38
  140
0
  102
RTVSPost2010PropOp38
  70
1
  102
RTVSPost2010Prop39
  140
1
  102
RTVSPost2010PropOp39
  70
1
  102
RTVSPost2010Prop40
  90
0
  102
RTVSPost2010PropOp40
  70
1
  102
RTVSPost2010Prop41ColorIndex
  90
18
  102
RTVSPost2010Prop41ColorRGB
  90
0
  102
RTVSPost2010PropOp41
  70
1
  102
RTVSPost2010Prop42
  90
50
  102
RTVSPost2010PropOp42
  70
1
  102
RTVSPost2010Prop43
  90
3
  102
RTVSPost2010PropOp43
  70
1
  102
RTVSPost2010Prop44ColorIndex
  90
5
  102
RTVSPost2010Prop44ColorRGB
  90
255
  102
RTVSPost2010PropOp44
  70
1
  102
RTVSPost2010Prop45
  280
0
  102
RTVSPost2010PropOp45
  70
1
  102
RTVSPost2010Prop46
  90
50
  102
RTVSPost2010PropOp46
  70
1
  102
RTVSPost2010Prop47
  90
50
  102
RTVSPost2010PropOp47
  70
1
  102
RTVSPost2010Prop48
  90
50
  102
RTVSPost2010PropOp48
  70
1
  102
RTVSPost2010Prop49
  280
0
  102
RTVSPost2010PropOp49
  70
1
  102
RTVSPost2010Prop50
  90
50
  102
RTVSPost2010PropOp50
  70
1
  102
RTVSPost2010Prop51ColorIndex
  90
256
  102
RTVSPost2010Prop51ColorRGB
  90
-16777216
  102
RTVSPost2010PropOp51
  70
0
  102
RTVSPost2010Prop52
  140
1
  102
RTVSPost2010PropOp52
  70
0
  102
RTVSPost2010Prop53
  90
2
  102
RTVSPost2010PropOp53
  70
1
  102
RTVSPost2010Prop54
  1
strokes_ogs.tif
  102
RTVSPost2010PropOp54
  70
1
  102
RTVSPost2010Prop55
  280
0
  102
RTVSPost2010PropOp55
  70
1
  102
RTVSPost2010Prop56
  140
1
  102
RTVSPost2010PropOp56
  70
1
  102
RTVSPost2010Prop57
  140
1
  102
RTVSPost2010PropOp57
  70
1
  102
RTVSPropertyOp0
  70
1
  102
RTVSPropertyOp1
  70
1
  102
RTVSPropertyOp2
  70
1
  102
RTVSPropertyOp3
  70
1
  102
RTVSPropertyOp4
  70
1
  102
RTVSPropertyOp5
  70
1
  102
RTVSPropertyOp6
  70
1
  102
RTVSPropertyOp7
  70
1
  102
RTVSPropertyOp8
  70
1
  102
RTVSPropertyOp9
  70
1
  102
RTVSPropertyOp10
  70
1
  102
RTVSPropertyOp11
  70
1
  102
RTVSPropertyOp12
  70
1
  102
RTVSPropertyOp13
  70
1
  102
RTVSPropertyOp14
  70
1
  102
RTVSPropertyOp15
  70
1
  102
RTVSPropertyOp16
  70
1
  102
RTVSPropertyOp17
  70
1
  102
RTVSPropertyOp18
  70
1
  102
RTVSPropertyOp19
  70
1
  102
RTVSPropertyOp20
  70
1
  102
RTVSPropertyOp21
  70
1
  102
RTVSPropertyOp22
  70
1
  102
RTVSPropertyOp23
  70
1
  102
RTVSPropertyOp24
  70
1
  102
RTVSPropertyOp25
  70
1
  102
RTVSPropertyOp26
  70
1
  102
RTVSPropertyOp27
  70
1
  102
RTVSPropertyOp28
  70
1
  102
RTVSPropertyOp29
  70
1
  102
RTVSPropertyOp30
  70
1
  102
RTVSPropertyOp31
  70
1
  102
RTVSPropertyOp32
  70
1
  102
RTVSPropertyOp33
  70
1
  102
RTVSPropertyOp34
  70
1
  102
RTVSPropertyOp35
  70
1
  102
RTVSPropertyOp36
  70
1
  102
RTVSPropertyOp37
  70
1
  102
RTVSPropertyOp38
  70
1
  102
RTVSPropertyOp39
  70
1
  102
RTVSPropertyOp40
  70
1
  102
RTVSPropertyOp41
  70
1
  102
RTVSPropertyOp42
  70
1
  102
RTVSPropertyOp43
  70
1
  102
RTVSPropertyOp44
  70
1
  102
RTVSPropertyOp45
  70
1
  102
RTVSPropertyOp46
  70
1
  102
RTVSPropertyOp47
  70
1
  102
RTVSPropertyOp48
  70
1
  102
RTVSPropertyOp49
  70
1
  102
RTVSPropertyOp50
  70
1
  102
RTVSPropertyOp51
  70
0
  102
RTVSPropertyOp52
  70
0
  102
RTVSPropertyOp53
  70
1
  102
RTVSPropertyOp54
  70
1
  102
RTVSPropertyOp55
  70
1
  102
RTVSPropertyOp56
  70
1
  102
RTVSPropertyOp57
  70
1
  102
RTVSPropertyOp58
  70
1
  102
RTVSPropertyOp59
  70
1
  102
RTVSPropertyOp60
  70
1
  102
RTVSPropertyOp61
  70
1
  102
RTVSPropertyOp62
  70
1
  0
XRECORD
  5
337
  102
{ACAD_REACTORS
  330
336
  102
}
  330
336
  100
AcDbXrecord
  280
1
  102
RTVSPost2010Prop28
  280
0
  102
RTVSPost2010PropOp28
  70
1
  102
RTVSPost2010Prop29
  280
1
  102
RTVSPost2010PropOp29
  70
1
  102
RTVSPost2010Prop30
  280
1
  102
RTVSPost2010PropOp30
  70
1
  102
RTVSPost2010Prop31
  280
0
  102
RTVSPost2010PropOp31
  70
1
  102
RTVSPost2010Prop32
  280
0
  102
RTVSPost2010PropOp32
  70
1
  102
RTVSPost2010Prop33
  280
0
  102
RTVSPost2010PropOp33
  70
1
  102
RTVSPost2010Prop34
  280
0
  102
RTVSPost2010PropOp34
  70
1
  102
RTVSPost2010Prop35
  280
0
  102
RTVSPost2010PropOp35
  70
1
  102
RTVSPost2010Prop36
  280
0
  102
RTVSPost2010PropOp36
  70
1
  102
RTVSPost2010Prop37
  90
50
  102
RTVSPost2010PropOp37
  70
1
  102
RTVSPost2010Prop38
  140
0
  102
RTVSPost2010PropOp38
  70
1
  102
RTVSPost2010Prop39
  140
1
  102
RTVSPost2010PropOp39
  70
1
  102
RTVSPost2010Prop40
  90
0
  102
RTVSPost2010PropOp40
  70
1
  102
RTVSPost2010Prop41ColorIndex
  90
18
  102
RTVSPost2010Prop41ColorRGB
  90
0
  102
RTVSPost2010PropOp41
  70
1
  102
RTVSPost2010Prop42
  90
50
  102
RTVSPost2010PropOp42
  70
1
  102
RTVSPost2010Prop43
  90
3
  102
RTVSPost2010PropOp43
  70
1
  102
RTVSPost2010Prop44ColorIndex
  90
5
  102
RTVSPost2010Prop44ColorRGB
  90
255
  102
RTVSPost2010PropOp44
  70
1
  102
RTVSPost2010Prop45
  280
0
  102
RTVSPost2010PropOp45
  70
1
  102
RTVSPost2010Prop46
  90
50
  102
RTVSPost2010PropOp46
  70
1
  102
RTVSPost2010Prop47
  90
50
  102
RTVSPost2010PropOp47
  70
1
  102
RTVSPost2010Prop48
  90
50
  102
RTVSPost2010PropOp48
  70
1
  102
RTVSPost2010Prop49
  280
0
  102
RTVSPost2010PropOp49
  70
1
  102
RTVSPost2010Prop50
  90
50
  102
RTVSPost2010PropOp50
  70
1
  102
RTVSPost2010Prop51ColorIndex
  90
256
  102
RTVSPost2010Prop51ColorRGB
  90
-16777216
  102
RTVSPost2010PropOp51
  70
0
  102
RTVSPost2010Prop52
  140
1
  102
RTVSPost2010PropOp52
  70
0
  102
RTVSPost2010Prop53
  90
2
  102
RTVSPost2010PropOp53
  70
1
  102
RTVSPost2010Prop54
  1
strokes_ogs.tif
  102
RTVSPost2010PropOp54
  70
1
  102
RTVSPost2010Prop55
  280
0
  102
RTVSPost2010PropOp55
  70
1
  102
RTVSPost2010Prop56
  140
1
  102
RTVSPost2010PropOp56
  70
1
  102
RTVSPost2010Prop57
  140
1
  102
RTVSPost2010PropOp57
  70
1
  102
RTVSPropertyOp0
  70
1
  102
RTVSPropertyOp1
  70
1
  102
RTVSPropertyOp2
  70
1
  102
RTVSPropertyOp3
  70
1
  102
RTVSPropertyOp4
  70
1
  102
RTVSPropertyOp5
  70
1
  102
RTVSPropertyOp6
  70
1
  102
RTVSPropertyOp7
  70
1
  102
RTVSPropertyOp8
  70
1
  102
RTVSPropertyOp9
  70
1
  102
RTVSPropertyOp10
  70
1
  102
RTVSPropertyOp11
  70
1
  102
RTVSPropertyOp12
  70
1
  102
RTVSPropertyOp13
  70
1
  102
RTVSPropertyOp14
  70
1
  102
RTVSPropertyOp15
  70
1
  102
RTVSPropertyOp16
  70
1
  102
RTVSPropertyOp17
  70
1
  102
RTVSPropertyOp18
  70
1
  102
RTVSPropertyOp19
  70
1
  102
RTVSPropertyOp20
  70
1
  102
RTVSPropertyOp21
  70
1
  102
RTVSPropertyOp22
  70
1
  102
RTVSPropertyOp23
  70
1
  102
RTVSPropertyOp24
  70
1
  102
RTVSPropertyOp25
  70
1
  102
RTVSPropertyOp26
  70
1
  102
RTVSPropertyOp27
  70
1
  102
RTVSPropertyOp28
  70
1
  102
RTVSPropertyOp29
  70
1
  102
RTVSPropertyOp30
  70
1
  102
RTVSPropertyOp31
  70
1
  102
RTVSPropertyOp32
  70
1
  102
RTVSPropertyOp33
  70
1
  102
RTVSPropertyOp34
  70
1
  102
RTVSPropertyOp35
  70
1
  102
RTVSPropertyOp36
  70
1
  102
RTVSPropertyOp37
  70
1
  102
RTVSPropertyOp38
  70
1
  102
RTVSPropertyOp39
  70
1
  102
RTVSPropertyOp40
  70
1
  102
RTVSPropertyOp41
  70
1
  102
RTVSPropertyOp42
  70
1
  102
RTVSPropertyOp43
  70
1
  102
RTVSPropertyOp44
  70
1
  102
RTVSPropertyOp45
  70
1
  102
RTVSPropertyOp46
  70
1
  102
RTVSPropertyOp47
  70
1
  102
RTVSPropertyOp48
  70
1
  102
RTVSPropertyOp49
  70
1
  102
RTVSPropertyOp50
  70
1
  102
RTVSPropertyOp51
  70
0
  102
RTVSPropertyOp52
  70
0
  102
RTVSPropertyOp53
  70
1
  102
RTVSPropertyOp54
  70
1
  102
RTVSPropertyOp55
  70
1
  102
RTVSPropertyOp56
  70
1
  102
RTVSPropertyOp57
  70
1
  102
RTVSPropertyOp58
  70
1
  102
RTVSPropertyOp59
  70
1
  102
RTVSPropertyOp60
  70
1
  102
RTVSPropertyOp61
  70
1
  102
RTVSPropertyOp62
  70
1
  0
XRECORD
  5
331
  102
{ACAD_REACTORS
  330
330
  102
}
  330
330
  100
AcDbXrecord
  280
1
  102
RTVSPost2010Prop28
  280
0
  102
RTVSPost2010PropOp28
  70
1
  102
RTVSPost2010Prop29
  280
1
  102
RTVSPost2010PropOp29
  70
1
  102
RTVSPost2010Prop30
  280
1
  102
RTVSPost2010PropOp30
  70
1
  102
RTVSPost2010Prop31
  280
0
  102
RTVSPost2010PropOp31
  70
1
  102
RTVSPost2010Prop32
  280
0
  102
RTVSPost2010PropOp32
  70
1
  102
RTVSPost2010Prop33
  280
0
  102
RTVSPost2010PropOp33
  70
1
  102
RTVSPost2010Prop34
  280
0
  102
RTVSPost2010PropOp34
  70
1
  102
RTVSPost2010Prop35
  280
0
  102
RTVSPost2010PropOp35
  70
1
  102
RTVSPost2010Prop36
  280
0
  102
RTVSPost2010PropOp36
  70
1
  102
RTVSPost2010Prop37
  90
50
  102
RTVSPost2010PropOp37
  70
1
  102
RTVSPost2010Prop38
  140
0
  102
RTVSPost2010PropOp38
  70
1
  102
RTVSPost2010Prop39
  140
1
  102
RTVSPost2010PropOp39
  70
1
  102
RTVSPost2010Prop40
  90
0
  102
RTVSPost2010PropOp40
  70
1
  102
RTVSPost2010Prop41ColorIndex
  90
18
  102
RTVSPost2010Prop41ColorRGB
  90
0
  102
RTVSPost2010PropOp41
  70
1
  102
RTVSPost2010Prop42
  90
50
  102
RTVSPost2010PropOp42
  70
1
  102
RTVSPost2010Prop43
  90
3
  102
RTVSPost2010PropOp43
  70
1
  102
RTVSPost2010Prop44ColorIndex
  90
5
  102
RTVSPost2010Prop44ColorRGB
  90
255
  102
RTVSPost2010PropOp44
  70
1
  102
RTVSPost2010Prop45
  280
0
  102
RTVSPost2010PropOp45
  70
1
  102
RTVSPost2010Prop46
  90
50
  102
RTVSPost2010PropOp46
  70
1
  102
RTVSPost2010Prop47
  90
50
  102
RTVSPost2010PropOp47
  70
1
  102
RTVSPost2010Prop48
  90
50
  102
RTVSPost2010PropOp48
  70
1
  102
RTVSPost2010Prop49
  280
0
  102
RTVSPost2010PropOp49
  70
1
  102
RTVSPost2010Prop50
  90
50
  102
RTVSPost2010PropOp50
  70
1
  102
RTVSPost2010Prop51ColorIndex
  90
256
  102
RTVSPost2010Prop51ColorRGB
  90
-16777216
  102
RTVSPost2010PropOp51
  70
0
  102
RTVSPost2010Prop52
  140
1
  102
RTVSPost2010PropOp52
  70
0
  102
RTVSPost2010Prop53
  90
2
  102
RTVSPost2010PropOp53
  70
1
  102
RTVSPost2010Prop54
  1
strokes_ogs.tif
  102
RTVSPost2010PropOp54
  70
1
  102
RTVSPost2010Prop55
  280
0
  102
RTVSPost2010PropOp55
  70
1
  102
RTVSPost2010Prop56
  140
1
  102
RTVSPost2010PropOp56
  70
1
  102
RTVSPost2010Prop57
  140
1
  102
RTVSPost2010PropOp57
  70
1
  102
RTVSPropertyOp0
  70
1
  102
RTVSPropertyOp1
  70
1
  102
RTVSPropertyOp2
  70
1
  102
RTVSPropertyOp3
  70
1
  102
RTVSPropertyOp4
  70
1
  102
RTVSPropertyOp5
  70
1
  102
RTVSPropertyOp6
  70
1
  102
RTVSPropertyOp7
  70
1
  102
RTVSPropertyOp8
  70
1
  102
RTVSPropertyOp9
  70
1
  102
RTVSPropertyOp10
  70
1
  102
RTVSPropertyOp11
  70
1
  102
RTVSPropertyOp12
  70
1
  102
RTVSPropertyOp13
  70
1
  102
RTVSPropertyOp14
  70
1
  102
RTVSPropertyOp15
  70
1
  102
RTVSPropertyOp16
  70
1
  102
RTVSPropertyOp17
  70
1
  102
RTVSPropertyOp18
  70
1
  102
RTVSPropertyOp19
  70
1
  102
RTVSPropertyOp20
  70
1
  102
RTVSPropertyOp21
  70
1
  102
RTVSPropertyOp22
  70
1
  102
RTVSPropertyOp23
  70
1
  102
RTVSPropertyOp24
  70
1
  102
RTVSPropertyOp25
  70
1
  102
RTVSPropertyOp26
  70
1
  102
RTVSPropertyOp27
  70
1
  102
RTVSPropertyOp28
  70
1
  102
RTVSPropertyOp29
  70
1
  102
RTVSPropertyOp30
  70
1
  102
RTVSPropertyOp31
  70
1
  102
RTVSPropertyOp32
  70
1
  102
RTVSPropertyOp33
  70
1
  102
RTVSPropertyOp34
  70
1
  102
RTVSPropertyOp35
  70
1
  102
RTVSPropertyOp36
  70
1
  102
RTVSPropertyOp37
  70
1
  102
RTVSPropertyOp38
  70
1
  102
RTVSPropertyOp39
  70
1
  102
RTVSPropertyOp40
  70
1
  102
RTVSPropertyOp41
  70
1
  102
RTVSPropertyOp42
  70
1
  102
RTVSPropertyOp43
  70
1
  102
RTVSPropertyOp44
  70
1
  102
RTVSPropertyOp45
  70
1
  102
RTVSPropertyOp46
  70
1
  102
RTVSPropertyOp47
  70
1
  102
RTVSPropertyOp48
  70
1
  102
RTVSPropertyOp49
  70
1
  102
RTVSPropertyOp50
  70
1
  102
RTVSPropertyOp51
  70
0
  102
RTVSPropertyOp52
  70
0
  102
RTVSPropertyOp53
  70
1
  102
RTVSPropertyOp54
  70
1
  102
RTVSPropertyOp55
  70
1
  102
RTVSPropertyOp56
  70
1
  102
RTVSPropertyOp57
  70
1
  102
RTVSPropertyOp58
  70
1
  102
RTVSPropertyOp59
  70
1
  102
RTVSPropertyOp60
  70
1
  102
RTVSPropertyOp61
  70
1
  102
RTVSPropertyOp62
  70
1
  0
XRECORD
  5
333
  102
{ACAD_REACTORS
  330
332
  102
}
  330
332
  100
AcDbXrecord
  280
1
  102
RTVSPost2010Prop28
  280
0
  102
RTVSPost2010PropOp28
  70
1
  102
RTVSPost2010Prop29
  280
1
  102
RTVSPost2010PropOp29
  70
1
  102
RTVSPost2010Prop30
  280
1
  102
RTVSPost2010PropOp30
  70
1
  102
RTVSPost2010Prop31
  280
0
  102
RTVSPost2010PropOp31
  70
1
  102
RTVSPost2010Prop32
  280
0
  102
RTVSPost2010PropOp32
  70
1
  102
RTVSPost2010Prop33
  280
0
  102
RTVSPost2010PropOp33
  70
1
  102
RTVSPost2010Prop34
  280
0
  102
RTVSPost2010PropOp34
  70
1
  102
RTVSPost2010Prop35
  280
0
  102
RTVSPost2010PropOp35
  70
1
  102
RTVSPost2010Prop36
  280
0
  102
RTVSPost2010PropOp36
  70
1
  102
RTVSPost2010Prop37
  90
50
  102
RTVSPost2010PropOp37
  70
1
  102
RTVSPost2010Prop38
  140
0
  102
RTVSPost2010PropOp38
  70
1
  102
RTVSPost2010Prop39
  140
1
  102
RTVSPost2010PropOp39
  70
1
  102
RTVSPost2010Prop40
  90
0
  102
RTVSPost2010PropOp40
  70
1
  102
RTVSPost2010Prop41ColorIndex
  90
18
  102
RTVSPost2010Prop41ColorRGB
  90
0
  102
RTVSPost2010PropOp41
  70
1
  102
RTVSPost2010Prop42
  90
50
  102
RTVSPost2010PropOp42
  70
1
  102
RTVSPost2010Prop43
  90
3
  102
RTVSPost2010PropOp43
  70
1
  102
RTVSPost2010Prop44ColorIndex
  90
5
  102
RTVSPost2010Prop44ColorRGB
  90
255
  102
RTVSPost2010PropOp44
  70
1
  102
RTVSPost2010Prop45
  280
0
  102
RTVSPost2010PropOp45
  70
1
  102
RTVSPost2010Prop46
  90
50
  102
RTVSPost2010PropOp46
  70
1
  102
RTVSPost2010Prop47
  90
50
  102
RTVSPost2010PropOp47
  70
1
  102
RTVSPost2010Prop48
  90
50
  102
RTVSPost2010PropOp48
  70
1
  102
RTVSPost2010Prop49
  280
0
  102
RTVSPost2010PropOp49
  70
1
  102
RTVSPost2010Prop50
  90
50
  102
RTVSPost2010PropOp50
  70
1
  102
RTVSPost2010Prop51ColorIndex
  90
256
  102
RTVSPost2010Prop51ColorRGB
  90
-16777216
  102
RTVSPost2010PropOp51
  70
0
  102
RTVSPost2010Prop52
  140
1
  102
RTVSPost2010PropOp52
  70
0
  102
RTVSPost2010Prop53
  90
2
  102
RTVSPost2010PropOp53
  70
1
  102
RTVSPost2010Prop54
  1
strokes_ogs.tif
  102
RTVSPost2010PropOp54
  70
1
  102
RTVSPost2010Prop55
  280
0
  102
RTVSPost2010PropOp55
  70
1
  102
RTVSPost2010Prop56
  140
1
  102
RTVSPost2010PropOp56
  70
1
  102
RTVSPost2010Prop57
  140
1
  102
RTVSPost2010PropOp57
  70
1
  102
RTVSPropertyOp0
  70
1
  102
RTVSPropertyOp1
  70
1
  102
RTVSPropertyOp2
  70
1
  102
RTVSPropertyOp3
  70
1
  102
RTVSPropertyOp4
  70
1
  102
RTVSPropertyOp5
  70
1
  102
RTVSPropertyOp6
  70
1
  102
RTVSPropertyOp7
  70
1
  102
RTVSPropertyOp8
  70
1
  102
RTVSPropertyOp9
  70
1
  102
RTVSPropertyOp10
  70
1
  102
RTVSPropertyOp11
  70
1
  102
RTVSPropertyOp12
  70
1
  102
RTVSPropertyOp13
  70
1
  102
RTVSPropertyOp14
  70
1
  102
RTVSPropertyOp15
  70
1
  102
RTVSPropertyOp16
  70
1
  102
RTVSPropertyOp17
  70
1
  102
RTVSPropertyOp18
  70
1
  102
RTVSPropertyOp19
  70
1
  102
RTVSPropertyOp20
  70
1
  102
RTVSPropertyOp21
  70
1
  102
RTVSPropertyOp22
  70
1
  102
RTVSPropertyOp23
  70
1
  102
RTVSPropertyOp24
  70
1
  102
RTVSPropertyOp25
  70
1
  102
RTVSPropertyOp26
  70
1
  102
RTVSPropertyOp27
  70
1
  102
RTVSPropertyOp28
  70
1
  102
RTVSPropertyOp29
  70
1
  102
RTVSPropertyOp30
  70
1
  102
RTVSPropertyOp31
  70
1
  102
RTVSPropertyOp32
  70
1
  102
RTVSPropertyOp33
  70
1
  102
RTVSPropertyOp34
  70
1
  102
RTVSPropertyOp35
  70
1
  102
RTVSPropertyOp36
  70
1
  102
RTVSPropertyOp37
  70
1
  102
RTVSPropertyOp38
  70
1
  102
RTVSPropertyOp39
  70
1
  102
RTVSPropertyOp40
  70
1
  102
RTVSPropertyOp41
  70
1
  102
RTVSPropertyOp42
  70
1
  102
RTVSPropertyOp43
  70
1
  102
RTVSPropertyOp44
  70
1
  102
RTVSPropertyOp45
  70
1
  102
RTVSPropertyOp46
  70
1
  102
RTVSPropertyOp47
  70
1
  102
RTVSPropertyOp48
  70
1
  102
RTVSPropertyOp49
  70
1
  102
RTVSPropertyOp50
  70
1
  102
RTVSPropertyOp51
  70
0
  102
RTVSPropertyOp52
  70
0
  102
RTVSPropertyOp53
  70
1
  102
RTVSPropertyOp54
  70
1
  102
RTVSPropertyOp55
  70
1
  102
RTVSPropertyOp56
  70
1
  102
RTVSPropertyOp57
  70
1
  102
RTVSPropertyOp58
  70
1
  102
RTVSPropertyOp59
  70
1
  102
RTVSPropertyOp60
  70
1
  102
RTVSPropertyOp61
  70
1
  102
RTVSPropertyOp62
  70
1
  0
XRECORD
  5
323
  102
{ACAD_REACTORS
  330
322
  102
}
  330
322
  100
AcDbXrecord
  280
1
  102
RTVSPost2010Prop28
  280
0
  102
RTVSPost2010PropOp28
  70
1
  102
RTVSPost2010Prop29
  280
1
  102
RTVSPost2010PropOp29
  70
1
  102
RTVSPost2010Prop30
  280
1
  102
RTVSPost2010PropOp30
  70
1
  102
RTVSPost2010Prop31
  280
0
  102
RTVSPost2010PropOp31
  70
1
  102
RTVSPost2010Prop32
  280
0
  102
RTVSPost2010PropOp32
  70
1
  102
RTVSPost2010Prop33
  280
0
  102
RTVSPost2010PropOp33
  70
1
  102
RTVSPost2010Prop34
  280
0
  102
RTVSPost2010PropOp34
  70
1
  102
RTVSPost2010Prop35
  280
0
  102
RTVSPost2010PropOp35
  70
1
  102
RTVSPost2010Prop36
  280
0
  102
RTVSPost2010PropOp36
  70
1
  102
RTVSPost2010Prop37
  90
50
  102
RTVSPost2010PropOp37
  70
1
  102
RTVSPost2010Prop38
  140
0
  102
RTVSPost2010PropOp38
  70
1
  102
RTVSPost2010Prop39
  140
1
  102
RTVSPost2010PropOp39
  70
1
  102
RTVSPost2010Prop40
  90
0
  102
RTVSPost2010PropOp40
  70
1
  102
RTVSPost2010Prop41ColorIndex
  90
18
  102
RTVSPost2010Prop41ColorRGB
  90
0
  102
RTVSPost2010PropOp41
  70
1
  102
RTVSPost2010Prop42
  90
50
  102
RTVSPost2010PropOp42
  70
1
  102
RTVSPost2010Prop43
  90
3
  102
RTVSPost2010PropOp43
  70
1
  102
RTVSPost2010Prop44ColorIndex
  90
5
  102
RTVSPost2010Prop44ColorRGB
  90
255
  102
RTVSPost2010PropOp44
  70
1
  102
RTVSPost2010Prop45
  280
0
  102
RTVSPost2010PropOp45
  70
1
  102
RTVSPost2010Prop46
  90
50
  102
RTVSPost2010PropOp46
  70
1
  102
RTVSPost2010Prop47
  90
50
  102
RTVSPost2010PropOp47
  70
1
  102
RTVSPost2010Prop48
  90
50
  102
RTVSPost2010PropOp48
  70
1
  102
RTVSPost2010Prop49
  280
0
  102
RTVSPost2010PropOp49
  70
1
  102
RTVSPost2010Prop50
  90
50
  102
RTVSPost2010PropOp50
  70
1
  102
RTVSPost2010Prop51ColorIndex
  90
256
  102
RTVSPost2010Prop51ColorRGB
  90
-16777216
  102
RTVSPost2010PropOp51
  70
0
  102
RTVSPost2010Prop52
  140
1
  102
RTVSPost2010PropOp52
  70
0
  102
RTVSPost2010Prop53
  90
2
  102
RTVSPost2010PropOp53
  70
1
  102
RTVSPost2010Prop54
  1
strokes_ogs.tif
  102
RTVSPost2010PropOp54
  70
1
  102
RTVSPost2010Prop55
  280
0
  102
RTVSPost2010PropOp55
  70
1
  102
RTVSPost2010Prop56
  140
1
  102
RTVSPost2010PropOp56
  70
1
  102
RTVSPost2010Prop57
  140
1
  102
RTVSPost2010PropOp57
  70
1
  102
RTVSPropertyOp0
  70
1
  102
RTVSPropertyOp1
  70
1
  102
RTVSPropertyOp2
  70
1
  102
RTVSPropertyOp3
  70
1
  102
RTVSPropertyOp4
  70
1
  102
RTVSPropertyOp5
  70
1
  102
RTVSPropertyOp6
  70
1
  102
RTVSPropertyOp7
  70
1
  102
RTVSPropertyOp8
  70
1
  102
RTVSPropertyOp9
  70
1
  102
RTVSPropertyOp10
  70
1
  102
RTVSPropertyOp11
  70
1
  102
RTVSPropertyOp12
  70
1
  102
RTVSPropertyOp13
  70
1
  102
RTVSPropertyOp14
  70
1
  102
RTVSPropertyOp15
  70
1
  102
RTVSPropertyOp16
  70
1
  102
RTVSPropertyOp17
  70
1
  102
RTVSPropertyOp18
  70
1
  102
RTVSPropertyOp19
  70
1
  102
RTVSPropertyOp20
  70
1
  102
RTVSPropertyOp21
  70
1
  102
RTVSPropertyOp22
  70
1
  102
RTVSPropertyOp23
  70
1
  102
RTVSPropertyOp24
  70
1
  102
RTVSPropertyOp25
  70
1
  102
RTVSPropertyOp26
  70
1
  102
RTVSPropertyOp27
  70
1
  102
RTVSPropertyOp28
  70
1
  102
RTVSPropertyOp29
  70
1
  102
RTVSPropertyOp30
  70
1
  102
RTVSPropertyOp31
  70
1
  102
RTVSPropertyOp32
  70
1
  102
RTVSPropertyOp33
  70
1
  102
RTVSPropertyOp34
  70
1
  102
RTVSPropertyOp35
  70
1
  102
RTVSPropertyOp36
  70
1
  102
RTVSPropertyOp37
  70
1
  102
RTVSPropertyOp38
  70
1
  102
RTVSPropertyOp39
  70
1
  102
RTVSPropertyOp40
  70
1
  102
RTVSPropertyOp41
  70
1
  102
RTVSPropertyOp42
  70
1
  102
RTVSPropertyOp43
  70
1
  102
RTVSPropertyOp44
  70
1
  102
RTVSPropertyOp45
  70
1
  102
RTVSPropertyOp46
  70
1
  102
RTVSPropertyOp47
  70
1
  102
RTVSPropertyOp48
  70
1
  102
RTVSPropertyOp49
  70
1
  102
RTVSPropertyOp50
  70
1
  102
RTVSPropertyOp51
  70
0
  102
RTVSPropertyOp52
  70
0
  102
RTVSPropertyOp53
  70
1
  102
RTVSPropertyOp54
  70
1
  102
RTVSPropertyOp55
  70
1
  102
RTVSPropertyOp56
  70
1
  102
RTVSPropertyOp57
  70
1
  102
RTVSPropertyOp58
  70
1
  102
RTVSPropertyOp59
  70
1
  102
RTVSPropertyOp60
  70
1
  102
RTVSPropertyOp61
  70
1
  102
RTVSPropertyOp62
  70
1
  0
XRECORD
  5
317
  102
{ACAD_REACTORS
  330
316
  102
}
  330
316
  100
AcDbXrecord
  280
1
  102
RTVSPost2010Prop28
  280
0
  102
RTVSPost2010PropOp28
  70
1
  102
RTVSPost2010Prop29
  280
1
  102
RTVSPost2010PropOp29
  70
1
  102
RTVSPost2010Prop30
  280
1
  102
RTVSPost2010PropOp30
  70
1
  102
RTVSPost2010Prop31
  280
0
  102
RTVSPost2010PropOp31
  70
1
  102
RTVSPost2010Prop32
  280
0
  102
RTVSPost2010PropOp32
  70
1
  102
RTVSPost2010Prop33
  280
0
  102
RTVSPost2010PropOp33
  70
1
  102
RTVSPost2010Prop34
  280
0
  102
RTVSPost2010PropOp34
  70
1
  102
RTVSPost2010Prop35
  280
0
  102
RTVSPost2010PropOp35
  70
1
  102
RTVSPost2010Prop36
  280
0
  102
RTVSPost2010PropOp36
  70
1
  102
RTVSPost2010Prop37
  90
50
  102
RTVSPost2010PropOp37
  70
1
  102
RTVSPost2010Prop38
  140
0
  102
RTVSPost2010PropOp38
  70
1
  102
RTVSPost2010Prop39
  140
1
  102
RTVSPost2010PropOp39
  70
1
  102
RTVSPost2010Prop40
  90
0
  102
RTVSPost2010PropOp40
  70
1
  102
RTVSPost2010Prop41ColorIndex
  90
18
  102
RTVSPost2010Prop41ColorRGB
  90
0
  102
RTVSPost2010PropOp41
  70
1
  102
RTVSPost2010Prop42
  90
50
  102
RTVSPost2010PropOp42
  70
1
  102
RTVSPost2010Prop43
  90
3
  102
RTVSPost2010PropOp43
  70
1
  102
RTVSPost2010Prop44ColorIndex
  90
5
  102
RTVSPost2010Prop44ColorRGB
  90
255
  102
RTVSPost2010PropOp44
  70
1
  102
RTVSPost2010Prop45
  280
0
  102
RTVSPost2010PropOp45
  70
1
  102
RTVSPost2010Prop46
  90
50
  102
RTVSPost2010PropOp46
  70
1
  102
RTVSPost2010Prop47
  90
50
  102
RTVSPost2010PropOp47
  70
1
  102
RTVSPost2010Prop48
  90
50
  102
RTVSPost2010PropOp48
  70
1
  102
RTVSPost2010Prop49
  280
0
  102
RTVSPost2010PropOp49
  70
1
  102
RTVSPost2010Prop50
  90
50
  102
RTVSPost2010PropOp50
  70
1
  102
RTVSPost2010Prop51ColorIndex
  90
256
  102
RTVSPost2010Prop51ColorRGB
  90
-16777216
  102
RTVSPost2010PropOp51
  70
0
  102
RTVSPost2010Prop52
  140
1
  102
RTVSPost2010PropOp52
  70
0
  102
RTVSPost2010Prop53
  90
2
  102
RTVSPost2010PropOp53
  70
1
  102
RTVSPost2010Prop54
  1
strokes_ogs.tif
  102
RTVSPost2010PropOp54
  70
1
  102
RTVSPost2010Prop55
  280
0
  102
RTVSPost2010PropOp55
  70
1
  102
RTVSPost2010Prop56
  140
1
  102
RTVSPost2010PropOp56
  70
1
  102
RTVSPost2010Prop57
  140
1
  102
RTVSPost2010PropOp57
  70
1
  102
RTVSPropertyOp0
  70
1
  102
RTVSPropertyOp1
  70
1
  102
RTVSPropertyOp2
  70
1
  102
RTVSPropertyOp3
  70
1
  102
RTVSPropertyOp4
  70
1
  102
RTVSPropertyOp5
  70
1
  102
RTVSPropertyOp6
  70
1
  102
RTVSPropertyOp7
  70
1
  102
RTVSPropertyOp8
  70
1
  102
RTVSPropertyOp9
  70
1
  102
RTVSPropertyOp10
  70
1
  102
RTVSPropertyOp11
  70
1
  102
RTVSPropertyOp12
  70
1
  102
RTVSPropertyOp13
  70
1
  102
RTVSPropertyOp14
  70
1
  102
RTVSPropertyOp15
  70
1
  102
RTVSPropertyOp16
  70
1
  102
RTVSPropertyOp17
  70
1
  102
RTVSPropertyOp18
  70
1
  102
RTVSPropertyOp19
  70
1
  102
RTVSPropertyOp20
  70
1
  102
RTVSPropertyOp21
  70
1
  102
RTVSPropertyOp22
  70
1
  102
RTVSPropertyOp23
  70
1
  102
RTVSPropertyOp24
  70
1
  102
RTVSPropertyOp25
  70
1
  102
RTVSPropertyOp26
  70
1
  102
RTVSPropertyOp27
  70
1
  102
RTVSPropertyOp28
  70
1
  102
RTVSPropertyOp29
  70
1
  102
RTVSPropertyOp30
  70
1
  102
RTVSPropertyOp31
  70
1
  102
RTVSPropertyOp32
  70
1
  102
RTVSPropertyOp33
  70
1
  102
RTVSPropertyOp34
  70
1
  102
RTVSPropertyOp35
  70
1
  102
RTVSPropertyOp36
  70
1
  102
RTVSPropertyOp37
  70
1
  102
RTVSPropertyOp38
  70
1
  102
RTVSPropertyOp39
  70
1
  102
RTVSPropertyOp40
  70
1
  102
RTVSPropertyOp41
  70
1
  102
RTVSPropertyOp42
  70
1
  102
RTVSPropertyOp43
  70
1
  102
RTVSPropertyOp44
  70
1
  102
RTVSPropertyOp45
  70
1
  102
RTVSPropertyOp46
  70
1
  102
RTVSPropertyOp47
  70
1
  102
RTVSPropertyOp48
  70
1
  102
RTVSPropertyOp49
  70
1
  102
RTVSPropertyOp50
  70
1
  102
RTVSPropertyOp51
  70
0
  102
RTVSPropertyOp52
  70
0
  102
RTVSPropertyOp53
  70
1
  102
RTVSPropertyOp54
  70
1
  102
RTVSPropertyOp55
  70
1
  102
RTVSPropertyOp56
  70
1
  102
RTVSPropertyOp57
  70
1
  102
RTVSPropertyOp58
  70
1
  102
RTVSPropertyOp59
  70
1
  102
RTVSPropertyOp60
  70
1
  102
RTVSPropertyOp61
  70
1
  102
RTVSPropertyOp62
  70
1
  0
XRECORD
  5
335
  102
{ACAD_REACTORS
  330
334
  102
}
  330
334
  100
AcDbXrecord
  280
1
  102
RTVSPost2010Prop28
  280
0
  102
RTVSPost2010PropOp28
  70
1
  102
RTVSPost2010Prop29
  280
1
  102
RTVSPost2010PropOp29
  70
1
  102
RTVSPost2010Prop30
  280
1
  102
RTVSPost2010PropOp30
  70
1
  102
RTVSPost2010Prop31
  280
0
  102
RTVSPost2010PropOp31
  70
1
  102
RTVSPost2010Prop32
  280
0
  102
RTVSPost2010PropOp32
  70
1
  102
RTVSPost2010Prop33
  280
0
  102
RTVSPost2010PropOp33
  70
1
  102
RTVSPost2010Prop34
  280
0
  102
RTVSPost2010PropOp34
  70
1
  102
RTVSPost2010Prop35
  280
0
  102
RTVSPost2010PropOp35
  70
1
  102
RTVSPost2010Prop36
  280
0
  102
RTVSPost2010PropOp36
  70
1
  102
RTVSPost2010Prop37
  90
50
  102
RTVSPost2010PropOp37
  70
1
  102
RTVSPost2010Prop38
  140
0
  102
RTVSPost2010PropOp38
  70
1
  102
RTVSPost2010Prop39
  140
1
  102
RTVSPost2010PropOp39
  70
1
  102
RTVSPost2010Prop40
  90
0
  102
RTVSPost2010PropOp40
  70
1
  102
RTVSPost2010Prop41ColorIndex
  90
18
  102
RTVSPost2010Prop41ColorRGB
  90
0
  102
RTVSPost2010PropOp41
  70
1
  102
RTVSPost2010Prop42
  90
50
  102
RTVSPost2010PropOp42
  70
1
  102
RTVSPost2010Prop43
  90
3
  102
RTVSPost2010PropOp43
  70
1
  102
RTVSPost2010Prop44ColorIndex
  90
5
  102
RTVSPost2010Prop44ColorRGB
  90
255
  102
RTVSPost2010PropOp44
  70
1
  102
RTVSPost2010Prop45
  280
0
  102
RTVSPost2010PropOp45
  70
1
  102
RTVSPost2010Prop46
  90
50
  102
RTVSPost2010PropOp46
  70
1
  102
RTVSPost2010Prop47
  90
50
  102
RTVSPost2010PropOp47
  70
1
  102
RTVSPost2010Prop48
  90
50
  102
RTVSPost2010PropOp48
  70
1
  102
RTVSPost2010Prop49
  280
0
  102
RTVSPost2010PropOp49
  70
1
  102
RTVSPost2010Prop50
  90
50
  102
RTVSPost2010PropOp50
  70
1
  102
RTVSPost2010Prop51ColorIndex
  90
256
  102
RTVSPost2010Prop51ColorRGB
  90
-16777216
  102
RTVSPost2010PropOp51
  70
0
  102
RTVSPost2010Prop52
  140
1
  102
RTVSPost2010PropOp52
  70
0
  102
RTVSPost2010Prop53
  90
2
  102
RTVSPost2010PropOp53
  70
1
  102
RTVSPost2010Prop54
  1
strokes_ogs.tif
  102
RTVSPost2010PropOp54
  70
1
  102
RTVSPost2010Prop55
  280
0
  102
RTVSPost2010PropOp55
  70
1
  102
RTVSPost2010Prop56
  140
1
  102
RTVSPost2010PropOp56
  70
1
  102
RTVSPost2010Prop57
  140
1
  102
RTVSPost2010PropOp57
  70
1
  102
RTVSPropertyOp0
  70
1
  102
RTVSPropertyOp1
  70
1
  102
RTVSPropertyOp2
  70
1
  102
RTVSPropertyOp3
  70
1
  102
RTVSPropertyOp4
  70
1
  102
RTVSPropertyOp5
  70
1
  102
RTVSPropertyOp6
  70
1
  102
RTVSPropertyOp7
  70
1
  102
RTVSPropertyOp8
  70
1
  102
RTVSPropertyOp9
  70
1
  102
RTVSPropertyOp10
  70
1
  102
RTVSPropertyOp11
  70
1
  102
RTVSPropertyOp12
  70
1
  102
RTVSPropertyOp13
  70
1
  102
RTVSPropertyOp14
  70
1
  102
RTVSPropertyOp15
  70
1
  102
RTVSPropertyOp16
  70
1
  102
RTVSPropertyOp17
  70
1
  102
RTVSPropertyOp18
  70
1
  102
RTVSPropertyOp19
  70
1
  102
RTVSPropertyOp20
  70
1
  102
RTVSPropertyOp21
  70
1
  102
RTVSPropertyOp22
  70
1
  102
RTVSPropertyOp23
  70
1
  102
RTVSPropertyOp24
  70
1
  102
RTVSPropertyOp25
  70
1
  102
RTVSPropertyOp26
  70
1
  102
RTVSPropertyOp27
  70
1
  102
RTVSPropertyOp28
  70
1
  102
RTVSPropertyOp29
  70
1
  102
RTVSPropertyOp30
  70
1
  102
RTVSPropertyOp31
  70
1
  102
RTVSPropertyOp32
  70
1
  102
RTVSPropertyOp33
  70
1
  102
RTVSPropertyOp34
  70
1
  102
RTVSPropertyOp35
  70
1
  102
RTVSPropertyOp36
  70
1
  102
RTVSPropertyOp37
  70
1
  102
RTVSPropertyOp38
  70
1
  102
RTVSPropertyOp39
  70
1
  102
RTVSPropertyOp40
  70
1
  102
RTVSPropertyOp41
  70
1
  102
RTVSPropertyOp42
  70
1
  102
RTVSPropertyOp43
  70
1
  102
RTVSPropertyOp44
  70
1
  102
RTVSPropertyOp45
  70
1
  102
RTVSPropertyOp46
  70
1
  102
RTVSPropertyOp47
  70
1
  102
RTVSPropertyOp48
  70
1
  102
RTVSPropertyOp49
  70
1
  102
RTVSPropertyOp50
  70
1
  102
RTVSPropertyOp51
  70
0
  102
RTVSPropertyOp52
  70
0
  102
RTVSPropertyOp53
  70
1
  102
RTVSPropertyOp54
  70
1
  102
RTVSPropertyOp55
  70
1
  102
RTVSPropertyOp56
  70
1
  102
RTVSPropertyOp57
  70
1
  102
RTVSPropertyOp58
  70
1
  102
RTVSPropertyOp59
  70
1
  102
RTVSPropertyOp60
  70
1
  102
RTVSPropertyOp61
  70
1
  102
RTVSPropertyOp62
  70
1
  0
ENDSEC
  0
EOF