  0
SECTION
  2
HEADER
  9
$ACADVER
  1
AC1015
  9
$ACADMAINTVER
 70
     6
  9
$DWGCODEPAGE
  3
ANSI_936
  9
$INSBASE
 10
0.0
 20
0.0
 30
0.0
  9
$EXTMIN
 10
0.0
 20
0.0
 30
0.0
  9
$EXTMAX
 10
297.0
 20
210.0
 30
0.0
  9
$LIMMIN
 10
0.0
 20
0.0
  9
$LIMMAX
 10
297.0
 20
210.0
  9
$ORTHOMODE
 70
     0
  9
$REGENMODE
 70
     1
  9
$FILLMODE
 70
     1
  9
$QTEXTMODE
 70
     0
  9
$MIRRTEXT
 70
     1
  9
$LTSCALE
 40
1.0
  9
$ATTMODE
 70
     1
  9
$TEXTSIZE
 40
3.5
  9
$TRACEWID
 40
1.0
  9
$TEXTSTYLE
  7
Standard
  9
$CLAYER
  8
0
  9
$CELTYPE
  6
ByLayer
  9
$CECOLOR
 62
   256
  9
$CELTSCALE
 40
1.0
  9
$DISPSILH
 70
     0
  9
$DIMSCALE
 40
1.0
  9
$DIMASZ
 40
3.302
  9
$DIMEXO
 40
1.0
  9
$DIMDLI
 40
3.75
  9
$DIMRND
 40
0.0
  9
$DIMDLE
 40
0.0
  9
$DIMEXE
 40
1.0
  9
$DIMTP
 40
0.0
  9
$DIMTM
 40
0.0
  9
$DIMTXT
 40
3.5
  9
$DIMCEN
 40
2.5
  9
$DIMTSZ
 40
0.0
  9
$DIMTOL
 70
     0
  9
$DIMLIM
 70
     0
  9
$DIMTIH
 70
     1
  9
$DIMTOH
 70
     1
  9
$DIMSE1
 70
     0
  9
$DIMSE2
 70
     0
  9
$DIMTAD
 70
     1
  9
$DIMZIN
 70
     1
  9
$DIMBLK
  1

  9
$DIMASO
 70
     1
  9
$DIMSHO
 70
     1
  9
$DIMPOST
  1

  9
$DIMAPOST
  1

  9
$DIMALT
 70
     0
  9
$DIMALTD
 70
     3
  9
$DIMALTF
 40
0.0393700787
  9
$DIMLFAC
 40
0.5
  9
$DIMTOFL
 70
     1
  9
$DIMTVP
 40
0.0
  9
$DIMTIX
 70
     0
  9
$DIMSOXD
 70
     0
  9
$DIMSAH
 70
     0
  9
$DIMBLK1
  1

  9
$DIMBLK2
  1

  9
$DIMSTYLE
  2
ISO-25
  9
$DIMCLRD
 70
     0
  9
$DIMCLRE
 70
     0
  9
$DIMCLRT
 70
     0
  9
$DIMTFAC
 40
1.0
  9
$DIMGAP
 40
1.524
  9
$DIMJUST
 70
     0
  9
$DIMSD1
 70
     0
  9
$DIMSD2
 70
     0
  9
$DIMTOLJ
 70
     0
  9
$DIMTZIN
 70
     1
  9
$DIMALTZ
 70
     0
  9
$DIMALTTZ
 70
     0
  9
$DIMUPT
 70
     0
  9
$DIMDEC
 70
     2
  9
$DIMTDEC
 70
     2
  9
$DIMALTU
 70
     2
  9
$DIMALTTD
 70
     3
  9
$DIMTXSTY
  7
Standard
  9
$DIMAUNIT
 70
     0
  9
$DIMADEC
 70
     2
  9
$DIMALTRND
 40
0.0
  9
$DIMAZIN
 70
     0
  9
$DIMDSEP
 70
    44
  9
$DIMATFIT
 70
     3
  9
$DIMFRAC
 70
     0
  9
$DIMLDRBLK
  1

  9
$DIMLUNIT
 70
     2
  9
$DIMLWD
 70
    -2
  9
$DIMLWE
 70
    -2
  9
$DIMTMOVE
 70
     0
  9
$LUNITS
 70
     2
  9
$LUPREC
 70
     2
  9
$SKETCHINC
 40
1.0
  9
$FILLETRAD
 40
0.0
  9
$AUNITS
 70
     0
  9
$AUPREC
 70
     2
  9
$MENU
  1
.
  9
$ELEVATION
 40
0.0
  9
$PELEVATION
 40
0.0
  9
$THICKNESS
 40
0.0
  9
$LIMCHECK
 70
     0
  9
$CHAMFERA
 40
0.0
  9
$CHAMFERB
 40
0.0
  9
$CHAMFERC
 40
0.0
  9
$CHAMFERD
 40
0.0
  9
$SKPOLY
 70
     0
  9
$TDCREATE
 40
2460727.407124653
  9
$TDUCREATE
 40
2460727.07379132
  9
$TDUPDATE
 40
2460727.407128125
  9
$TDUUPDATE
 40
2460727.073794792
  9
$TDINDWG
 40
0.0000000116
  9
$TDUSRTIMER
 40
0.0000000116
  9
$USRTIMER
 70
     1
  9
$ANGBASE
 50
0.0
  9
$ANGDIR
 70
     0
  9
$PDMODE
 70
     0
  9
$PDSIZE
 40
-1.0
  9
$PLINEWID
 40
0.0
  9
$SPLFRAME
 70
     0
  9
$SPLINETYPE
 70
     6
  9
$SPLINESEGS
 70
     8
  9
$HANDSEED
  5
289
  9
$SURFTAB1
 70
     6
  9
$SURFTAB2
 70
     6
  9
$SURFTYPE
 70
     6
  9
$SURFU
 70
     6
  9
$SURFV
 70
     6
  9
$UCSBASE
  2

  9
$UCSNAME
  2

  9
$UCSORG
 10
0.0
 20
0.0
 30
0.0
  9
$UCSXDIR
 10
1.0
 20
0.0
 30
0.0
  9
$UCSYDIR
 10
0.0
 20
1.0
 30
0.0
  9
$UCSORTHOREF
  2

  9
$UCSORTHOVIEW
 70
     0
  9
$UCSORGTOP
 10
0.0
 20
0.0
 30
0.0
  9
$UCSORGBOTTOM
 10
0.0
 20
0.0
 30
0.0
  9
$UCSORGLEFT
 10
0.0
 20
0.0
 30
0.0
  9
$UCSORGRIGHT
 10
0.0
 20
0.0
 30
0.0
  9
$UCSORGFRONT
 10
0.0
 20
0.0
 30
0.0
  9
$UCSORGBACK
 10
0.0
 20
0.0
 30
0.0
  9
$PUCSBASE
  2

  9
$PUCSNAME
  2

  9
$PUCSORG
 10
0.0
 20
0.0
 30
0.0
  9
$PUCSXDIR
 10
1.0
 20
0.0
 30
0.0
  9
$PUCSYDIR
 10
0.0
 20
1.0
 30
0.0
  9
$PUCSORTHOREF
  2

  9
$PUCSORTHOVIEW
 70
     0
  9
$PUCSORGTOP
 10
0.0
 20
0.0
 30
0.0
  9
$PUCSORGBOTTOM
 10
0.0
 20
0.0
 30
0.0
  9
$PUCSORGLEFT
 10
0.0
 20
0.0
 30
0.0
  9
$PUCSORGRIGHT
 10
0.0
 20
0.0
 30
0.0
  9
$PUCSORGFRONT
 10
0.0
 20
0.0
 30
0.0
  9
$PUCSORGBACK
 10
0.0
 20
0.0
 30
0.0
  9
$USERI1
 70
     0
  9
$USERI2
 70
     0
  9
$USERI3
 70
     0
  9
$USERI4
 70
     0
  9
$USERI5
 70
     0
  9
$USERR1
 40
0.0
  9
$USERR2
 40
0.0
  9
$USERR3
 40
0.0
  9
$USERR4
 40
0.0
  9
$USERR5
 40
0.0
  9
$WORLDVIEW
 70
     1
  9
$SHADEDGE
 70
     3
  9
$SHADEDIF
 70
    70
  9
$TILEMODE
 70
     1
  9
$MAXACTVP
 70
    64
  9
$PINSBASE
 10
0.0
 20
0.0
 30
0.0
  9
$PLIMCHECK
 70
     0
  9
$PEXTMIN
 10
1.0000000000E+20
 20
1.0000000000E+20
 30
1.0000000000E+20
  9
$PEXTMAX
 10
-1.0000000000E+20
 20
-1.0000000000E+20
 30
-1.0000000000E+20
  9
$PLIMMIN
 10
0.0
 20
0.0
  9
$PLIMMAX
 10
420.0
 20
297.0
  9
$UNITMODE
 70
     0
  9
$VISRETAIN
 70
     1
  9
$PLINEGEN
 70
     0
  9
$PSLTSCALE
 70
     1
  9
$TREEDEPTH
 70
  3020
  9
$CMLSTYLE
  2
Standard
  9
$CMLJUST
 70
     0
  9
$CMLSCALE
 40
20.0
  9
$PROXYGRAPHICS
 70
     1
  9
$MEASUREMENT
 70
     1
  9
$CELWEIGHT
370
    -1
  9
$ENDCAPS
280
     0
  9
$JOINSTYLE
280
     0
  9
$LWDISPLAY
290
     1
  9
$INSUNITS
 70
     4
  9
$HYPERLINKBASE
  1

  9
$STYLESHEET
  1

  9
$XEDIT
290
     1
  9
$CEPSNTYPE
380
     0
  9
$PSTYLEMODE
290
     1
  9
$FINGERPRINTGUID
  2
{61d55a40-dc6a-4984-b4ec-04173525b374}
  9
$VERSIONGUID
  2
{FAEB1C32-E019-11D5-929B-00C0DF256EC4}
  9
$EXTNAMES
290
     1
  9
$PSVPSCALE
 40
0.0
  9
$OLESTARTUP
290
     0
  0
ENDSEC
  0
SECTION
  2
CLASSES
  0
CLASS
  1
ACDBDICTIONARYWDFLT
  2
AcDbDictionaryWithDefault
  3
ObjectDBX Classes
 90
        0
280
     0
281
     0
  0
CLASS
  1
VISUALSTYLE
  2
AcDbVisualStyle
  3
ObjectDBX Classes
 90
     4095
280
     0
281
     0
  0
CLASS
  1
MATERIAL
  2
AcDbMaterial
  3
ObjectDBX Classes
 90
     1153
280
     0
281
     0
  0
CLASS
  1
SCALE
  2
AcDbScale
  3
ObjectDBX Classes
 90
     1153
280
     0
281
     0
  0
CLASS
  1
TABLESTYLE
  2
AcDbTableStyle
  3
ObjectDBX Classes
 90
     4095
280
     0
281
     0
  0
CLASS
  1
MLEADERSTYLE
  2
AcDbMLeaderStyle
  3
ACDB_MLEADERSTYLE_CLASS
 90
     4095
280
     0
281
     0
  0
CLASS
  1
SUN
  2
AcDbSun
  3
SCENEOE
 90
     1153
280
     0
281
     0
  0
CLASS
  1
ACDBPLACEHOLDER
  2
AcDbPlaceHolder
  3
ObjectDBX Classes
 90
        0
280
     0
281
     0
  0
CLASS
  1
LAYOUT
  2
AcDbLayout
  3
ObjectDBX Classes
 90
        0
280
     0
281
     0
  0
ENDSEC
  0
SECTION
  2
TABLES
  0
TABLE
  2
VPORT
  5
8
330
0
100
AcDbSymbolTable
 70
     1
  0
VPORT
  5
29
330
8
100
AcDbSymbolTableRecord
100
AcDbViewportTableRecord
  2
*Active
 70
     0
 10
0.0
 20
0.0
 11
1.0
 21
1.0
 12
148.5
 22
105.0
 13
0.0
 23
0.0
 14
10.0
 24
10.0
 15
10.0
 25
10.0
 16
0.0
 26
0.0
 36
1.0
 17
0.0
 27
0.0
 37
0.0
 40
210.0
 41
1.4142857143
 42
50.0
 43
0.0
 44
0.0
 50
0.0
 51
0.0
 71
     0
 72
  2000
 73
     1
 74
     3
 75
     0
 76
     0
 77
     0
 78
     0
281
     0
 65
     1
110
0.0
120
0.0
130
0.0
111
1.0
121
0.0
131
0.0
112
0.0
122
1.0
132
0.0
 79
     0
146
0.0
  0
ENDTAB
  0
TABLE
  2
LTYPE
  5
5
330
0
100
AcDbSymbolTable
 70
     6
  0
LTYPE
  5
14
330
5
100
AcDbSymbolTableRecord
100
AcDbLinetypeTableRecord
  2
ByBlock
 70
     0
  3

 72
    65
 73
     0
 40
0.0
  0
LTYPE
  5
15
330
5
100
AcDbSymbolTableRecord
100
AcDbLinetypeTableRecord
  2
ByLayer
 70
     0
  3

 72
    65
 73
     0
 40
0.0
  0
LTYPE
  5
16
330
5
100
AcDbSymbolTableRecord
100
AcDbLinetypeTableRecord
  2
Continuous
 70
     0
  3
Solid line
 72
    65
 73
     0
 40
0.0
  0
LTYPE
  5
5E
330
5
100
AcDbSymbolTableRecord
100
AcDbLinetypeTableRecord
  2
HIDDEN
 70
     0
  3
Hidden __ __ __ __ __ __ __ __ __ __ __ __ __ __
 72
    65
 73
     2
 40
1.905
 49
1.27
 74
     0
 49
-0.635
 74
     0
  0
LTYPE
  5
5F
330
5
100
AcDbSymbolTableRecord
100
AcDbLinetypeTableRecord
  2
PHANTOM
 70
     0
  3
Phantom ______  __  __  ______  __  __  ______
 72
    65
 73
     6
 40
12.7
 49
6.35
 74
     0
 49
-1.27
 74
     0
 49
1.27
 74
     0
 49
-1.27
 74
     0
 49
1.27
 74
     0
 49
-1.27
 74
     0
  0
LTYPE
  5
60
330
5
100
AcDbSymbolTableRecord
100
AcDbLinetypeTableRecord
  2
CENTER
 70
     0
  3
Center ____ _ ____ _ ____ _ ____ _ ____ _ ____
 72
    65
 73
     4
 40
10.16
 49
6.35
 74
     0
 49
-1.27
 74
     0
 49
1.27
 74
     0
 49
-1.27
 74
     0
  0
LTYPE
  5
61
330
5
100
AcDbSymbolTableRecord
100
AcDbLinetypeTableRecord
  2
CENTERX2
 70
     0
  3
Center (2x) ________  __  ________  __  _____
 72
    65
 73
     4
 40
20.32
 49
12.7
 74
     0
 49
-2.54
 74
     0
 49
2.54
 74
     0
 49
-2.54
 74
     0
  0
LTYPE
  5
62
330
5
100
AcDbSymbolTableRecord
100
AcDbLinetypeTableRecord
  2
DOT2
 70
     0
  3
Dot (.5x) ........................................
 72
    65
 73
     2
 40
0.635
 49
0.0
 74
     0
 49
-0.635
 74
     0
  0
ENDTAB
  0
TABLE
  2
LAYER
  5
2
330
0
100
AcDbSymbolTable
 70
     7
  0
LAYER
  5
10
330
2
100
AcDbSymbolTableRecord
100
AcDbLayerTableRecord
  2
0
 70
     0
 62
     7
  6
Continuous
370
    -3
390
F
  0
LAYER
  5
63
330
2
100
AcDbSymbolTableRecord
100
AcDbLayerTableRecord
  2
FORMAT
 70
     0
 62
     7
  6
Continuous
370
    -3
390
F
  0
LAYER
  5
64
330
2
100
AcDbSymbolTableRecord
100
AcDbLayerTableRecord
  2
SLD-0
 70
     0
 62
   179
  6
Continuous
370
    -3
390
F
  0
LAYER
  5
65
330
2
100
AcDbSymbolTableRecord
100
AcDbLayerTableRecord
  2
DIM
 70
     0
 62
   150
  6
Continuous
370
    -1
390
F
  0
LAYER
  5
66
330
2
100
AcDbSymbolTableRecord
100
AcDbLayerTableRecord
  2
ÐÞ¸ÄÌáÊ¾
 70
     0
 62
     1
  6
Continuous
370
    -3
390
F
  0
LAYER
  5
67
330
2
100
AcDbSymbolTableRecord
100
AcDbLayerTableRecord
  2
BOM
 70
     0
 62
     7
  6
Continuous
370
    -3
390
F
  0
LAYER
  5
68
330
2
100
AcDbSymbolTableRecord
100
AcDbLayerTableRecord
  2
×¢ÊÍ
 70
     0
 62
     7
  6
Continuous
370
    -3
390
F
  0
ENDTAB
  0
TABLE
  2
STYLE
  5
3
330
0
100
AcDbSymbolTable
 70
     5
  0
STYLE
  5
11
330
3
100
AcDbSymbolTableRecord
100
AcDbTextStyleTableRecord
  2
Standard
 70
     0
 40
0.0
 41
1.0
 50
0.0
 71
     0
 42
3.5
  3
txt
  4

  0
STYLE
  5
D9
330
3
100
AcDbSymbolTableRecord
100
AcDbTextStyleTableRecord
  2
SLDTEXTSTYLE0
 70
     0
 40
0.0
 41
0.7
 50
0.0
 71
     0
 42
3.5
  3
TXT
  4

  0
STYLE
  5
103
330
3
100
AcDbSymbolTableRecord
100
AcDbTextStyleTableRecord
  2
SLDTEXTSTYLE1
 70
     0
 40
0.0
 41
0.7
 50
0.0
 71
     0
 42
3.5
  3
TXT
  4
bigfont
  0
STYLE
  5
17F
330
3
100
AcDbSymbolTableRecord
100
AcDbTextStyleTableRecord
  2
SLDTEXTSTYLE2
 70
     0
 40
0.0
 41
0.75
 50
0.0
 71
     0
 42
3.5
  3
TXT
  4
bigfont
  0
STYLE
  5
21B
330
3
100
AcDbSymbolTableRecord
100
AcDbTextStyleTableRecord
  2
SLDTEXTSTYLE3
 70
     0
 40
0.0
 41
0.75
 50
0.0
 71
     0
 42
3.5
  3
TXT
  4

  0
ENDTAB
  0
TABLE
  2
VIEW
  5
6
330
0
100
AcDbSymbolTable
 70
     0
  0
ENDTAB
  0
TABLE
  2
UCS
  5
7
330
0
100
AcDbSymbolTable
 70
     0
  0
ENDTAB
  0
TABLE
  2
APPID
  5
9
330
0
100
AcDbSymbolTable
 70
     1
  0
APPID
  5
12
330
9
100
AcDbSymbolTableRecord
100
AcDbRegAppTableRecord
  2
ACAD
 70
     0
  0
ENDTAB
  0
TABLE
  2
DIMSTYLE
  5
A
330
0
100
AcDbSymbolTable
 70
     5
100
AcDbDimStyleTable
  0
DIMSTYLE
105
27
330
A
100
AcDbSymbolTableRecord
100
AcDbDimStyleTableRecord
  2
ISO-25
 70
     0
 41
2.5
 42
0.625
 43
3.75
 44
1.25
 73
     0
 74
     0
 77
     1
 78
     8
140
2.5
141
2.5
143
0.0393700787
147
0.625
171
     3
172
     1
178
     0
271
     2
272
     2
274
     3
278
    44
283
     0
284
     8
340
11
  0
DIMSTYLE
105
21C
102
{ACAD_REACTORS
330
21A
330
233
330
263
102
}
330
A
100
AcDbSymbolTableRecord
100
AcDbDimStyleTableRecord
  2
SLDDIMSTYLE0
 70
     0
 41
3.302
 44
0.0
 45
0.000000001
 73
     0
 74
     0
 77
     1
 78
     4
 79
     1
140
3.5
144
0.5
147
0.875
173
     1
178
     0
271
     2
272
     2
276
     2
284
    12
340
21B
  0
DIMSTYLE
105
227
102
{ACAD_REACTORS
330
226
330
23E
330
24A
330
256
102
}
330
A
100
AcDbSymbolTableRecord
100
AcDbDimStyleTableRecord
  2
SLDDIMSTYLE1
 70
     0
 41
3.302
 44
0.0
 45
0.000000001
 73
     0
 74
     0
 77
     1
 78
     4
 79
     1
140
3.5
144
0.5
147
0.875
172
     1
173
     1
178
     0
271
     2
272
     2
276
     2
284
    12
289
     0
340
21B
  0
DIMSTYLE
105
26E
102
{ACAD_REACTORS
330
26D
102
}
330
A
100
AcDbSymbolTableRecord
100
AcDbDimStyleTableRecord
  2
SLDDIMSTYLE2
 70
     0
 41
3.302
 44
0.0
 45
0.000000001
140
3.5
141
0.0
144
0.5
147
0.875
172
     1
173
     1
178
     0
271
     2
272
     2
276
     2
284
    12
340
21B
341
26F
343
26F
  0
DIMSTYLE
105
27C
102
{ACAD_REACTORS
330
27B
102
}
330
A
100
AcDbSymbolTableRecord
100
AcDbDimStyleTableRecord
  2
SLDDIMSTYLE3
 70
     0
 41
3.302
 44
0.0
 45
0.000000001
 78
     4
 79
     1
140
3.5
141
0.0
144
0.5
147
0.875
172
     1
173
     1
178
     0
271
     2
272
     2
276
     2
284
    12
340
21B
341
26F
343
26F
  0
ENDTAB
  0
TABLE
  2
BLOCK_RECORD
  5
1
330
0
100
AcDbSymbolTable
 70
    21
  0
BLOCK_RECORD
  5
1F
330
1
100
AcDbSymbolTableRecord
100
AcDbBlockTableRecord
  2
*Model_Space
340
22
  0
BLOCK_RECORD
  5
1B
330
1
100
AcDbSymbolTableRecord
100
AcDbBlockTableRecord
  2
*Paper_Space
340
1E
  0
BLOCK_RECORD
  5
23
330
1
100
AcDbSymbolTableRecord
100
AcDbBlockTableRecord
  2
*Paper_Space0
340
26
  0
BLOCK_RECORD
  5
69
330
1
100
AcDbSymbolTableRecord
100
AcDbBlockTableRecord
  2
¿é2
340
0
102
{BLKREFS
331
D7
102
}
  0
BLOCK_RECORD
  5
71
330
1
100
AcDbSymbolTableRecord
100
AcDbBlockTableRecord
  2
¿é3
340
0
102
{BLKREFS
331
D6
102
}
  0
BLOCK_RECORD
  5
133
330
1
100
AcDbSymbolTableRecord
100
AcDbBlockTableRecord
  2
SW_SYMBOL_GTOL_FLAT
340
0
102
{BLKREFS
331
13A
102
}
  0
BLOCK_RECORD
  5
13E
330
1
100
AcDbSymbolTableRecord
100
AcDbBlockTableRecord
  2
SW_SYMBOL_GTOL_SYMMETRY
340
0
102
{BLKREFS
331
144
102
}
  0
BLOCK_RECORD
  5
145
330
1
100
AcDbSymbolTableRecord
100
AcDbBlockTableRecord
  2
SW_SYMBOL_GTOL_SRUN
340
0
102
{BLKREFS
331
14A
102
}
  0
BLOCK_RECORD
  5
14B
330
1
100
AcDbSymbolTableRecord
100
AcDbBlockTableRecord
  2
SW_SYMBOL_GTOL_PERP
340
0
102
{BLKREFS
331
150
102
}
  0
BLOCK_RECORD
  5
151
330
1
100
AcDbSymbolTableRecord
100
AcDbBlockTableRecord
  2
SW_SYMBOL_GTOL_PARA
340
0
102
{BLKREFS
331
156
102
}
  0
BLOCK_RECORD
  5
157
330
1
100
AcDbSymbolTableRecord
100
AcDbBlockTableRecord
  2
SW_SYMBOL_GTOL_STRAIGHT
340
0
102
{BLKREFS
331
15B
102
}
  0
BLOCK_RECORD
  5
164
330
1
100
AcDbSymbolTableRecord
100
AcDbBlockTableRecord
  2
SW_NOTE_0
340
0
102
{BLKREFS
331
169
102
}
  0
BLOCK_RECORD
  5
16C
330
1
100
AcDbSymbolTableRecord
100
AcDbBlockTableRecord
  2
SW_NOTE_0_1
340
0
102
{BLKREFS
331
171
102
}
  0
BLOCK_RECORD
  5
21D
330
1
100
AcDbSymbolTableRecord
100
AcDbBlockTableRecord
  2
_D
340
0
  0
BLOCK_RECORD
  5
228
330
1
100
AcDbSymbolTableRecord
100
AcDbBlockTableRecord
  2
_D_1
340
0
  0
BLOCK_RECORD
  5
234
330
1
100
AcDbSymbolTableRecord
100
AcDbBlockTableRecord
  2
_D_2
340
0
  0
BLOCK_RECORD
  5
23F
330
1
100
AcDbSymbolTableRecord
100
AcDbBlockTableRecord
  2
_D_3
340
0
  0
BLOCK_RECORD
  5
24B
330
1
100
AcDbSymbolTableRecord
100
AcDbBlockTableRecord
  2
_D_4
340
0
  0
BLOCK_RECORD
  5
257
330
1
100
AcDbSymbolTableRecord
100
AcDbBlockTableRecord
  2
_D_5
340
0
  0
BLOCK_RECORD
  5
264
330
1
100
AcDbSymbolTableRecord
100
AcDbBlockTableRecord
  2
_D_6
340
0
  0
BLOCK_RECORD
  5
26F
330
1
100
AcDbSymbolTableRecord
100
AcDbBlockTableRecord
  2
_None
340
0
  0
BLOCK_RECORD
  5
272
330
1
100
AcDbSymbolTableRecord
100
AcDbBlockTableRecord
  2
_D_7
340
0
  0
BLOCK_RECORD
  5
27D
330
1
100
AcDbSymbolTableRecord
100
AcDbBlockTableRecord
  2
_D_8
340
0
  0
ENDTAB
  0
ENDSEC
  0
SECTION
  2
BLOCKS
  0
BLOCK
  5
20
330
1F
100
AcDbEntity
  8
0
100
AcDbBlockBegin
  2
*Model_Space
 70
     0
 10
0.0
 20
0.0
 30
0.0
  3
*Model_Space
  1

  0
ENDBLK
  5
21
330
1F
100
AcDbEntity
  8
0
100
AcDbBlockEnd
  0
BLOCK
  5
1C
330
1B
100
AcDbEntity
 67
     1
  8
0
100
AcDbBlockBegin
  2
*Paper_Space
 70
     0
 10
0.0
 20
0.0
 30
0.0
  3
*Paper_Space
  1

  0
ENDBLK
  5
1D
330
1B
100
AcDbEntity
 67
     1
  8
0
100
AcDbBlockEnd
  0
BLOCK
  5
24
330
23
100
AcDbEntity
  8
0
100
AcDbBlockBegin
  2
*Paper_Space0
 70
     0
 10
0.0
 20
0.0
 30
0.0
  3
*Paper_Space0
  1

  0
ENDBLK
  5
25
330
23
100
AcDbEntity
  8
0
100
AcDbBlockEnd
  0
BLOCK
  5
6A
330
69
100
AcDbEntity
  8
0
100
AcDbBlockBegin
  2
¿é2
 70
     0
 10
0.0
 20
0.0
 30
0.0
  3
¿é2
  1

  0
LINE
  5
6C
330
69
100
AcDbEntity
  8
0
  6
Continuous
 62
     7
370
    18
100
AcDbLine
 10
248.0730708334
 20
10.0
 30
0.0
 11
248.0730708334
 21
8.0
 31
0.0
  0
LINE
  5
6D
330
69
100
AcDbEntity
  8
0
  6
Continuous
 62
     7
370
    18
100
AcDbLine
 10
248.0730708334
 20
8.0
 30
0.0
 11
253.0
 21
7.0
 31
0.0
  0
LINE
  5
6E
330
69
100
AcDbEntity
  8
0
  6
Continuous
 62
     7
370
    18
100
AcDbLine
 10
253.0
 20
7.0
 30
0.0
 11
253.0
 21
11.0
 31
0.0
  0
LINE
  5
6F
330
69
100
AcDbEntity
  8
0
  6
Continuous
 62
     7
370
    18
100
AcDbLine
 10
253.0
 20
11.0
 30
0.0
 11
248.0730708334
 21
10.0
 31
0.0
  0
LINE
  5
70
330
69
100
AcDbEntity
  8
0
  6
CENTERX2
 62
     7
370
    18
100
AcDbLine
 10
247.0
 20
9.0
 30
0.0
 11
254.0
 21
9.0
 31
0.0
  0
ENDBLK
  5
6B
330
69
100
AcDbEntity
  8
0
100
AcDbBlockEnd
  0
BLOCK
  5
72
330
71
100
AcDbEntity
  8
0
100
AcDbBlockBegin
  2
¿é3
 70
     0
 10
0.0
 20
0.0
 30
0.0
  3
¿é3
  1

  0
CIRCLE
  5
74
330
71
100
AcDbEntity
  8
0
  6
Continuous
 62
     7
370
    18
100
AcDbCircle
 10
251.3067189075
 20
8.9455000859
 30
0.0
 40
0.999999999999997
  0
CIRCLE
  5
75
330
71
100
AcDbEntity
  8
0
  6
Continuous
 62
     7
370
    18
100
AcDbCircle
 10
251.3067189075
 20
8.9455000859
 30
0.0
 40
2.000000000000021
  0
LINE
  5
76
330
71
100
AcDbEntity
  8
0
  6
Continuous
 62
     7
370
    18
100
AcDbLine
 10
248.4067189075
 20
9.0055204323
 30
0.0
 11
254.2067189075
 21
9.0055204323
 31
0.0
  0
LINE
  5
77
330
71
100
AcDbEntity
  8
0
  6
CENTERX2
 62
     7
370
    18
100
AcDbLine
 10
251.3067189075
 20
11.4455000859
 30
0.0
 11
251.3067189075
 21
6.4455000859
 31
0.0
  0
ENDBLK
  5
73
330
71
100
AcDbEntity
  8
0
100
AcDbBlockEnd
  0
BLOCK
  5
134
330
133
100
AcDbEntity
  8
0
100
AcDbBlockBegin
  2
SW_SYMBOL_GTOL_FLAT
 70
     0
 10
0.0
 20
0.0
 30
0.0
  3
SW_SYMBOL_GTOL_FLAT
  1

  0
LINE
  5
136
330
133
100
AcDbEntity
  8
SLD-0
 62
     0
100
AcDbLine
 10
0.0
 20
0.0
 30
0.0
 11
577.3
 21
1000.0
 31
0.0
  0
LINE
  5
137
330
133
100
AcDbEntity
  8
SLD-0
 62
     0
100
AcDbLine
 10
577.3
 20
1000.0
 30
0.0
 11
2077.3
 21
1000.0
 31
0.0
  0
LINE
  5
138
330
133
100
AcDbEntity
  8
SLD-0
 62
     0
100
AcDbLine
 10
2077.3
 20
1000.0
 30
0.0
 11
1500.0
 21
0.0
 31
0.0
  0
LINE
  5
139
330
133
100
AcDbEntity
  8
SLD-0
 62
     0
100
AcDbLine
 10
1500.0
 20
0.0
 30
0.0
 11
0.0
 21
0.0
 31
0.0
  0
ENDBLK
  5
135
330
133
100
AcDbEntity
  8
0
100
AcDbBlockEnd
  0
BLOCK
  5
13F
330
13E
100
AcDbEntity
  8
0
100
AcDbBlockBegin
  2
SW_SYMBOL_GTOL_SYMMETRY
 70
     0
 10
0.0
 20
0.0
 30
0.0
  3
SW_SYMBOL_GTOL_SYMMETRY
  1

  0
LINE
  5
141
330
13E
100
AcDbEntity
  8
SLD-0
 62
     0
100
AcDbLine
 10
400.0
 20
1000.0
 30
0.0
 11
1600.0
 21
1000.0
 31
0.0
  0
LINE
  5
142
330
13E
100
AcDbEntity
  8
SLD-0
 62
     0
100
AcDbLine
 10
0.0
 20
500.0
 30
0.0
 11
2000.0
 21
500.0
 31
0.0
  0
LINE
  5
143
330
13E
100
AcDbEntity
  8
SLD-0
 62
     0
100
AcDbLine
 10
400.0
 20
0.0
 30
0.0
 11
1600.0
 21
0.0
 31
0.0
  0
ENDBLK
  5
140
330
13E
100
AcDbEntity
  8
0
100
AcDbBlockEnd
  0
BLOCK
  5
146
330
145
100
AcDbEntity
  8
0
100
AcDbBlockBegin
  2
SW_SYMBOL_GTOL_SRUN
 70
     0
 10
0.0
 20
0.0
 30
0.0
  3
SW_SYMBOL_GTOL_SRUN
  1

  0
LINE
  5
148
330
145
100
AcDbEntity
  8
SLD-0
 62
     0
100
AcDbLine
 10
0.0
 20
-250.0
 30
0.0
 11
980.0
 21
730.0
 31
0.0
  0
SOLID
  5
149
330
145
100
AcDbEntity
  8
SLD-0
 62
     0
100
AcDbTrace
 10
1500.0
 20
1250.0
 30
0.0
 11
822.0
 21
880.0
 31
0.0
 12
1183.0
 22
572.0
 32
0.0
 13
1183.0
 23
572.0
 33
0.0
  0
ENDBLK
  5
147
330
145
100
AcDbEntity
  8
0
100
AcDbBlockEnd
  0
BLOCK
  5
14C
330
14B
100
AcDbEntity
  8
0
100
AcDbBlockBegin
  2
SW_SYMBOL_GTOL_PERP
 70
     0
 10
0.0
 20
0.0
 30
0.0
  3
SW_SYMBOL_GTOL_PERP
  1

  0
LINE
  5
14E
330
14B
100
AcDbEntity
  8
SLD-0
 62
     0
100
AcDbLine
 10
0.0
 20
-250.0
 30
0.0
 11
2000.0
 21
-250.0
 31
0.0
  0
LINE
  5
14F
330
14B
100
AcDbEntity
  8
SLD-0
 62
     0
100
AcDbLine
 10
1000.0
 20
-250.0
 30
0.0
 11
1000.0
 21
1250.0
 31
0.0
  0
ENDBLK
  5
14D
330
14B
100
AcDbEntity
  8
0
100
AcDbBlockEnd
  0
BLOCK
  5
152
330
151
100
AcDbEntity
  8
0
100
AcDbBlockBegin
  2
SW_SYMBOL_GTOL_PARA
 70
     0
 10
0.0
 20
0.0
 30
0.0
  3
SW_SYMBOL_GTOL_PARA
  1

  0
LINE
  5
154
330
151
100
AcDbEntity
  8
SLD-0
 62
     0
100
AcDbLine
 10
0.0
 20
-250.0
 30
0.0
 11
866.0
 21
1250.0
 31
0.0
  0
LINE
  5
155
330
151
100
AcDbEntity
  8
SLD-0
 62
     0
100
AcDbLine
 10
600.0
 20
-250.0
 30
0.0
 11
1466.0
 21
1250.0
 31
0.0
  0
ENDBLK
  5
153
330
151
100
AcDbEntity
  8
0
100
AcDbBlockEnd
  0
BLOCK
  5
158
330
157
100
AcDbEntity
  8
0
100
AcDbBlockBegin
  2
SW_SYMBOL_GTOL_STRAIGHT
 70
     0
 10
0.0
 20
0.0
 30
0.0
  3
SW_SYMBOL_GTOL_STRAIGHT
  1

  0
LINE
  5
15A
330
157
100
AcDbEntity
  8
SLD-0
 62
     0
100
AcDbLine
 10
0.0
 20
500.0
 30
0.0
 11
2000.0
 21
500.0
 31
0.0
  0
ENDBLK
  5
159
330
157
100
AcDbEntity
  8
0
100
AcDbBlockEnd
  0
BLOCK
  5
165
330
164
100
AcDbEntity
  8
0
100
AcDbBlockBegin
  2
SW_NOTE_0
 70
     0
 10
0.0
 20
0.0
 30
0.0
  3
SW_NOTE_0
  1

  0
MTEXT
  5
167
330
164
100
AcDbEntity
  8
SLD-0
 62
     0
100
AcDbMText
 10
0.5695074326
 20
0.4651854277
 30
0.0
 40
1.7
 41
0.0
 71
     1
 72
     1
  1
-0.2
  7
SLDTEXTSTYLE0
 73
     1
 44
1.0
  0
MTEXT
  5
168
330
164
100
AcDbEntity
  8
SLD-0
 62
     0
100
AcDbMText
 10
0.5695074326
 20
-2.2348146423
 30
0.0
 40
1.7
 41
0.0
 71
     1
 72
     1
  1
-0.4
  7
SLDTEXTSTYLE0
 73
     1
 44
1.0
  0
ENDBLK
  5
166
330
164
100
AcDbEntity
  8
0
100
AcDbBlockEnd
  0
BLOCK
  5
16D
330
16C
100
AcDbEntity
  8
0
100
AcDbBlockBegin
  2
SW_NOTE_0_1
 70
     0
 10
0.0
 20
0.0
 30
0.0
  3
SW_NOTE_0_1
  1

  0
MTEXT
  5
16F
330
16C
100
AcDbEntity
  8
SLD-0
 62
     0
100
AcDbMText
 10
0.566120437
 20
0.5417999799
 30
0.0
 40
1.7
 41
0.0
 71
     1
 72
     1
  1
+0.4
  7
SLDTEXTSTYLE0
 73
     1
 44
1.0
  0
MTEXT
  5
170
330
16C
100
AcDbEntity
  8
SLD-0
 62
     0
100
AcDbMText
 10
0.566120437
 20
-2.1582000901
 30
0.0
 40
1.7
 41
0.0
 71
     1
 72
     1
  1
+0.2
  7
SLDTEXTSTYLE0
 73
     1
 44
1.0
  0
ENDBLK
  5
16E
330
16C
100
AcDbEntity
  8
0
100
AcDbBlockEnd
  0
BLOCK
  5
21E
330
21D
100
AcDbEntity
  8
0
100
AcDbBlockBegin
  2
_D
 70
     0
 10
0.0
 20
0.0
 30
0.0
  3
_D
  1

  0
SOLID
  5
220
330
21D
100
AcDbEntity
  8
SLD-0
 62
     7
100
AcDbTrace
 10
205.4497272727
 20
104.2855376733
 30
0.0
 11
208.7517272727
 21
103.7775376733
 31
0.0
 12
208.7517272727
 22
104.7935376733
 32
0.0
 13
208.7517272727
 23
104.7935376733
 33
0.0
  0
SOLID
  5
221
330
21D
100
AcDbEntity
  8
SLD-0
 62
     7
100
AcDbTrace
 10
245.4497272727
 20
104.2855376733
 30
0.0
 11
242.1477272727
 21
104.7935376733
 31
0.0
 12
242.1477272727
 22
103.7775376733
 32
0.0
 13
242.1477272727
 23
103.7775376733
 33
0.0
  0
LINE
  5
222
330
21D
100
AcDbEntity
  8
SLD-0
 62
     7
100
AcDbLine
 10
205.4497272727
 20
138.625
 30
0.0
 11
205.4497272727
 21
103.2855376733
 31
0.0
  0
LINE
  5
223
330
21D
100
AcDbEntity
  8
SLD-0
 62
     7
100
AcDbLine
 10
245.4497272727
 20
138.625
 30
0.0
 11
245.4497272727
 21
103.2855376733
 31
0.0
  0
LINE
  5
224
330
21D
100
AcDbEntity
  8
SLD-0
 62
     7
100
AcDbLine
 10
205.4497272727
 20
104.2855376733
 30
0.0
 11
245.4497272727
 21
104.2855376733
 31
0.0
  0
MTEXT
  5
225
330
21D
100
AcDbEntity
  8
SLD-0
 62
     7
100
AcDbMText
 10
219.7909152605
 20
108.7972745879
 30
0.0
 40
3.5
 41
0.0
 71
     1
 72
     1
  1
20.00
  7
SLDTEXTSTYLE3
 73
     1
 44
1.0
  0
ENDBLK
  5
21F
330
21D
100
AcDbEntity
  8
0
100
AcDbBlockEnd
  0
BLOCK
  5
229
330
228
100
AcDbEntity
  8
0
100
AcDbBlockBegin
  2
_D_1
 70
     0
 10
0.0
 20
0.0
 30
0.0
  3
_D_1
  1

  0
SOLID
  5
22B
330
228
100
AcDbEntity
  8
SLD-0
 62
     7
100
AcDbTrace
 10
196.6802133248
 20
137.625
 30
0.0
 11
196.1722133248
 21
134.323
 31
0.0
 12
197.1882133248
 22
134.323
 32
0.0
 13
197.1882133248
 23
134.323
 33
0.0
  0
SOLID
  5
22C
330
228
100
AcDbEntity
  8
SLD-0
 62
     7
100
AcDbTrace
 10
196.6802133248
 20
161.625
 30
0.0
 11
197.1882133248
 21
164.927
 31
0.0
 12
196.1722133248
 22
164.927
 32
0.0
 13
196.1722133248
 23
164.927
 33
0.0
  0
LINE
  5
22D
330
228
100
AcDbEntity
  8
SLD-0
 62
     7
100
AcDbLine
 10
206.4497272727
 20
137.625
 30
0.0
 11
195.6802133248
 21
137.625
 31
0.0
  0
LINE
  5
22E
330
228
100
AcDbEntity
  8
SLD-0
 62
     7
100
AcDbLine
 10
206.4497272727
 20
161.625
 30
0.0
 11
195.6802133248
 21
161.625
 31
0.0
  0
LINE
  5
22F
330
228
100
AcDbEntity
  8
SLD-0
 62
     7
100
AcDbLine
 10
196.6802133248
 20
137.625
 30
0.0
 11
196.6802133248
 21
131.275
 31
0.0
  0
LINE
  5
230
330
228
100
AcDbEntity
  8
SLD-0
 62
     7
100
AcDbLine
 10
196.6802133248
 20
137.625
 30
0.0
 11
196.6802133248
 21
161.625
 31
0.0
  0
LINE
  5
231
330
228
100
AcDbEntity
  8
SLD-0
 62
     7
100
AcDbLine
 10
196.6802133248
 20
161.625
 30
0.0
 11
196.6802133248
 21
167.975
 31
0.0
  0
MTEXT
  5
232
330
228
100
AcDbEntity
  8
SLD-0
 62
     7
100
AcDbMText
 10
192.1684764102
 20
140.2316874797
 30
0.0
 40
3.5
 41
0.0
 71
     1
 72
     1
  1
12.00
  7
SLDTEXTSTYLE3
 11
6.123233995736766E-17
 21
1.0
 31
0.0
 73
     1
 44
1.0
  0
ENDBLK
  5
22A
330
228
100
AcDbEntity
  8
0
100
AcDbBlockEnd
  0
BLOCK
  5
235
330
234
100
AcDbEntity
  8
0
100
AcDbBlockBegin
  2
_D_2
 70
     0
 10
0.0
 20
0.0
 30
0.0
  3
_D_2
  1

  0
SOLID
  5
237
330
234
100
AcDbEntity
  8
SLD-0
 62
     7
100
AcDbTrace
 10
205.4497272727
 20
121.625
 30
0.0
 11
208.7517272727
 21
121.117
 31
0.0
 12
208.7517272727
 22
122.133
 32
0.0
 13
208.7517272727
 23
122.133
 33
0.0
  0
SOLID
  5
238
330
234
100
AcDbEntity
  8
SLD-0
 62
     7
100
AcDbTrace
 10
217.4497272727
 20
121.625
 30
0.0
 11
214.1477272727
 21
122.133
 31
0.0
 12
214.1477272727
 22
121.117
 32
0.0
 13
214.1477272727
 23
121.117
 33
0.0
  0
LINE
  5
239
330
234
100
AcDbEntity
  8
SLD-0
 62
     7
100
AcDbLine
 10
205.4497272727
 20
138.625
 30
0.0
 11
205.4497272727
 21
120.625
 31
0.0
  0
LINE
  5
23A
330
234
100
AcDbEntity
  8
SLD-0
 62
     7
100
AcDbLine
 10
217.4497272727
 20
142.625
 30
0.0
 11
217.4497272727
 21
120.625
 31
0.0
  0
LINE
  5
23B
330
234
100
AcDbEntity
  8
SLD-0
 62
     7
100
AcDbLine
 10
205.4497272727
 20
121.625
 30
0.0
 11
190.9240327423
 21
121.625
 31
0.0
  0
LINE
  5
23C
330
234
100
AcDbEntity
  8
SLD-0
 62
     7
100
AcDbLine
 10
205.4497272727
 20
121.625
 30
0.0
 11
217.4497272727
 21
121.625
 31
0.0
  0
MTEXT
  5
23D
330
234
100
AcDbEntity
  8
SLD-0
 62
     7
100
AcDbMText
 10
190.9240327423
 20
126.1367369146
 30
0.0
 40
3.5
 41
0.0
 71
     1
 72
     1
  1
6.00
  7
SLDTEXTSTYLE3
 73
     1
 44
1.0
  0
ENDBLK
  5
236
330
234
100
AcDbEntity
  8
0
100
AcDbBlockEnd
  0
BLOCK
  5
240
330
23F
100
AcDbEntity
  8
0
100
AcDbBlockBegin
  2
_D_3
 70
     0
 10
0.0
 20
0.0
 30
0.0
  3
_D_3
  1

  0
SOLID
  5
242
330
23F
100
AcDbEntity
  8
SLD-0
 62
     7
100
AcDbTrace
 10
217.4497272727
 20
121.625
 30
0.0
 11
214.1477272727
 21
122.133
 31
0.0
 12
214.1477272727
 22
121.117
 32
0.0
 13
214.1477272727
 23
121.117
 33
0.0
  0
SOLID
  5
243
330
23F
100
AcDbEntity
  8
SLD-0
 62
     7
100
AcDbTrace
 10
220.6497272727
 20
121.625
 30
0.0
 11
223.9517272727
 21
121.117
 31
0.0
 12
223.9517272727
 22
122.133
 32
0.0
 13
223.9517272727
 23
122.133
 33
0.0
  0
LINE
  5
244
330
23F
100
AcDbEntity
  8
SLD-0
 62
     7
100
AcDbLine
 10
217.4497272727
 20
142.625
 30
0.0
 11
217.4497272727
 21
120.625
 31
0.0
  0
LINE
  5
245
330
23F
100
AcDbEntity
  8
SLD-0
 62
     7
100
AcDbLine
 10
220.6497272727
 20
142.625
 30
0.0
 11
220.6497272727
 21
120.625
 31
0.0
  0
LINE
  5
246
330
23F
100
AcDbEntity
  8
SLD-0
 62
     7
100
AcDbLine
 10
217.4497272727
 20
121.625
 30
0.0
 11
211.0997272727
 21
121.625
 31
0.0
  0
LINE
  5
247
330
23F
100
AcDbEntity
  8
SLD-0
 62
     7
100
AcDbLine
 10
217.4497272727
 20
121.625
 30
0.0
 11
220.6497272727
 21
121.625
 31
0.0
  0
LINE
  5
248
330
23F
100
AcDbEntity
  8
SLD-0
 62
     7
100
AcDbLine
 10
220.6497272727
 20
121.625
 30
0.0
 11
238.3769056771
 21
121.625
 31
0.0
  0
MTEXT
  5
249
330
23F
100
AcDbEntity
  8
SLD-0
 62
     7
100
AcDbMText
 10
229.3255166161
 20
126.1367369146
 30
0.0
 40
3.5
 41
0.0
 71
     1
 72
     1
  1
1.60
  7
SLDTEXTSTYLE3
 73
     1
 44
1.0
  0
ENDBLK
  5
241
330
23F
100
AcDbEntity
  8
0
100
AcDbBlockEnd
  0
BLOCK
  5
24C
330
24B
100
AcDbEntity
  8
0
100
AcDbBlockBegin
  2
_D_4
 70
     0
 10
0.0
 20
0.0
 30
0.0
  3
_D_4
  1

  0
SOLID
  5
24E
330
24B
100
AcDbEntity
  8
SLD-0
 62
     7
100
AcDbTrace
 10
229.4497272727
 20
115.625
 30
0.0
 11
232.7517272727
 21
115.117
 31
0.0
 12
232.7517272727
 22
116.133
 32
0.0
 13
232.7517272727
 23
116.133
 33
0.0
  0
SOLID
  5
24F
330
24B
100
AcDbEntity
  8
SLD-0
 62
     7
100
AcDbTrace
 10
205.4497272727
 20
115.625
 30
0.0
 11
202.1477272727
 21
116.133
 31
0.0
 12
202.1477272727
 22
115.117
 32
0.0
 13
202.1477272727
 23
115.117
 33
0.0
  0
LINE
  5
250
330
24B
100
AcDbEntity
  8
SLD-0
 62
     7
100
AcDbLine
 10
229.4497272727
 20
148.625
 30
0.0
 11
229.4497272727
 21
114.625
 31
0.0
  0
LINE
  5
251
330
24B
100
AcDbEntity
  8
SLD-0
 62
     7
100
AcDbLine
 10
205.4497272727
 20
138.625
 30
0.0
 11
205.4497272727
 21
114.625
 31
0.0
  0
LINE
  5
252
330
24B
100
AcDbEntity
  8
SLD-0
 62
     7
100
AcDbLine
 10
229.4497272727
 20
115.625
 30
0.0
 11
235.7997272727
 21
115.625
 31
0.0
  0
LINE
  5
253
330
24B
100
AcDbEntity
  8
SLD-0
 62
     7
100
AcDbLine
 10
229.4497272727
 20
115.625
 30
0.0
 11
205.4497272727
 21
115.625
 31
0.0
  0
LINE
  5
254
330
24B
100
AcDbEntity
  8
SLD-0
 62
     7
100
AcDbLine
 10
205.4497272727
 20
115.625
 30
0.0
 11
199.0997272727
 21
115.625
 31
0.0
  0
MTEXT
  5
255
330
24B
100
AcDbEntity
  8
SLD-0
 62
     7
100
AcDbMText
 10
216.5973358229
 20
120.1367369146
 30
0.0
 40
3.5
 41
0.0
 71
     1
 72
     1
  1
12.00
  7
SLDTEXTSTYLE3
 73
     1
 44
1.0
  0
ENDBLK
  5
24D
330
24B
100
AcDbEntity
  8
0
100
AcDbBlockEnd
  0
BLOCK
  5
258
330
257
100
AcDbEntity
  8
0
100
AcDbBlockBegin
  2
_D_5
 70
     0
 10
0.0
 20
0.0
 30
0.0
  3
_D_5
  1

  0
SOLID
  5
25A
330
257
100
AcDbEntity
  8
SLD-0
 62
     7
100
AcDbTrace
 10
202.9540022762
 20
143.105
 30
0.0
 11
203.4620022762
 21
146.407
 31
0.0
 12
202.4460022762
 22
146.407
 32
0.0
 13
202.4460022762
 23
146.407
 33
0.0
  0
SOLID
  5
25B
330
257
100
AcDbEntity
  8
SLD-0
 62
     7
100
AcDbTrace
 10
202.9540022762
 20
140.905
 30
0.0
 11
202.4460022762
 21
137.603
 31
0.0
 12
203.4620022762
 22
137.603
 32
0.0
 13
203.4620022762
 23
137.603
 33
0.0
  0
LINE
  5
25C
330
257
100
AcDbEntity
  8
SLD-0
 62
     7
100
AcDbLine
 10
240.4497272727
 20
143.105
 30
0.0
 11
201.9540022762
 21
143.105
 31
0.0
  0
LINE
  5
25D
330
257
100
AcDbEntity
  8
SLD-0
 62
     7
100
AcDbLine
 10
240.4497272727
 20
140.905
 30
0.0
 11
201.9540022762
 21
140.905
 31
0.0
  0
LINE
  5
25E
330
257
100
AcDbEntity
  8
SLD-0
 62
     7
100
AcDbLine
 10
202.9540022762
 20
143.105
 30
0.0
 11
202.9540022762
 21
153.2153514187
 31
0.0
  0
LINE
  5
25F
330
257
100
AcDbEntity
  8
SLD-0
 62
     7
100
AcDbLine
 10
202.9540022762
 20
143.105
 30
0.0
 11
202.9540022762
 21
140.905
 31
0.0
  0
LINE
  5
260
330
257
100
AcDbEntity
  8
SLD-0
 62
     7
100
AcDbLine
 10
202.9540022762
 20
140.905
 30
0.0
 11
202.9540022762
 21
134.555
 31
0.0
  0
MTEXT
  5
261
330
257
100
AcDbEntity
  8
SLD-0
 62
     7
100
AcDbMText
 10
198.442265187
 20
138.885524028
 30
0.0
 40
3.5
 41
0.0
 71
     1
 72
     1
  1
%%c
  7
SLDTEXTSTYLE3
 11
-7.044195017643634E-15
 21
1.0
 31
0.0
 73
     1
 44
1.0
  0
MTEXT
  5
262
330
257
100
AcDbEntity
  8
SLD-0
 62
     7
100
AcDbMText
 10
198.3887930103
 20
144.1639614264
 30
0.0
 40
3.5
 41
0.0
 71
     1
 72
     1
  1
1.10
  7
SLDTEXTSTYLE3
 11
-7.044195017643634E-15
 21
1.0
 31
0.0
 73
     1
 44
1.0
  0
ENDBLK
  5
259
330
257
100
AcDbEntity
  8
0
100
AcDbBlockEnd
  0
BLOCK
  5
265
330
264
100
AcDbEntity
  8
0
100
AcDbBlockBegin
  2
_D_6
 70
     0
 10
0.0
 20
0.0
 30
0.0
  3
_D_6
  1

  0
SOLID
  5
267
330
264
100
AcDbEntity
  8
SLD-0
 62
     7
100
AcDbTrace
 10
241.4497272727
 20
109.625
 30
0.0
 11
238.1477272727
 21
110.133
 31
0.0
 12
238.1477272727
 22
109.117
 32
0.0
 13
238.1477272727
 23
109.117
 33
0.0
  0
SOLID
  5
268
330
264
100
AcDbEntity
  8
SLD-0
 62
     7
100
AcDbTrace
 10
205.4497272727
 20
109.625
 30
0.0
 11
208.7517272727
 21
109.117
 31
0.0
 12
208.7517272727
 22
110.133
 32
0.0
 13
208.7517272727
 23
110.133
 33
0.0
  0
LINE
  5
269
330
264
100
AcDbEntity
  8
SLD-0
 62
     7
100
AcDbLine
 10
241.4497272727
 20
156.245
 30
0.0
 11
241.4497272727
 21
108.625
 31
0.0
  0
LINE
  5
26A
330
264
100
AcDbEntity
  8
SLD-0
 62
     7
100
AcDbLine
 10
205.4497272727
 20
138.625
 30
0.0
 11
205.4497272727
 21
108.625
 31
0.0
  0
LINE
  5
26B
330
264
100
AcDbEntity
  8
SLD-0
 62
     7
100
AcDbLine
 10
241.4497272727
 20
109.625
 30
0.0
 11
205.4497272727
 21
109.625
 31
0.0
  0
MTEXT
  5
26C
330
264
100
AcDbEntity
  8
SLD-0
 62
     7
100
AcDbMText
 10
218.9844427445
 20
114.1367369146
 30
0.0
 40
3.5
 41
0.0
 71
     1
 72
     1
  1
18.00
  7
SLDTEXTSTYLE3
 73
     1
 44
1.0
  0
ENDBLK
  5
266
330
264
100
AcDbEntity
  8
0
100
AcDbBlockEnd
  0
BLOCK
  5
270
330
26F
100
AcDbEntity
  8
0
100
AcDbBlockBegin
  2
_None
 70
     0
 10
0.0
 20
0.0
 30
0.0
  3
_None
  1

  0
ENDBLK
  5
271
330
26F
100
AcDbEntity
  8
0
100
AcDbBlockEnd
  0
BLOCK
  5
273
330
272
100
AcDbEntity
  8
0
100
AcDbBlockBegin
  2
_D_7
 70
     0
 10
0.0
 20
0.0
 30
0.0
  3
_D_7
  1

  0
SOLID
  5
275
330
272
100
AcDbEntity
  8
SLD-0
100
AcDbTrace
 10
242.1550026263
 20
146.707393491
 30
0.0
 11
244.8262465149
 21
144.7009727755
 31
0.0
 12
245.3058067814
 22
145.5966724745
 32
0.0
 13
245.3058067814
 23
145.5966724745
 33
0.0
  0
LINE
  5
276
330
272
100
AcDbEntity
  8
SLD-0
100
AcDbLine
 10
242.1550026263
 20
146.707393491
 30
0.0
 11
259.2469528084
 21
137.5563128414
 31
0.0
  0
LINE
  5
277
330
272
100
AcDbEntity
  8
SLD-0
100
AcDbLine
 10
240.7444519192
 20
147.462606509
 30
0.0
 11
242.1550026263
 21
146.707393491
 31
0.0
  0
LINE
  5
278
330
272
100
AcDbEntity
  8
SLD-0
100
AcDbLine
 10
259.2469528084
 20
137.5563128414
 30
0.0
 11
275.164280199
 21
137.5563128414
 31
0.0
  0
MTEXT
  5
279
330
272
100
AcDbEntity
  8
SLD-0
100
AcDbMText
 10
260.8344528084
 20
142.0680499306
 30
0.0
 40
3.5
 41
0.0
 71
     1
 72
     1
  1
%%c
  7
SLDTEXTSTYLE3
 73
     1
 44
1.0
  0
MTEXT
  5
27A
330
272
100
AcDbEntity
  8
SLD-0
100
AcDbMText
 10
266.1128902068
 20
142.1215221072
 30
0.0
 40
3.5
 41
0.0
 71
     1
 72
     1
  1
0.80
  7
SLDTEXTSTYLE3
 73
     1
 44
1.0
  0
ENDBLK
  5
274
330
272
100
AcDbEntity
  8
0
100
AcDbBlockEnd
  0
BLOCK
  5
27E
330
27D
100
AcDbEntity
  8
0
100
AcDbBlockBegin
  2
_D_8
 70
     0
 10
0.0
 20
0.0
 30
0.0
  3
_D_8
  1

  0
SOLID
  5
280
330
27D
100
AcDbEntity
  8
SLD-0
100
AcDbTrace
 10
241.9997272727
 20
141.0523720558
 30
0.0
 11
243.2107863676
 21
137.9387561725
 31
0.0
 12
244.0906681778
 22
138.4467561725
 32
0.0
 13
244.0906681778
 23
138.4467561725
 33
0.0
  0
LINE
  5
281
330
27D
100
AcDbEntity
  8
SLD-0
100
AcDbLine
 10
241.9997272727
 20
141.0523720558
 30
0.0
 11
251.2719466602
 21
124.9924169778
 31
0.0
  0
LINE
  5
282
330
27D
100
AcDbEntity
  8
SLD-0
100
AcDbLine
 10
240.8997272727
 20
142.9576279442
 30
0.0
 11
241.9997272727
 21
141.0523720558
 31
0.0
  0
LINE
  5
283
330
27D
100
AcDbEntity
  8
SLD-0
100
AcDbLine
 10
251.2719466602
 20
124.9924169778
 30
0.0
 11
277.8156618332
 21
124.9924169778
 31
0.0
  0
MTEXT
  5
284
330
27D
100
AcDbEntity
  8
SLD-0
100
AcDbMText
 10
252.8594466602
 20
129.504154067
 30
0.0
 40
3.5
 41
0.0
 71
     1
 72
     1
  1
%%c
  7
SLDTEXTSTYLE3
 73
     1
 44
1.0
  0
MTEXT
  5
285
330
27D
100
AcDbEntity
  8
SLD-0
100
AcDbMText
 10
258.1378840586
 20
129.5576262437
 30
0.0
 40
3.5
 41
0.0
 71
     1
 72
     1
  1
1.10
  7
SLDTEXTSTYLE3
 73
     1
 44
1.0
  0
MTEXT
  5
286
330
27D
100
AcDbEntity
  8
SLD-0
100
AcDbMText
 10
268.5017731195
 20
129.5576262437
 30
0.0
 40
3.5
 41
0.0
 71
     1
 72
     1
  1
¹á\U+7A7F
  7
SLDTEXTSTYLE2
 73
     1
 44
1.0
  0
ENDBLK
  5
27F
330
27D
100
AcDbEntity
  8
0
100
AcDbBlockEnd
  0
ENDSEC
  0
SECTION
  2
ENTITIES
  0
LINE
  5
78
330
1F
100
AcDbEntity
  8
0
  6
Continuous
 62
     7
370
    25
100
AcDbLine
 10
6.0
 20
204.0
 30
0.0
 11
291.0
 21
204.0
 31
0.0
  0
LINE
  5
79
330
1F
100
AcDbEntity
  8
0
  6
Continuous
 62
     7
370
    18
100
AcDbLine
 10
238.6
 20
12.0
 30
0.0
 11
238.6
 21
6.0
 31
0.0
  0
LINE
  5
7A
330
1F
100
AcDbEntity
  8
0
  6
Continuous
 62
     7
370
    18
100
AcDbLine
 10
256.0
 20
17.0
 30
0.0
 11
256.0
 21
24.0
 31
0.0
  0
LINE
  5
7B
330
1F
100
AcDbEntity
  8
0
  6
Continuous
 62
     7
370
    18
100
AcDbLine
 10
223.0
 20
18.0
 30
0.0
 11
223.0
 21
6.0
 31
0.0
  0
LINE
  5
7C
330
1F
100
AcDbEntity
  8
0
  6
Continuous
 62
     7
370
    18
100
AcDbLine
 10
151.0
 20
21.0
 30
0.0
 11
151.0
 21
24.0
 31
0.0
  0
LINE
  5
7D
330
1F
100
AcDbEntity
  8
0
  6
Continuous
 62
     7
370
    25
100
AcDbLine
 10
291.0
 20
204.0
 30
0.0
 11
291.0
 21
6.0
 31
0.0
  0
LINE
  5
7E
330
1F
100
AcDbEntity
  8
0
  6
Continuous
 62
     7
370
    25
100
AcDbLine
 10
6.0
 20
6.0
 30
0.0
 11
291.0
 21
6.0
 31
0.0
  0
LINE
  5
7F
330
1F
100
AcDbEntity
  8
0
  6
Continuous
 62
     7
370
    25
100
AcDbLine
 10
6.0
 20
204.0
 30
0.0
 11
6.0
 21
6.0
 31
0.0
  0
LINE
  5
80
330
1F
100
AcDbEntity
  8
0
  6
Continuous
 62
     7
370
    18
100
AcDbLine
 10
135.0
 20
18.0
 30
0.0
 11
135.0
 21
21.0
 31
0.0
  0
LINE
  5
81
330
1F
100
AcDbEntity
  8
0
  6
Continuous
 62
     7
370
    25
100
AcDbLine
 10
193.0
 20
24.0
 30
0.0
 11
223.0
 21
24.0
 31
0.0
  0
LINE
  5
82
330
1F
100
AcDbEntity
  8
0
  6
Continuous
 62
     7
370
    25
100
AcDbLine
 10
45.0
 20
204.0
 30
0.0
 11
45.0
 21
208.0
 31
0.0
  0
LINE
  5
83
330
1F
100
AcDbEntity
  8
0
  6
Continuous
 62
     7
370
    25
100
AcDbLine
 10
79.5
 20
204.0
 30
0.0
 11
79.5
 21
208.0
 31
0.0
  0
LINE
  5
84
330
1F
100
AcDbEntity
  8
0
  6
Continuous
 62
     7
370
    25
100
AcDbLine
 10
114.0
 20
204.0
 30
0.0
 11
114.0
 21
208.0
 31
0.0
  0
LINE
  5
85
330
1F
100
AcDbEntity
  8
0
  6
Continuous
 62
     7
370
    25
100
AcDbLine
 10
148.5
 20
204.0
 30
0.0
 11
148.5
 21
208.0
 31
0.0
  0
LINE
  5
86
330
1F
100
AcDbEntity
  8
0
  6
Continuous
 62
     7
370
    25
100
AcDbLine
 10
183.0
 20
204.0
 30
0.0
 11
183.0
 21
208.0
 31
0.0
  0
LINE
  5
87
330
1F
100
AcDbEntity
  8
0
  6
Continuous
 62
     7
370
    25
100
AcDbLine
 10
217.5
 20
204.0
 30
0.0
 11
217.5
 21
208.0
 31
0.0
  0
LINE
  5
88
330
1F
100
AcDbEntity
  8
0
  6
Continuous
 62
     7
370
    25
100
AcDbLine
 10
252.0
 20
204.0
 30
0.0
 11
252.0
 21
208.0
 31
0.0
  0
LINE
  5
89
330
1F
100
AcDbEntity
  8
0
  6
Continuous
 62
     7
370
    18
100
AcDbLine
 10
6.0
 20
12.0
 30
0.0
 11
135.0
 21
12.0
 31
0.0
  0
LINE
  5
8A
330
1F
100
AcDbEntity
  8
0
  6
Continuous
 62
     7
370
    25
100
AcDbLine
 10
6.0
 20
24.0
 30
0.0
 11
166.0
 21
24.0
 31
0.0
  0
LINE
  5
8B
330
1F
100
AcDbEntity
  8
0
  6
Continuous
 62
     7
370
    18
100
AcDbLine
 10
135.0
 20
15.0
 30
0.0
 11
151.0
 21
15.0
 31
0.0
  0
LINE
  5
8C
330
1F
100
AcDbEntity
  8
0
  6
Continuous
 62
     7
370
    18
100
AcDbLine
 10
14.0
 20
21.0
 30
0.0
 11
14.0
 21
6.0
 31
0.0
  0
LINE
  5
8D
330
1F
100
AcDbEntity
  8
0
  6
Continuous
 62
     7
370
    25
100
AcDbLine
 10
6.0
 20
171.0
 30
0.0
 11
2.0
 21
171.0
 31
0.0
  0
LINE
  5
8E
330
1F
100
AcDbEntity
  8
0
  6
Continuous
 62
     7
370
    25
100
AcDbLine
 10
6.0
 20
138.0
 30
0.0
 11
2.0
 21
138.0
 31
0.0
  0
LINE
  5
8F
330
1F
100
AcDbEntity
  8
0
  6
Continuous
 62
     7
370
    25
100
AcDbLine
 10
6.0
 20
105.0
 30
0.0
 11
2.0
 21
105.0
 31
0.0
  0
LINE
  5
90
330
1F
100
AcDbEntity
  8
0
  6
Continuous
 62
     7
370
    25
100
AcDbLine
 10
6.0
 20
72.0
 30
0.0
 11
2.0
 21
72.0
 31
0.0
  0
LINE
  5
91
330
1F
100
AcDbEntity
  8
0
  6
Continuous
 62
     7
370
    25
100
AcDbLine
 10
6.0
 20
39.0
 30
0.0
 11
2.0
 21
39.0
 31
0.0
  0
LINE
  5
92
330
1F
100
AcDbEntity
  8
0
  6
Continuous
 62
     7
370
    18
100
AcDbLine
 10
135.0
 20
18.0
 30
0.0
 11
135.0
 21
6.0
 31
0.0
  0
LINE
  5
93
330
1F
100
AcDbEntity
  8
0
  6
Continuous
 62
     7
370
    25
100
AcDbLine
 10
252.0
 20
6.0
 30
0.0
 11
252.0
 21
2.0
 31
0.0
  0
LINE
  5
94
330
1F
100
AcDbEntity
  8
0
  6
Continuous
 62
     7
370
    25
100
AcDbLine
 10
217.5
 20
6.0
 30
0.0
 11
217.5
 21
2.0
 31
0.0
  0
LINE
  5
95
330
1F
100
AcDbEntity
  8
0
  6
Continuous
 62
     7
370
    25
100
AcDbLine
 10
183.0
 20
6.0
 30
0.0
 11
183.0
 21
2.0
 31
0.0
  0
LINE
  5
96
330
1F
100
AcDbEntity
  8
0
  6
Continuous
 62
     7
370
    25
100
AcDbLine
 10
148.5
 20
6.0
 30
0.0
 11
148.5
 21
2.0
 31
0.0
  0
LINE
  5
97
330
1F
100
AcDbEntity
  8
0
  6
Continuous
 62
     7
370
    25
100
AcDbLine
 10
114.0
 20
6.0
 30
0.0
 11
114.0
 21
2.0
 31
0.0
  0
LINE
  5
98
330
1F
100
AcDbEntity
  8
0
  6
Continuous
 62
     7
370
    25
100
AcDbLine
 10
79.5
 20
6.0
 30
0.0
 11
79.5
 21
2.0
 31
0.0
  0
LINE
  5
99
330
1F
100
AcDbEntity
  8
0
  6
Continuous
 62
     7
370
    25
100
AcDbLine
 10
45.0
 20
6.0
 30
0.0
 11
45.0
 21
2.0
 31
0.0
  0
LINE
  5
9A
330
1F
100
AcDbEntity
  8
0
  6
Continuous
 62
     7
370
    25
100
AcDbLine
 10
291.0
 20
39.0
 30
0.0
 11
295.0
 21
39.0
 31
0.0
  0
LINE
  5
9B
330
1F
100
AcDbEntity
  8
0
  6
Continuous
 62
     7
370
    25
100
AcDbLine
 10
291.0
 20
72.0
 30
0.0
 11
295.0
 21
72.0
 31
0.0
  0
LINE
  5
9C
330
1F
100
AcDbEntity
  8
0
  6
Continuous
 62
     7
370
    25
100
AcDbLine
 10
291.0
 20
105.0
 30
0.0
 11
295.0
 21
105.0
 31
0.0
  0
LINE
  5
9D
330
1F
100
AcDbEntity
  8
0
  6
Continuous
 62
     7
370
    25
100
AcDbLine
 10
291.0
 20
138.0
 30
0.0
 11
295.0
 21
138.0
 31
0.0
  0
LINE
  5
9E
330
1F
100
AcDbEntity
  8
0
  6
Continuous
 62
     7
370
    25
100
AcDbLine
 10
291.0
 20
171.0
 30
0.0
 11
295.0
 21
171.0
 31
0.0
  0
LINE
  5
9F
330
1F
100
AcDbEntity
  8
0
  6
Continuous
 62
     7
370
    18
100
AcDbLine
 10
151.0
 20
21.0
 30
0.0
 11
151.0
 21
6.0
 31
0.0
  0
LINE
  5
A0
330
1F
100
AcDbEntity
  8
0
  6
Continuous
 62
     7
370
    18
100
AcDbLine
 10
28.0
 20
18.0
 30
0.0
 11
135.0
 21
18.0
 31
0.0
  0
LINE
  5
A1
330
1F
100
AcDbEntity
  8
0
  6
Continuous
 62
     7
370
    18
100
AcDbLine
 10
14.0
 20
15.0
 30
0.0
 11
135.0
 21
15.0
 31
0.0
  0
LINE
  5
A2
330
1F
100
AcDbEntity
  8
0
  6
Continuous
 62
     7
370
    18
100
AcDbLine
 10
6.0
 20
9.0
 30
0.0
 11
135.0
 21
9.0
 31
0.0
  0
LINE
  5
A3
330
1F
100
AcDbEntity
  8
0
  6
Continuous
 62
     7
370
    18
100
AcDbLine
 10
14.0
 20
28.0
 30
0.0
 11
14.0
 21
24.0
 31
0.0
  0
LINE
  5
A4
330
1F
100
AcDbEntity
  8
0
  6
Continuous
 62
     7
370
    18
100
AcDbLine
 10
166.0
 20
21.0
 30
0.0
 11
166.0
 21
6.0
 31
0.0
  0
LINE
  5
A5
330
1F
100
AcDbEntity
  8
0
  6
Continuous
 62
     7
370
    18
100
AcDbLine
 10
35.0
 20
24.0
 30
0.0
 11
35.0
 21
28.0
 31
0.0
  0
LINE
  5
A6
330
1F
100
AcDbEntity
  8
0
  6
Continuous
 62
     7
370
    18
100
AcDbLine
 10
6.0
 20
21.0
 30
0.0
 11
151.0
 21
21.0
 31
0.0
  0
LINE
  5
A7
330
1F
100
AcDbEntity
  8
0
  6
Continuous
 62
     7
370
    18
100
AcDbLine
 10
256.0
 20
17.0
 30
0.0
 11
256.0
 21
6.0
 31
0.0
  0
LINE
  5
A8
330
1F
100
AcDbEntity
  8
0
  6
Continuous
 62
     7
370
    18
100
AcDbLine
 10
263.0
 20
18.0
 30
0.0
 11
263.0
 21
6.0
 31
0.0
  0
LINE
  5
A9
330
1F
100
AcDbEntity
  8
0
  6
Continuous
 62
     7
370
    18
100
AcDbLine
 10
270.0
 20
18.0
 30
0.0
 11
270.0
 21
6.0
 31
0.0
  0
LINE
  5
AA
330
1F
100
AcDbEntity
  8
0
  6
Continuous
 62
     7
370
    18
100
AcDbLine
 10
277.0
 20
18.0
 30
0.0
 11
277.0
 21
6.0
 31
0.0
  0
LINE
  5
AB
330
1F
100
AcDbEntity
  8
0
  6
Continuous
 62
     7
370
    18
100
AcDbLine
 10
284.0
 20
18.0
 30
0.0
 11
284.0
 21
6.0
 31
0.0
  0
LINE
  5
AC
330
1F
100
AcDbEntity
  8
0
  6
Continuous
 62
     7
370
    18
100
AcDbLine
 10
256.0
 20
18.0
 30
0.0
 11
291.0
 21
18.0
 31
0.0
  0
LINE
  5
AD
330
1F
100
AcDbEntity
  8
0
  6
Continuous
 62
     7
370
    18
100
AcDbLine
 10
223.0
 20
12.0
 30
0.0
 11
256.3376504004
 21
12.0
 31
0.0
  0
LINE
  5
AE
330
1F
100
AcDbEntity
  8
0
  6
Continuous
 62
     7
370
    18
100
AcDbLine
 10
126.0
 20
18.0
 30
0.0
 11
126.0
 21
6.0
 31
0.0
  0
LINE
  5
AF
330
1F
100
AcDbEntity
  8
0
  6
Continuous
 62
     7
370
    18
100
AcDbLine
 10
28.0
 20
18.0
 30
0.0
 11
14.0
 21
18.0
 31
0.0
  0
LINE
  5
B0
330
1F
100
AcDbEntity
  8
0
  6
Continuous
 62
     7
370
    18
100
AcDbLine
 10
117.0
 20
18.0
 30
0.0
 11
117.0
 21
6.0
 31
0.0
  0
LINE
  5
B1
330
1F
100
AcDbEntity
  8
0
  6
Continuous
 62
     7
370
    18
100
AcDbLine
 10
108.0
 20
18.0
 30
0.0
 11
108.0
 21
6.0
 31
0.0
  0
LINE
  5
B2
330
1F
100
AcDbEntity
  8
0
  6
Continuous
 62
     7
370
    18
100
AcDbLine
 10
256.0
 20
12.0
 30
0.0
 11
291.0
 21
12.0
 31
0.0
  0
LINE
  5
B3
330
1F
100
AcDbEntity
  8
0
  6
Continuous
 62
     7
370
    18
100
AcDbLine
 10
90.0
 20
18.0
 30
0.0
 11
90.0
 21
21.0
 31
0.0
  0
LINE
  5
B4
330
1F
100
AcDbEntity
  8
0
  6
Continuous
 62
     7
370
    18
100
AcDbLine
 10
90.0
 20
18.0
 30
0.0
 11
90.0
 21
6.0
 31
0.0
  0
LINE
  5
B5
330
1F
100
AcDbEntity
  8
0
  6
Continuous
 62
     7
370
    18
100
AcDbLine
 10
78.0
 20
18.0
 30
0.0
 11
78.0
 21
6.0
 31
0.0
  0
LINE
  5
B6
330
1F
100
AcDbEntity
  8
0
  6
Continuous
 62
     7
370
    18
100
AcDbLine
 10
66.0
 20
18.0
 30
0.0
 11
66.0
 21
6.0
 31
0.0
  0
LINE
  5
B7
330
1F
100
AcDbEntity
  8
0
  6
Continuous
 62
     7
370
    18
100
AcDbLine
 10
55.0
 20
18.0
 30
0.0
 11
55.0
 21
6.0
 31
0.0
  0
LINE
  5
B8
330
1F
100
AcDbEntity
  8
0
  6
Continuous
 62
     7
370
    18
100
AcDbLine
 10
45.0
 20
18.0
 30
0.0
 11
45.0
 21
6.0
 31
0.0
  0
LINE
  5
B9
330
1F
100
AcDbEntity
  8
0
  6
Continuous
 62
     7
370
    18
100
AcDbLine
 10
223.0
 20
18.0
 30
0.0
 11
223.0
 21
24.0
 31
0.0
  0
LINE
  5
BA
330
1F
100
AcDbEntity
  8
0
  6
Continuous
 62
     7
370
    18
100
AcDbLine
 10
35.0
 20
18.0
 30
0.0
 11
35.0
 21
6.0
 31
0.0
  0
LINE
  5
BB
330
1F
100
AcDbEntity
  8
0
  6
Continuous
 62
     7
370
    18
100
AcDbLine
 10
99.0
 20
18.0
 30
0.0
 11
99.0
 21
6.0
 31
0.0
  0
LINE
  5
BC
330
1F
100
AcDbEntity
  8
0
  6
Continuous
 62
     7
370
    18
100
AcDbLine
 10
193.0
 20
18.0
 30
0.0
 11
223.0
 21
18.0
 31
0.0
  0
LINE
  5
BD
330
1F
100
AcDbEntity
  8
0
  6
Continuous
 62
     7
370
    25
100
AcDbLine
 10
193.0
 20
24.0
 30
0.0
 11
166.0
 21
24.0
 31
0.0
  0
LINE
  5
BE
330
1F
100
AcDbEntity
  8
0
  6
Continuous
 62
     7
370
    18
100
AcDbLine
 10
21.0
 20
6.0
 30
0.0
 11
21.0
 21
18.0
 31
0.0
  0
LINE
  5
BF
330
1F
100
AcDbEntity
  8
0
  6
Continuous
 62
     7
370
    18
100
AcDbLine
 10
193.0
 20
12.0
 30
0.0
 11
223.0
 21
12.0
 31
0.0
  0
LINE
  5
C0
330
1F
100
AcDbEntity
  8
0
  6
Continuous
 62
     7
370
    18
100
AcDbLine
 10
14.0
 20
15.0
 30
0.0
 11
6.0
 21
15.0
 31
0.0
  0
LINE
  5
C1
330
1F
100
AcDbEntity
  8
0
  6
Continuous
 62
     7
370
    18
100
AcDbLine
 10
193.0
 20
24.0
 30
0.0
 11
193.0
 21
6.0
 31
0.0
  0
LINE
  5
C2
330
1F
100
AcDbEntity
  8
0
  6
Continuous
 62
     7
370
    18
100
AcDbLine
 10
135.0
 20
12.0
 30
0.0
 11
151.0
 21
12.0
 31
0.0
  0
LINE
  5
C3
330
1F
100
AcDbEntity
  8
0
  6
Continuous
 62
     7
370
    18
100
AcDbLine
 10
166.0
 20
18.0
 30
0.0
 11
193.0
 21
18.0
 31
0.0
  0
LINE
  5
C4
330
1F
100
AcDbEntity
  8
0
  6
Continuous
 62
     7
370
    18
100
AcDbLine
 10
166.0
 20
12.0
 30
0.0
 11
193.0
 21
12.0
 31
0.0
  0
LINE
  5
C5
330
1F
100
AcDbEntity
  8
0
  6
Continuous
 62
     7
370
    25
100
AcDbLine
 10
223.0
 20
24.0
 30
0.0
 11
291.0
 21
24.0
 31
0.0
  0
LINE
  5
C6
330
1F
100
AcDbEntity
  8
0
  6
Continuous
 62
     7
370
    18
100
AcDbLine
 10
28.0
 20
18.0
 30
0.0
 11
28.0
 21
6.0
 31
0.0
  0
LINE
  5
C7
330
1F
100
AcDbEntity
  8
0
  6
Continuous
 62
     7
370
    18
100
AcDbLine
 10
135.0
 20
9.0
 30
0.0
 11
151.0
 21
9.0
 31
0.0
  0
LINE
  5
C8
330
1F
100
AcDbEntity
  8
0
  6
Continuous
 62
     7
370
    18
100
AcDbLine
 10
151.0
 20
21.0
 30
0.0
 11
166.0
 21
21.0
 31
0.0
  0
LINE
  5
C9
330
1F
100
AcDbEntity
  8
SLD-0
 62
     7
100
AcDbLine
 10
153.0
 20
14.0
 30
0.0
 11
156.0
 21
14.0
 31
0.0
  0
LINE
  5
CA
330
1F
100
AcDbEntity
  8
0
  6
Continuous
 62
     7
370
    25
100
AcDbLine
 10
35.0
 20
28.0
 30
0.0
 11
6.0
 21
28.0
 31
0.0
  0
LINE
  5
CB
330
1F
100
AcDbEntity
  8
SLD-0
 62
     7
100
AcDbLine
 10
156.0
 20
14.0
 30
0.0
 11
156.0
 21
11.0
 31
0.0
  0
LINE
  5
CC
330
1F
100
AcDbEntity
  8
0
  6
Continuous
 62
     7
370
    18
100
AcDbLine
 10
166.0
 20
21.0
 30
0.0
 11
166.0
 21
24.0
 31
0.0
  0
LINE
  5
CD
330
1F
100
AcDbEntity
  8
SLD-0
 62
     7
100
AcDbLine
 10
156.0
 20
7.0
 30
0.0
 11
159.0
 21
7.0
 31
0.0
  0
LINE
  5
CE
330
1F
100
AcDbEntity
  8
SLD-0
 62
     7
100
AcDbLine
 10
156.0
 20
7.0
 30
0.0
 11
156.0
 21
10.0
 31
0.0
  0
LINE
  5
CF
330
1F
100
AcDbEntity
  8
0
  6
Continuous
 62
     7
370
    25
100
AcDbLine
 10
35.0
 20
28.0
 30
0.0
 11
45.0
 21
28.0
 31
0.0
  0
LINE
  5
D0
330
1F
100
AcDbEntity
  8
0
  6
Continuous
 62
     7
370
    25
100
AcDbLine
 10
45.0
 20
28.0
 30
0.0
 11
45.0
 21
24.0
 31
0.0
  0
CIRCLE
  5
D1
330
1F
100
AcDbEntity
  8
SLD-0
 62
     7
100
AcDbCircle
 10
10.0
 20
22.5
 30
0.0
 40
1.000000000000003
  0
CIRCLE
  5
D2
330
1F
100
AcDbEntity
  8
SLD-0
 62
     7
100
AcDbCircle
 10
30.0
 20
22.5
 30
0.0
 40
1.000000000000001
  0
CIRCLE
  5
D3
330
1F
100
AcDbEntity
  8
SLD-0
 62
     7
100
AcDbCircle
 10
10.0
 20
13.5
 30
0.0
 40
1.000000000000002
  0
CIRCLE
  5
D4
330
1F
100
AcDbEntity
  8
SLD-0
 62
     7
100
AcDbCircle
 10
10.0
 20
10.5
 30
0.0
 40
1.000000000000002
  0
CIRCLE
  5
D5
330
1F
100
AcDbEntity
  8
SLD-0
 62
     7
100
AcDbCircle
 10
10.0
 20
7.5
 30
0.0
 40
1.000000000000002
  0
INSERT
  5
D6
330
1F
100
AcDbEntity
  8
0
  6
Continuous
 62
     7
100
AcDbBlockReference
  2
¿é3
 10
0.0
 20
0.0
 30
0.0
  0
INSERT
  5
D7
330
1F
100
AcDbEntity
  8
0
  6
Continuous
 62
     7
100
AcDbBlockReference
  2
¿é2
 10
-6.7173997554
 20
0.0
 30
0.0
  0
POINT
  5
D8
330
1F
100
AcDbEntity
  8
SLD-0
100
AcDbPoint
 10
291.0
 20
24.0
 30
0.0
  0
MTEXT
  5
DA
330
1F
100
AcDbEntity
  8
0
  6
Continuous
 62
     7
370
     0
100
AcDbMText
 10
25.6536316288
 20
208.9429869473
 30
0.0
 40
3.0
 41
0.0
 71
     1
 72
     1
  1
1
  7
SLDTEXTSTYLE0
 73
     1
 44
1.0
  0
MTEXT
  5
DB
330
1F
100
AcDbEntity
  8
0
  6
Continuous
 62
     7
370
     0
100
AcDbMText
 10
62.7045081833
 20
208.9429869473
 30
0.0
 40
3.0
 41
0.0
 71
     1
 72
     1
  1
2
  7
SLDTEXTSTYLE0
 73
     1
 44
1.0
  0
MTEXT
  5
DC
330
1F
100
AcDbEntity
  8
0
  6
Continuous
 62
     7
370
     0
100
AcDbMText
 10
96.374848376
 20
208.8802381868
 30
0.0
 40
3.0
 41
0.0
 71
     1
 72
     1
  1
3
  7
SLDTEXTSTYLE0
 73
     1
 44
1.0
  0
MTEXT
  5
DD
330
1F
100
AcDbEntity
  8
0
  6
Continuous
 62
     7
370
     0
100
AcDbMText
 10
130.5384125996
 20
208.9308414966
 30
0.0
 40
3.0
 41
0.0
 71
     1
 72
     1
  1
4
  7
SLDTEXTSTYLE0
 73
     1
 44
1.0
  0
MTEXT
  5
DE
330
1F
100
AcDbEntity
  8
0
  6
Continuous
 62
     7
370
     0
100
AcDbMText
 10
165.297356237
 20
208.9021141428
 30
0.0
 40
3.0
 41
0.0
 71
     1
 72
     1
  1
5
  7
SLDTEXTSTYLE0
 73
     1
 44
1.0
  0
MTEXT
  5
DF
330
1F
100
AcDbEntity
  8
0
  6
Continuous
 62
     7
370
     0
100
AcDbMText
 10
200.3505213043
 20
208.9021141428
 30
0.0
 40
3.0
 41
0.0
 71
     1
 72
     1
  1
6
  7
SLDTEXTSTYLE0
 73
     1
 44
1.0
  0
MTEXT
  5
E0
330
1F
100
AcDbEntity
  8
0
  6
Continuous
 62
     7
370
     0
100
AcDbMText
 10
235.4076790138
 20
208.9021141428
 30
0.0
 40
3.0
 41
0.0
 71
     1
 72
     1
  1
7
  7
SLDTEXTSTYLE0
 73
     1
 44
1.0
  0
MTEXT
  5
E1
330
1F
100
AcDbEntity
  8
0
  6
Continuous
 62
     7
370
     0
100
AcDbMText
 10
271.4744920013
 20
208.9021141428
 30
0.0
 40
3.0
 41
0.0
 71
     1
 72
     1
  1
8
  7
SLDTEXTSTYLE0
 73
     1
 44
1.0
  0
MTEXT
  5
E2
330
1F
100
AcDbEntity
  8
0
  6
Continuous
 62
     7
370
     0
100
AcDbMText
 10
2.9215170961
 20
24.7450956433
 30
0.0
 40
3.0
 41
0.0
 71
     1
 72
     1
  1
A
  7
SLDTEXTSTYLE0
 73
     1
 44
1.0
  0
MTEXT
  5
E3
330
1F
100
AcDbEntity
  8
0
  6
Continuous
 62
     7
370
     0
100
AcDbMText
 10
2.9215170961
 20
57.2742431689
 30
0.0
 40
3.0
 41
0.0
 71
     1
 72
     1
  1
B
  7
SLDTEXTSTYLE0
 73
     1
 44
1.0
  0
MTEXT
  5
E4
330
1F
100
AcDbEntity
  8
0
  6
Continuous
 62
     7
370
     0
100
AcDbMText
 10
2.9215170961
 20
92.0742906193
 30
0.0
 40
3.0
 41
0.0
 71
     1
 72
     1
  1
C
  7
SLDTEXTSTYLE0
 73
     1
 44
1.0
  0
MTEXT
  5
E5
330
1F
100
AcDbEntity
  8
0
  6
Continuous
 62
     7
370
     0
100
AcDbMText
 10
2.9215170961
 20
156.1318854588
 30
0.0
 40
3.0
 41
0.0
 71
     1
 72
     1
  1
E
  7
SLDTEXTSTYLE0
 73
     1
 44
1.0
  0
MTEXT
  5
E6
330
1F
100
AcDbEntity
  8
0
  6
Continuous
 62
     7
370
     0
100
AcDbMText
 10
2.6305448572
 20
189.8270244222
 30
0.0
 40
3.0
 41
0.0
 71
     1
 72
     1
  1
F
  7
SLDTEXTSTYLE0
 73
     1
 44
1.0
  0
MTEXT
  5
E7
330
1F
100
AcDbEntity
  8
0
  6
Continuous
 62
     7
370
     0
100
AcDbMText
 10
25.0006287245
 20
5.3799040358
 30
0.0
 40
3.0
 41
0.0
 71
     1
 72
     1
  1
1
  7
SLDTEXTSTYLE0
 73
     1
 44
1.0
  0
MTEXT
  5
E8
330
1F
100
AcDbEntity
  8
0
  6
Continuous
 62
     7
370
     0
100
AcDbMText
 10
61.7310292633
 20
5.3799040358
 30
0.0
 40
3.0
 41
0.0
 71
     1
 72
     1
  1
2
  7
SLDTEXTSTYLE0
 73
     1
 44
1.0
  0
MTEXT
  5
E9
330
1F
100
AcDbEntity
  8
0
  6
Continuous
 62
     7
370
     0
100
AcDbMText
 10
95.5155069373
 20
5.3799040358
 30
0.0
 40
3.0
 41
0.0
 71
     1
 72
     1
  1
3
  7
SLDTEXTSTYLE0
 73
     1
 44
1.0
  0
MTEXT
  5
EA
330
1F
100
AcDbEntity
  8
0
  6
Continuous
 62
     7
370
     0
100
AcDbMText
 10
165.6344990854
 20
5.2783724916
 30
0.0
 40
3.0
 41
0.0
 71
     1
 72
     1
  1
5
  7
SLDTEXTSTYLE0
 73
     1
 44
1.0
  0
MTEXT
  5
EB
330
1F
100
AcDbEntity
  8
0
  6
Continuous
 62
     7
370
     0
100
AcDbMText
 10
200.6537021697
 20
5.3799040358
 30
0.0
 40
3.0
 41
0.0
 71
     1
 72
     1
  1
6
  7
SLDTEXTSTYLE0
 73
     1
 44
1.0
  0
MTEXT
  5
EC
330
1F
100
AcDbEntity
  8
0
  6
Continuous
 62
     7
370
     0
100
AcDbMText
 10
235.001535318
 20
5.3799040358
 30
0.0
 40
3.0
 41
0.0
 71
     1
 72
     1
  1
7
  7
SLDTEXTSTYLE0
 73
     1
 44
1.0
  0
MTEXT
  5
ED
330
1F
100
AcDbEntity
  8
0
  6
Continuous
 62
     7
370
     0
100
AcDbMText
 10
272.6838353179
 20
6.3170500656
 30
0.0
 40
3.0
 41
0.0
 71
     1
 72
     1
  1
8
  7
SLDTEXTSTYLE0
 73
     1
 44
1.0
  0
MTEXT
  5
EE
330
1F
100
AcDbEntity
  8
0
  6
Continuous
 62
     7
370
     0
100
AcDbMText
 10
292.731053737
 20
23.8171022483
 30
0.0
 40
3.0
 41
0.0
 71
     1
 72
     1
  1
A
  7
SLDTEXTSTYLE0
 73
     1
 44
1.0
  0
MTEXT
  5
EF
330
1F
100
AcDbEntity
  8
0
  6
Continuous
 62
     7
370
     0
100
AcDbMText
 10
292.731053737
 20
57.8761522901
 30
0.0
 40
3.0
 41
0.0
 71
     1
 72
     1
  1
B
  7
SLDTEXTSTYLE0
 73
     1
 44
1.0
  0
MTEXT
  5
F0
330
1F
100
AcDbEntity
  8
0
  6
Continuous
 62
     7
370
     0
100
AcDbMText
 10
292.731053737
 20
91.2054537798
 30
0.0
 40
3.0
 41
0.0
 71
     1
 72
     1
  1
C
  7
SLDTEXTSTYLE0
 73
     1
 44
1.0
  0
MTEXT
  5
F1
330
1F
100
AcDbEntity
  8
0
  6
Continuous
 62
     7
370
     0
100
AcDbMText
 10
292.731053737
 20
123.5724096842
 30
0.0
 40
3.0
 41
0.0
 71
     1
 72
     1
  1
D
  7
SLDTEXTSTYLE0
 73
     1
 44
1.0
  0
MTEXT
  5
F2
330
1F
100
AcDbEntity
  8
0
  6
Continuous
 62
     7
370
     0
100
AcDbMText
 10
292.731053737
 20
157.0556134113
 30
0.0
 40
3.0
 41
0.0
 71
     1
 72
     1
  1
E
  7
SLDTEXTSTYLE0
 73
     1
 44
1.0
  0
MTEXT
  5
F3
330
1F
100
AcDbEntity
  8
0
  6
Continuous
 62
     7
370
     0
100
AcDbMText
 10
292.731053737
 20
189.3938135318
 30
0.0
 40
3.0
 41
0.0
 71
     1
 72
     1
  1
F
  7
SLDTEXTSTYLE0
 73
     1
 44
1.0
  0
MTEXT
  5
F4
330
1F
100
AcDbEntity
  8
SLD-0
100
AcDbMText
 10
224.1480658669
 20
22.8008146891
 30
0.0
 40
1.7
 41
0.0
 71
     1
 72
     1
  1
MATERIAL/FINISH
  7
SLDTEXTSTYLE0
 73
     1
 44
1.0
  0
MTEXT
  5
F5
330
1F
100
AcDbEntity
  8
SLD-0
100
AcDbMText
 10
194.3336003729
 20
17.570216611
 30
0.0
 40
1.7
 41
0.0
 71
     1
 72
     1
  1
Qty.
  7
SLDTEXTSTYLE0
 73
     1
 44
1.0
  0
MTEXT
  5
F6
330
1F
100
AcDbEntity
  8
SLD-0
100
AcDbMText
 10
257.2001558788
 20
16.1234167147
 30
0.0
 40
1.7
 41
0.0
 71
     1
 72
     1
  1
SIZE
  7
SLDTEXTSTYLE0
 73
     1
 44
1.0
  0
MTEXT
  5
F7
330
1F
100
AcDbEntity
  8
SLD-0
100
AcDbMText
 10
263.7654059143
 20
16.1234167147
 30
0.0
 40
1.7
 41
0.0
 71
     1
 72
     1
  1
UNITS
  7
SLDTEXTSTYLE0
 73
     1
 44
1.0
  0
MTEXT
  5
F8
330
1F
100
AcDbEntity
  8
SLD-0
100
AcDbMText
 10
270.4323032813
 20
16.1234167147
 30
0.0
 40
1.7
 41
0.0
 71
     1
 72
     1
  1
SHEET
  7
SLDTEXTSTYLE0
 73
     1
 44
1.0
  0
MTEXT
  5
F9
330
1F
100
AcDbEntity
  8
SLD-0
100
AcDbMText
 10
277.3261095014
 20
16.1234167147
 30
0.0
 40
1.7
 41
0.0
 71
     1
 72
     1
  1
SCALE
  7
SLDTEXTSTYLE0
 73
     1
 44
1.0
  0
MTEXT
  5
FA
330
1F
100
AcDbEntity
  8
SLD-0
100
AcDbMText
 10
285.5286389806
 20
16.1234167147
 30
0.0
 40
1.7
 41
0.0
 71
     1
 72
     1
  1
REV
  7
SLDTEXTSTYLE0
 73
     1
 44
1.0
  0
MTEXT
  5
FB
330
1F
100
AcDbEntity
  8
SLD-0
100
AcDbMText
 10
265.0404058439
 20
9.9526076979
 30
0.0
 40
1.7
 41
0.0
 71
     1
 72
     1
  1
MM
  7
SLDTEXTSTYLE0
 73
     1
 44
1.0
  0
MTEXT
  5
FC
330
1F
100
AcDbEntity
  8
SLD-0
100
AcDbMText
 10
258.1575862192
 20
9.9526076979
 30
0.0
 40
1.7
 41
0.0
 71
     1
 72
     1
  1
A4
  7
SLDTEXTSTYLE0
 73
     1
 44
1.0
  0
MTEXT
  5
FD
330
1F
100
AcDbEntity
  8
0
  6
Continuous
 62
     7
370
     0
100
AcDbMText
 10
2.9215170961
 20
124.2164209612
 30
0.0
 40
3.0
 41
0.0
 71
     1
 72
     1
  1
D
  7
SLDTEXTSTYLE0
 73
     1
 44
1.0
  0
MTEXT
  5
FE
330
1F
100
AcDbEntity
  8
SLD-0
100
AcDbMText
 10
270.9568209039
 20
9.9159870756
 30
0.0
 40
1.7
 41
0.0
 71
     1
 72
     1
  1
1
  7
SLDTEXTSTYLE0
 73
     1
 44
1.0
  0
MTEXT
  5
FF
330
1F
100
AcDbEntity
  8
SLD-0
100
AcDbMText
 10
167.0377883149
 20
10.0232645049
 30
0.0
 40
1.7
 41
0.0
 71
     1
 72
     1
  1
2007,12,3
  7
SLDTEXTSTYLE0
 73
     1
 44
1.0
  0
MTEXT
  5
100
330
1F
100
AcDbEntity
  8
SLD-0
100
AcDbMText
 10
224.1480658669
 20
11.4914151458
 30
0.0
 40
1.7
 41
0.0
 71
     1
 72
     1
  1
MASS(KG)
  7
SLDTEXTSTYLE0
 73
     1
 44
1.0
  0
MTEXT
  5
101
330
1F
100
AcDbEntity
  8
0
  6
Continuous
 62
     7
370
     0
100
AcDbMText
 10
132.2556667914
 20
5.076025107
 30
0.0
 40
2.3
 41
0.0
 71
     1
 72
     1
  1
4
  7
SLDTEXTSTYLE0
 73
     1
 44
1.0
  0
MTEXT
  5
102
330
1F
100
AcDbEntity
  8
SLD-0
100
AcDbMText
 10
56.3076123574
 20
23.3329945474
 30
0.0
 40
1.7
 41
0.0
 71
     1
 72
     1
  1
GENERAL TOLERANCE UNLESS SPECIFIED ISO 2768
  7
SLDTEXTSTYLE0
 73
     1
 44
1.0
  0
MTEXT
  5
104
330
1F
100
AcDbEntity
  8
SLD-0
100
AcDbMText
 10
92.1537352487
 20
17.3620112592
 30
0.0
 40
1.7
 41
0.0
 71
     1
 72
     1
  1
¡Ü10
  7
SLDTEXTSTYLE1
 73
     1
 44
1.0
  0
MTEXT
  5
105
330
1F
100
AcDbEntity
  8
SLD-0
100
AcDbMText
 10
194.4612866073
 20
11.5857369742
 30
0.0
 40
1.7
 41
0.0
 71
     1
 72
     1
  1
Pro NO.
  7
SLDTEXTSTYLE0
 73
     1
 44
1.0
  0
MTEXT
  5
106
330
1F
100
AcDbEntity
  8
SLD-0
100
AcDbMText
 10
279.1335400276
 20
9.9526076397
 30
0.0
 40
1.7
 41
0.0
 71
     1
 72
     1
  1
2:1
  7
SLDTEXTSTYLE0
 73
     1
 44
1.0
  0
MTEXT
  5
107
330
1F
100
AcDbEntity
  8
SLD-0
100
AcDbMText
 10
273.2839629431
 20
9.9159871338
 30
0.0
 40
1.7
 41
0.0
 71
     1
 72
     1
  1
/
  7
SLDTEXTSTYLE0
 73
     1
 44
1.0
  0
MTEXT
  5
108
330
1F
100
AcDbEntity
  8
SLD-0
100
AcDbMText
 10
274.9419076596
 20
9.9459862425
 30
0.0
 40
1.7
 41
0.0
 71
     1
 72
     1
  1
1
  7
SLDTEXTSTYLE0
 73
     1
 44
1.0
  0
MTEXT
  5
109
330
1F
100
AcDbEntity
  8
SLD-0
100
AcDbMText
 10
91.6740827024
 20
8.6565217187
 30
0.0
 40
1.7
 41
0.0
 71
     1
 72
     1
  1
%%p^J3^J%%d
  7
SLDTEXTSTYLE0
 73
     1
 44
1.0
  0
MTEXT
  5
10A
330
1F
100
AcDbEntity
  8
SLD-0
100
AcDbMText
 10
109.4503012696
 20
8.5808213398
 30
0.0
 40
1.7
 41
0.0
 71
     1
 72
     1
  1
%%p^J1^J%%d
  7
SLDTEXTSTYLE0
 73
     1
 44
1.0
  0
MTEXT
  5
10B
330
1F
100
AcDbEntity
  8
SLD-0
100
AcDbMText
 10
127.2921041553
 20
8.6085584381
 30
0.0
 40
1.7
 41
0.0
 71
     1
 72
     1
  1
%%p^J0^J%%d^J20'
  7
SLDTEXTSTYLE0
 73
     1
 44
1.0
  0
MTEXT
  5
10C
330
1F
100
AcDbEntity
  8
SLD-0
100
AcDbMText
 10
118.4706795949
 20
8.6085584381
 30
0.0
 40
1.7
 41
0.0
 71
     1
 72
     1
  1
%%p^J0^J%%d^J30'
  7
SLDTEXTSTYLE0
 73
     1
 44
1.0
  0
MTEXT
  5
10D
330
1F
100
AcDbEntity
  8
SLD-0
100
AcDbMText
 10
51.7523470211
 20
20.5604523651
 30
0.0
 40
1.7
 41
0.0
 71
     1
 72
     1
  1
LINEAR
  7
SLDTEXTSTYLE0
 73
     1
 44
1.0
  0
MTEXT
  5
10E
330
1F
100
AcDbEntity
  8
SLD-0
100
AcDbMText
 10
22.2237913748
 20
17.1892704834
 30
0.0
 40
1.7
 41
0.0
 71
     1
 72
     1
  1
>3-6
  7
SLDTEXTSTYLE0
 73
     1
 44
1.0
  0
MTEXT
  5
10F
330
1F
100
AcDbEntity
  8
SLD-0
100
AcDbMText
 10
28.813139995
 20
17.2499353336
 30
0.0
 40
1.7
 41
0.0
 71
     1
 72
     1
  1
>6-30
  7
SLDTEXTSTYLE0
 73
     1
 44
1.0
  0
MTEXT
  5
110
330
1F
100
AcDbEntity
  8
SLD-0
100
AcDbMText
 10
36.2237788434
 20
17.2499353336
 30
0.0
 40
1.7
 41
0.0
 71
     1
 72
     1
  1
>30-120
  7
SLDTEXTSTYLE0
 73
     1
 44
1.0
  0
MTEXT
  5
111
330
1F
100
AcDbEntity
  8
SLD-0
100
AcDbMText
 10
46.0256712896
 20
17.2499353336
 30
0.0
 40
1.7
 41
0.0
 71
     1
 72
     1
  1
>120-400
  7
SLDTEXTSTYLE0
 73
     1
 44
1.0
  0
MTEXT
  5
112
330
1F
100
AcDbEntity
  8
SLD-0
100
AcDbMText
 10
100.2570187971
 20
17.3620112592
 30
0.0
 40
1.7
 41
0.0
 71
     1
 72
     1
  1
>10-50
  7
SLDTEXTSTYLE0
 73
     1
 44
1.0
  0
MTEXT
  5
113
330
1F
100
AcDbEntity
  8
SLD-0
100
AcDbMText
 10
14.2032038145
 20
14.4863022967
 30
0.0
 40
1.7
 41
0.0
 71
     1
 72
     1
  1
%%p^J0.05
  7
SLDTEXTSTYLE0
 73
     1
 44
1.0
  0
MTEXT
  5
114
330
1F
100
AcDbEntity
  8
SLD-0
100
AcDbMText
 10
14.3245928143
 20
11.5288763442
 30
0.0
 40
1.7
 41
0.0
 71
     1
 72
     1
  1
%%p^J0.1
  7
SLDTEXTSTYLE0
 73
     1
 44
1.0
  0
MTEXT
  5
115
330
1F
100
AcDbEntity
  8
SLD-0
100
AcDbMText
 10
14.3245928143
 20
8.5908686336
 30
0.0
 40
1.7
 41
0.0
 71
     1
 72
     1
  1
%%p^J0.2
  7
SLDTEXTSTYLE0
 73
     1
 44
1.0
  0
MTEXT
  5
116
330
1F
100
AcDbEntity
  8
SLD-0
100
AcDbMText
 10
21.2852603747
 20
8.5908686336
 30
0.0
 40
1.7
 41
0.0
 71
     1
 72
     1
  1
%%p^J0.3
  7
SLDTEXTSTYLE0
 73
     1
 44
1.0
  0
MTEXT
  5
117
330
1F
100
AcDbEntity
  8
SLD-0
100
AcDbMText
 10
21.2852603747
 20
11.5288763442
 30
0.0
 40
1.7
 41
0.0
 71
     1
 72
     1
  1
%%p^J0.1
  7
SLDTEXTSTYLE0
 73
     1
 44
1.0
  0
MTEXT
  5
118
330
1F
100
AcDbEntity
  8
SLD-0
100
AcDbMText
 10
21.1813986382
 20
14.4999597439
 30
0.0
 40
1.7
 41
0.0
 71
     1
 72
     1
  1
%%p^J0.05
  7
SLDTEXTSTYLE0
 73
     1
 44
1.0
  0
MTEXT
  5
119
330
1F
100
AcDbEntity
  8
SLD-0
100
AcDbMText
 10
28.7957182541
 20
11.4571302686
 30
0.0
 40
1.7
 41
0.0
 71
     1
 72
     1
  1
%%p^J0.2
  7
SLDTEXTSTYLE0
 73
     1
 44
1.0
  0
MTEXT
  5
11A
330
1F
100
AcDbEntity
  8
SLD-0
100
AcDbMText
 10
28.7957182541
 20
8.5191225581
 30
0.0
 40
1.7
 41
0.0
 71
     1
 72
     1
  1
%%p^J0.5
  7
SLDTEXTSTYLE0
 73
     1
 44
1.0
  0
MTEXT
  5
11B
330
1F
100
AcDbEntity
  8
SLD-0
100
AcDbMText
 10
36.6998698706
 20
14.4282136684
 30
0.0
 40
1.7
 41
0.0
 71
     1
 72
     1
  1
%%p^J0.15
  7
SLDTEXTSTYLE0
 73
     1
 44
1.0
  0
MTEXT
  5
11C
330
1F
100
AcDbEntity
  8
SLD-0
100
AcDbMText
 10
36.9000876979
 20
8.5191225581
 30
0.0
 40
1.7
 41
0.0
 71
     1
 72
     1
  1
%%p^J0.8
  7
SLDTEXTSTYLE0
 73
     1
 44
1.0
  0
MTEXT
  5
11D
330
1F
100
AcDbEntity
  8
SLD-0
100
AcDbMText
 10
36.9000876979
 20
11.4571302686
 30
0.0
 40
1.7
 41
0.0
 71
     1
 72
     1
  1
%%p^J0.3
  7
SLDTEXTSTYLE0
 73
     1
 44
1.0
  0
MTEXT
  5
11E
330
1F
100
AcDbEntity
  8
SLD-0
100
AcDbMText
 10
47.0372732042
 20
14.4282136684
 30
0.0
 40
1.7
 41
0.0
 71
     1
 72
     1
  1
%%p^J0.2
  7
SLDTEXTSTYLE0
 73
     1
 44
1.0
  0
MTEXT
  5
11F
330
1F
100
AcDbEntity
  8
SLD-0
100
AcDbMText
 10
47.0372732042
 20
11.4571302686
 30
0.0
 40
1.7
 41
0.0
 71
     1
 72
     1
  1
%%p^J0.5
  7
SLDTEXTSTYLE0
 73
     1
 44
1.0
  0
MTEXT
  5
120
330
1F
100
AcDbEntity
  8
SLD-0
100
AcDbMText
 10
47.0372732042
 20
8.5191225581
 30
0.0
 40
1.7
 41
0.0
 71
     1
 72
     1
  1
%%p^J1.2
  7
SLDTEXTSTYLE0
 73
     1
 44
1.0
  0
MTEXT
  5
121
330
1F
100
AcDbEntity
  8
SLD-0
100
AcDbMText
 10
57.7920538807
 20
14.4282136684
 30
0.0
 40
1.7
 41
0.0
 71
     1
 72
     1
  1
%%p^J0.3
  7
SLDTEXTSTYLE0
 73
     1
 44
1.0
  0
MTEXT
  5
122
330
1F
100
AcDbEntity
  8
SLD-0
100
AcDbMText
 10
57.9072476451
 20
8.5191225581
 30
0.0
 40
1.7
 41
0.0
 71
     1
 72
     1
  1
%%p^J2
  7
SLDTEXTSTYLE0
 73
     1
 44
1.0
  0
MTEXT
  5
123
330
1F
100
AcDbEntity
  8
SLD-0
100
AcDbMText
 10
57.7920538807
 20
11.4571302686
 30
0.0
 40
1.7
 41
0.0
 71
     1
 72
     1
  1
%%p^J0.8
  7
SLDTEXTSTYLE0
 73
     1
 44
1.0
  0
MTEXT
  5
124
330
1F
100
AcDbEntity
  8
SLD-0
100
AcDbMText
 10
69.4070576717
 20
14.4282136684
 30
0.0
 40
1.7
 41
0.0
 71
     1
 72
     1
  1
%%p^J0.5
  7
SLDTEXTSTYLE0
 73
     1
 44
1.0
  0
MTEXT
  5
125
330
1F
100
AcDbEntity
  8
SLD-0
100
AcDbMText
 10
69.4070576717
 20
11.4571302686
 30
0.0
 40
1.7
 41
0.0
 71
     1
 72
     1
  1
%%p^J1.2
  7
SLDTEXTSTYLE0
 73
     1
 44
1.0
  0
MTEXT
  5
126
330
1F
100
AcDbEntity
  8
SLD-0
100
AcDbMText
 10
69.2146674267
 20
8.5191225581
 30
0.0
 40
1.7
 41
0.0
 71
     1
 72
     1
  1
%%p^J3
  7
SLDTEXTSTYLE0
 73
     1
 44
1.0
  0
MTEXT
  5
127
330
1F
100
AcDbEntity
  8
SLD-0
100
AcDbMText
 10
100.7526580759
 20
8.6754259783
 30
0.0
 40
1.7
 41
0.0
 71
     1
 72
     1
  1
%%p^J2^J%%d
  7
SLDTEXTSTYLE0
 73
     1
 44
1.0
  0
MTEXT
  5
128
330
1F
100
AcDbEntity
  8
SLD-0
100
AcDbMText
 10
100.7526580759
 20
11.3282397919
 30
0.0
 40
1.7
 41
0.0
 71
     1
 72
     1
  1
%%p^J1^J%%d
  7
SLDTEXTSTYLE0
 73
     1
 44
1.0
  0
MTEXT
  5
129
330
1F
100
AcDbEntity
  8
SLD-0
100
AcDbMText
 10
127.2921041553
 20
11.3282397919
 30
0.0
 40
1.7
 41
0.0
 71
     1
 72
     1
  1
%%p^J0^J%%d^J10'
  7
SLDTEXTSTYLE0
 73
     1
 44
1.0
  0
MTEXT
  5
12A
330
1F
100
AcDbEntity
  8
SLD-0
100
AcDbMText
 10
109.3402637049
 20
11.3282397919
 30
0.0
 40
1.7
 41
0.0
 71
     1
 72
     1
  1
%%p^J0^J%%d^J30'
  7
SLDTEXTSTYLE0
 73
     1
 44
1.0
  0
MTEXT
  5
12B
330
1F
100
AcDbEntity
  8
SLD-0
100
AcDbMText
 10
91.7682299921
 20
11.3282397919
 30
0.0
 40
1.7
 41
0.0
 71
     1
 72
     1
  1
%%p^J1^J%%d^J30'
  7
SLDTEXTSTYLE0
 73
     1
 44
1.0
  0
MTEXT
  5
12C
330
1F
100
AcDbEntity
  8
SLD-0
100
AcDbMText
 10
100.7778993826
 20
14.5110407062
 30
0.0
 40
1.7
 41
0.0
 71
     1
 72
     1
  1
%%p^J0^J%%d^J30'
  7
SLDTEXTSTYLE0
 73
     1
 44
1.0
  0
MTEXT
  5
12D
330
1F
100
AcDbEntity
  8
SLD-0
100
AcDbMText
 10
109.3402637049
 20
14.5110407062
 30
0.0
 40
1.7
 41
0.0
 71
     1
 72
     1
  1
%%p^J0^J%%d^J20'
  7
SLDTEXTSTYLE0
 73
     1
 44
1.0
  0
MTEXT
  5
12E
330
1F
100
AcDbEntity
  8
SLD-0
100
AcDbMText
 10
127.3628688254
 20
14.5552265202
 30
0.0
 40
1.7
 41
0.0
 71
     1
 72
     1
  1
%%p^J0^J%%d^J5'
  7
SLDTEXTSTYLE0
 73
     1
 44
1.0
  0
MTEXT
  5
12F
330
1F
100
AcDbEntity
  8
SLD-0
100
AcDbMText
 10
6.3914761668
 20
18.7649702989
 30
0.0
 40
1.7
 41
0.0
 71
     1
 72
     1
  1
OPTION
  7
SLDTEXTSTYLE0
 73
     1
 44
1.0
  0
MTEXT
  5
130
330
1F
100
AcDbEntity
  8
SLD-0
100
AcDbMText
 10
7.5614066118
 20
26.9350387883
 30
0.0
 40
1.7
 41
0.0
 71
     1
 72
     1
  1
TYPE
  7
SLDTEXTSTYLE0
 73
     1
 44
1.0
  0
MTEXT
  5
131
330
1F
100
AcDbEntity
  8
SLD-0
100
AcDbMText
 10
194.3336003729
 20
23.5349634344
 30
0.0
 40
1.7
 41
0.0
 71
     1
 72
     1
  1
PART NAME
  7
SLDTEXTSTYLE0
 73
     1
 44
1.0
  0
MTEXT
  5
132
330
1F
100
AcDbEntity
  8
SLD-0
100
AcDbMText
 10
127.7760631241
 20
17.2218278005
 30
0.0
 40
1.7
 41
0.0
 71
     1
 72
     1
  1
>400
  7
SLDTEXTSTYLE0
 73
     1
 44
1.0
  0
INSERT
  5
13A
330
1F
100
AcDbEntity
  8
SLD-0
100
AcDbBlockReference
  2
SW_SYMBOL_GTOL_FLAT
 10
141.5881512997
 20
18.8311031023
 30
0.0
 41
0.0016290909
 42
0.0016290909
 43
0.0016290909
  0
MTEXT
  5
13B
330
1F
100
AcDbEntity
  8
SLD-0
100
AcDbMText
 10
141.7604802538
 20
8.6085584381
 30
0.0
 40
1.7
 41
0.0
 71
     1
 72
     1
  1
L
  7
SLDTEXTSTYLE0
 73
     1
 44
1.0
  0
MTEXT
  5
13C
330
1F
100
AcDbEntity
  8
SLD-0
100
AcDbMText
 10
141.7085357954
 20
14.5552265202
 30
0.0
 40
1.7
 41
0.0
 71
     1
 72
     1
  1
H
  7
SLDTEXTSTYLE0
 73
     1
 44
1.0
  0
MTEXT
  5
13D
330
1F
100
AcDbEntity
  8
SLD-0
100
AcDbMText
 10
141.7604802538
 20
11.3282397919
 30
0.0
 40
1.7
 41
0.0
 71
     1
 72
     1
  1
K
  7
SLDTEXTSTYLE0
 73
     1
 44
1.0
  0
INSERT
  5
144
330
1F
100
AcDbEntity
  8
SLD-0
100
AcDbBlockReference
  2
SW_SYMBOL_GTOL_SYMMETRY
 10
141.2938487965
 20
15.8185474128
 30
0.0
 41
0.0016290909
 42
0.0016290909
 43
0.0016290909
  0
INSERT
  5
14A
330
1F
100
AcDbEntity
  8
SLD-0
100
AcDbBlockReference
  2
SW_SYMBOL_GTOL_SRUN
 10
146.8726162277
 20
15.8185474128
 30
0.0
 41
0.0016290909
 42
0.0016290909
 43
0.0016290909
  0
INSERT
  5
150
330
1F
100
AcDbEntity
  8
SLD-0
100
AcDbBlockReference
  2
SW_SYMBOL_GTOL_PERP
 10
136.6109988859
 20
16.212921897
 30
0.0
 41
0.0016290909
 42
0.0016290909
 43
0.0016290909
  0
INSERT
  5
156
330
1F
100
AcDbEntity
  8
SLD-0
100
AcDbBlockReference
  2
SW_SYMBOL_GTOL_PARA
 10
147.3165112299
 20
18.6638808744
 30
0.0
 41
0.0016290909
 42
0.0016290909
 43
0.0016290909
  0
INSERT
  5
15B
330
1F
100
AcDbEntity
  8
SLD-0
100
AcDbBlockReference
  2
SW_SYMBOL_GTOL_STRAIGHT
 10
136.6109988859
 20
18.8311031023
 30
0.0
 41
0.0016290909
 42
0.0016290909
 43
0.0016290909
  0
MTEXT
  5
15C
330
1F
100
AcDbEntity
  8
SLD-0
100
AcDbMText
 10
82.9279819484
 20
8.6565217187
 30
0.0
 40
1.7
 41
0.0
 71
     1
 72
     1
  1
%%p^J4
  7
SLDTEXTSTYLE0
 73
     1
 44
1.0
  0
MTEXT
  5
15D
330
1F
100
AcDbEntity
  8
SLD-0
100
AcDbMText
 10
194.1980238275
 20
20.7053763418
 30
0.0
 40
1.7
 41
0.0
 71
     1
 72
     1
  1
µç\U+8DEF\U+677F1
  7
SLDTEXTSTYLE1
 73
     1
 44
1.0
  0
MTEXT
  5
15E
330
1F
100
AcDbEntity
  8
SLD-0
100
AcDbMText
 10
28.7957182541
 20
14.4282136684
 30
0.0
 40
1.7
 41
0.0
 71
     1
 72
     1
  1
%%p^J0.1
  7
SLDTEXTSTYLE0
 73
     1
 44
1.0
  0
MTEXT
  5
15F
330
1F
100
AcDbEntity
  8
SLD-0
100
AcDbMText
 10
11.9389188908
 20
23.3356073337
 30
0.0
 40
1.7
 41
0.0
 71
     1
 72
     1
  1
UNSELECTE^JD
  7
SLDTEXTSTYLE0
 73
     1
 44
1.0
  0
MTEXT
  5
160
330
1F
100
AcDbEntity
  8
SLD-0
100
AcDbMText
 10
79.1159679396
 20
17.2218278005
 30
0.0
 40
1.7
 41
0.0
 71
     1
 72
     1
  1
>2000-^J4000
  7
SLDTEXTSTYLE0
 73
     1
 44
1.0
  0
MTEXT
  5
161
330
1F
100
AcDbEntity
  8
SLD-0
100
AcDbMText
 10
118.4706795949
 20
14.5552265202
 30
0.0
 40
1.7
 41
0.0
 71
     1
 72
     1
  1
%%p^J0^J%%d^J10'
  7
SLDTEXTSTYLE0
 73
     1
 44
1.0
  0
MTEXT
  5
162
330
1F
100
AcDbEntity
  8
SLD-0
100
AcDbMText
 10
110.5882821454
 20
20.3688598959
 30
0.0
 40
1.7
 41
0.0
 71
     1
 72
     1
  1
ANGULAR
  7
SLDTEXTSTYLE0
 73
     1
 44
1.0
  0
MTEXT
  5
163
330
1F
100
AcDbEntity
  8
SLD-0
100
AcDbMText
 10
82.9279819484
 20
11.4571302686
 30
0.0
 40
1.7
 41
0.0
 71
     1
 72
     1
  1
%%p^J2
  7
SLDTEXTSTYLE0
 73
     1
 44
1.0
  0
INSERT
  5
169
330
1F
100
AcDbEntity
  8
SLD-0
100
AcDbBlockReference
  2
SW_NOTE_0
 10
158.4646464646
 20
19.3784343502
 30
0.0
  0
LINE
  5
16A
330
1F
100
AcDbEntity
  8
SLD-0
100
AcDbLine
 10
158.4646464646
 20
19.3784343502
 30
0.0
 11
156.0
 21
14.0
 31
0.0
  0
SOLID
  5
16B
330
1F
100
AcDbEntity
  8
SLD-0
100
AcDbTrace
 10
156.0
 20
14.0
 30
0.0
 11
157.8373975947
 21
16.7902039494
 31
0.0
 12
156.9137572124
 22
17.2134585351
 32
0.0
 13
156.9137572124
 23
17.2134585351
 33
0.0
  0
INSERT
  5
171
330
1F
100
AcDbEntity
  8
SLD-0
100
AcDbBlockReference
  2
SW_NOTE_0_1
 10
158.8434343434
 20
12.1814646532
 30
0.0
  0
LINE
  5
172
330
1F
100
AcDbEntity
  8
SLD-0
100
AcDbLine
 10
158.8434343434
 20
12.1814646532
 30
0.0
 11
156.0
 21
7.0
 31
0.0
  0
SOLID
  5
173
330
1F
100
AcDbEntity
  8
SLD-0
100
AcDbTrace
 10
156.0
 20
7.0
 30
0.0
 11
158.0339109348
 21
9.650372485
 31
0.0
 12
157.1432134972
 22
10.1391608592
 32
0.0
 13
157.1432134972
 23
10.1391608592
 33
0.0
  0
MTEXT
  5
174
330
1F
100
AcDbEntity
  8
SLD-0
100
AcDbMText
 10
152.3276486619
 20
23.4120541526
 30
0.0
 40
1.7
 41
0.0
 71
     1
 72
     1
  1
DIN ISO13715
  7
SLDTEXTSTYLE0
 73
     1
 44
1.0
  0
MTEXT
  5
175
330
1F
100
AcDbEntity
  8
SLD-0
100
AcDbMText
 10
118.4706795949
 20
11.3282397919
 30
0.0
 40
1.7
 41
0.0
 71
     1
 72
     1
  1
%%p^J0^J%%d^J15'
  7
SLDTEXTSTYLE0
 73
     1
 44
1.0
  0
MTEXT
  5
176
330
1F
100
AcDbEntity
  8
SLD-0
100
AcDbMText
 10
31.963817808
 20
23.3356073337
 30
0.0
 40
1.7
 41
0.0
 71
     1
 72
     1
  1
SELECTED
  7
SLDTEXTSTYLE0
 73
     1
 44
1.0
  0
MTEXT
  5
177
330
1F
100
AcDbEntity
  8
SLD-0
100
AcDbMText
 10
14.8379435955
 20
17.2728815973
 30
0.0
 40
1.7
 41
0.0
 71
     1
 72
     1
  1
0.5-3
  7
SLDTEXTSTYLE0
 73
     1
 44
1.0
  0
MTEXT
  5
178
330
1F
100
AcDbEntity
  8
SLD-0
100
AcDbMText
 10
55.7270539892
 20
17.3054389145
 30
0.0
 40
1.7
 41
0.0
 71
     1
 72
     1
  1
>400-1000
  7
SLDTEXTSTYLE0
 73
     1
 44
1.0
  0
MTEXT
  5
179
330
1F
100
AcDbEntity
  8
SLD-0
100
AcDbMText
 10
66.891924981
 20
17.2218278005
 30
0.0
 40
1.7
 41
0.0
 71
     1
 72
     1
  1
>1000-2000
  7
SLDTEXTSTYLE0
 73
     1
 44
1.0
  0
MTEXT
  5
17A
330
1F
100
AcDbEntity
  8
SLD-0
100
AcDbMText
 10
83.4782089996
 20
14.7210740023
 30
0.0
 40
1.7
 41
0.0
 71
     1
 72
     1
  1
-
  7
SLDTEXTSTYLE0
 73
     1
 44
1.0
  0
MTEXT
  5
17B
330
1F
100
AcDbEntity
  8
SLD-0
100
AcDbMText
 10
91.6740827024
 20
14.5110407062
 30
0.0
 40
1.7
 41
0.0
 71
     1
 72
     1
  1
%%p^J1^J%%d
  7
SLDTEXTSTYLE0
 73
     1
 44
1.0
  0
MTEXT
  5
17C
330
1F
100
AcDbEntity
  8
SLD-0
100
AcDbMText
 10
109.0931826284
 20
17.3620112592
 30
0.0
 40
1.7
 41
0.0
 71
     1
 72
     1
  1
>50-120
  7
SLDTEXTSTYLE0
 73
     1
 44
1.0
  0
MTEXT
  5
17D
330
1F
100
AcDbEntity
  8
SLD-0
100
AcDbMText
 10
117.5002628926
 20
17.3809155189
 30
0.0
 40
1.7
 41
0.0
 71
     1
 72
     1
  1
>120-400
  7
SLDTEXTSTYLE0
 73
     1
 44
1.0
  0
MTEXT
  5
17E
330
1F
100
AcDbEntity
  8
SLD-0
100
AcDbMText
 10
28.7606516698
 20
23.8143559853
 30
0.0
 40
2.0
 41
0.0
 71
     1
 72
     1
  1
n
  7
SLDTEXTSTYLE0
 73
     1
 44
1.0
  0
MTEXT
  5
180
330
1F
100
AcDbEntity
  8
SLD-0
100
AcDbMText
 10
262.6666356297
 20
21.5663910786
 30
0.0
 40
1.7
 41
0.0
 71
     1
 72
     1
  1
\U+6CB3\U+5357\U+6717ÒÚ\U+673Aµç\U+6709\U+9650\U+516C\U+53F8
  7
SLDTEXTSTYLE2
 73
     1
 44
1.0
  0
LINE
  5
181
330
1F
100
AcDbEntity
  8
0
  6
Continuous
 62
     7
370
    25
100
AcDbLine
 10
97.9042727273
 20
155.445
 30
0.0
 11
98.9042727273
 21
155.445
 31
0.0
  0
LINE
  5
182
330
1F
100
AcDbEntity
  8
0
  6
Continuous
 62
     7
370
    25
100
AcDbLine
 10
98.9042727273
 20
159.045
 30
0.0
 11
97.9042727273
 21
159.045
 31
0.0
  0
LINE
  5
183
330
1F
100
AcDbEntity
  8
0
  6
Continuous
 62
     7
370
    25
100
AcDbLine
 10
101.9042727273
 20
155.715
 30
0.0
 11
102.5042727273
 21
155.745
 31
0.0
  0
LINE
  5
184
330
1F
100
AcDbEntity
  8
0
  6
Continuous
 62
     7
370
    25
100
AcDbLine
 10
102.5042727273
 20
158.745
 30
0.0
 11
101.9042727273
 21
158.775
 31
0.0
  0
LINE
  5
185
330
1F
100
AcDbEntity
  8
0
  6
Continuous
 62
     7
370
    25
100
AcDbLine
 10
102.5042727273
 20
155.745
 30
0.0
 11
109.3042727273
 21
155.745
 31
0.0
  0
LINE
  5
186
330
1F
100
AcDbEntity
  8
0
  6
Continuous
 62
     7
370
    25
100
AcDbLine
 10
109.3042727273
 20
158.745
 30
0.0
 11
102.5042727273
 21
158.745
 31
0.0
  0
LINE
  5
187
330
1F
100
AcDbEntity
  8
0
  6
Continuous
 62
     7
370
    25
100
AcDbLine
 10
93.3042727273
 20
156.445
 30
0.0
 11
94.6042727273
 21
156.445
 31
0.0
  0
LINE
  5
188
330
1F
100
AcDbEntity
  8
0
  6
Continuous
 62
     7
370
    25
100
AcDbLine
 10
94.6042727273
 20
158.045
 30
0.0
 11
93.3042727273
 21
158.045
 31
0.0
  0
LINE
  5
189
330
1F
100
AcDbEntity
  8
0
  6
Continuous
 62
     7
370
    25
100
AcDbLine
 10
97.9042727273
 20
150.365
 30
0.0
 11
98.9042727273
 21
150.365
 31
0.0
  0
LINE
  5
18A
330
1F
100
AcDbEntity
  8
0
  6
Continuous
 62
     7
370
    25
100
AcDbLine
 10
98.9042727273
 20
153.965
 30
0.0
 11
97.9042727273
 21
153.965
 31
0.0
  0
LINE
  5
18B
330
1F
100
AcDbEntity
  8
0
  6
Continuous
 62
     7
370
    25
100
AcDbLine
 10
101.9042727273
 20
150.635
 30
0.0
 11
102.5042727273
 21
150.665
 31
0.0
  0
LINE
  5
18C
330
1F
100
AcDbEntity
  8
0
  6
Continuous
 62
     7
370
    25
100
AcDbLine
 10
102.5042727273
 20
153.665
 30
0.0
 11
101.9042727273
 21
153.695
 31
0.0
  0
LINE
  5
18D
330
1F
100
AcDbEntity
  8
0
  6
Continuous
 62
     7
370
    25
100
AcDbLine
 10
102.5042727273
 20
150.665
 30
0.0
 11
109.3042727273
 21
150.665
 31
0.0
  0
LINE
  5
18E
330
1F
100
AcDbEntity
  8
0
  6
Continuous
 62
     7
370
    25
100
AcDbLine
 10
109.3042727273
 20
153.665
 30
0.0
 11
102.5042727273
 21
153.665
 31
0.0
  0
LINE
  5
18F
330
1F
100
AcDbEntity
  8
0
  6
Continuous
 62
     7
370
    25
100
AcDbLine
 10
93.3042727273
 20
151.365
 30
0.0
 11
94.6042727273
 21
151.365
 31
0.0
  0
LINE
  5
190
330
1F
100
AcDbEntity
  8
0
  6
Continuous
 62
     7
370
    25
100
AcDbLine
 10
94.6042727273
 20
152.965
 30
0.0
 11
93.3042727273
 21
152.965
 31
0.0
  0
LINE
  5
191
330
1F
100
AcDbEntity
  8
0
  6
Continuous
 62
     7
370
    25
100
AcDbLine
 10
97.9042727273
 20
145.285
 30
0.0
 11
98.9042727273
 21
145.285
 31
0.0
  0
LINE
  5
192
330
1F
100
AcDbEntity
  8
0
  6
Continuous
 62
     7
370
    25
100
AcDbLine
 10
98.9042727273
 20
148.885
 30
0.0
 11
97.9042727273
 21
148.885
 31
0.0
  0
LINE
  5
193
330
1F
100
AcDbEntity
  8
0
  6
Continuous
 62
     7
370
    25
100
AcDbLine
 10
101.9042727273
 20
145.555
 30
0.0
 11
102.5042727273
 21
145.585
 31
0.0
  0
LINE
  5
194
330
1F
100
AcDbEntity
  8
0
  6
Continuous
 62
     7
370
    25
100
AcDbLine
 10
102.5042727273
 20
148.585
 30
0.0
 11
101.9042727273
 21
148.615
 31
0.0
  0
LINE
  5
195
330
1F
100
AcDbEntity
  8
0
  6
Continuous
 62
     7
370
    25
100
AcDbLine
 10
102.5042727273
 20
145.585
 30
0.0
 11
109.3042727273
 21
145.585
 31
0.0
  0
LINE
  5
196
330
1F
100
AcDbEntity
  8
0
  6
Continuous
 62
     7
370
    25
100
AcDbLine
 10
109.3042727273
 20
148.585
 30
0.0
 11
102.5042727273
 21
148.585
 31
0.0
  0
LINE
  5
197
330
1F
100
AcDbEntity
  8
0
  6
Continuous
 62
     7
370
    25
100
AcDbLine
 10
93.3042727273
 20
146.285
 30
0.0
 11
94.6042727273
 21
146.285
 31
0.0
  0
LINE
  5
198
330
1F
100
AcDbEntity
  8
0
  6
Continuous
 62
     7
370
    25
100
AcDbLine
 10
94.6042727273
 20
147.885
 30
0.0
 11
93.3042727273
 21
147.885
 31
0.0
  0
LINE
  5
199
330
1F
100
AcDbEntity
  8
0
  6
Continuous
 62
     7
370
    25
100
AcDbLine
 10
97.9042727273
 20
140.205
 30
0.0
 11
98.9042727273
 21
140.205
 31
0.0
  0
LINE
  5
19A
330
1F
100
AcDbEntity
  8
0
  6
Continuous
 62
     7
370
    25
100
AcDbLine
 10
98.9042727273
 20
143.805
 30
0.0
 11
97.9042727273
 21
143.805
 31
0.0
  0
LINE
  5
19B
330
1F
100
AcDbEntity
  8
0
  6
Continuous
 62
     7
370
    25
100
AcDbLine
 10
101.9042727273
 20
140.475
 30
0.0
 11
102.5042727273
 21
140.505
 31
0.0
  0
LINE
  5
19C
330
1F
100
AcDbEntity
  8
0
  6
Continuous
 62
     7
370
    25
100
AcDbLine
 10
102.5042727273
 20
143.505
 30
0.0
 11
101.9042727273
 21
143.535
 31
0.0
  0
LINE
  5
19D
330
1F
100
AcDbEntity
  8
0
  6
Continuous
 62
     7
370
    25
100
AcDbLine
 10
102.5042727273
 20
140.505
 30
0.0
 11
109.3042727273
 21
140.505
 31
0.0
  0
LINE
  5
19E
330
1F
100
AcDbEntity
  8
0
  6
Continuous
 62
     7
370
    25
100
AcDbLine
 10
109.3042727273
 20
143.505
 30
0.0
 11
102.5042727273
 21
143.505
 31
0.0
  0
LINE
  5
19F
330
1F
100
AcDbEntity
  8
0
  6
Continuous
 62
     7
370
    25
100
AcDbLine
 10
93.3042727273
 20
141.205
 30
0.0
 11
94.6042727273
 21
141.205
 31
0.0
  0
LINE
  5
1A0
330
1F
100
AcDbEntity
  8
0
  6
Continuous
 62
     7
370
    25
100
AcDbLine
 10
94.6042727273
 20
142.805
 30
0.0
 11
93.3042727273
 21
142.805
 31
0.0
  0
LINE
  5
1A1
330
1F
100
AcDbEntity
  8
0
  6
Continuous
 62
     7
370
    25
100
AcDbLine
 10
102.5042727273
 20
155.745
 30
0.0
 11
102.5042727273
 21
158.745
 31
0.0
  0
LINE
  5
1A2
330
1F
100
AcDbEntity
  8
0
  6
Continuous
 62
     7
370
    25
100
AcDbLine
 10
109.3042727273
 20
155.745
 30
0.0
 11
109.3042727273
 21
158.745
 31
0.0
  0
LINE
  5
1A3
330
1F
100
AcDbEntity
  8
0
  6
Continuous
 62
     7
370
    25
100
AcDbLine
 10
93.3042727273
 20
156.445
 30
0.0
 11
93.3042727273
 21
158.045
 31
0.0
  0
LINE
  5
1A4
330
1F
100
AcDbEntity
  8
0
  6
Continuous
 62
     7
370
    25
100
AcDbLine
 10
101.9042727273
 20
159.825
 30
0.0
 11
101.9042727273
 21
139.425
 31
0.0
  0
LINE
  5
1A5
330
1F
100
AcDbEntity
  8
0
  6
Continuous
 62
     7
370
    25
100
AcDbLine
 10
101.9042727273
 20
139.425
 30
0.0
 11
98.9042727273
 21
139.425
 31
0.0
  0
LINE
  5
1A6
330
1F
100
AcDbEntity
  8
0
  6
Continuous
 62
     7
370
    25
100
AcDbLine
 10
98.9042727273
 20
159.825
 30
0.0
 11
98.9042727273
 21
139.425
 31
0.0
  0
LINE
  5
1A7
330
1F
100
AcDbEntity
  8
0
  6
Continuous
 62
     7
370
    25
100
AcDbLine
 10
101.9042727273
 20
159.825
 30
0.0
 11
98.9042727273
 21
159.825
 31
0.0
  0
LINE
  5
1A8
330
1F
100
AcDbEntity
  8
0
  6
Continuous
 62
     7
370
    25
100
AcDbLine
 10
102.5042727273
 20
150.665
 30
0.0
 11
102.5042727273
 21
153.665
 31
0.0
  0
LINE
  5
1A9
330
1F
100
AcDbEntity
  8
0
  6
Continuous
 62
     7
370
    25
100
AcDbLine
 10
109.3042727273
 20
150.665
 30
0.0
 11
109.3042727273
 21
153.665
 31
0.0
  0
LINE
  5
1AA
330
1F
100
AcDbEntity
  8
0
  6
Continuous
 62
     7
370
    25
100
AcDbLine
 10
93.3042727273
 20
151.365
 30
0.0
 11
93.3042727273
 21
152.965
 31
0.0
  0
LINE
  5
1AB
330
1F
100
AcDbEntity
  8
0
  6
Continuous
 62
     7
370
    25
100
AcDbLine
 10
102.5042727273
 20
145.585
 30
0.0
 11
102.5042727273
 21
148.585
 31
0.0
  0
LINE
  5
1AC
330
1F
100
AcDbEntity
  8
0
  6
Continuous
 62
     7
370
    25
100
AcDbLine
 10
109.3042727273
 20
145.585
 30
0.0
 11
109.3042727273
 21
148.585
 31
0.0
  0
LINE
  5
1AD
330
1F
100
AcDbEntity
  8
0
  6
Continuous
 62
     7
370
    25
100
AcDbLine
 10
93.3042727273
 20
146.285
 30
0.0
 11
93.3042727273
 21
147.885
 31
0.0
  0
LINE
  5
1AE
330
1F
100
AcDbEntity
  8
0
  6
Continuous
 62
     7
370
    25
100
AcDbLine
 10
102.5042727273
 20
140.505
 30
0.0
 11
102.5042727273
 21
143.505
 31
0.0
  0
LINE
  5
1AF
330
1F
100
AcDbEntity
  8
0
  6
Continuous
 62
     7
370
    25
100
AcDbLine
 10
109.3042727273
 20
140.505
 30
0.0
 11
109.3042727273
 21
143.505
 31
0.0
  0
LINE
  5
1B0
330
1F
100
AcDbEntity
  8
0
  6
Continuous
 62
     7
370
    25
100
AcDbLine
 10
93.3042727273
 20
141.205
 30
0.0
 11
93.3042727273
 21
142.805
 31
0.0
  0
LINE
  5
1B1
330
1F
100
AcDbEntity
  8
0
  6
Continuous
 62
     7
370
    25
100
AcDbLine
 10
91.6042727273
 20
143.625
 30
0.0
 11
91.6042727273
 21
144.625
 31
0.0
  0
LINE
  5
1B2
330
1F
100
AcDbEntity
  8
0
  6
Continuous
 62
     7
370
    25
100
AcDbLine
 10
88.4042727273
 20
143.625
 30
0.0
 11
91.6042727273
 21
143.625
 31
0.0
  0
LINE
  5
1B3
330
1F
100
AcDbEntity
  8
0
  6
Continuous
 62
     7
370
    25
100
AcDbLine
 10
88.4042727273
 20
143.625
 30
0.0
 11
88.4042727273
 21
144.625
 31
0.0
  0
LINE
  5
1B4
330
1F
100
AcDbEntity
  8
0
  6
Continuous
 62
     7
370
    25
100
AcDbLine
 10
91.6042727273
 20
144.625
 30
0.0
 11
88.4042727273
 21
144.625
 31
0.0
  0
LINE
  5
1B5
330
1F
100
AcDbEntity
  8
0
  6
Continuous
 62
     7
370
    25
100
AcDbLine
 10
91.6042727273
 20
154.625
 30
0.0
 11
91.6042727273
 21
155.625
 31
0.0
  0
LINE
  5
1B6
330
1F
100
AcDbEntity
  8
0
  6
Continuous
 62
     7
370
    25
100
AcDbLine
 10
91.6042727273
 20
144.625
 30
0.0
 11
93.6042727273
 21
144.625
 31
0.0
  0
LINE
  5
1B7
330
1F
100
AcDbEntity
  8
0
  6
Continuous
 62
     7
370
    25
100
AcDbLine
 10
91.6042727273
 20
143.625
 30
0.0
 11
94.6042727273
 21
143.625
 31
0.0
  0
LINE
  5
1B8
330
1F
100
AcDbEntity
  8
0
  6
Continuous
 62
     7
370
    25
100
AcDbLine
 10
93.6042727273
 20
154.625
 30
0.0
 11
93.6042727273
 21
152.965
 31
0.0
  0
LINE
  5
1B9
330
1F
100
AcDbEntity
  8
0
  6
Continuous
 62
     7
370
    25
100
AcDbLine
 10
93.6042727273
 20
151.365
 30
0.0
 11
93.6042727273
 21
147.885
 31
0.0
  0
LINE
  5
1BA
330
1F
100
AcDbEntity
  8
0
  6
Continuous
 62
     7
370
    25
100
AcDbLine
 10
93.6042727273
 20
146.285
 30
0.0
 11
93.6042727273
 21
144.625
 31
0.0
  0
LINE
  5
1BB
330
1F
100
AcDbEntity
  8
0
  6
Continuous
 62
     7
370
    25
100
AcDbLine
 10
91.6042727273
 20
154.625
 30
0.0
 11
93.6042727273
 21
154.625
 31
0.0
  0
LINE
  5
1BC
330
1F
100
AcDbEntity
  8
0
  6
Continuous
 62
     7
370
    25
100
AcDbLine
 10
91.6042727273
 20
155.625
 30
0.0
 11
94.6042727273
 21
155.625
 31
0.0
  0
LINE
  5
1BD
330
1F
100
AcDbEntity
  8
0
  6
Continuous
 62
     7
370
    25
100
AcDbLine
 10
88.4042727273
 20
154.625
 30
0.0
 11
88.4042727273
 21
155.625
 31
0.0
  0
LINE
  5
1BE
330
1F
100
AcDbEntity
  8
0
  6
Continuous
 62
     7
370
    25
100
AcDbLine
 10
91.6042727273
 20
154.625
 30
0.0
 11
88.4042727273
 21
154.625
 31
0.0
  0
LINE
  5
1BF
330
1F
100
AcDbEntity
  8
0
  6
Continuous
 62
     7
370
    25
100
AcDbLine
 10
91.6042727273
 20
155.625
 30
0.0
 11
88.4042727273
 21
155.625
 31
0.0
  0
LINE
  5
1C0
330
1F
100
AcDbEntity
  8
0
  6
Continuous
 62
     7
370
    25
100
AcDbLine
 10
85.2042727273
 20
143.625
 30
0.0
 11
85.2042727273
 21
155.625
 31
0.0
  0
LINE
  5
1C1
330
1F
100
AcDbEntity
  8
0
  6
Continuous
 62
     7
370
    25
100
AcDbLine
 10
86.2042727273
 20
144.625
 30
0.0
 11
86.2042727273
 21
154.625
 31
0.0
  0
LINE
  5
1C2
330
1F
100
AcDbEntity
  8
0
  6
Continuous
 62
     7
370
    25
100
AcDbLine
 10
88.4042727273
 20
144.625
 30
0.0
 11
86.2042727273
 21
144.625
 31
0.0
  0
LINE
  5
1C3
330
1F
100
AcDbEntity
  8
0
  6
Continuous
 62
     7
370
    25
100
AcDbLine
 10
85.2042727273
 20
143.625
 30
0.0
 11
88.4042727273
 21
143.625
 31
0.0
  0
LINE
  5
1C4
330
1F
100
AcDbEntity
  8
0
  6
Continuous
 62
     7
370
    25
100
AcDbLine
 10
88.4042727273
 20
154.625
 30
0.0
 11
86.2042727273
 21
154.625
 31
0.0
  0
LINE
  5
1C5
330
1F
100
AcDbEntity
  8
0
  6
Continuous
 62
     7
370
    25
100
AcDbLine
 10
88.4042727273
 20
155.625
 30
0.0
 11
85.2042727273
 21
155.625
 31
0.0
  0
LINE
  5
1C6
330
1F
100
AcDbEntity
  8
0
  6
Continuous
 62
     7
370
    25
100
AcDbLine
 10
93.6042727273
 20
151.125
 30
0.0
 11
89.4042727273
 21
151.125
 31
0.0
  0
LINE
  5
1C7
330
1F
100
AcDbEntity
  8
0
  6
Continuous
 62
     7
370
    25
100
AcDbLine
 10
89.4042727273
 20
151.125
 30
0.0
 11
89.4042727273
 21
152.125
 31
0.0
  0
LINE
  5
1C8
330
1F
100
AcDbEntity
  8
0
  6
Continuous
 62
     7
370
    25
100
AcDbLine
 10
93.3042727273
 20
152.125
 30
0.0
 11
89.4042727273
 21
152.125
 31
0.0
  0
LINE
  5
1C9
330
1F
100
AcDbEntity
  8
0
  6
Continuous
 62
     7
370
    25
100
AcDbLine
 10
89.4042727273
 20
147.125
 30
0.0
 11
89.4042727273
 21
148.125
 31
0.0
  0
LINE
  5
1CA
330
1F
100
AcDbEntity
  8
0
  6
Continuous
 62
     7
370
    25
100
AcDbLine
 10
93.6042727273
 20
148.125
 30
0.0
 11
89.4042727273
 21
148.125
 31
0.0
  0
LINE
  5
1CB
330
1F
100
AcDbEntity
  8
0
  6
Continuous
 62
     7
370
    25
100
AcDbLine
 10
93.3042727273
 20
147.125
 30
0.0
 11
89.4042727273
 21
147.125
 31
0.0
  0
LINE
  5
1CC
330
1F
100
AcDbEntity
  8
0
  6
Continuous
 62
     7
370
    25
100
AcDbLine
 10
97.9042727273
 20
139.625
 30
0.0
 11
94.6042727273
 21
139.625
 31
0.0
  0
LINE
  5
1CD
330
1F
100
AcDbEntity
  8
0
  6
Continuous
 62
     7
370
    25
100
AcDbLine
 10
97.9042727273
 20
139.625
 30
0.0
 11
97.9042727273
 21
137.625
 31
0.0
  0
LINE
  5
1CE
330
1F
100
AcDbEntity
  8
0
  6
Continuous
 62
     7
370
    25
100
AcDbLine
 10
97.9042727273
 20
137.625
 30
0.0
 11
94.6042727273
 21
137.625
 31
0.0
  0
LINE
  5
1CF
330
1F
100
AcDbEntity
  8
0
  6
Continuous
 62
     7
370
    25
100
AcDbLine
 10
94.6042727273
 20
139.625
 30
0.0
 11
94.6042727273
 21
137.625
 31
0.0
  0
LINE
  5
1D0
330
1F
100
AcDbEntity
  8
0
  6
Continuous
 62
     7
370
    25
100
AcDbLine
 10
97.9042727273
 20
161.625
 30
0.0
 11
94.6042727273
 21
161.625
 31
0.0
  0
LINE
  5
1D1
330
1F
100
AcDbEntity
  8
0
  6
Continuous
 62
     7
370
    25
100
AcDbLine
 10
97.9042727273
 20
161.625
 30
0.0
 11
97.9042727273
 21
159.625
 31
0.0
  0
LINE
  5
1D2
330
1F
100
AcDbEntity
  8
0
  6
Continuous
 62
     7
370
    25
100
AcDbLine
 10
97.9042727273
 20
159.625
 30
0.0
 11
94.6042727273
 21
159.625
 31
0.0
  0
LINE
  5
1D3
330
1F
100
AcDbEntity
  8
0
  6
Continuous
 62
     7
370
    25
100
AcDbLine
 10
94.6042727273
 20
161.625
 30
0.0
 11
94.6042727273
 21
159.625
 31
0.0
  0
LINE
  5
1D4
330
1F
100
AcDbEntity
  8
0
  6
Continuous
 62
     7
370
    25
100
AcDbLine
 10
97.9042727273
 20
159.625
 30
0.0
 11
97.9042727273
 21
139.625
 31
0.0
  0
LINE
  5
1D5
330
1F
100
AcDbEntity
  8
0
  6
Continuous
 62
     7
370
    25
100
AcDbLine
 10
94.6042727273
 20
159.625
 30
0.0
 11
94.6042727273
 21
139.625
 31
0.0
  0
LINE
  5
1D6
330
1F
100
AcDbEntity
  8
0
  6
Continuous
 62
     7
370
    25
100
AcDbLine
 10
97.9042727273
 20
50.6886363636
 30
0.0
 11
98.9042727273
 21
50.6886363636
 31
0.0
  0
LINE
  5
1D7
330
1F
100
AcDbEntity
  8
0
  6
Continuous
 62
     7
370
    25
100
AcDbLine
 10
98.9042727273
 20
54.2886363636
 30
0.0
 11
97.9042727273
 21
54.2886363636
 31
0.0
  0
LINE
  5
1D8
330
1F
100
AcDbEntity
  8
0
  6
Continuous
 62
     7
370
    25
100
AcDbLine
 10
101.9042727273
 20
50.9586363636
 30
0.0
 11
102.5042727273
 21
50.9886363636
 31
0.0
  0
LINE
  5
1D9
330
1F
100
AcDbEntity
  8
0
  6
Continuous
 62
     7
370
    25
100
AcDbLine
 10
102.5042727273
 20
53.9886363636
 30
0.0
 11
101.9042727273
 21
54.0186363636
 31
0.0
  0
LINE
  5
1DA
330
1F
100
AcDbEntity
  8
0
  6
Continuous
 62
     7
370
    25
100
AcDbLine
 10
102.5042727273
 20
50.9886363636
 30
0.0
 11
109.3042727273
 21
50.9886363636
 31
0.0
  0
LINE
  5
1DB
330
1F
100
AcDbEntity
  8
0
  6
Continuous
 62
     7
370
    25
100
AcDbLine
 10
109.3042727273
 20
53.9886363636
 30
0.0
 11
102.5042727273
 21
53.9886363636
 31
0.0
  0
LINE
  5
1DC
330
1F
100
AcDbEntity
  8
0
  6
Continuous
 62
     7
370
    25
100
AcDbLine
 10
93.3042727273
 20
51.6886363636
 30
0.0
 11
94.6042727273
 21
51.6886363636
 31
0.0
  0
LINE
  5
1DD
330
1F
100
AcDbEntity
  8
0
  6
Continuous
 62
     7
370
    25
100
AcDbLine
 10
94.6042727273
 20
53.2886363636
 30
0.0
 11
93.3042727273
 21
53.2886363636
 31
0.0
  0
LINE
  5
1DE
330
1F
100
AcDbEntity
  8
0
  6
Continuous
 62
     7
370
    25
100
AcDbLine
 10
102.5042727273
 20
50.9886363636
 30
0.0
 11
102.5042727273
 21
53.9886363636
 31
0.0
  0
LINE
  5
1DF
330
1F
100
AcDbEntity
  8
0
  6
Continuous
 62
     7
370
    25
100
AcDbLine
 10
109.3042727273
 20
50.9886363636
 30
0.0
 11
109.3042727273
 21
53.9886363636
 31
0.0
  0
LINE
  5
1E0
330
1F
100
AcDbEntity
  8
0
  6
Continuous
 62
     7
370
    25
100
AcDbLine
 10
93.3042727273
 20
51.6886363636
 30
0.0
 11
93.3042727273
 21
53.2886363636
 31
0.0
  0
LINE
  5
1E1
330
1F
100
AcDbEntity
  8
0
  6
Continuous
 62
     7
370
    25
100
AcDbLine
 10
101.9042727273
 20
54.9886363636
 30
0.0
 11
98.9042727273
 21
54.9886363636
 31
0.0
  0
LINE
  5
1E2
330
1F
100
AcDbEntity
  8
0
  6
Continuous
 62
     7
370
    25
100
AcDbLine
 10
101.9042727273
 20
54.9886363636
 30
0.0
 11
101.9042727273
 21
49.9886363636
 31
0.0
  0
LINE
  5
1E3
330
1F
100
AcDbEntity
  8
0
  6
Continuous
 62
     7
370
    25
100
AcDbLine
 10
98.9042727273
 20
54.9886363636
 30
0.0
 11
98.9042727273
 21
49.9886363636
 31
0.0
  0
LINE
  5
1E4
330
1F
100
AcDbEntity
  8
0
  6
Continuous
 62
     7
370
    25
100
AcDbLine
 10
101.9042727273
 20
49.9886363636
 30
0.0
 11
98.9042727273
 21
49.9886363636
 31
0.0
  0
LINE
  5
1E5
330
1F
100
AcDbEntity
  8
0
  6
Continuous
 62
     7
370
    25
100
AcDbLine
 10
85.2042727273
 20
76.4886363636
 30
0.0
 11
85.2042727273
 21
88.4886363636
 31
0.0
  0
LINE
  5
1E6
330
1F
100
AcDbEntity
  8
0
  6
Continuous
 62
     7
370
    25
100
AcDbLine
 10
85.2042727273
 20
88.4886363636
 30
0.0
 11
94.6042727273
 21
88.4886363636
 31
0.0
  0
LINE
  5
1E7
330
1F
100
AcDbEntity
  8
0
  6
Continuous
 62
     7
370
    25
100
AcDbLine
 10
91.6042727273
 20
73.2886363636
 30
0.0
 11
94.6042727273
 21
73.2886363636
 31
0.0
  0
LINE
  5
1E8
330
1F
100
AcDbEntity
  8
0
  6
Continuous
 62
     7
370
    25
100
AcDbLine
 10
91.6042727273
 20
73.2886363636
 30
0.0
 11
88.4042727273
 21
76.4886363636
 31
0.0
  0
LINE
  5
1E9
330
1F
100
AcDbEntity
  8
0
  6
Continuous
 62
     7
370
    25
100
AcDbLine
 10
88.4042727273
 20
76.4886363636
 30
0.0
 11
85.2042727273
 21
76.4886363636
 31
0.0
  0
LINE
  5
1EA
330
1F
100
AcDbEntity
  8
0
  6
Continuous
 62
     7
370
    25
100
AcDbLine
 10
101.4042727273
 20
76.7886363636
 30
0.0
 11
97.9042727273
 21
76.7886363636
 31
0.0
  0
LINE
  5
1EB
330
1F
100
AcDbEntity
  8
0
  6
Continuous
 62
     7
370
    25
100
AcDbLine
 10
101.4042727273
 20
75.7886363636
 30
0.0
 11
101.4042727273
 21
76.7886363636
 31
0.0
  0
LINE
  5
1EC
330
1F
100
AcDbEntity
  8
0
  6
Continuous
 62
     7
370
    25
100
AcDbLine
 10
101.4042727273
 20
75.7886363636
 30
0.0
 11
97.9042727273
 21
75.7886363636
 31
0.0
  0
LINE
  5
1ED
330
1F
100
AcDbEntity
  8
0
  6
Continuous
 62
     7
370
    25
100
AcDbLine
 10
97.9042727273
 20
86.4886363636
 30
0.0
 11
94.6042727273
 21
86.4886363636
 31
0.0
  0
LINE
  5
1EE
330
1F
100
AcDbEntity
  8
0
  6
Continuous
 62
     7
370
    25
100
AcDbLine
 10
97.9042727273
 20
86.4886363636
 30
0.0
 11
97.9042727273
 21
50.4886363636
 31
0.0
  0
LINE
  5
1EF
330
1F
100
AcDbEntity
  8
0
  6
Continuous
 62
     7
370
    25
100
AcDbLine
 10
97.9042727273
 20
50.4886363636
 30
0.0
 11
94.6042727273
 21
50.4886363636
 31
0.0
  0
LINE
  5
1F0
330
1F
100
AcDbEntity
  8
0
  6
Continuous
 62
     7
370
    25
100
AcDbLine
 10
94.6042727273
 20
86.4886363636
 30
0.0
 11
94.6042727273
 21
50.4886363636
 31
0.0
  0
LINE
  5
1F1
330
1F
100
AcDbEntity
  8
0
  6
Continuous
 62
     7
370
    25
100
AcDbLine
 10
97.9042727273
 20
88.4886363636
 30
0.0
 11
94.6042727273
 21
88.4886363636
 31
0.0
  0
LINE
  5
1F2
330
1F
100
AcDbEntity
  8
0
  6
Continuous
 62
     7
370
    25
100
AcDbLine
 10
97.9042727273
 20
88.4886363636
 30
0.0
 11
97.9042727273
 21
86.4886363636
 31
0.0
  0
LINE
  5
1F3
330
1F
100
AcDbEntity
  8
0
  6
Continuous
 62
     7
370
    25
100
AcDbLine
 10
94.6042727273
 20
88.4886363636
 30
0.0
 11
94.6042727273
 21
86.4886363636
 31
0.0
  0
LINE
  5
1F4
330
1F
100
AcDbEntity
  8
0
  6
Continuous
 62
     7
370
    25
100
AcDbLine
 10
97.9042727273
 20
48.4886363636
 30
0.0
 11
94.6042727273
 21
48.4886363636
 31
0.0
  0
LINE
  5
1F5
330
1F
100
AcDbEntity
  8
0
  6
Continuous
 62
     7
370
    25
100
AcDbLine
 10
97.9042727273
 20
50.4886363636
 30
0.0
 11
97.9042727273
 21
48.4886363636
 31
0.0
  0
LINE
  5
1F6
330
1F
100
AcDbEntity
  8
0
  6
Continuous
 62
     7
370
    25
100
AcDbLine
 10
94.6042727273
 20
50.4886363636
 30
0.0
 11
94.6042727273
 21
48.4886363636
 31
0.0
  0
CIRCLE
  5
1F7
330
1F
100
AcDbEntity
  8
0
  6
Continuous
 62
     7
370
    25
100
AcDbCircle
 10
241.4497272727
 20
157.245
 30
0.0
 40
0.799999999999983
  0
CIRCLE
  5
1F8
330
1F
100
AcDbEntity
  8
0
  6
Continuous
 62
     7
370
    25
100
AcDbCircle
 10
241.4497272727
 20
152.165
 30
0.0
 40
0.799999999999983
  0
CIRCLE
  5
1F9
330
1F
100
AcDbEntity
  8
0
  6
Continuous
 62
     7
370
    25
100
AcDbCircle
 10
241.4497272727
 20
147.085
 30
0.0
 40
0.799999999999983
  0
CIRCLE
  5
1FA
330
1F
100
AcDbEntity
  8
0
  6
Continuous
 62
     7
370
    25
100
AcDbCircle
 10
241.4497272727
 20
142.005
 30
0.0
 40
0.799999999999983
  0
LINE
  5
1FB
330
1F
100
AcDbEntity
  8
0
  6
Continuous
 62
     7
370
    25
100
AcDbLine
 10
217.4497272727
 20
143.625
 30
0.0
 11
217.4497272727
 21
155.625
 31
0.0
  0
LINE
  5
1FC
330
1F
100
AcDbEntity
  8
0
  6
Continuous
 62
     7
370
    25
100
AcDbLine
 10
205.4497272727
 20
155.625
 30
0.0
 11
205.4497272727
 21
143.625
 31
0.0
  0
LINE
  5
1FD
330
1F
100
AcDbEntity
  8
0
  6
Continuous
 62
     7
370
    25
100
AcDbLine
 10
217.4497272727
 20
143.625
 30
0.0
 11
205.4497272727
 21
143.625
 31
0.0
  0
LINE
  5
1FE
330
1F
100
AcDbEntity
  8
0
  6
Continuous
 62
     7
370
    25
100
AcDbLine
 10
217.4497272727
 20
155.625
 30
0.0
 11
205.4497272727
 21
155.625
 31
0.0
  0
LINE
  5
1FF
330
1F
100
AcDbEntity
  8
0
  6
Continuous
 62
     7
370
    25
100
AcDbLine
 10
220.6497272727
 20
143.625
 30
0.0
 11
220.6497272727
 21
144.625
 31
0.0
  0
LINE
  5
200
330
1F
100
AcDbEntity
  8
0
  6
Continuous
 62
     7
370
    25
100
AcDbLine
 10
220.6497272727
 20
144.625
 30
0.0
 11
217.4497272727
 21
144.625
 31
0.0
  0
LINE
  5
201
330
1F
100
AcDbEntity
  8
0
  6
Continuous
 62
     7
370
    25
100
AcDbLine
 10
217.4497272727
 20
143.625
 30
0.0
 11
220.6497272727
 21
143.625
 31
0.0
  0
LINE
  5
202
330
1F
100
AcDbEntity
  8
0
  6
Continuous
 62
     7
370
    25
100
AcDbLine
 10
220.6497272727
 20
154.625
 30
0.0
 11
220.6497272727
 21
155.625
 31
0.0
  0
LINE
  5
203
330
1F
100
AcDbEntity
  8
0
  6
Continuous
 62
     7
370
    25
100
AcDbLine
 10
220.6497272727
 20
154.625
 30
0.0
 11
217.4497272727
 21
154.625
 31
0.0
  0
LINE
  5
204
330
1F
100
AcDbEntity
  8
0
  6
Continuous
 62
     7
370
    25
100
AcDbLine
 10
220.6497272727
 20
155.625
 30
0.0
 11
217.4497272727
 21
155.625
 31
0.0
  0
LINE
  5
205
330
1F
100
AcDbEntity
  8
0
  6
Continuous
 62
     7
370
    25
100
AcDbLine
 10
220.6497272727
 20
154.625
 30
0.0
 11
220.6497272727
 21
144.625
 31
0.0
  0
LINE
  5
206
330
1F
100
AcDbEntity
  8
0
  6
Continuous
 62
     7
370
    25
100
AcDbLine
 10
218.1497272727
 20
151.125
 30
0.0
 11
217.4497272727
 21
151.125
 31
0.0
  0
LINE
  5
207
330
1F
100
AcDbEntity
  8
0
  6
Continuous
 62
     7
370
    25
100
AcDbLine
 10
218.1497272727
 20
152.125
 30
0.0
 11
217.4497272727
 21
152.125
 31
0.0
  0
LINE
  5
208
330
1F
100
AcDbEntity
  8
0
  6
Continuous
 62
     7
370
    25
100
AcDbLine
 10
218.1497272727
 20
151.125
 30
0.0
 11
218.1497272727
 21
152.125
 31
0.0
  0
LINE
  5
209
330
1F
100
AcDbEntity
  8
0
  6
Continuous
 62
     7
370
    25
100
AcDbLine
 10
218.1497272727
 20
148.125
 30
0.0
 11
217.4497272727
 21
148.125
 31
0.0
  0
LINE
  5
20A
330
1F
100
AcDbEntity
  8
0
  6
Continuous
 62
     7
370
    25
100
AcDbLine
 10
218.1497272727
 20
147.125
 30
0.0
 11
218.1497272727
 21
148.125
 31
0.0
  0
LINE
  5
20B
330
1F
100
AcDbEntity
  8
0
  6
Continuous
 62
     7
370
    25
100
AcDbLine
 10
218.1497272727
 20
147.125
 30
0.0
 11
217.4497272727
 21
147.125
 31
0.0
  0
CIRCLE
  5
20C
330
1F
100
AcDbEntity
  8
0
  6
Continuous
 62
     7
370
    25
100
AcDbCircle
 10
241.4497272727
 20
147.085
 30
0.0
 40
1.099999999999994
  0
CIRCLE
  5
20D
330
1F
100
AcDbEntity
  8
0
  6
Continuous
 62
     7
370
    25
100
AcDbCircle
 10
229.4497272727
 20
149.625
 30
0.0
 40
3.200000000000642
  0
CIRCLE
  5
20E
330
1F
100
AcDbEntity
  8
0
  6
Continuous
 62
     7
370
    25
100
AcDbCircle
 10
241.4497272727
 20
157.245
 30
0.0
 40
1.099999999999994
  0
LINE
  5
20F
330
1F
100
AcDbEntity
  8
0
  6
Continuous
 62
     7
370
    25
100
AcDbLine
 10
207.4497272727
 20
161.625
 30
0.0
 11
243.4497272727
 21
161.625
 31
0.0
  0
LINE
  5
210
330
1F
100
AcDbEntity
  8
0
  6
Continuous
 62
     7
370
    25
100
AcDbLine
 10
243.4497272727
 20
161.625
 30
0.0
 11
245.4497272727
 21
159.625
 31
0.0
  0
LINE
  5
211
330
1F
100
AcDbEntity
  8
0
  6
Continuous
 62
     7
370
    25
100
AcDbLine
 10
245.4497272727
 20
159.625
 30
0.0
 11
245.4497272727
 21
139.625
 31
0.0
  0
LINE
  5
212
330
1F
100
AcDbEntity
  8
0
  6
Continuous
 62
     7
370
    25
100
AcDbLine
 10
245.4497272727
 20
139.625
 30
0.0
 11
243.4497272727
 21
137.625
 31
0.0
  0
LINE
  5
213
330
1F
100
AcDbEntity
  8
0
  6
Continuous
 62
     7
370
    25
100
AcDbLine
 10
243.4497272727
 20
137.625
 30
0.0
 11
207.4497272727
 21
137.625
 31
0.0
  0
LINE
  5
214
330
1F
100
AcDbEntity
  8
0
  6
Continuous
 62
     7
370
    25
100
AcDbLine
 10
207.4497272727
 20
137.625
 30
0.0
 11
205.4497272727
 21
139.625
 31
0.0
  0
CIRCLE
  5
215
330
1F
100
AcDbEntity
  8
0
  6
Continuous
 62
     7
370
    25
100
AcDbCircle
 10
241.4497272727
 20
142.005
 30
0.0
 40
1.099999999999994
  0
CIRCLE
  5
216
330
1F
100
AcDbEntity
  8
0
  6
Continuous
 62
     7
370
    25
100
AcDbCircle
 10
241.4497272727
 20
152.165
 30
0.0
 40
1.099999999999994
  0
LINE
  5
217
330
1F
100
AcDbEntity
  8
0
  6
Continuous
 62
     7
370
    25
100
AcDbLine
 10
205.4497272727
 20
139.625
 30
0.0
 11
205.4497272727
 21
143.625
 31
0.0
  0
LINE
  5
218
330
1F
100
AcDbEntity
  8
0
  6
Continuous
 62
     7
370
    25
100
AcDbLine
 10
205.4497272727
 20
155.625
 30
0.0
 11
205.4497272727
 21
159.625
 31
0.0
  0
LINE
  5
219
330
1F
100
AcDbEntity
  8
0
  6
Continuous
 62
     7
370
    25
100
AcDbLine
 10
205.4497272727
 20
159.625
 30
0.0
 11
207.4497272727
 21
161.625
 31
0.0
  0
DIMENSION
  5
21A
330
1F
100
AcDbEntity
  8
SLD-0
 62
     7
100
AcDbDimension
  2
_D
 10
245.4497272727
 20
104.2855376733
 30
0.0
 11
225.6096655041
 21
104.2855376733
 31
0.0
 70
   160
  1
<>
 71
     2
 42
-1.0
  3
SLDDIMSTYLE0
100
AcDbAlignedDimension
 13
205.4497272727
 23
139.625
 33
0.0
 14
245.4497272727
 24
139.625
 34
0.0
100
AcDbRotatedDimension
  0
DIMENSION
  5
226
330
1F
100
AcDbEntity
  8
SLD-0
 62
     7
100
AcDbDimension
  2
_D_1
 10
196.6802133248
 20
161.625
 30
0.0
 11
196.6802133248
 21
146.0504377233
 31
0.0
 70
   160
  1
<>
 71
     2
 42
-1.0
  3
SLDDIMSTYLE1
100
AcDbAlignedDimension
 13
207.4497272727
 23
137.625
 33
0.0
 14
207.4497272727
 24
161.625
 34
0.0
 50
90.0
100
AcDbRotatedDimension
  0
DIMENSION
  5
233
330
1F
100
AcDbEntity
  8
SLD-0
 62
     7
100
AcDbDimension
  2
_D_2
 10
217.4497272727
 20
121.625
 30
0.0
 11
195.4497272727
 21
121.625
 31
0.0
 70
   160
  1
<>
 71
     2
 42
-1.0
  3
SLDDIMSTYLE0
100
AcDbAlignedDimension
 13
205.4497272727
 23
139.625
 33
0.0
 14
217.4497272727
 24
143.625
 34
0.0
100
AcDbRotatedDimension
  0
DIMENSION
  5
23E
330
1F
100
AcDbEntity
  8
SLD-0
 62
     7
100
AcDbDimension
  2
_D_3
 10
220.6497272727
 20
121.625
 30
0.0
 11
233.8512111466
 21
121.625
 31
0.0
 70
   160
  1
<>
 71
     2
 42
-1.0
  3
SLDDIMSTYLE1
100
AcDbAlignedDimension
 13
217.4497272727
 23
143.625
 33
0.0
 14
220.6497272727
 24
143.625
 34
0.0
100
AcDbRotatedDimension
  0
DIMENSION
  5
24A
330
1F
100
AcDbEntity
  8
SLD-0
 62
     7
100
AcDbDimension
  2
_D_4
 10
205.4497272727
 20
115.625
 30
0.0
 11
222.4160860666
 21
115.625
 31
0.0
 70
   160
  1
<>
 71
     2
 42
-1.0
  3
SLDDIMSTYLE1
100
AcDbAlignedDimension
 13
229.4497272727
 23
149.625
 33
0.0
 14
205.4497272727
 24
139.625
 34
0.0
100
AcDbRotatedDimension
  0
DIMENSION
  5
256
330
1F
100
AcDbEntity
  8
SLD-0
 62
     7
100
AcDbDimension
  2
_D_5
 10
202.9540022762
 20
140.905
 30
0.0
 11
202.9540022762
 21
146.0504377233
 31
0.0
 70
   160
  1
%%c<>
 71
     2
 42
-1.0
  3
SLDDIMSTYLE1
100
AcDbAlignedDimension
 13
241.4497272727
 23
143.105
 33
0.0
 14
241.4497272727
 24
140.905
 34
0.0
 50
90.0
100
AcDbRotatedDimension
  0
DIMENSION
  5
263
330
1F
100
AcDbEntity
  8
SLD-0
 62
     7
100
AcDbDimension
  2
_D_6
 10
205.4497272727
 20
109.625
 30
0.0
 11
224.8031929881
 21
109.625
 31
0.0
 70
   160
  1
<>
 71
     2
 42
-1.0
  3
SLDDIMSTYLE0
100
AcDbAlignedDimension
 13
241.4497272727
 23
157.245
 33
0.0
 14
205.4497272727
 24
139.625
 34
0.0
100
AcDbRotatedDimension
  0
DIMENSION
  5
26D
330
1F
100
AcDbEntity
  8
SLD-0
100
AcDbDimension
  2
_D_7
 10
240.7444519192
 20
147.462606509
 30
0.0
 11
267.9993665037
 21
140.3611740125
 31
0.0
 70
   163
  1
<>
 71
     1
 42
-1.0
  3
SLDDIMSTYLE2
100
AcDbDiametricDimension
 15
242.1550026263
 25
146.707393491
 35
0.0
 40
0.0
  0
DIMENSION
  5
27B
330
1F
100
AcDbEntity
  8
SLD-0
100
AcDbDimension
  2
_D_8
 10
240.8997272727
 20
142.9576279442
 30
0.0
 11
265.3375542467
 21
127.797278149
 31
0.0
 70
   163
  1
<> ¹á´©
 71
     1
 42
-1.0
  3
SLDDIMSTYLE3
100
AcDbDiametricDimension
 15
241.9997272727
 25
141.0523720558
 35
0.0
 40
0.0
  0
OLE2FRAME
  5
287
330
1F
100
AcDbEntity
  8
0
100
AcDbOle2Frame
 70
     2
  3
Picture (Device Independent Bitmap)
 10
257.3474289328
 20
23.0692385625
 30
0.0
 11
261.4233258884
 21
18.9933416069
 31
0.0
 71
     3
 72
     0
 73
     1
 90
    42624
310
805578FFA3118F1570406BA9519EB911374000000000000000006BE45DF1C556
310
70406BA9519EB911374000000000000000006BE45DF1C55670403A5AB3A24BFE
310
3240000000000000000078FFA3118F1570403A5AB3A24BFE3240000000000000
310
0000000000000100000000010000010000000100000000000100000000A60000
310
D0CF11E0A1B11AE1000000000000000000000000000000003E000300FEFF0900
310
0600000000000000000000000100000001000000000000000010000002000000
310
01000000FEFFFFFF0000000000000000FFFFFFFFFFFFFFFFFFFFFFFFFFFFFFFF
310
FFFFFFFFFFFFFFFFFFFFFFFFFFFFFFFFFFFFFFFFFFFFFFFFFFFFFFFFFFFFFFFF
310
FFFFFFFFFFFFFFFFFFFFFFFFFFFFFFFFFFFFFFFFFFFFFFFFFFFFFFFFFFFFFFFF
310
FFFFFFFFFFFFFFFFFFFFFFFFFFFFFFFFFFFFFFFFFFFFFFFFFFFFFFFFFFFFFFFF
310
FFFFFFFFFFFFFFFFFFFFFFFFFFFFFFFFFFFFFFFFFFFFFFFFFFFFFFFFFFFFFFFF
310
FFFFFFFFFFFFFFFFFFFFFFFFFFFFFFFFFFFFFFFFFFFFFFFFFFFFFFFFFFFFFFFF
310
FFFFFFFFFFFFFFFFFFFFFFFFFFFFFFFFFFFFFFFFFFFFFFFFFFFFFFFFFFFFFFFF
310
FFFFFFFFFFFFFFFFFFFFFFFFFFFFFFFFFFFFFFFFFFFFFFFFFFFFFFFFFFFFFFFF
310
FFFFFFFFFFFFFFFFFFFFFFFFFFFFFFFFFFFFFFFFFFFFFFFFFFFFFFFFFFFFFFFF
310
FFFFFFFFFFFFFFFFFFFFFFFFFFFFFFFFFFFFFFFFFFFFFFFFFFFFFFFFFFFFFFFF
310
FFFFFFFFFFFFFFFFFFFFFFFFFFFFFFFFFFFFFFFFFFFFFFFFFFFFFFFFFFFFFFFF
310
FFFFFFFFFFFFFFFFFFFFFFFFFFFFFFFFFFFFFFFFFFFFFFFFFFFFFFFFFFFFFFFF
310
FFFFFFFFFFFFFFFFFFFFFFFFFFFFFFFFFFFFFFFFFFFFFFFFFFFFFFFFFFFFFFFF
310
FFFFFFFFFFFFFFFFFFFFFFFFFFFFFFFFFFFFFFFFFFFFFFFFFFFFFFFFFFFFFFFF
310
FDFFFFFFFEFFFFFFFEFFFFFFFEFFFFFF05000000060000000700000008000000
310
090000000A0000000B0000000C0000000D0000000E0000000F00000010000000
310
1100000012000000130000001400000015000000160000001700000018000000
310
190000001A0000001B0000001C0000001D0000001E0000001F00000020000000
310
2100000022000000230000002400000025000000260000002700000028000000
310
290000002A0000002B0000002C0000002D0000002E0000002F00000030000000
310
3100000032000000330000003400000035000000360000003700000038000000
310
390000003A0000003B0000003C0000003D0000003E0000003F00000040000000
310
4100000042000000430000004400000045000000460000004700000048000000
310
490000004A0000004B0000004C0000004D0000004E0000004F00000050000000
310
51000000FEFFFFFFFFFFFFFFFFFFFFFFFFFFFFFFFFFFFFFFFFFFFFFFFFFFFFFF
310
FFFFFFFFFFFFFFFFFFFFFFFFFFFFFFFFFFFFFFFFFFFFFFFFFFFFFFFFFFFFFFFF
310
FFFFFFFFFFFFFFFFFFFFFFFFFFFFFFFFFFFFFFFFFFFFFFFFFFFFFFFFFFFFFFFF
310
FFFFFFFFFFFFFFFFFFFFFFFFFFFFFFFFFFFFFFFFFFFFFFFFFFFFFFFFFFFFFFFF
310
FFFFFFFFFFFFFFFFFFFFFFFFFFFFFFFFFFFFFFFFFFFFFFFFFFFFFFFFFFFFFFFF
310
FFFFFFFFFFFFFFFFFFFFFFFFFFFFFFFFFFFFFFFFFFFFFFFFFFFFFFFFFFFFFFFF
310
52006F006F007400200045006E00740072007900000000000000000000000000
310
0000000000000000000000000000000000000000000000000000000000000000
310
16000500FFFFFFFFFFFFFFFF020000001603000000000000C000000000000046
310
000000000000000000000000B0D8B13A3983DB0103000000C000000000000000
310
01004F006C006500000000000000000000000000000000000000000000000000
310
0000000000000000000000000000000000000000000000000000000000000000
310
0A000200FFFFFFFFFFFFFFFFFFFFFFFF00000000000000000000000000000000
310
0000000000000000000000000000000000000000000000001400000000000000
310
010043006F006D0070004F0062006A0000000000000000000000000000000000
310
0000000000000000000000000000000000000000000000000000000000000000
310
120002010100000003000000FFFFFFFF00000000000000000000000000000000
310
0000000000000000000000000000000000000000010000006A00000000000000
310
43004F004E00540045004E005400530000000000000000000000000000000000
310
0000000000000000000000000000000000000000000000000000000000000000
310
12000200FFFFFFFFFFFFFFFFFFFFFFFF00000000000000000000000000000000
310
000000000000000000000000000000000000000004000000F29A000000000000
310
FEFFFFFF02000000FEFFFFFFFFFFFFFFFFFFFFFFFFFFFFFFFFFFFFFFFFFFFFFF
310
FFFFFFFFFFFFFFFFFFFFFFFFFFFFFFFFFFFFFFFFFFFFFFFFFFFFFFFFFFFFFFFF
310
FFFFFFFFFFFFFFFFFFFFFFFFFFFFFFFFFFFFFFFFFFFFFFFFFFFFFFFFFFFFFFFF
310
FFFFFFFFFFFFFFFFFFFFFFFFFFFFFFFFFFFFFFFFFFFFFFFFFFFFFFFFFFFFFFFF
310
FFFFFFFFFFFFFFFFFFFFFFFFFFFFFFFFFFFFFFFFFFFFFFFFFFFFFFFFFFFFFFFF
310
FFFFFFFFFFFFFFFFFFFFFFFFFFFFFFFFFFFFFFFFFFFFFFFFFFFFFFFFFFFFFFFF
310
FFFFFFFFFFFFFFFFFFFFFFFFFFFFFFFFFFFFFFFFFFFFFFFFFFFFFFFFFFFFFFFF
310
FFFFFFFFFFFFFFFFFFFFFFFFFFFFFFFFFFFFFFFFFFFFFFFFFFFFFFFFFFFFFFFF
310
FFFFFFFFFFFFFFFFFFFFFFFFFFFFFFFFFFFFFFFFFFFFFFFFFFFFFFFFFFFFFFFF
310
FFFFFFFFFFFFFFFFFFFFFFFFFFFFFFFFFFFFFFFFFFFFFFFFFFFFFFFFFFFFFFFF
310
FFFFFFFFFFFFFFFFFFFFFFFFFFFFFFFFFFFFFFFFFFFFFFFFFFFFFFFFFFFFFFFF
310
FFFFFFFFFFFFFFFFFFFFFFFFFFFFFFFFFFFFFFFFFFFFFFFFFFFFFFFFFFFFFFFF
310
FFFFFFFFFFFFFFFFFFFFFFFFFFFFFFFFFFFFFFFFFFFFFFFFFFFFFFFFFFFFFFFF
310
FFFFFFFFFFFFFFFFFFFFFFFFFFFFFFFFFFFFFFFFFFFFFFFFFFFFFFFFFFFFFFFF
310
FFFFFFFFFFFFFFFFFFFFFFFFFFFFFFFFFFFFFFFFFFFFFFFFFFFFFFFFFFFFFFFF
310
FFFFFFFFFFFFFFFFFFFFFFFFFFFFFFFFFFFFFFFFFFFFFFFFFFFFFFFFFFFFFFFF
310
0100000200000000000000000000000000000000000000000000000000000000
310
0000000000000000000000000000000000000000000000000000000000000000
310
0100FEFF030A0000FFFFFFFF1603000000000000C00000000000004624000000
310
50696374757265202844657669636520496E646570656E64656E74204269746D
310
61702900FFFFFFFF080000000A00000053746174696344696200F439B2710000
310
0000000000000000000000000000000000000000000000000000000000000000
310
0000000000000000000000000000000000000000000000000000000000000000
310
0000000000000000000000000000000000000000000000000000000000000000
310
0000000000000000000000000000000000000000000000000000000000000000
310
0000000000000000000000000000000000000000000000000000000000000000
310
0000000000000000000000000000000000000000000000000000000000000000
310
0000000000000000000000000000000000000000000000000000000000000000
310
0000000000000000000000000000000000000000000000000000000000000000
310
0000000000000000000000000000000000000000000000000000000000000000
310
0000000000000000000000000000000000000000000000000000000000000000
310
0000000000000000000000000000000000000000000000000000000000000000
310
424DF29A00000000000042000000280000006300000064000000010020000300
310
0000B09A0000741200007412000000000000000000000000FF0000FF0000FF00
310
0000F7F7F7FFF7F7F7FFF7F7F7FFF7F7F7FFF7F7F7FFF7F7F7FFF7F7F7FFF7F7
310
F7FFF7F7F7FFF7F7F7FFF7F7F7FFF7F7F7FFF7F7F7FFF7F7F7FFF7F7F7FFF7F7
310
F7FFF7F7F7FFF7F7F7FFF7F7F7FFF7F7F7FFF7F7F7FFF7F7F7FFF7F7F7FFF7F7
310
F7FFF7F7F7FFF7F7F7FFF7F7F7FFF7F7F7FFF7F7F7FFF7F7F7FFF7F7F7FFF7F7
310
F7FFF7F7F7FFF7F7F7FFF7F7F7FFF7F7F7FFF7F7F7FFF7F7F7FFF7F7F7FFF7F7
310
F7FFF7F7F7FFF7F7F7FFF7F7F7FFF7F7F7FFF7F7F7FFF7F7F7FFF7F7F7FFF7F7
310
F7FFF7F7F7FFF7F7F7FFF7F7F7FFF7F7F7FFF7F7F7FFF7F7F7FFF7F7F7FFF7F7
310
F7FFF7F7F7FFF7F7F7FFF7F7F7FFF7F7F7FFF7F7F7FFF7F7F7FFF7F7F7FFF7F7
310
F7FFF7F7F7FFF7F7F7FFF7F7F7FFF7F7F7FFF7F7F7FFF7F7F7FFF7F7F7FFF7F7
310
F7FFF7F7F7FFF7F7F7FFF7F7F7FFF7F7F7FFF7F7F7FFF7F7F7FFF7F7F7FFF7F7
310
F7FFF7F7F7FFF7F7F7FFF7F7F7FFF7F7F7FFF7F7F7FFF7F7F7FFF7F7F7FFF7F7
310
F7FFF7F7F7FFF7F7F7FFF7F7F7FFF7F7F7FFF7F7F7FFF7F7F7FFF7F7F7FFF7F7
310
F7FFF7F7F7FFF7F7F7FFF7F7F7FFFFFFFFFFFFFFFFFFFFFFFFFFFFFFFFFFFFFF
310
FFFFFFFFFFFFFFFFFFFFFFFFFFFFFFFFFFFFFFFFFFFFFFFFFFFFFFFFFFFFFFFF
310
FFFFFFFFFFFFFFFFFFFFFFFFFFFFFFFFFFFFFFFFFFFFFFFFFFFFFFFFFFFFFFFF
310
FFFFFFFFFFFFFFFFFFFFFFFFFFFFFFFFFFFFFFFFFFFFFFFFFFFFFFFFFFFFFFFF
310
FFFFFFFFFFFFFFFFFFFFFFFFFFFFFFFFFFFFFFFFFFFFFFFFFFFFFFFFFFFFFFFF
310
FFFFFFFFFFFFFFFFFFFFFFFFFFFFFFFFFFFFFFFFFFFFFFFFFFFFFFFFFFFFFFFF
310
FFFFFFFFFFFFFFFFFFFFFFFFFFFFFFFFFFFFFFFFFFFFFFFFFFFFFFFFFFFFFFFF
310
FFFFFFFFFFFFFFFFFFFFFFFFFFFFFFFFFFFFFFFFFFFFFFFFFFFFFFFFFFFFFFFF
310
FFFFFFFFFFFFFFFFFFFFFFFFFFFFFFFFFFFFFFFFFFFFFFFFFFFFFFFFFFFFFFFF
310
FFFFFFFFFFFFFFFFFFFFFFFFFFFFFFFFFFFFFFFFFFFFFFFFFFFFFFFFFFFFFFFF
310
FFFFFFFFFFFFFFFFFFFFFFFFFFFFFFFFFFFFFFFFFFFFFFFFFFFFFFFFFFFFFFFF
310
FFFFFFFFFFFFFFFFFFFFFFFFFFFFFFFFFFFFFFFFFFFFFFFFFFFFFFFFFFFFFFFF
310
FFFFFFFFFFFFFFFFFFFFFFFFFFFFFFFFFFFFFFFFFFFFFFFFFFFFFFFFFFFFFFFF
310
FFFFFFFFFFFFFFFFFFFFFFFFFFFFFFFFFFFFFFFFFFFFFFFFFFFFFFFFFFFFFFFF
310
FFFFFFFFFFFFFFFFFFFFFFFFFFFFFFFFFFFFFFFFFFFFFFFFFFFFFFFFFFFFFFFF
310
FFFFFFFFFFFFFFFFFFFFFFFFFFFFFFFFFFFFFFFFFFFFFFFFFFFFFFFFFFFFFFFF
310
FFFFFFFFFFFFFFFFFFFFFFFFFFFFFFFFFFFFFFFFFFFFFFFFFFFFFFFFFFFFFFFF
310
FFFFFFFFFFFFFFFFFFFFFFFFFFFFFFFFFFFFFFFFFFFFFFFFFFFFFFFFFFFFFFFF
310
FFFFFFFFFFFFFFFFFFFFFFFFFFFFFFFFFFFFFEFEFEFFFCFCFDFFFEFEFEFFFFFF
310
FFFFFFFFFFFFFFFFFFFFFFFFFFFFFFFFFFFFFFFFFFFFFFFFFFFFFFFFFFFFFFFF
310
FFFFFFFFFFFFFFFFFFFFFFFFFFFFFFFFFFFFFFFFFFFFFFFFFFFFFFFFFFFFFFFF
310
FFFFFFFFFFFFFFFFFFFFFFFFFFFFFFFFFFFFFFFFFFFFFFFFFFFFFFFFFFFFFFFF
310
FFFFFFFFFFFFFFFFFFFFFFFFFFFFFFFFFFFFFFFFFFFFFFFFFFFFFFFFFFFFFFFF
310
FFFFFFFFFFFFFFFFFFFFFFFFFFFFFFFFFFFFFFFFFFFFFFFFFFFFFFFFFFFFFFFF
310
FFFFFFFFFFFFFFFFFFFFFFFFFFFFFFFFFFFFFFFFFFFFFFFFFFFFFFFFFFFFFFFF
310
FFFFFFFFFFFFFFFFFFFFFFFFFFFFFFFFFFFFFFFFFFFFFFFFFFFFFFFFFFFFFFFF
310
FFFFFFFFFFFFFFFFFFFFFFFFFFFFFFFFFFFFFFFFFFFFFFFFFFFFFFFFFFFFFFFF
310
FFFFFFFFFFFFFFFFFFFFFFFFFFFFFFFFFFFFFFFFFFFFFFFFFFFFFFFFFFFFFFFF
310
FFFFFFFFFFFFFFFFFFFFFFFFFFFFFFFFFFFFFFFFFFFFFFFFFFFFFFFFFFFFFFFF
310
FFFFFFFFFFFFFFFFFFFFFFFFFFFFFFFFFFFFFFFFFFFFFFFFFFFFFFFFFFFFFFFF
310
FFFFFFFFFFFFFFFFFFFFFFFFFFFFFFFFFFFFFFFFFFFFFFFFFFFFF8F2F2FFEBDC
310
DCFFF0E9E9FFFBFBFBFFFFFFFFFFFFFFFFFFFEFDFDFFF9F6F6FFF7F3F3FFFDFD
310
FDFFFFFFFFFFFFFFFFFFFFFFFFFFFFFFFFFFFFFFFFFFFFFFFFFFFFFFFFFFFFFF
310
FFFFFFFFFFFFFFFFFFFFFFFFFFFFFFFFFFFFFFFFFFFFFFFFFFFFFFFFFFFFFFFF
310
FFFFFFFFFFFFFFFFFFFFFFFFFFFFFFFFFFFFFFFFFFFFFFFFFFFFFFFFFFFFFFFF
310
FFFFFFFFFFFFFFFFFFFFFFFFFFFFFFFFFFFFFFFFFFFFFFFFFFFFFFFFFFFFFFFF
310
FFFFFFFFFFFFFFFFFFFFFFFFFFFFFFFFFFFFFFFFFFFFFFFFFFFFFFFFFFFFFFFF
310
FFFFFFFFFFFFFFFFFFFFFFFFFFFFFFFFFFFFFFFFFFFFFFFFFFFFFFFFFFFFFFFF
310
FFFFFFFFFFFFFFFFFFFFFFFFFFFFFFFFFFFFFFFFFFFFFFFFFFFFFFFFFFFFFFFF
310
FFFFFFFFFFFFFFFFFFFFFFFFFFFFFFFFFFFFFFFFFFFFFFFFFFFFFFFFFFFFFFFF
310
FFFFFFFFFFFFFFFFFFFFFFFFFFFFFFFFFFFFFFFFFFFFFFFFFFFFFFFFFFFFFFFF
310
FFFFFFFFFFFFFFFFFFFFFFFFFFFFFFFFFFFFFFFFFFFFFFFFFFFFFFFFFFFFFFFF
310
FFFFFFFFFFFFFFFFFFFFFFFFFFFFFFFFFFFFFFFFFFFFFFFFFFFFFFFFFFFFFFFF
310
FFFFF8F6F7FFDDB7B7FFCA7F7FFFE3C7C7FFFAF7F7FFFFFFFFFFFFFFFFFFF9F9
310
F9FFE6D5D5FFD8B6B6FFEFE6E6FFFDFDFDFFFFFFFFFFFFFFFFFFFFFFFFFFFFFF
310
FFFFFFFFFFFFFFFFFFFFFFFFFFFFFFFFFFFFFFFFFFFFFFFFFFFFFFFFFFFFFFFF
310
FFFFFFFFFFFFFFFFFFFFFFFFFFFFFFFFFFFFFFFFFFFFFFFFFFFFFFFFFFFFFFFF
310
FFFFFFFFFFFFFFFFFFFFFFFFFFFFFFFFFFFFFFFFFFFFFFFFFFFFFFFFFFFFFFFF
310
FFFFFFFFFFFFFFFFFFFFFFFFFFFFFFFFFFFFFFFFFFFFFFFFFFFFFFFFFFFFFFFF
310
FFFFFFFFFFFFFFFFFFFFFFFFFFFFFFFFFFFFFFFFFFFFFFFFFFFFFFFFFFFFFFFF
310
FFFFFFFFFFFFFFFFFFFFFFFFFFFFFFFFFFFFFFFFFFFFFFFFFFFFFFFFFFFFFFFF
310
FFFFFFFFFFFFFFFFFFFFFFFFFFFFFFFFFFFFFFFFFFFFFFFFFFFFFFFFFFFFFFFF
310
FFFFFFFFFFFFFFFFFFFFFFFFFFFFFFFFFFFFFFFFFFFFFFFFFFFFFFFFFFFFFFFF
310
FFFFFFFFFFFFFFFFFFFFFFFFFFFFFFFFFFFFFFFFFFFFFFFFFFFFFFFFFFFFFFFF
310
FFFFFFFFFFFFFFFFFFFFFFFFFFFFFFFFFFFFFFFFFFFFFFFFFFFFFFFFFFFFFFFF
310
FFFFFFFFFFFFFFFFFFFFF9F6F6FFDFC2C3FFBF5555FFC93838FFE6BABAFFFAF8
310
F8FFFFFFFFFFFFFFFFFFF5F8F8FFD4B0B1FFB75555FFD09D9DFFF2E9E9FFFEFE
310
FEFFFFFFFFFFFFFFFFFFFFFFFFFFFFFFFFFFFFFFFFFFFFFFFFFFFFFFFFFFFFFF
310
FFFFFFFFFFFFFFFFFFFFFFFFFFFFFFFFFFFFFFFFFFFFFFFFFFFFFFFFFFFFFFFF
310
FFFFFFFFFFFFFFFFFFFFFFFFFFFFFFFFFFFFFFFFFFFFFFFFFFFFFFFFFFFFFFFF
310
FFFFFFFFFFFFFFFFFFFFFFFFFFFFFFFFFFFFFFFFFFFFFFFFFFFFFFFFFFFFFFFF
310
FFFFFFFFFFFFFFFFFFFFFFFFFFFFFFFFFFFFFFFFFFFFFFFFFFFFFFFFFFFFFFFF
310
FFFFFFFFFFFFFFFFFFFFFFFFFFFFFFFFFFFFFFFFFFFFFFFFFFFFFFFFFFFFFFFF
310
FFFFFFFFFFFFFFFFFFFFFFFFFFFFFFFFFFFFFFFFFFFFFFFFFFFFFFFFFFFFFFFF
310
FFFFFFFFFFFFFFFFFFFFFFFFFFFFFFFFFFFFFFFFFFFFFFFFFFFFFFFFFFFFFFFF
310
FFFFFFFFFFFFFFFFFFFFFFFFFFFFFFFFFFFFFFFFFFFFFFFFFFFFFFFFFFFFFFFF
310
FFFFFFFFFFFFFFFFFFFFFFFFFFFFFFFFFFFFFFFFFFFFFFFFFFFFFFFFFFFFFFFF
310
FFFFFFFFFFFFFFFFFFFFFFFFFFFFFFFFFFFFF9F5F5FFDFBEBEFFC45E5EFFC412
310
12FFD22929FFE7B9B9FFFAF8F8FFFFFFFFFFFEFFFFFFF2F9F9FFD3A9AAFFBB27
310
27FFC73737FFD69E9EFFF0E8E8FFFDFDFDFFFFFFFFFFFFFFFFFFFFFFFFFFFFFF
310
FFFFFFFFFFFFFFFFFFFFFFFFFFFFFFFFFFFFFFFFFFFFFFFFFFFFFFFFFFFFFFFF
310
FFFFFFFFFFFFFFFFFFFFFFFFFFFFFFFFFFFFFFFFFFFFFFFFFFFFFFFFFFFFFFFF
310
FFFFFFFFFFFFFFFFFFFFFFFFFFFFFFFFFFFFFFFFFFFFFFFFFFFFFFFFFFFFFFFF
310
FFFFFFFFFFFFFFFFFFFFFFFFFFFFFFFFFFFFFFFFFFFFFFFFFFFFFFFFFFFFFFFF
310
FFFFFFFFFFFFFFFFFFFFFFFFFFFFFFFFFFFFFFFFFFFFFFFFFFFFFFFFFFFFFFFF
310
FFFFFFFFFFFFFFFFFFFFFFFFFFFFFFFFFFFFFFFFFFFFFFFFFFFFFFFFFFFFFFFF
310
FFFFFFFFFFFFFFFFFFFFFFFFFFFFFFFFFFFFFFFFFFFFFFFFFFFFFFFFFFFFFFFF
310
FFFFFFFFFFFFFFFFFFFFFFFFFFFFFFFFFFFFFFFFFFFFFFFFFFFFFFFFFFFFFFFF
310
FFFFFFFFFFFFFFFFFFFFFFFFFFFFFFFFFFFFFFFFFFFFFFFFFFFFFFFFFFFFFFFF
310
FFFFFFFFFFFFFFFFFFFFFFFFFFFFFFFFFFFFFFFFFFFFFFFFFFFFF9F8F8FFDEC0
310
C1FFC35E5EFFC11515FFCC0101FFD52A2AFFE7BABAFFFAF8F8FFFFFFFFFFFEFF
310
FFFFF2F9F9FFD4AAABFFC12020FFC90606FFC83636FFD69A9AFFF1E9E9FFFEFE
310
FEFFFFFFFEFFFFFFFFFFFFFFFFFFFFFFFFFFFFFFFFFFFFFFFFFFFFFFFFFFFFFF
310
FFFFFFFFFFFFFFFFFFFFFFFFFFFFFFFFFFFFFFFFFFFFFFFFFFFFFFFFFFFFFFFF
310
FFFFFFFFFFFFFFFFFFFFFFFFFFFFFFFFFFFFFFFFFFFFFFFFFFFFFFFFFFFFFFFF
310
FFFFFFFFFFFFFFFFFFFFFFFFFFFFFFFFFFFFFFFFFFFFFFFFFFFFFFFFFFFFFFFF
310
FFFFFFFFFFFFFFFFFFFFFFFFFFFFFFFFFFFFFFFFFFFFFFFFFFFFFFFFFFFFFFFF
310
FFFFFFFFFFFFFFFFFFFFFFFFFFFFFFFFFFFFFFFFFFFFFFFFFFFFFFFFFFFFFFFF
310
FFFFFFFFFFFFFFFFFFFFFFFFFFFFFFFFFFFFFFFFFFFFFFFFFFFFFFFFFFFFFFFF
310
FFFFFFFFFFFFFFFFFFFFFFFFFFFFFFFFFFFFFFFFFFFFFFFFFFFFFFFFFFFFFFFF
310
FFFFFFFFFFFFFFFFFFFFFFFFFFFFFFFFFFFFFFFFFFFFFFFFFFFFFFFFFFFFFFFF
310
FFFFFFFFFFFFFFFFFFFFFFFFFFFFFFFFFFFFFFFFFFFFFFFFFFFFFFFFFFFFFFFF
310
FFFFF8F5F5FFD9BBBCFFC3595AFFC41616FFCB0202FFCF0101FFD42A2AFFE6BA
310
BAFFFAF8F8FFFFFFFFFFFEFFFFFFF2F9F9FFD4ABABFFC12121FFCC0101FFCC04
310
04FFCA3736FFD79A9AFFF0E8E8FFFDFDFDFFFFFFFEFFFFFFFFFFFFFFFFFFFFFF
310
FFFFFFFFFFFFFFFFFFFFFFFFFFFFFFFFFFFFFFFFFFFFFFFFFFFFFFFFFFFFFFFF
310
FFFFFFFFFFFFFFFFFFFFFFFFFFFFFFFFFFFFFFFFFFFFFFFFFFFFFFFFFFFFFFFF
310
FFFFFFFFFFFFFFFFFFFFFFFFFFFFFFFFFFFFFFFFFFFFFFFFFFFFFFFFFFFFFFFF
310
FFFFFFFFFFFFFFFFFFFFFFFFFFFFFFFFFFFFFFFFFFFFFFFFFFFFFFFFFFFFFFFF
310
FFFFFFFFFFFFFFFFFFFFFFFFFFFFFFFFFFFFFFFFFFFFFFFFFFFFFFFFFFFFFFFF
310
FFFFFFFFFFFFFFFFFFFFFFFFFFFFFFFFFFFFFFFFFFFFFFFFFFFFFFFFFFFFFFFF
310
FFFFFFFFFFFFFFFFFFFFFFFFFFFFFFFFFFFFFFFFFFFFFFFFFFFFFFFFFFFFFFFF
310
FFFFFFFFFFFFFFFFFFFFFFFFFFFFFFFFFFFFFFFFFFFFFFFFFFFFFFFFFFFFFFFF
310
FFFFFFFFFFFFFFFFFFFFFFFFFFFFFFFFFFFFFFFFFFFFFFFFFFFFFFFFFFFFFFFF
310
FFFFFFFFFFFFFFFFFFFFF8F6F6FFDEC0C0FFC45B5BFFC41313FFCE0202FFD001
310
01FFCF0101FFD42A2AFFE6BABAFFFAF8F8FFFFFFFFFFFEFFFFFFF2F9F9FFD4AB
310
ABFFC02122FFCC0101FFCF0000FFCC0808FFC93939FFD89B9BFFEFE5E5FFFEFE
310
FDFFFFFFFFFFFFFFFFFFFFFFFFFFFFFFFFFFFFFFFFFFFFFFFFFFFFFFFFFFFFFF
310
FFFFFFFFFFFFFFFFFFFFFFFFFFFFFFFFFFFFFFFFFFFFFFFFFFFFFFFFFFFFFFFF
310
FFFFFFFFFFFFFFFFFFFFFFFFFFFFFFFFFFFFFFFFFFFFFFFFFFFFFFFFFFFFFFFF
310
FFFFFFFFFFFFFFFFFFFFFFFFFFFFFFFFFFFFFFFFFFFFFFFFFFFFFFFFFFFFFFFF
310
FFFFFFFFFFFFFFFFFFFFFFFFFFFFFFFFFFFFFFFFFFFFFFFFFFFFFFFFFFFFFFFF
310
FFFFFFFFFFFFFFFFFFFFFFFFFFFFFFFFFFFFFFFFFFFFFFFFFFFFFFFFFFFFFFFF
310
FFFFFFFFFFFFFFFFFFFFFFFFFFFFFFFFFFFFFFFFFFFFFFFFFFFFFFFFFFFFFFFF
310
FFFFFFFFFFFFFFFFFFFFFFFFFFFFFFFFFFFFFFFFFFFFFFFFFFFFFFFFFFFFFFFF
310
FFFFFFFFFFFFFFFFFFFFFFFFFFFFFFFFFFFFFFFFFFFFFFFFFFFFFFFFFFFFFFFF
310
FFFFFFFFFFFFFFFFFFFFFFFFFFFFFFFFFFFFF9F5F5FFE3C2C3FFC45F60FFC016
310
16FFCB0101FFD00101FFCF0101FFCF0101FFD42A2AFFE6BABAFFFAF8F8FFFFFF
310
FFFFFEFFFFFFF2F9F9FFD4ABABFFC02122FFCC0101FFCF0101FFCF0101FFCB04
310
04FFC93737FFD79899FFF1E9E9FFFEFEFEFFFFFFFFFFFFFFFFFFFFFFFFFFFFFF
310
FFFFFFFFFFFFFFFFFFFFFFFFFFFFFFFFFFFFFFFFFFFFFFFFFFFFFFFFFFFFFFFF
310
FFFFFFFFFFFFFFFFFFFFFFFFFFFFFFFFFFFFFFFFFFFFFFFFFFFFFFFFFFFFFFFF
310
FFFFFFFFFFFFFFFFFFFFFFFFFFFFFFFFFFFFFFFFFFFFFFFFFFFFFFFFFFFFFFFF
310
FFFFFFFFFFFFFFFFFFFFFFFFFFFFFFFFFFFFFFFFFFFFFFFFFFFFFFFFFFFFFFFF
310
FFFFFFFFFFFFFFFFFFFFFFFFFFFFFFFFFFFFFFFFFFFFFFFFFFFFFFFFFFFFFFFF
310
FFFFFFFFFFFFFFFFFFFFFFFFFFFFFFFFFFFFFFFFFFFFFFFFFFFFFFFFFFFFFFFF
310
FFFFFFFFFFFFFFFFFFFFFFFFFFFFFFFFFFFFFFFFFFFFFFFFFFFFFFFFFFFFFFFF
310
FFFFFFFFFFFFFFFFFFFFFFFFFFFFFFFFFFFFFFFFFFFFFFFFFFFFFFFFFFFFFFFF
310
FFFFFFFFFFFFFFFFFFFFFFFFFFFFFFFFFFFFFFFFFFFFFFFFFFFFF8F5F5FFE1BE
310
BFFFC85A5BFFC31414FFC20304FFCA0202FFCF0101FFCF0101FFCF0101FFD42A
310
2AFFE6BABAFFFAF8F8FFFFFFFFFFFEFFFFFFF2F9F9FFD4ABABFFC02122FFCC01
310
01FFCF0101FFCF0101FFCE0000FFCB0505FFCB3536FFD69999FFF0E8E8FFFDFD
310
FDFFFFFFFFFFFFFFFFFFFFFFFFFFFFFFFFFFFFFFFFFFFFFFFFFFFFFFFFFFFFFF
310
FFFFFFFFFFFFFFFFFFFFFFFFFFFFFFFFFFFFFFFFFFFFFFFFFFFFFFFFFFFFFFFF
310
FFFFFFFFFFFFFFFFFFFFFFFFFFFFFFFFFFFFFFFFFFFFFFFFFFFFFFFFFFFFFFFF
310
FFFFFFFFFFFFFFFFFFFFFFFFFFFFFFFFFFFFFFFFFFFFFFFFFFFFFFFFFFFFFFFF
310
FFFFFFFFFFFFFFFFFFFFFFFFFFFFFFFFFFFFFFFFFFFFFFFFFFFFFFFFFFFFFFFF
310
FFFFFFFFFFFFFFFFFFFFFFFFFFFFFFFFFFFFFFFFFFFFFFFFFFFFFFFFFFFFFFFF
310
FFFFFFFFFFFFFFFFFFFFFFFFFFFFFFFFFFFFFFFFFFFFFFFFFFFFFFFFFFFFFFFF
310
FFFFFFFFFFFFFFFFFFFFFFFFFFFFFFFFFFFFFFFFFFFFFFFFFFFFFFFFFFFFFFFF
310
FFFFFFFFFFFFFFFFFFFFFFFFFFFFFFFFFFFFFFFFFFFFFFFFFFFFFFFFFFFFFFFF
310
FFFFF9F7F7FFDFBFC0FFC35B5CFFC31515FFCC0202FFCD0101FFCE0101FFCF01
310
01FFCF0101FFCF0101FFD42A2AFFE6BABAFFFAF8F8FFFFFFFFFFFEFFFFFFF2F9
310
F9FFD4ABABFFC02122FFCC0101FFCF0101FFCF0101FFCF0101FFCE0000FFCC07
310
07FFC93333FFD49C9CFFF0E8E8FFFEFEFDFFFFFFFFFFFFFFFFFFFFFFFFFFFFFF
310
FFFFFFFFFFFFFFFFFFFFFFFFFFFFFFFFFFFFFFFFFFFFFFFFFFFFFFFFFFFFFFFF
310
FFFFFFFFFFFFFFFFFFFFFFFFFFFFFFFFFFFFFFFFFFFFFFFFFFFFFFFFFFFFFFFF
310
FFFFFFFFFFFFFFFFFFFFFFFFFFFFFFFFFFFFFFFFFFFFFFFFFFFFFFFFFFFFFFFF
310
FFFFFFFFFFFFFFFFFFFFFFFFFFFFFFFFFFFFFFFFFFFFFFFFFFFFFFFFFFFFFFFF
310
FFFFFFFFFFFFFFFFFFFFFFFFFFFFFFFFFFFFFFFFFFFFFFFFFFFFFFFFFFFFFFFF
310
FFFFFFFFFFFFFFFFFFFFFFFFFFFFFFFFFFFFFFFFFFFFFFFFFFFFFFFFFFFFFFFF
310
FFFFFFFFFFFFFFFFFFFFFFFFFFFFFFFFFFFFFFFFFFFFFFFFFFFFFFFFFFFFFFFF
310
FFFFFFFFFFFFFFFFFFFFFFFFFFFFFFFFFFFFFFFFFFFFFFFFFFFFFFFFFFFFFFFF
310
FFFFFFFFFFFFFFFFFFFFF8F4F4FFDFBEBEFFC65859FFC21314FFC20304FFCD01
310
02FFD00101FFCF0101FFCF0101FFCF0101FFCF0101FFD42A2AFFE6BABAFFFAF8
310
F8FFFFFFFFFFFEFFFFFFF2F9F9FFD4ABABFFC02122FFCC0101FFCF0101FFCF01
310
01FFCF0101FFCF0000FFCE0000FFCB0606FFC93637FFD69E9FFFF1E9E8FFFDFD
310
FDFFFFFFFEFFFFFFFFFFFFFFFFFFFFFFFFFFFFFFFFFFFFFFFFFFFFFFFFFFFFFF
310
FFFFFFFFFFFFFFFFFFFFFFFFFFFFFFFFFFFFFFFFFFFFFFFFFFFFFFFFFFFFFFFF
310
FFFFFFFFFFFFFFFFFFFFFFFFFFFFFFFFFFFFFFFFFFFFFFFFFFFFFFFFFFFFFFFF
310
FFFFFFFFFFFFFFFFFFFFFFFFFFFFFFFFFFFFFFFFFFFFFFFFFFFFFFFFFFFFFFFF
310
FFFFFFFFFFFFFFFFFFFFFFFFFFFFFFFFFFFFFFFFFFFFFFFFFFFFFFFFFFFFFFFF
310
FFFFFFFFFFFFFFFFFFFFFFFFFFFFFFFFFFFFFFFFFFFFFFFFFFFFFFFFFFFFFFFF
310
FFFFFFFFFFFFFFFFFFFFFFFFFFFFFFFFFFFFFFFFFFFFFFFFFFFFFFFFFFFFFFFF
310
FFFFFFFFFFFFFFFFFFFFFFFFFFFFFFFFFFFFFFFFFFFFFFFFFFFFFFFFFFFFFFFF
310
FFFFFFFFFFFFFFFFFFFFFFFFFFFFFEFFFFFFF8F5F5FFDBBABAFFC45B5CFFC613
310
13FFCC0101FFCB0202FFCE0101FFCF0101FFCF0101FFCF0101FFCF0101FFCF01
310
01FFD42A2AFFE6BABAFFFAF8F8FFFFFFFFFFFEFFFFFFF2F9F9FFD4ABABFFC021
310
22FFCC0101FFCF0101FFCF0101FFCF0101FFCF0000FFCF0000FFCE0000FFCC09
310
09FFCB3838FFD79998FFEFE4E4FFFEFEFEFFFFFFFFFFFFFFFFFFFFFFFFFFFFFF
310
FFFFFFFFFFFFFFFFFFFFFFFFFFFFFFFFFFFFFFFFFFFFFFFFFFFFFFFFFFFFFFFF
310
FFFFFFFFFFFFFFFFFFFFFFFFFFFFFFFFFFFFFFFFFFFFFFFFFFFFFFFFFFFFFFFF
310
FFFFFFFFFFFFFFFFFFFFFFFFFFFFFFFFFFFFFFFFFFFFFFFFFFFFFFFFFFFFFFFF
310
FFFFFFFFFFFFFFFFFFFFFFFFFFFFFFFFFFFFFFFFFFFFFFFFFFFFFFFFFFFFFFFF
310
FFFFFFFFFFFFFFFFFFFFFFFFFFFFFFFFFFFFFFFFFFFFFFFFFFFFFFFFFFFFFFFF
310
FFFFFFFFFFFFFFFFFFFFFFFFFFFFFFFFFFFFFFFFFFFFFFFFFFFFFFFFFFFFFFFF
310
FFFFFFFFFFFFFFFFFFFFFFFFFFFFFFFFFFFFFFFFFFFFFFFFFFFFFFFFFFFFFFFF
310
FFFFFFFFFFFFFFFFFFFFFFFFFFFFFFFFFFFFFFFFFFFFFFFFFFFFFAF8F8FFDCBF
310
BFFFC25959FFC11414FFCC0101FFD00101FFD00101FFCF0101FFCF0101FFCF01
310
01FFCF0101FFCF0101FFCF0101FFD42A2AFFE6BABAFFFAF8F8FFFFFFFFFFFEFF
310
FFFFF2F9F9FFD4ABABFFC02122FFCC0101FFCF0101FFCF0101FFCF0101FFCF00
310
00FFCF0000FFCF0000FFCF0000FFCC0404FFC93334FFD69999FFF1EBEBFFFEFE
310
FEFFFFFFFFFFFFFFFFFFFFFFFFFFFFFFFFFFFFFFFFFFFFFFFFFFFFFFFFFFFFFF
310
FFFFFFFFFFFFFFFFFFFFFFFFFFFFFFFFFFFFFFFFFFFFFFFFFFFFFFFFFFFFFFFF
310
FFFFFFFFFFFFFFFFFFFFFFFFFFFFFFFFFFFFFFFFFFFFFFFFFFFFFFFFFFFFFFFF
310
FFFFFFFFFFFFFFFFFFFFFFFFFFFFFFFFFFFFFFFFFFFFFFFFFFFFFFFFFFFFFFFF
310
FFFFFFFFFFFFFFFFFFFFFFFFFFFFFFFFFFFFFFFFFFFFFFFFFFFFFFFFFFFFFFFF
310
FFFFFFFFFFFFFFFFFFFFFFFFFFFFFFFFFFFFFFFFFFFFFFFFFFFFFFFFFFFFFFFF
310
FFFFFFFFFFFFFFFFFFFFFFFFFFFFFFFFFFFFFFFFFFFFFFFFFFFFFFFFFFFFFFFF
310
FFFFFFFFFFFFFFFFFFFFFFFFFFFFFFFFFFFFFFFFFFFFFFFFFFFFFFFFFFFFFFFF
310
FFFFF9F4F4FFE2BBBCFFC6595AFFC21415FFCA0202FFCE0101FFCF0101FFCF01
310
01FFCF0101FFCF0101FFCF0101FFCF0101FFCF0101FFCF0101FFD42A2AFFE6BA
310
BAFFFAF8F8FFFFFFFFFFFEFFFFFFF2F9F9FFD4ABABFFC02122FFCC0101FFCF01
310
01FFCF0101FFCF0101FFCF0000FFCF0000FFCF0000FFCF0000FFCF0000FFCB05
310
05FFC8393AFFD69B9BFFF0E6E6FFFDFCFCFFFFFFFFFFFFFFFFFFFFFFFFFFFFFF
310
FFFFFFFFFFFFFFFFFFFFFFFFFFFFFFFFFFFFFFFFFFFFFFFFFFFFFFFFFFFFFFFF
310
FFFFFFFFFFFFFFFFFFFFFFFFFFFFFFFFFFFFFFFFFFFFFFFFFFFFFFFFFFFFFFFF
310
FFFFFFFFFFFFFFFFFFFFFFFFFFFFFFFFFFFFFFFFFFFFFFFFFFFFFFFFFFFFFFFF
310
FFFFFFFFFFFFFFFFFFFFFFFFFFFFFFFFFFFFFFFFFFFFFFFFFFFFFFFFFFFFFFFF
310
FFFFFFFFFFFFFFFFFFFFFFFFFFFFFFFFFFFFFFFFFFFFFFFFFFFFFFFFFFFFFFFF
310
FFFFFFFFFFFFFFFFFFFFFFFFFFFFFFFFFFFFFFFFFFFFFFFFFFFFFFFFFFFFFFFF
310
FFFFFFFFFFFFFFFFFFFFFFFFFFFFFFFFFFFFFFFFFFFFFFFFFFFFFFFFFFFFFFFF
310
FFFFFFFFFFFFFFFFFFFFF7F4F5FFDCBABBFFCA5859FFC81313FFCB0202FFCD01
310
01FFCF0101FFCF0101FFCF0101FFCF0101FFCF0101FFCF0101FFCF0101FFCF01
310
01FFCF0101FFD42A2AFFE6BABAFFFAF8F8FFFFFFFFFFFEFFFFFFF2F9F9FFD4AB
310
ABFFC02122FFCC0101FFCF0101FFCF0101FFCF0101FFCF0000FFCF0000FFCF00
310
00FFCF0000FFCF0000FFCE0000FFC90808FFC73737FFD69797FFEFE3E3FFFEFE
310
FDFFFFFFFFFFFFFFFFFFFFFFFFFFFFFFFFFFFFFFFFFFFFFFFFFFFFFFFFFFFFFF
310
FFFFFFFFFFFFFFFFFFFFFFFFFFFFFFFFFFFFFFFFFFFFFFFFFFFFFFFFFFFFFFFF
310
FFFFFFFFFFFFFFFFFFFFFFFFFFFFFFFFFFFFFFFFFFFFFFFFFFFFFFFFFFFFFFFF
310
FFFFFFFFFFFFFFFFFFFFFFFFFFFFFFFFFFFFFFFFFFFFFFFFFFFFFFFFFFFFFFFF
310
FFFFFFFFFFFFFFFFFFFFFFFFFFFFFFFFFFFFFFFFFFFFFFFFFFFFFFFFFFFFFFFF
310
FFFFFFFFFFFFFFFFFFFFFFFFFFFFFFFFFFFFFFFFFFFFFFFFFFFFFFFFFFFFFFFF
310
FFFFFFFFFFFFFFFFFFFFFFFFFFFFFFFFFFFFFFFFFFFFFFFFFFFFFFFFFFFFFFFF
310
FFFFFFFFFFFFFFFFFFFFFFFFFFFFFFFFFFFFFAF4F4FFE3BFBFFFC15858FFC113
310
13FFCD0101FFD00101FFCF0101FFCF0101FFCF0101FFCF0101FFCF0101FFCF01
310
01FFCF0101FFCF0101FFCF0101FFCF0101FFD42A2AFFE6BABAFFFAF8F8FFFFFF
310
FFFFFEFFFFFFF2F9F9FFD4ABABFFC02122FFCC0101FFCF0101FFCF0101FFCF01
310
01FFCF0000FFCF0000FFCF0000FFCF0000FFCF0000FFCF0000FFCE0000FFC903
310
03FFC53233FFD39495FFF2E9E9FFFEFEFDFFFFFFFEFFFFFFFFFFFFFFFFFFFFFF
310
FFFFFFFFFFFFFFFFFFFFFFFFFFFFFFFFFFFFFFFFFFFFFFFFFFFFFFFFFFFFFFFF
310
FFFFFFFFFFFFFFFFFFFFFFFFFFFFFFFFFFFFFFFFFFFFFFFFFFFFFFFFFFFFFFFF
310
FFFFFFFFFFFFFFFFFFFFFFFFFFFFFFFFFFFFFFFFFFFFFFFFFFFFFFFFFFFFFFFF
310
FFFFFFFFFFFFFFFFFFFFFFFFFFFFFFFFFFFFFFFFFFFFFFFFFFFFFFFFFFFFFFFF
310
FFFFFFFFFFFFFFFFFFFFFFFFFFFFFFFFFFFFFFFFFFFFFFFFFFFFFFFFFFFFFFFF
310
FFFFFFFFFFFFFFFFFFFFFFFFFFFFFFFFFFFFFFFFFFFFFFFFFFFFFFFFFFFFFFFF
310
FFFFFFFFFFFFFFFFFFFFFFFFFFFFFFFFFFFFFFFFFFFFFFFFFFFFF8F5F5FFE3BC
310
BCFFCC5959FFC61212FFC10203FFCB0102FFD00101FFCF0101FFCF0101FFCF01
310
01FFCF0101FFCF0101FFCF0101FFCF0101FFCF0101FFCF0101FFCF0101FFD42A
310
2AFFE6BABAFFFAF8F8FFFFFFFFFFFEFFFFFFF2F9F9FFD4ABABFFC02122FFCC01
310
01FFCF0101FFCF0101FFCF0101FFCF0000FFCF0000FFCF0000FFCF0101FFCF00
310
00FFCF0000FFCF0000FFCE0000FFC60606FFC43435FFD69C9CFFF0E6E6FFFDFC
310
FCFFFFFFFFFFFFFFFFFFFFFFFFFFFFFFFFFFFFFFFFFFFFFFFFFFFFFFFFFFFFFF
310
FFFFFFFFFFFFFFFFFFFFFFFFFFFFFFFFFFFFFFFFFFFFFFFFFFFFFFFFFFFFFFFF
310
FFFFFFFFFFFFFFFFFFFFFFFFFFFFFFFFFFFFFFFFFFFFFFFFFFFFFFFFFFFFFFFF
310
FFFFFFFFFFFFFFFFFFFFFFFFFFFFFFFFFFFFFFFFFFFFFFFFFFFFFFFFFFFFFFFF
310
FFFFFFFFFFFFFFFFFFFFFFFFFFFFFFFFFFFFFFFFFFFFFFFFFFFFFFFFFFFFFFFF
310
FFFFFFFFFFFFFFFFFFFFFFFFFFFFFFFFFFFFFFFFFFFFFFFFFFFFFFFFFFFFFFFF
310
FFFFFFFFFFFFFFFFFFFFFFFFFFFFFFFFFFFFFFFFFFFFFFFFFFFFFFFFFFFFFFFF
310
FFFFF8F6F6FFDEBABBFFC55656FFC51414FFCD0101FFCD0101FFCE0101FFCF01
310
01FFCF0101FFCF0101FFCF0101FFCF0101FFCF0101FFCF0101FFCF0101FFCF01
310
01FFCF0101FFCF0101FFD42A2AFFE6BABAFFFAF8F8FFFFFFFFFFFEFFFFFFF2F9
310
F9FFD4ABABFFC02122FFCC0101FFCF0101FFCF0101FFCF0101FFCF0000FFCF00
310
00FFCF0000FFCF0101FFCF0000FFCF0101FFCF0000FFCF0000FFCD0000FFC906
310
07FFC83232FFD39595FFEFE3E3FFFDFDFDFFFFFFFFFFFFFFFFFFFFFFFFFFFFFF
310
FFFFFFFFFFFFFFFFFFFFFFFFFFFFFFFFFFFFFFFFFFFFFFFFFFFFFFFFFFFFFFFF
310
FFFFFFFFFFFFFFFFFFFFFFFFFFFFFFFFFFFFFFFFFFFFFFFFFFFFFFFFFFFFFFFF
310
FFFFFFFFFFFFFFFFFFFFFFFFFFFFFFFFFFFFFFFFFFFFFFFFFFFFFFFFFFFFFFFF
310
FFFFFFFFFFFFFFFFFFFFFFFFFFFFFFFFFFFFFFFFFFFFFFFFFFFFFFFFFFFFFFFF
310
FFFFFFFFFFFFFFFFFFFFFFFFFFFFFFFFFFFFFFFFFFFFFFFFFFFFFFFFFFFFFFFF
310
FFFFFFFFFFFFFFFFFFFFFFFFFFFFFFFFFFFFFFFFFFFFFFFFFFFFFFFFFFFFFFFF
310
FFFFFFFFFFFFFFFFFFFFF9F3F3FFDDB8B8FFC55353FFC31212FFC50203FFCF01
310
01FFD00101FFCF0101FFCF0101FFCF0101FFCF0101FFCF0101FFCF0101FFCF01
310
01FFCF0101FFCF0101FFCF0101FFCF0101FFCF0101FFD42A2AFFE6BABAFFFAF8
310
F8FFFFFFFFFFFEFFFFFFF2F9F9FFD4ABABFFC02122FFCC0101FFCF0101FFCF01
310
01FFCF0101FFCF0000FFCF0000FFCF0000FFCF0000FFCF0000FFCF0000FFCF00
310
00FFCF0000FFCF0000FFCE0000FFCA0505FFC52F2FFFD19090FFEEE2E2FFFDFD
310
FCFFFFFFFEFFFFFFFFFFFFFFFFFFFFFFFFFFFFFFFFFFFFFFFFFFFFFFFFFFFFFF
310
FFFFFFFFFFFFFFFFFFFFFFFFFFFFFFFFFFFFFFFFFFFFFFFFFFFFFFFFFFFFFFFF
310
FFFFFFFFFFFFFFFFFFFFFFFFFFFFFFFFFFFFFFFFFFFFFFFFFFFFFFFFFFFFFFFF
310
FFFFFFFFFFFFFFFFFFFFFFFFFFFFFFFFFFFFFFFFFFFFFFFFFFFFFFFFFFFFFFFF
310
FFFFFFFFFFFFFFFFFFFFFFFFFFFFFFFFFFFFFFFFFFFFFFFFFFFFFFFFFFFFFFFF
310
FFFFFFFFFFFFFFFFFFFFFFFFFFFFFFFFFFFFFFFFFFFFFFFFFFFFFFFFFFFFFFFF
310
FFFFFFFFFFFFFFFFFFFFFFFFFFFFFEFFFFFFF9F6F6FFE2BBBBFFC55A5AFFBF11
310
12FFC90101FFCB0202FFCF0101FFCF0101FFCF0101FFCF0101FFCF0101FFCF01
310
01FFCF0101FFCF0101FFCF0101FFCF0101FFCF0101FFCF0101FFCF0101FFCF01
310
01FFD42A2AFFE6BABAFFFAF8F8FFFFFFFFFFFEFFFFFFF2F9F9FFD4ABABFFC021
310
22FFCC0101FFCF0101FFCF0101FFCF0101FFCF0000FFCF0000FFCF0000FFCF00
310
00FFCF0000FFCF0000FFCF0000FFCF0000FFCF0000FFCF0000FFCE0000FFCA07
310
07FFC43232FFD49494FFEFE3E2FFFEFEFEFFFFFFFFFFFFFFFFFFFFFFFFFFFFFF
310
FFFFFFFFFFFFFFFFFFFFFFFFFFFFFFFFFFFFFFFFFFFFFFFFFFFFFFFFFFFFFFFF
310
FFFFFFFFFFFFFFFFFFFFFFFFFFFFFFFFFFFFFFFFFFFFFFFFFFFFFFFFFFFFFFFF
310
FFFFFFFFFFFFFFFFFFFFFFFFFFFFFFFFFFFFFFFFFFFFFFFFFFFFFFFFFFFFFFFF
310
FFFFFFFFFFFFFFFFFFFFFFFFFFFFFFFFFFFFFFFFFFFFFFFFFFFFFFFFFFFFFFFF
310
FFFFFFFFFFFFFFFFFFFFFFFFFFFFFFFFFFFFFFFFFFFFFFFFFFFFFFFFFFFFFFFF
310
FFFFFFFFFFFFFFFFFFFFFFFFFFFFFFFFFFFFFFFFFFFFFFFFFFFFF8F5F6FFDCBD
310
BEFFC85858FFC51313FFC80001FFCD0101FFCF0101FFCF0101FFCF0101FFCF01
310
01FFCF0101FFCF0101FFCF0101FFCF0101FFCF0101FFCF0101FFCF0101FFCF01
310
01FFCF0101FFCF0101FFCF0101FFD42A2AFFE6BABAFFFAF8F8FFFFFFFFFFFEFF
310
FFFFF2F9F9FFD4ABABFFC02122FFCC0101FFCF0101FFCF0101FFCF0101FFCF00
310
00FFCF0000FFCF0000FFCF0101FFCF0000FFCF0000FFCF0000FFCF0000FFCF00
310
00FFCF0000FFCF0000FFCF0000FFC90303FFC53333FFD49393FFF0E7E7FFFEFD
310
FDFFFFFFFFFFFFFFFFFFFFFFFFFFFFFFFFFFFFFFFFFFFFFFFFFFFFFFFFFFFFFF
310
FFFFFFFFFFFFFFFFFFFFFFFFFFFFFFFFFFFFFFFFFFFFFFFFFFFFFFFFFFFFFFFF
310
FFFFFFFFFFFFFFFFFFFFFFFFFFFFFFFFFFFFFFFFFFFFFFFFFFFFFFFFFFFFFFFF
310
FFFFFFFFFFFFFFFFFFFFFFFFFFFFFFFFFFFFFFFFFFFFFFFFFFFFFFFFFFFFFFFF
310
FFFFFFFFFFFFFFFFFFFFFFFFFFFFFFFFFFFFFFFFFFFFFFFFFFFFFFFFFFFFFFFF
310
FFFFFFFFFFFFFFFFFFFFFFFFFFFFFFFFFFFFFFFFFFFFFFFFFFFFFFFFFFFFFFFF
310
FFFFF8F3F3FFDEB7B7FFC05657FFBE1415FFC90102FFD00101FFCF0101FFCF01
310
01FFCF0101FFCF0101FFCF0101FFCF0101FFCF0101FFCF0101FFCF0101FFCF01
310
01FFCF0101FFCF0101FFCF0101FFCF0101FFCF0101FFCF0101FFD42A2AFFE6BA
310
BAFFFAF8F8FFFFFFFFFFFEFFFFFFF2F9F9FFD4ABABFFC02122FFCC0101FFCF01
310
01FFCF0101FFCF0101FFCF0000FFCF0000FFCF0000FFCF0000FFCF0000FFCF00
310
00FFCF0000FFCF0000FFCF0000FFCF0000FFCF0000FFCF0000FFCE0000FFC706
310
06FFC43434FFD39293FFEFE1E1FFFDFCFCFFFFFFFFFFFFFFFFFFFFFFFFFFFFFF
310
FFFFFFFFFFFFFFFFFFFFFFFFFFFFFFFFFFFFFFFFFFFFFFFFFFFFFFFFFFFFFFFF
310
FFFFFFFFFFFFFFFFFFFFFFFFFFFFFFFFFFFFFFFFFFFFFFFFFFFFFFFFFFFFFFFF
310
FFFFFFFFFFFFFFFFFFFFFFFFFFFFFFFFFFFFFFFFFFFFFFFFFFFFFFFFFFFFFFFF
310
FFFFFFFFFFFFFFFFFFFFFFFFFFFFFFFFFFFFFFFFFFFFFFFFFFFFFFFFFFFFFFFF
310
FFFFFFFFFFFFFFFFFFFFFFFFFFFFFFFFFFFFFFFFFFFFFFFFFFFFFFFFFFFFFFFF
310
FFFFFFFFFFFFFFFFFFFFF6F4F4FFDCBABBFFC65556FFC11313FFC20203FFC902
310
02FFD00101FFCF0101FFCF0101FFCF0101FFCF0101FFCF0101FFCF0101FFCF01
310
01FFCF0101FFCF0101FFCF0101FFCF0101FFCF0101FFCF0101FFCF0101FFCF01
310
01FFCF0101FFD42A2AFFE6BABAFFFAF8F8FFFFFFFFFFFEFFFFFFF2F9F9FFD4AB
310
ABFFC02122FFCC0101FFCF0101FFCF0101FFCF0101FFCF0000FFCF0000FFCF00
310
00FFCF0000FFCF0000FFCF0000FFCF0000FFCF0000FFCF0000FFCF0000FFCF00
310
00FFCF0000FFCF0000FFCD0000FFC60606FFC43031FFD59393FFEFE3E3FFFEFD
310
FDFFFFFFFFFFFFFFFFFFFFFFFFFFFFFFFFFFFFFFFFFFFFFFFFFFFFFFFFFFFFFF
310
FFFFFFFFFFFFFFFFFFFFFFFFFFFFFFFFFFFFFFFFFFFFFFFFFFFFFFFFFFFFFFFF
310
FFFFFFFFFFFFFFFFFFFFFFFFFFFFFFFFFFFFFFFFFFFFFFFFFFFFFFFFFFFFFFFF
310
FFFFFFFFFFFFFFFFFFFFFFFFFFFFFFFFFFFFFFFFFFFFFFFFFFFFFFFFFFFFFFFF
310
FFFFFFFFFFFFFFFFFFFFFFFFFFFFFFFFFFFFFFFFFFFFFFFFFFFFFFFFFFFFFFFF
310
FFFFFFFFFFFFFFFFFFFFFFFFFFFFFFFFFFFFF7F3F3FFDDBDBDFFBE5556FFC211
310
12FFCC0101FFCF0101FFCF0101FFCF0101FFCF0101FFCF0101FFCF0101FFCF01
310
01FFCF0101FFCF0101FFCF0101FFCF0101FFCF0101FFCF0101FFCF0101FFCF01
310
01FFCF0101FFCF0101FFCF0101FFCF0101FFD42A2AFFE6BABAFFFAF8F8FFFFFF
310
FFFFFEFFFFFFF2F9F9FFD4ABABFFC02122FFCC0101FFCF0101FFCF0101FFCF01
310
01FFCF0000FFCF0000FFCF0000FFCF0101FFCF0000FFCF0000FFCF0000FFCF00
310
00FFCF0000FFCF0000FFCF0000FFCF0000FFCF0000FFCF0000FFCE0000FFCA03
310
03FFC63131FFD39494FFEFE5E5FFFDFDFDFFFFFFFFFFFFFFFFFFFFFFFFFFFFFF
310
FFFFFFFFFFFFFFFFFFFFFFFFFFFFFFFFFFFFFFFFFFFFFFFFFFFFFFFFFFFFFFFF
310
FFFFFFFFFFFFFFFFFFFFFFFFFFFFFFFFFFFFFFFFFFFFFFFFFFFFFFFFFFFFFFFF
310
FFFFFFFFFFFFFFFFFFFFFFFFFFFFFFFFFFFFFFFFFFFFFFFFFFFFFFFFFFFFFFFF
310
FFFFFFFFFFFFFFFFFFFFFFFFFFFFFFFFFFFFFFFFFFFFFFFFFFFFFFFFFFFFFFFF
310
FFFFFFFFFFFFFFFFFFFFFFFFFFFFFFFFFFFFFFFFFFFFFEFFFFFFF7F4F4FFDBB8
310
B8FFC35758FFC61111FFC70202FFCD0101FFCF0101FFCF0101FFCF0101FFCF01
310
01FFCF0101FFCF0101FFCF0101FFCF0101FFCF0101FFCF0101FFCF0101FFCF01
310
01FFCF0101FFCF0101FFCF0101FFCF0101FFCF0101FFCF0101FFCF0101FFD42A
310
2AFFE6BABAFFFAF8F8FFFFFFFFFFFEFFFFFFF2F9F9FFD4ABABFFC02122FFCC01
310
01FFCF0101FFCF0101FFCF0101FFCF0000FFCF0000FFCF0000FFCF0101FFCF00
310
00FFCF0101FFCF0000FFCF0000FFCF0000FFCF0101FFCF0000FFCF0000FFCF01
310
01FFCF0000FFCF0000FFCF0000FFCA0707FFC53131FFD09494FFEFE4E4FFFDFD
310
FDFFFFFFFFFFFFFFFEFFFFFFFFFFFFFFFFFFFFFFFFFFFFFFFFFFFFFFFFFFFFFF
310
FFFFFFFFFFFFFFFFFFFFFFFFFFFFFFFFFFFFFFFFFFFFFFFFFFFFFFFFFFFFFFFF
310
FFFFFFFFFFFFFFFFFFFFFFFFFFFFFFFFFFFFFFFFFFFFFFFFFFFFFFFFFFFFFFFF
310
FFFFFFFFFFFFFFFFFFFFFFFFFFFFFFFFFFFFFFFFFFFFFFFFFFFFFFFFFFFFFFFF
310
FFFFFFFFFFFFFFFFFFFFFFFFFFFFFFFFFFFFFFFFFFFFFFFFFFFFFFFFFFFFFFFF
310
FFFFF9F5F6FFDBB7B8FFC05252FFC31313FFCD0202FFCE0101FFCE0101FFCF01
310
01FFCF0101FFCF0101FFCF0101FFCF0101FFCF0101FFCF0101FFCF0101FFCF01
310
01FFCF0101FFCF0101FFCF0101FFCF0101FFCF0101FFCF0101FFCF0101FFCF01
310
01FFCF0101FFCF0101FFD42A2AFFE6BABAFFFAF8F8FFFFFFFFFFFEFFFFFFF2F9
310
F9FFD4ABABFFC02122FFCC0101FFCF0101FFCF0101FFCF0101FFCF0000FFCF00
310
00FFCF0000FFCF0000FFCF0000FFCF0000FFCF0000FFCF0000FFCF0000FFCF00
310
00FFCF0000FFCF0000FFCF0000FFCF0000FFCF0000FFCF0000FFCE0000FFCA05
310
05FFC72F2FFFD59494FFF1E5E5FFFEFDFDFFFFFFFFFFFFFFFFFFFFFFFFFFFFFF
310
FFFFFFFFFFFFFFFFFFFFFFFFFFFFFFFFFFFFFFFFFFFFFFFFFFFFFFFFFFFFFFFF
310
FFFFFFFFFFFFFFFFFFFFFFFFFFFFFFFFFFFFFFFFFFFFFFFFFFFFFFFFFFFFFFFF
310
FFFFFFFFFFFFFFFFFFFFFFFFFFFFFFFFFFFFFFFFFFFFFFFFFFFFFFFFFFFFFFFF
310
FFFFFFFFFFFFFFFFFFFFFFFFFFFFFFFFFFFFFFFFFFFFFFFFFFFFFFFFFFFFFFFF
310
FFFFFFFFFFFFFEFEFEFFF8F2F3FFDEB6B7FFC45253FFC31011FFCC0101FFCF01
310
01FFCF0101FFCF0101FFCF0101FFCF0101FFCF0101FFCF0101FFCF0101FFCF01
310
01FFCF0101FFCF0101FFCF0101FFCF0101FFCF0101FFCF0101FFCF0101FFCF01
310
01FFCF0101FFCF0101FFCF0101FFCF0101FFCF0101FFD42A2AFFE6BABAFFFAF8
310
F8FFFFFFFFFFFEFFFFFFF2F9F9FFD4ABABFFC02122FFCC0101FFCF0101FFCF01
310
01FFCF0101FFCF0000FFCF0000FFCF0000FFCF0101FFCF0000FFCE0101FFCF00
310
00FFCF0000FFCF0000FFCF0000FFCF0000FFCF0000FFCF0000FFCF0000FFCF00
310
00FFCF0000FFCF0000FFCE0000FFCC0606FFCA3232FFD79393FFEFE2E1FFFDFC
310
FCFFFFFFFEFFFFFFFEFFFFFFFFFFFFFFFFFFFFFFFFFFFFFFFFFFFFFFFFFFFFFF
310
FFFFFFFFFFFFFFFFFFFFFFFFFFFFFFFFFFFFFFFFFFFFFFFFFFFFFFFFFFFFFFFF
310
FFFFFFFFFFFFFFFFFFFFFFFFFFFFFFFFFFFFFFFFFFFFFFFFFFFFFFFFFFFFFFFF
310
FFFFFFFFFFFFFFFFFFFFFFFFFFFFFFFFFFFFFFFFFFFFFFFFFFFFFFFFFFFFFFFF
310
FFFFFFFFFFFFFFFFFFFFFFFFFFFFFFFFFFFFF7F4F4FFDAB6B7FFC05657FFC011
310
11FFCC0001FFD00101FFCF0101FFCF0101FFCF0101FFCF0101FFCF0101FFCF01
310
01FFCF0101FFCF0101FFCF0101FFCF0101FFCF0101FFCF0101FFCF0101FFCF01
310
01FFCF0101FFCF0101FFCF0101FFCF0101FFCF0101FFCF0101FFCF0101FFCF01
310
01FFD42A2AFFE6BABAFFFAF8F8FFFFFFFFFFFEFFFFFFF2F9F9FFD4ABABFFC021
310
21FFCC0101FFCF0101FFCF0101FFCF0101FFCF0101FFCF0000FFCF0101FFCF01
310
01FFCE0202FFC60808FFC50707FFCC0202FFCF0100FFCF0000FFCF0000FFCF00
310
00FFCF0000FFCF0000FFCF0000FFCF0000FFCF0000FFCF0000FFCF0101FFCB07
310
07FFC63232FFD39091FFEDE1E1FFFEFEFEFFFFFFFFFFFFFFFFFFFFFFFFFFFFFF
310
FFFFFFFFFFFFFFFFFFFFFFFFFFFFFFFFFFFFFFFFFFFFFFFFFFFFFFFFFFFFFFFF
310
FFFFFFFFFFFFFFFFFFFFFFFFFFFFFFFFFFFFFFFFFFFFFFFFFFFFFFFFFFFFFFFF
310
FFFFFFFFFFFFFFFFFFFFFFFFFFFFFFFFFFFFFFFFFFFFFFFFFFFFFFFFFFFFFFFF
310
FFFFFFFFFFFFFFFFFFFFFFFFFFFFFFFFFFFFFFFFFFFFFFFFFFFFF9F5F5FFDFB9
310
BAFFC15152FFBE1011FFC90000FFCF0101FFCF0101FFCF0101FFCF0101FFCF01
310
01FFCF0101FFCF0101FFCF0101FFCF0101FFCF0101FFCF0101FFC80404FFC416
310
16FFCA0E0EFFCF0101FFCF0101FFCF0101FFCF0101FFCF0101FFCF0101FFCF01
310
01FFCF0101FFCF0101FFCF0101FFD42A2AFFE6BABAFFFAF8F8FFFFFFFFFFFEFF
310
FFFFF2F9F9FFD4ABABFFC02121FFCC0101FFCF0101FFCF0101FFCF0101FFCF01
310
01FFCF0000FFCF0000FFCF0000FFCD0405FFC22324FFBF3637FFC41B1CFFCB01
310
01FFCF0000FFCF0000FFCF0000FFCF0000FFCF0000FFCF0000FFCF0000FFCF00
310
00FFCF0000FFCF0000FFCE0000FFC80101FFC52F30FFD59191FFF0E9E9FFFDFD
310
FDFFFFFFFFFFFFFFFFFFFFFFFFFFFFFFFFFFFFFFFFFFFFFFFFFFFFFFFFFFFFFF
310
FFFFFFFFFFFFFFFFFFFFFFFFFFFFFFFFFFFFFFFFFFFFFFFFFFFFFFFFFFFFFFFF
310
FFFFFFFFFFFFFFFFFFFFFFFFFFFFFFFFFFFFFFFFFFFFFFFFFFFFFFFFFFFFFFFF
310
FFFFFFFFFFFFFFFFFFFFFFFFFFFFFFFFFFFFFFFFFFFFFFFFFFFFFFFFFFFFFFFF
310
FFFFF7F4F4FFDCB8B8FFC55555FFC21213FFCA0102FFD00101FFD00101FFCF01
310
01FFCF0101FFCF0101FFCF0101FFCF0101FFCF0101FFCF0101FFCF0101FFCE01
310
01FFC90C0CFFC63C3CFFC45656FFCA2626FFCF0202FFCF0101FFCF0101FFCF01
310
01FFCF0101FFCF0101FFCF0101FFCF0101FFCF0101FFCF0101FFD42A2AFFE6BA
310
BAFFFAF8F8FFFFFFFFFFFEFFFFFFF2F9F9FFD4ABABFFC02122FFCC0101FFCF01
310
01FFCF0101FFCF0101FFCF0000FFCF0000FFCF0000FFCF0000FFCE0606FFCB3D
310
3EFFD28788FFCB6C6DFFC01B1CFFC70303FFCF0000FFCF0000FFCF0000FFCF00
310
00FFCF0000FFCF0000FFCF0000FFCF0000FFCF0000FFCF0000FFCE0000FFCB05
310
05FFC93535FFD59797FFEEE2E2FFFDFCFCFFFFFFFFFFFFFFFFFFFFFFFFFFFFFF
310
FFFFFFFFFFFFFFFFFFFFFFFFFFFFFFFFFFFFFFFFFFFFFFFFFFFFFFFFFFFFFFFF
310
FFFFFFFFFFFFFFFFFFFFFFFFFFFFFFFFFFFFFFFFFFFFFFFFFFFFFFFFFFFFFFFF
310
FFFFFFFFFFFFFFFFFFFFFFFFFFFFFFFFFFFFFFFFFFFFFFFFFFFFFFFFFFFFFFFF
310
FFFFFFFFFFFFFFFFFFFFF7F3F3FFDCBABAFFBD5455FFC11212FFC60203FFCB02
310
02FFD00101FFCF0101FFCF0101FFCF0101FFCF0101FFCF0101FFCF0101FFCF01
310
01FFCF0101FFCE0101FFCA0B0BFFC74344FFD8A3A4FFDA9494FFD23333FFCF03
310
03FFCF0101FFCF0101FFCF0101FFCF0101FFCF0101FFCF0101FFCF0101FFCF01
310
01FFCF0101FFD42A2AFFE6BABAFFFAF8F8FFFFFFFFFFFEFFFFFFF2F9F9FFD4AB
310
ABFFC02122FFCC0101FFCF0101FFCF0101FFCF0101FFCF0000FFCF0000FFCF01
310
01FFCF0000FFCF0606FFD24141FFEABABAFFE5CECFFFC56869FFBE1B1CFFC901
310
01FFCE0000FFCF0000FFCF0000FFCF0000FFCF0000FFCF0101FFCF0000FFCF00
310
00FFCF0101FFCF0000FFCE0000FFCB0606FFC73232FFD39292FFEDE1E1FFFDFD
310
FDFFFFFFFFFFFFFFFFFFFFFFFFFFFFFFFFFFFFFFFFFFFFFFFFFFFFFFFFFFFFFF
310
FFFFFFFFFFFFFFFFFFFFFFFFFFFFFFFFFFFFFFFFFFFFFFFFFFFFFFFFFFFFFFFF
310
FFFFFFFFFFFFFFFFFFFFFFFFFFFFFFFFFFFFFFFFFFFFFFFFFFFFFFFFFFFFFFFF
310
FFFFFFFFFFFFFFFFFFFFFFFFFFFFFFFFFFFFF8F2F2FFDFB6B7FFC14F50FFC30F
310
10FFCC0000FFCE0101FFCE0101FFCF0101FFCF0101FFCF0101FFCF0101FFCF01
310
01FFCF0101FFCF0101FFCF0101FFCF0000FFCA0B0BFFC64141FFD6B0B1FFF2EA
310
EAFFE3A6A6FFD13333FFCE0303FFCF0101FFCF0101FFCF0101FFCF0101FFCF01
310
01FFCF0101FFCF0101FFCF0101FFCF0101FFD42A2AFFE6BABAFFFAF8F8FFFFFF
310
FFFFFEFFFFFFF2F9F9FFD4ABABFFC02122FFCC0101FFCF0101FFCF0101FFCF01
310
01FFCF0000FFCF0000FFCF0000FFCF0000FFCF0606FFD23F40FFEDBCBDFFFCFB
310
FBFFE8CDCDFFCB6E6EFFBE1717FFC70102FFCC0000FFCD0000FFCD0000FFCD00
310
00FFCD0000FFCD0000FFCD0000FFCD0000FFCD0000FFCD0000FFCC0000FFCA04
310
04FFC52929FFCB8686FFEDDEDEFFFCFBFBFFFFFFFFFFFFFFFFFFFFFFFFFFFFFF
310
FFFFFFFFFFFFFFFFFFFFFFFFFFFFFFFFFFFFFFFFFFFFFFFFFFFFFFFFFFFFFFFF
310
FFFFFFFFFFFFFFFFFFFFFFFFFFFFFFFFFFFFFFFFFFFFFFFFFFFFFFFFFFFFFFFF
310
FFFFFFFFFFFFFFFFFFFFFFFFFFFFFFFFFFFFFFFFFFFFFEFEFEFFF8F6F6FFDEB7
310
B8FFC55354FFC40F10FFCC0101FFCF0101FFCF0101FFCF0101FFCF0101FFCF01
310
01FFCF0101FFCF0101FFCF0101FFCF0101FFCF0101FFCE0000FFCB0909FFC942
310
42FFD7A6A7FFF4EFEFFFFBF6F6FFE3A6A6FFD13333FFCE0303FFCF0101FFCF01
310
01FFCF0101FFCF0101FFCF0101FFCF0101FFCF0101FFCF0101FFCF0101FFD42A
310
2AFFE6BABAFFFAF8F8FFFFFFFFFFFEFFFFFFF2F9F9FFD4ABABFFC02122FFCC01
310
01FFCF0101FFCF0101FFCF0101FFCF0000FFCF0000FFCF0000FFCF0000FFCF06
310
06FFD23F40FFEDBBBCFFFFFFFFFFFBF8F9FFE7CACBFFC56767FFC22223FFCA16
310
16FFCC1616FFCC1616FFCC1616FFCC1616FFCC1616FFCC1616FFCC1616FFCC16
310
16FFCC1616FFCC1616FFCC1616FFC81515FFC43C3CFFD4A3A2FFF3EDECFFFFFF
310
FFFFFFFFFFFFFFFFFFFFFFFFFFFFFFFFFFFFFFFFFFFFFFFFFFFFFFFFFFFFFFFF
310
FFFFFFFFFFFFFFFFFFFFFFFFFFFFFFFFFFFFFFFFFFFFFFFFFFFFFFFFFFFFFFFF
310
FFFFFFFFFFFFFFFFFFFFFFFFFFFFFFFFFFFFFFFFFFFFFFFFFFFFFFFFFFFFFFFF
310
FFFFF8F4F4FFD9B7B7FFC05253FFC31212FFCD0202FFCF0101FFCF0101FFCF01
310
01FFCF0101FFCF0101FFCF0101FFCF0101FFCF0101FFCF0101FFCF0101FFCF00
310
00FFC70808FFC44242FFD8A8A8FFF3ECECFFFEFEFEFFFBF5F5FFE2A4A5FFD133
310
33FFCE0303FFCF0101FFCF0101FFCF0101FFCF0101FFCF0101FFCF0101FFCF01
310
01FFCF0101FFCF0101FFD42A2AFFE6BABAFFFAF8F8FFFFFFFFFFFEFFFFFFF2F9
310
F9FFD4ABABFFC02122FFCC0101FFCF0101FFCF0101FFCF0101FFCF0000FFCF00
310
00FFCF0000FFCF0000FFCF0606FFD24040FFEDBCBCFFFFFFFFFFFFFFFFFFFAF8
310
F8FFEBD4D5FFE3AAAAFFE49E9EFFE69E9EFFE59D9DFFE59D9DFFE59D9DFFE59D
310
9DFFE59E9EFFE59E9EFFE59E9EFFE59E9EFFE69E9EFFE69E9EFFE59C9CFFE3A2
310
A2FFE6C6C6FFF6F0F0FFFFFFFFFFFFFFFFFFFFFFFFFFFFFFFFFFFFFFFFFFFFFF
310
FFFFFFFFFFFFFFFFFFFFFFFFFFFFFFFFFFFFFFFFFFFFFFFFFFFFFFFFFFFFFFFF
310
FFFFFFFFFFFFFFFFFFFFFFFFFFFFFFFFFFFFFFFFFFFFFFFFFFFFFFFFFFFFFFFF
310
FFFFFFFFFFFFFEFEFEFFF7F2F2FFDFB3B4FFC55354FFC31111FFCD0101FFD001
310
01FFCF0101FFCF0101FFCF0101FFCF0101FFCF0101FFCF0101FFCF0101FFCF01
310
01FFCF0101FFCF0101FFC90C0CFFC84848FFD9AAABFFF2EDEDFFFEFEFEFFFFFF
310
FFFFFBF5F5FFE2A5A5FFD13333FFCE0303FFCF0101FFCF0101FFCF0101FFCF01
310
01FFCF0101FFCF0101FFCF0101FFCF0101FFCF0101FFD42A2AFFE6BABAFFFAF8
310
F8FFFFFFFFFFFEFFFFFFF2F9F9FFD4ABABFFC02122FFCC0101FFCF0101FFCF01
310
01FFCF0101FFCF0000FFCF0000FFCF0000FFCF0101FFCF0606FFD23F40FFEDBC
310
BCFFFFFFFFFFFFFFFFFFFFFFFFFFFDFCFCFFFAF6F6FFFAF3F3FFFAF3F3FFFAF3
310
F3FFFAF3F3FFFAF3F3FFFAF3F3FFFAF3F3FFFAF3F3FFFAF3F3FFFAF3F3FFFAF3
310
F3FFFAF3F3FFFAF3F3FFFAF2F2FFFAF3F3FFFDFBFBFFFFFFFFFFFFFFFFFFFFFF
310
FFFFFFFFFFFFFFFFFFFFFFFFFFFFFFFFFFFFFFFFFFFFFFFFFFFFFFFFFFFFFFFF
310
FFFFFFFFFFFFFFFFFFFFFFFFFFFFFFFFFFFFFFFFFFFFFFFFFFFFFFFFFFFFFFFF
310
FFFFFFFFFFFFFFFFFFFFFFFFFFFFFFFFFFFFF7F3F3FFDAB4B5FFC45354FFC311
310
11FFCD0101FFD00101FFD00101FFCF0101FFCF0101FFCF0101FFCF0101FFCF01
310
01FFCF0101FFCF0101FFCF0101FFCE0000FFC70808FFC64646FFDAA9AAFFF4F1
310
F1FFFEFFFFFFFFFFFFFFFFFFFFFFFBF5F5FFE3A5A5FFD13333FFCE0303FFCF01
310
01FFCF0101FFCF0101FFCF0101FFCF0101FFCF0101FFCF0101FFCF0101FFCF01
310
01FFD42A2AFFE6BABAFFFAF8F8FFFFFFFFFFFEFFFFFFF2F9F9FFD4ABABFFC021
310
22FFCC0101FFCF0101FFCF0101FFCF0101FFCF0000FFCF0000FFCF0000FFCF00
310
00FFCF0606FFD23F40FFEDBBBCFFFFFFFFFFFFFFFFFFFFFFFFFFFFFFFFFFFFFF
310
FFFFFFFFFFFFFFFFFFFFFFFFFFFFFFFFFFFFFFFFFFFFFFFFFFFFFFFFFFFFFFFF
310
FFFFFFFFFFFFFFFFFFFFFFFFFFFFFFFFFFFFFFFFFFFFFFFFFFFFFFFFFFFFFFFF
310
FFFFFFFFFFFFFFFFFFFFFFFFFFFFFFFFFFFFFFFFFFFFFFFFFFFFFFFFFFFFFFFF
310
FFFFFFFFFFFFFFFFFFFFFFFFFFFFFFFFFFFFFFFFFFFFFFFFFFFFFFFFFFFFFFFF
310
FFFFFFFFFFFFFFFFFFFFFFFFFFFFFFFFFFFFFFFFFFFFFFFFFFFFF6F3F4FFDAB8
310
B9FFBF4E4FFFC10F10FFCA0101FFCE0101FFCF0101FFCF0101FFCF0101FFCF01
310
01FFCF0101FFCF0101FFCF0101FFCF0101FFCF0101FFCF0000FFC80A0AFFC342
310
42FFD7ABABFFF3F0F0FFFFFFFFFFFFFFFFFFFFFFFFFFFFFFFFFFFBF5F5FFE2A5
310
A5FFD13333FFCE0303FFCF0101FFCF0101FFCF0101FFCF0101FFCF0101FFCF01
310
01FFCF0101FFCF0101FFCF0101FFD42A2AFFE6BABAFFFAF8F8FFFFFFFFFFFEFF
310
FFFFF2F9F9FFD4ABABFFC02122FFCC0101FFCF0101FFCF0101FFCF0101FFCF00
310
00FFCF0000FFCF0000FFCF0000FFCF0606FFD24040FFEDBCBCFFFFFFFFFFFFFF
310
FFFFFFFFFFFFFFFFFFFFFFFFFFFFFFFFFFFFFFFFFFFFFFFFFFFFFFFFFFFFFFFF
310
FFFFFFFFFFFFFFFFFFFFFFFFFFFFFFFFFFFFFFFFFFFFFFFFFFFFFFFFFFFFFFFF
310
FFFFFFFFFFFFFFFFFFFFFFFFFFFFFFFFFFFFFFFFFFFFFFFFFFFFFFFFFFFFFFFF
310
FFFFFFFFFFFFFFFFFFFFFFFFFFFFFFFFFFFFFFFFFFFFFFFFFFFFFFFFFFFFFFFF
310
FFFFFFFFFFFFFFFFFFFFFFFFFFFFFFFFFFFFFFFFFFFFFFFFFFFFFFFFFFFFFEFF
310
FFFFF5F2F2FFDAB4B4FFBE5253FFC41111FFCD0101FFCF0101FFCF0101FFCF01
310
01FFCF0101FFCF0101FFCF0101FFCF0101FFCF0101FFCF0101FFCF0101FFCD00
310
00FFC80B0BFFC74646FFD7ACACFFF2EEEEFFFEFEFEFFFFFFFFFFFFFFFFFFFFFF
310
FFFFFFFFFFFFFBF5F5FFE2A5A5FFD13333FFCE0303FFCF0101FFCF0101FFCF01
310
01FFCF0101FFCF0101FFCF0101FFCF0101FFCF0101FFCF0101FFD42A2AFFE6BA
310
BAFFFAF8F8FFFFFFFFFFFEFFFFFFF2F9F9FFD4ABABFFC02122FFCC0101FFCF01
310
01FFCF0101FFCF0101FFCF0000FFCF0000FFCF0000FFCF0101FFCF0606FFD240
310
40FFEDBCBCFFFFFFFFFFFFFFFFFFFFFFFFFFFFFFFFFFFFFFFFFFFFFFFFFFFFFF
310
FFFFFFFFFFFFFFFFFFFFFFFFFFFFFFFFFFFFFFFFFFFFFFFFFFFFFFFFFFFFFFFF
310
FFFFFFFFFFFFFFFFFFFFFFFFFFFFFFFFFFFFFFFFFFFFFFFFFFFFFFFFFFFFFFFF
310
FFFFFFFFFFFFFFFFFFFFFFFFFFFFFFFFFFFFFFFFFFFFFFFFFFFFFFFFFFFFFFFF
310
FFFFFFFFFFFFFFFFFFFFFFFFFFFFFFFFFFFFFFFFFFFFFFFFFFFFFFFFFFFFFFFF
310
FFFFFFFFFFFFFFFFFFFFF5F2F2FFD9B4B5FFBD4C4CFFC41010FFCC0101FFCE01
310
01FFCF0101FFCF0101FFCF0101FFCF0101FFCF0101FFCF0101FFCF0101FFCF01
310
01FFCF0101FFCE0101FFC80C0CFFC34444FFD9AEAEFFF3EFEFFFFEFEFEFFFFFF
310
FFFFFFFFFFFFFFFFFFFFFFFFFFFFFFFFFFFFFBF5F5FFE3A5A5FFD13333FFCE03
310
03FFCF0101FFCF0101FFCF0101FFCF0101FFCF0101FFCF0101FFCF0101FFCF01
310
01FFCF0101FFD42A2AFFE6BABAFFFAF8F8FFFFFFFFFFFEFFFFFFF2F9F9FFD4AB
310
ABFFC02122FFCC0101FFCF0101FFCF0101FFCF0101FFCF0000FFCF0000FFCF00
310
00FFCF0000FFCF0606FFD23F40FFEDBCBCFFFFFFFFFFFFFFFFFFFFFFFFFFFFFF
310
FFFFFFFFFFFFFFFFFFFFFFFFFFFFFFFFFFFFFFFFFFFFFFFFFFFFFFFFFFFFFFFF
310
FFFFFFFFFFFFFFFFFFFFFFFFFFFFFFFFFFFFFFFFFFFFFFFFFFFFFFFFFFFFFFFF
310
FFFFFFFFFFFFFFFFFFFFFFFFFFFFFFFFFFFFFFFFFFFFFFFFFFFFFFFFFFFFFFFF
310
FFFFFFFFFFFFFFFFFFFFFFFFFFFFFFFFFFFFFFFFFFFFFFFFFFFFFFFFFFFFFFFF
310
FFFFFFFFFFFFFFFFFFFFFFFFFFFFFEFFFFFFF7F2F2FFDBB3B4FFBF4D4EFFC30E
310
0FFFCD0101FFCF0101FFCF0101FFCF0101FFCF0101FFCF0101FFCF0101FFCF01
310
01FFCF0101FFCF0101FFCF0101FFCE0000FFC90C0CFFC84545FFD8ADADFFF4EF
310
EFFFFFFFFFFFFFFFFFFFFFFFFFFFFFFFFFFFFFFFFFFFFFFFFFFFFFFFFFFFFBF5
310
F5FFE3A5A5FFD13333FFCE0303FFCF0101FFCF0101FFCF0101FFCF0101FFCF01
310
01FFCF0101FFCF0101FFCF0101FFCF0101FFD42A2AFFE6BABAFFFAF8F8FFFFFF
310
FFFFFEFFFFFFF2F9F9FFD4ABABFFC02122FFCC0101FFCF0101FFCF0101FFCF01
310
01FFCF0000FFCF0000FFCF0000FFCF0000FFCF0606FFD14041FFEDBDBEFFFFFF
310
FFFFFFFFFFFFFFFFFFFFFFFFFFFFFFFFFFFFFFFFFFFFFFFFFFFFFFFFFFFFFFFF
310
FFFFFFFFFFFFFFFFFFFFFFFFFFFFFFFFFFFFFFFFFFFFFFFFFFFFFFFFFFFFFFFF
310
FFFFFFFFFFFFFFFFFFFFFFFFFFFFFFFFFFFFFFFFFFFFFFFFFFFFFFFFFFFFFFFF
310
FFFFFFFFFFFFFFFFFFFFFFFFFFFFFFFFFFFFFFFFFFFFFFFFFFFFFFFFFFFFFFFF
310
FFFFFFFFFFFFFFFFFFFFFFFFFFFFFFFFFFFFFFFFFFFFFEFEFEFFF7F5F5FFD9B5
310
B6FFC05253FFC20F10FFCC0101FFD00101FFCF0101FFCF0101FFCF0101FFCF01
310
01FFCF0101FFCF0101FFCF0101FFCF0101FFCF0101FFCF0101FFC50909FFC445
310
45FFD9A9AAFFF4EEEFFFFEFFFFFFFFFFFFFFFFFFFFFFFFFFFFFFFFFFFFFFFFFF
310
FFFFFFFFFFFFFFFFFFFFFBF5F5FFE3A5A5FFD13333FFCE0303FFCF0101FFCF01
310
01FFCF0101FFCF0101FFCF0101FFCF0101FFCF0101FFCF0101FFCF0101FFD42A
310
2AFFE6BABAFFFAF8F8FFFFFFFFFFFEFFFFFFF2F9F9FFD4ABABFFC02122FFCC01
310
01FFCF0101FFCF0101FFCF0101FFCF0000FFCF0000FFCF0000FFD00000FFCF06
310
06FFCA3D3EFFE5B0B0FFFAECECFFF9E9E9FFF9E9E9FFF9E9E9FFF9E9E9FFF9E9
310
E9FFF9E9E9FFF9E9E9FFF9E9E9FFF9E9E9FFF9E9E9FFF9E9E9FFF9E9E9FFF9E9
310
E9FFF9E9E9FFF9EAEAFFF9EAEAFFF9E9E9FFF9EAEAFFF9EAEAFFF9E9E9FFF9E9
310
E9FFF9E9E9FFF9E9E9FFF9E9E9FFF9E9E9FFF9E9E9FFF8EAEAFFFAF3F4FFFDFD
310
FCFFFFFFFEFFFFFFFFFFFFFFFFFFFFFFFFFFFFFFFFFFFFFFFFFFFFFFFFFFFFFF
310
FFFFF7F2F2FFDAAFAFFFBF4D4EFFBF1111FFCB0101FFCF0101FFCF0101FFCF01
310
01FFCF0101FFCF0101FFCF0101FFCF0101FFCF0101FFCF0101FFCF0101FFCE00
310
00FFC60A0AFFC54A4AFFDAB0B0FFF4EEEFFFFEFEFEFFFFFFFFFFFFFFFFFFFFFF
310
FFFFFFFFFFFFFFFFFFFFFFFFFFFFFFFFFFFFFFFFFFFFFBF5F5FFE3A5A5FFD133
310
33FFCE0303FFCF0101FFCF0101FFCF0101FFCF0101FFCF0101FFCF0101FFCF01
310
01FFCF0101FFCF0101FFD42A2AFFE6BABAFFFAF8F8FFFFFFFFFFFEFFFFFFF2F9
310
F9FFD4ABABFFC02122FFCC0101FFCF0101FFCF0101FFCF0101FFCF0000FFCF00
310
00FFCF0000FFD00000FFCE0202FFC61616FFCD3F40FFD55757FFD55454FFD554
310
54FFD55454FFD55454FFD55454FFD55454FFD55454FFD55454FFD55454FFD554
310
54FFD55454FFD55454FFD55454FFD55454FFD55555FFD55555FFD55454FFD555
310
55FFD55555FFD55555FFD55454FFD55454FFD55454FFD55454FFD55454FFD353
310
53FFCD5B5CFFD5999AFFEFE2E2FFFDFCFCFFFFFFFEFFFFFFFFFFFFFFFFFFFFFF
310
FFFFFFFFFFFFFEFEFEFFF5F2F2FFD3B1B2FFC34E4FFFC10E0FFFC70101FFCE01
310
01FFCF0101FFCF0101FFCF0101FFCF0101FFCF0101FFCF0101FFCF0101FFCF01
310
01FFD00101FFCF0101FFC50C0CFFC74A4AFFDCAEAFFFF5F1F1FFFEFEFEFFFFFF
310
FFFFFFFFFFFFFFFFFFFFFFFFFFFFFFFFFFFFFFFFFFFFFFFFFFFFFFFFFFFFFFFF
310
FFFFFBF5F5FFE3A5A5FFD13333FFCE0303FFCF0101FFCF0101FFCF0101FFCF01
310
01FFCF0101FFCF0101FFCF0101FFCF0101FFCF0101FFD42A2AFFE6BABAFFFAF8
310
F8FFFFFFFFFFFEFFFFFFF2F9F9FFD4ABABFFC02122FFCC0101FFCF0101FFCF01
310
01FFCF0101FFCF0000FFCF0000FFCF0000FFCF0000FFCE0000FFCA0101FFC904
310
04FFC90505FFC90505FFC90505FFC90505FFC90505FFC90505FFC90505FFC905
310
05FFC90505FFC90505FFC90505FFC90505FFC90505FFC90505FFC90505FFC905
310
05FFC90505FFC90505FFC90505FFC90505FFC90505FFC90505FFC90505FFC905
310
05FFC90505FFC90505FFC80505FFC30909FFC63030FFD58C8CFFECDBDCFFFDFC
310
FCFFFFFFFFFFFFFFFFFFFFFFFFFFFFFFFFFFF7F1F1FFDDB4B4FFBC5152FFBE10
310
11FFC90101FFCC0101FFCF0101FFCF0101FFCF0101FFCF0101FFCF0101FFCF01
310
01FFCF0101FFCF0101FFCF0101FFCE0000FFC90C0CFFC54748FFDAACADFFF5F2
310
F3FFFFFFFFFFFFFFFFFFFFFFFFFFFFFFFFFFFFFFFFFFFFFFFFFFFFFFFFFFFFFF
310
FFFFFFFFFFFFFFFFFFFFFFFFFFFFFBF5F5FFE3A5A5FFD13333FFCE0303FFCF01
310
01FFCF0101FFCF0101FFCF0101FFCF0101FFCF0101FFCF0101FFCF0101FFCF01
310
01FFD42A2AFFE6BABAFFFAF8F8FFFFFFFFFFFEFFFFFFF2F9F9FFD4ABABFFC021
310
22FFCC0101FFCF0101FFCF0101FFCF0101FFCF0000FFCF0000FFCF0000FFCF00
310
00FFCF0000FFCF0000FFCF0000FFCF0000FFCF0000FFCF0000FFCF0000FFCF00
310
00FFCF0000FFCF0000FFCF0000FFCF0000FFCF0000FFCF0000FFCF0000FFCF00
310
00FFCF0000FFCF0000FFCF0000FFCF0000FFCF0000FFCF0000FFCF0000FFCF00
310
00FFCF0000FFCF0000FFCF0000FFCF0000FFCF0000FFCF0000FFCF0000FFCD03
310
03FFC72C2DFFD48889FFEFDEDEFFFEFDFCFFFFFFFFFFFFFFFFFFF6F4F4FFD9B8
310
B9FFC14A4AFFC50E0EFFC70101FFCA0102FFCF0101FFCF0101FFCF0101FFCF01
310
01FFCF0101FFCF0101FFCF0101FFCF0101FFCF0101FFCF0101FFCB0A0AFFC143
310
43FFD9B1B1FFF5F1F1FFFFFFFFFFFFFFFFFFFFFFFFFFFFFFFFFFFFFFFFFFFFFF
310
FFFFFFFFFFFFFFFFFFFFFFFFFFFFFFFFFFFFFFFFFFFFFFFFFFFFFBF5F5FFE3A5
310
A5FFD13333FFCE0303FFCF0101FFCF0101FFCF0101FFCF0101FFCF0101FFCF01
310
01FFCF0101FFCF0101FFCF0101FFD42A2AFFE6BABAFFFAF8F8FFFFFFFFFFFEFF
310
FFFFF2F9F9FFD4ABABFFC02122FFCC0101FFCF0101FFCF0101FFCF0101FFCF00
310
00FFCF0000FFCF0000FFCF0000FFCF0000FFCF0000FFCF0000FFCF0000FFCF00
310
00FFCF0000FFCF0000FFCF0000FFCF0000FFCF0000FFCF0000FFCF0000FFCF00
310
00FFCF0000FFCF0000FFCF0000FFCF0000FFCF0000FFCF0000FFCF0000FFCF00
310
00FFCF0000FFCF0101FFCF0101FFCF0000FFCF0000FFCF0000FFCF0000FFCF00
310
00FFCF0000FFCF0000FFCF0000FFCA0202FFC52A2AFFD38788FFF1E7E6FFFDFD
310
FDFFFFFFFFFFEDE8E8FFC48F90FFBC2121FFC90202FFCD0101FFCE0101FFCF01
310
01FFCF0101FFCF0101FFCF0101FFCF0101FFCF0101FFCF0101FFCF0101FFCF01
310
01FFD00101FFC91516FFBB7273FFE5DBDCFFFDFDFDFFFFFFFFFFFFFFFFFFFFFF
310
FFFFFFFFFFFFFFFFFFFFFFFFFFFFFFFFFFFFFFFFFFFFFFFFFFFFFFFFFFFFFFFF
310
FFFFFFFFFFFFFBF5F5FFDFA5A5FFCF3333FFCF0303FFCF0101FFCF0101FFCF01
310
01FFCF0101FFCF0101FFCF0101FFCF0101FFCF0101FFCF0101FFD42A2AFFE6BA
310
BAFFFAF8F8FFFFFFFFFFFEFFFFFFF2F9F9FFD4ABABFFC02122FFCC0101FFCF01
310
01FFCF0101FFCF0101FFCF0000FFCF0000FFCF0000FFCF0000FFCF0000FFCF00
310
00FFCF0000FFCF0000FFCF0000FFCF0000FFCF0000FFCF0000FFCF0000FFCF00
310
00FFCF0000FFCF0000FFCF0000FFCF0000FFCF0000FFCF0000FFCF0000FFCF00
310
00FFCF0000FFCF0000FFCF0000FFCF0000FFCF0101FFCF0101FFCF0000FFCF00
310
00FFCF0000FFCF0000FFCF0000FFCF0000FFCF0000FFCF0000FFCB0000FFBE0B
310
0BFFC25858FFE6D4D5FFFBFBFBFFFFFFFFFFFBFAFAFFE7C6C6FFCB5555FFC912
310
12FFCB0101FFCD0101FFCF0101FFCF0101FFCF0101FFCF0101FFCF0101FFCF01
310
01FFCF0101FFCF0101FFCF0101FFD00101FFC90707FFB43839FFD3A5A5FFF3EB
310
EBFFFEFFFFFFFFFFFFFFFFFFFFFFFFFFFFFFFFFFFFFFFFFFFFFFFFFFFFFFFFFF
310
FFFFFFFFFFFFFFFFFFFFFFFFFFFFFFFEFEFFF7EDEDFFD49191FFCA2829FFD002
310
03FFCF0101FFCF0101FFCF0101FFCF0101FFCF0101FFCF0101FFCF0101FFCF01
310
01FFCF0101FFD42A2AFFE6BABAFFFAF8F8FFFFFFFFFFFEFFFFFFF2F9F9FFD4AB
310
ABFFC02122FFCC0101FFCF0101FFCF0101FFCF0101FFCF0000FFCF0000FFCF00
310
00FFCF0101FFCF0000FFCF0000FFCF0000FFCF0000FFCF0000FFCF0000FFCF00
310
00FFCF0000FFCF0000FFCF0000FFCF0000FFCF0000FFCF0000FFCF0000FFCF00
310
00FFCF0000FFCF0000FFCF0000FFCF0000FFCF0000FFCF0000FFCF0000FFCF01
310
01FFCF0101FFCF0000FFCF0000FFCF0000FFCF0000FFCF0000FFCF0000FFCF00
310
00FFCD0000FFC60707FFBB3536FFCA9798FFF4EFEFFFFEFEFEFFFFFFFFFFFFFF
310
FFFFFAF4F4FFE6C2C2FFD45959FFCB1212FFCD0101FFCF0101FFCF0101FFCF01
310
01FFCF0101FFCF0101FFCF0101FFCF0101FFCF0101FFCF0101FFCF0101FFCE01
310
01FFC50B0BFFC03939FFD99E9EFFF5EEEEFFFEFEFEFFFFFFFFFFFFFFFFFFFFFF
310
FFFFFFFFFFFFFFFFFFFFFFFFFFFFFFFFFFFFFFFFFFFFFEFEFEFFF6F0F0FFE0B5
310
B6FFC04747FFC30B0BFFD00101FFCF0101FFCF0101FFCF0101FFCF0101FFCF01
310
01FFCF0101FFCF0101FFCF0101FFCF0101FFD42A2AFFE6BABAFFFAF8F8FFFFFF
310
FFFFFEFFFFFFF2F9F9FFD4ABABFFC02122FFCC0101FFCF0101FFCF0101FFCF01
310
01FFCF0000FFCF0000FFCF0000FFCF0101FFCF0000FFCF0101FFCF0000FFCF00
310
00FFCF0000FFCF0000FFCF0000FFCF0000FFCF0000FFCF0000FFCF0000FFCF00
310
00FFCF0000FFCF0000FFCF0000FFCF0000FFCF0000FFCF0000FFCF0000FFCF01
310
01FFCF0000FFCF0000FFCF0101FFCF0101FFCF0101FFCF0000FFCF0000FFCF00
310
00FFCF0000FFCF0000FFCC0101FFC30808FFBE3839FFCF9697FFEDE5E6FFFDFD
310
FDFFFFFFFFFFFFFFFFFFFFFFFFFFFFFFFFFFFAF9F9FFECC2C2FFD15858FFC811
310
10FFCA0202FFC90202FFCE0101FFCF0101FFCF0101FFCF0101FFCF0101FFCF01
310
01FFCF0101FFCF0101FFCF0101FFCF0101FFC40606FFC43838FFD9A0A0FFF3EE
310
EEFFFEFEFEFFFFFFFFFFFFFFFFFFFFFFFFFFFFFFFFFFFFFFFFFFFFFFFFFFFFFE
310
FEFFF6F1F1FFD6B0B1FFC34D4EFFC20D0EFFC90101FFCD0101FFCF0101FFCF01
310
01FFCF0101FFCF0101FFCF0101FFCF0101FFCF0101FFCF0101FFCF0101FFD42A
310
2AFFE6BABAFFFAF8F8FFFFFFFFFFFEFFFFFFF2F9F9FFD4ABABFFC02122FFCC01
310
01FFCF0101FFCF0101FFCF0101FFCF0000FFCF0000FFCF0000FFCF0000FFCF00
310
00FFCF0000FFCF0000FFCF0000FFCF0000FFCF0000FFCF0000FFCF0000FFCF00
310
00FFCF0000FFCF0000FFCF0000FFCF0000FFCF0000FFCF0000FFCF0000FFCF00
310
00FFCF0000FFCF0000FFCF0000FFCF0000FFCF0000FFCF0101FFCF0101FFCF00
310
00FFCF0000FFCF0000FFCF0000FFCF0000FFCE0000FFC70707FFBD393AFFD19D
310
9EFFF0E6E6FFFEFDFDFFFFFFFFFFFFFFFFFFFFFFFFFFFFFFFFFFFFFFFFFFFFFF
310
FFFFFBF6F6FFE7BEBEFFD35656FFCB1112FFCA0102FFCF0101FFCF0101FFCF01
310
01FFCF0101FFCF0101FFCF0101FFCF0101FFCF0101FFCF0101FFCF0101FFCD00
310
00FFC60708FFC53B3BFFD9A1A1FFF1EBECFFFEFEFEFFFFFFFFFFFFFFFFFFFFFF
310
FFFFFFFFFFFFFFFFFFFFF4F2F2FFDAB6B6FFBF494AFFB90E0FFFC90101FFCF01
310
01FFCE0101FFCF0101FFCF0101FFCF0101FFCF0101FFCF0101FFCF0101FFCF01
310
01FFCF0101FFCF0000FFD42A2AFFE6BABAFFFAF8F8FFFFFFFFFFFEFFFFFFF2F9
310
F9FFD4AAABFFC02021FFCC0101FFCF0101FFCF0101FFCF0101FFCF0000FFCF00
310
00FFCF0000FFCF0101FFCF0000FFCF0000FFCF0000FFCF0000FFCF0000FFCF00
310
00FFCF0000FFCF0000FFCF0000FFCF0000FFCF0000FFCF0000FFCF0000FFCF00
310
00FFCF0000FFCF0000FFCF0000FFCF0000FFCF0000FFCF0000FFCF0000FFCF00
310
00FFCF0101FFCF0101FFCF0000FFCF0000FFCF0000FFCF0000FFCE0000FFC907
310
07FFC13637FFD29B9CFFF0EAEAFFFEFEFEFFFFFFFFFFFFFFFFFFFFFFFFFFFFFF
310
FFFFFFFFFFFFFFFFFFFFFFFFFFFFFEFEFEFFFAF5F5FFECBCBCFFD65C5DFFC812
310
13FFCD0101FFCF0101FFCF0101FFCF0101FFCF0101FFCF0101FFCF0101FFCF01
310
01FFCF0101FFCF0101FFCF0101FFCD0101FFC50909FFC43E3FFFD89C9DFFF2EA
310
EAFFFEFDFDFFFFFFFFFFFFFFFFFFFFFEFEFFF8F0F0FFE1B0B1FFC65051FFC10D
310
0EFFC30202FFCC0102FFD00101FFCF0101FFCF0101FFCF0101FFCF0101FFCF01
310
01FFCF0101FFCF0101FFCF0101FFCF0101FFCF0101FFD52929FFE6B9B9FFFAF8
310
F8FFFFFFFFFFFEFFFFFFF2F9F9FFD4AAABFFC01F20FFCC0101FFCF0101FFCF01
310
01FFCF0101FFCF0101FFCE0101FFCE0101FFCF0101FFCE0101FFCF0101FFCE01
310
01FFCE0101FFCE0101FFCF0101FFCE0101FFCE0101FFCE0101FFCE0101FFCE01
310
01FFCF0101FFCF0000FFCF0000FFCF0000FFCF0000FFCF0000FFCF0000FFCF00
310
00FFCF0000FFCF0000FFCF0000FFCF0101FFCF0101FFCF0000FFCF0000FFCF00
310
00FFCE0000FFC90A0AFFC63A3BFFD59798FFF0E4E4FFFEFEFEFFFFFFFFFFFFFF
310
FFFFFFFFFFFFFFFFFFFFFFFFFFFFFFFFFFFFFFFFFFFFFFFFFFFFFFFFFFFFFFFF
310
FFFFFDF9F9FFEAC1C1FFD25B5CFFCC1212FFCE0101FFCF0101FFCF0101FFCF01
310
01FFCF0101FFCF0101FFCF0101FFCF0101FFCF0101FFCF0101FFCF0101FFCB01
310
01FFC40707FFC63838FFD69E9EFFF2EAEAFFFEFEFEFFFFFFFFFFFAF7F7FFE4C5
310
C5FFC86666FFC02122FFC91818FFCD1919FFCE1919FFCE1919FFCE1919FFCE19
310
19FFCE1919FFCE1919FFCE1919FFCE1919FFCE1919FFCE1919FFCE1919FFCE15
310
15FFD53B3BFFE7C0C0FFFAF9F9FFFFFFFFFFFFFFFFFFF4F9F9FFD8B0B1FFC42F
310
2FFFCE1112FFD11111FFD11212FFD11212FFD11111FFD01111FFD01111FFD011
310
11FFD01111FFD01111FFD01111FFD01111FFD01111FFD01111FFD01111FFD011
310
11FFD01111FFD01111FFD01212FFCB0D0DFFC80404FFCE0000FFCF0000FFCF00
310
00FFCF0000FFCF0000FFCF0000FFCF0000FFCF0000FFCF0000FFCF0101FFCF01
310
01FFCF0000FFCF0101FFCE0000FFC80607FFC43738FFD69B9CFFF2E8E9FFFFFE
310
FEFFFFFFFFFFFFFFFFFFFFFFFFFFFFFFFFFFFFFFFFFFFFFFFFFFFFFFFFFFFFFF
310
FFFFFFFFFFFFFFFFFFFFFFFFFFFFFFFFFFFFFCF6F7FFEDC2C2FFD55757FFCB11
310
11FFCD0101FFD00101FFD00101FFCF0101FFCF0101FFCF0101FFCF0101FFCF01
310
01FFCF0101FFCF0101FFCF0101FFCF0101FFC80808FFC03637FFD6A1A1FFF3EC
310
ECFFFEFEFEFFF6F1F1FFDFBBBBFFCD8585FFCE7C7CFFDA7C7CFFDC7C7CFFDC7C
310
7CFFDC7C7CFFDC7C7CFFDC7C7CFFDC7C7CFFDC7C7CFFDC7C7CFFDC7C7CFFDC7C
310
7CFFDC7C7CFFDC7C7CFFDC7979FFE18F8FFFF0DCDCFFFCFBFBFFFFFFFFFFFFFF
310
FFFFF9FBFBFFE8CECEFFDA7F7FFFDF6D6DFFE16D6DFFE16D6DFFE16D6DFFE06D
310
6DFFE06C6CFFE06C6CFFE06C6CFFE06C6CFFE06C6CFFE06C6CFFE06C6CFFE06C
310
6CFFE06C6CFFE06C6CFFE06C6CFFE06C6CFFE16E6EFFD96565FFC53A3BFFC00B
310
0BFFCD0000FFCF0000FFCF0000FFCF0000FFCF0000FFCF0000FFCF0000FFCF00
310
00FFCF0000FFCF0101FFCF0101FFCE0000FFCD0000FFC70708FFC23738FFD096
310
96FFF4EBEBFFFEFEFEFFFFFFFFFFFFFFFFFFFFFFFFFFFFFFFFFFFFFFFFFFFFFF
310
FFFFFFFFFFFFFFFFFFFFFFFFFFFFFFFFFFFFFFFFFFFFFFFFFFFFFFFFFFFFFFFF
310
FFFFFBF7F7FFE9C0C0FFD25354FFCD1313FFCF0101FFCF0101FFCF0101FFCF01
310
01FFCF0101FFCF0101FFCF0101FFCF0101FFCF0101FFCF0101FFCF0101FFCD00
310
00FFC40808FFC0393AFFDAA5A6FFF3E9E9FFFCFBFBFFF9F2F2FFF6E9E9FFF6E9
310
E9FFF8EAEAFFF9EAEAFFF9EAEAFFF9EAEAFFF9EAEAFFF9EAEAFFF9EAEAFFF9EA
310
EAFFF9EAEAFFF9EAEAFFF9EAEAFFF9EAEAFFF9EAEAFFF9E9E9FFFAECECFFFCF9
310
F9FFFEFEFEFFFFFFFFFFFFFFFFFFFEFFFFFFFBF7F7FFF9E9E9FFF9E6E6FFFAE6
310
E6FFFAE6E6FFFAE6E6FFFAE6E6FFF9E6E6FFF9E6E6FFF9E6E6FFF9E6E6FFF9E6
310
E6FFF9E6E6FFF9E6E6FFF9E6E6FFF9E6E6FFF9E6E6FFF9E6E6FFF9E6E6FFF5E1
310
E1FFDDB0B0FFC44E4FFFC40A0AFFCD0000FFCF0000FFCF0000FFCF0000FFCF00
310
00FFCF0000FFCF0000FFCF0000FFCF0000FFCF0101FFCF0101FFCE0000FFC408
310
09FFBF393AFFD29C9CFFF1E6E6FFFEFDFDFFFFFFFFFFFFFFFFFFFFFFFFFFFFFF
310
FFFFFFFFFFFFFFFFFFFFFFFFFFFFFFFFFFFFFFFFFFFFFFFFFFFFFFFFFFFFFFFF
310
FFFFFFFFFFFFFFFFFFFFFFFFFFFFFFFFFFFFFBF7F7FFEDC4C5FFD25859FFCD13
310
14FFCE0202FFCD0101FFCF0101FFCF0101FFCF0101FFCF0101FFCF0101FFCF01
310
01FFCF0101FFCF0101FFCF0101FFCD0101FFC50809FFC13535FFD79C9DFFF2E9
310
E9FFFEFEFEFFFFFFFFFFFFFFFFFFFFFFFFFFFFFFFFFFFFFFFFFFFFFFFFFFFFFF
310
FFFFFFFFFFFFFFFFFFFFFFFFFFFFFFFFFFFFFFFFFFFFFFFFFFFFFFFFFFFFFFFF
310
FFFFFFFFFFFFFFFFFFFFFFFFFFFFFFFFFFFFFFFFFFFFFFFFFFFFFFFFFFFFFFFF
310
FFFFFFFFFFFFFFFFFFFFFFFFFFFFFFFFFFFFFFFFFFFFFFFFFFFFFFFFFFFFFFFF
310
FFFFFFFFFFFFFFFFFFFFFFFFFFFFFFFFFFFFFFFFFFFFFFFFFFFFFFFFFFFFFFFF
310
FEFFFFFFFEFFFAF6F6FFE1C1C1FFCA5E5EFFC61111FFCD0102FFCF0000FFCF00
310
00FFCF0101FFCF0000FFCF0000FFCF0000FFCF0000FFCF0000FFCF0000FFCF01
310
01FFCE0000FFCA0808FFBF3B3CFFCF9C9DFFF4EDEDFFFEFEFEFFFFFFFFFFFFFF
310
FFFFFFFFFFFFFFFFFFFFFFFFFFFFFFFFFFFFFFFFFFFFFFFFFFFFFFFFFFFFFFFF
310
FFFFFFFFFFFFFFFFFFFFFFFFFFFFFFFFFFFFFFFFFFFFFFFFFFFFFFFFFFFFFFFF
310
FFFFFBF6F6FFE9C2C2FFDA5F60FFCF1515FFCC0102FFCF0101FFCF0101FFCF01
310
01FFCF0101FFCF0101FFCF0101FFCF0101FFCF0101FFCF0101FFCF0101FFCD00
310
00FFC80707FFC63838FFD79A9AFFF1EBEBFFFDFDFDFFFFFFFFFFFFFFFFFFFFFF
310
FFFFFFFFFFFFFFFFFFFFFFFFFFFFFFFFFFFFFFFFFFFFFFFFFFFFFFFFFFFFFFFF
310
FFFFFFFFFFFFFFFFFFFFFFFFFFFFFFFFFFFFFFFFFFFFFFFFFFFFFFFFFFFFFFFF
310
FFFFFFFFFFFFFFFFFFFFFFFFFFFFFFFFFFFFFFFFFFFFFFFFFFFFFFFFFFFFFFFF
310
FFFFFFFFFFFFFFFFFFFFFFFFFFFFFFFFFFFFFFFFFFFFFFFFFFFFFFFFFFFFFFFF
310
FFFFFFFFFFFFFFFFFFFFFEFFFEFFF8F5F5FFE2C1C1FFCA5C5CFFC61516FFCC00
310
00FFCF0000FFCF0000FFCF0000FFCF0000FFCF0000FFCF0000FFCF0000FFCF00
310
00FFCF0000FFCF0000FFCE0101FFC60707FFC23B3BFFD39C9CFFEFE8E8FFFEFF
310
FFFFFFFFFFFFFFFFFFFFFFFFFFFFFFFFFFFFFFFFFFFFFFFFFFFFFFFFFFFFFFFF
310
FFFFFFFFFFFFFFFFFFFFFFFFFFFFFFFFFFFFFFFFFFFFFFFFFFFFFFFFFFFFFFFF
310
FFFFFFFFFFFFFFFFFFFFFFFFFFFFFFFFFFFFFBF9F9FFEFC4C4FFD35C5DFFC812
310
12FFCF0101FFD00101FFCF0101FFCF0101FFCF0101FFCF0101FFCF0101FFCF01
310
01FFCF0101FFCF0101FFD00101FFCF0101FFC80606FFC53939FFD59C9CFFF1EB
310
EBFFFEFEFEFFFFFFFFFFFFFFFFFFFFFFFFFFFFFFFFFFFFFFFFFFFFFFFFFFFFFF
310
FFFFFFFFFFFFFFFFFFFFFFFFFFFFFFFFFFFFFFFFFFFFFFFFFFFFFFFFFFFFFFFF
310
FFFFFFFFFFFFFFFFFFFFFFFFFFFFFFFFFFFFFFFFFFFFFFFFFFFFFFFFFFFFFFFF
310
FFFFFFFFFFFFFFFFFFFFFFFFFFFFFFFFFFFFFFFFFFFFFFFFFFFFFFFFFFFFFFFF
310
FFFFFFFFFFFFFFFFFFFFFFFFFFFFFFFFFFFFFFFFFFFFF9F8F8FFE0C2C2FFCA5C
310
5CFFC71313FFCD0101FFD00000FFCF0000FFCF0000FFCF0000FFCF0000FFCF00
310
00FFCF0000FFCF0000FFCF0000FFCF0000FFCE0000FFC60707FFC13737FFD59D
310
9CFFF1E8E8FFFEFEFEFFFFFFFFFFFFFFFFFFFFFFFFFFFFFFFFFFFFFFFFFFFFFF
310
FFFFFFFFFFFFFFFFFFFFFFFFFFFFFFFFFFFFFFFFFFFFFFFFFFFFFFFFFFFFFFFF
310
FFFFFFFFFFFFFFFFFFFFFFFFFFFFFFFFFFFFFFFFFFFFFFFFFFFFFFFFFFFFFFFF
310
FFFFFCF7F7FFEAC4C4FFD45C5CFFCD1111FFCE0101FFCF0101FFCF0101FFCF01
310
01FFCF0101FFCF0101FFCF0101FFCF0101FFCF0101FFCF0101FFCF0101FFCE00
310
01FFC70808FFC43737FFD89A9BFFF3EBEBFFFEFEFEFFFFFFFFFFFFFFFFFFFFFF
310
FFFFFFFFFFFFFFFFFFFFFFFFFFFFFFFFFFFFFFFFFFFFFFFFFFFFFFFFFFFFFFFF
310
FFFFFFFFFFFFFFFFFFFFFFFFFFFFFFFFFFFFFFFFFFFFFFFFFFFFFFFFFFFFFFFF
310
FFFFFFFFFFFFFFFFFFFFFFFFFFFFFFFFFFFFFFFFFFFFFFFFFFFFFFFFFFFFFFFF
310
FFFFFFFFFFFFFFFFFFFFFFFFFFFFFFFFFFFFFFFFFFFFFFFFFFFFFFFFFEFFF8F6
310
F5FFE0BFBFFFC85A5AFFC61313FFCD0101FFD00000FFCF0000FFCF0000FFCF00
310
00FFCF0000FFCF0101FFCF0000FFCF0000FFCF0000FFCF0000FFCF0000FFCA08
310
08FFC13C3DFFD59E9EFFF3E9E9FFFEFEFEFFFFFFFFFFFFFFFFFFFFFFFFFFFFFF
310
FFFFFFFFFFFFFFFFFFFFFFFFFFFFFFFFFFFFFFFFFFFFFFFFFFFFFFFFFFFFFFFF
310
FFFFFFFFFFFFFFFFFFFFFFFFFFFFFFFFFFFFFFFFFFFFFFFFFFFFFFFFFFFFFFFF
310
FFFFFFFFFFFFFFFFFFFFFFFFFFFFFFFEFEFFFCFAFAFFECBFBFFFD65C5CFFCC14
310
14FFCE0101FFCF0101FFCF0101FFCF0101FFCF0101FFCF0101FFCF0101FFCF01
310
01FFCF0101FFCF0101FFCF0101FFCD0101FFC60606FFC73939FFDA9B9CFFF3E9
310
E9FFFEFEFEFFFFFFFFFFFFFFFFFFFFFFFFFFFFFFFFFFFFFFFFFFFFFFFFFFFFFF
310
FFFFFFFFFFFFFFFFFFFFFFFFFFFFFFFFFFFFFFFFFFFFFFFFFFFFFFFFFFFFFFFF
310
FFFFFFFFFFFFFFFFFFFFFFFFFFFFFFFFFFFFFFFFFFFFFFFFFFFFFFFFFFFFFFFF
310
FFFFFFFFFFFFFFFFFFFFFFFFFFFFFFFFFFFFFFFFFFFFFFFFFFFFFFFFFFFFFFFF
310
FFFFFFFFFFFFF7F5F5FFE3C0C0FFCC5A5AFFC51313FFCB0101FFCF0000FFCF00
310
00FFCF0000FFCF0000FFCF0000FFCF0000FFCF0000FFCF0000FFCF0000FFCD00
310
00FFCA0101FFC60A0AFFC73A3BFFD69D9EFFF1E7E8FFFEFEFEFFFFFFFFFFFFFF
310
FFFFFFFFFFFFFFFFFFFFFFFFFFFFFFFFFFFFFFFFFFFFFFFFFFFFFFFFFFFFFFFF
310
FFFFFFFFFFFFFFFFFFFFFFFFFFFFFFFFFFFFFFFFFFFFFFFFFFFFFFFFFFFFFFFF
310
FFFFFFFFFFFFFFFFFFFFFFFFFFFFFFFFFFFFFFFFFFFFFFFFFFFFFFFFFFFFFFFF
310
FFFFFCF9F9FFEBC4C5FFD45D5EFFCB1313FFCE0101FFCF0101FFCF0101FFCF01
310
01FFCF0101FFCF0101FFCF0101FFCF0101FFCF0101FFCF0101FFCF0101FFCE01
310
01FFC80606FFC43434FFD69E9EFFF3EBEBFFFEFFFFFFFFFFFFFFFFFFFFFFFFFF
310
FFFFFFFFFFFFFFFFFFFFFFFFFFFFFFFFFFFFFFFFFFFFFFFFFFFFFFFFFFFFFFFF
310
FFFFFFFFFFFFFFFFFFFFFFFFFFFFFFFFFFFFFFFFFFFFFFFFFFFFFFFFFFFFFFFF
310
FFFFFFFFFFFFFFFFFFFFFFFFFFFFFFFFFFFFFFFFFFFFFFFFFFFFFFFFFFFFFFFF
310
FFFFFFFFFFFFFFFFFFFFFFFFFFFFF9F7F7FFE2C1C1FFCA6060FFC80D0DFFCC01
310
01FFCF0000FFCF0000FFCF0000FFCF0000FFCF0000FFCF0000FFCF0000FFCF00
310
00FFCF0000FFD00000FFCA0000FFBE0808FFBC3A3AFFD29A9BFFF4EBEBFFFFFE
310
FEFFFFFFFFFFFFFFFFFFFFFFFFFFFFFFFFFFFFFFFFFFFFFFFFFFFFFFFFFFFFFF
310
FFFFFFFFFFFFFFFFFFFFFFFFFFFFFFFFFFFFFFFFFFFFFFFFFFFFFFFFFFFFFFFF
310
FFFFFFFFFFFFFFFFFFFFFFFFFFFFFFFFFFFFFFFFFFFFFFFFFFFFFFFFFFFFFFFF
310
FFFFFFFFFFFFFFFFFFFFFFFFFFFFFFFFFFFFFBF6F6FFEBC4C4FFD25B5CFFCE15
310
15FFCE0101FFCE0101FFCF0101FFCF0101FFCF0101FFCF0101FFCF0101FFCF01
310
01FFCF0101FFCF0101FFCF0101FFCE0000FFC70808FFC03636FFD99E9EFFF3E8
310
E9FFFDFDFDFFFFFFFFFFFFFFFFFFFFFFFFFFFFFFFFFFFFFFFFFFFFFFFFFFFFFF
310
FFFFFFFFFFFFFFFFFFFFFFFFFFFFFFFFFFFFFFFFFFFFFFFFFFFFFFFFFFFFFFFF
310
FFFFFFFFFFFFFFFFFFFFFFFFFFFFFFFFFFFFFFFFFFFFFFFFFFFFFFFFFFFFFFFF
310
FFFFFFFFFFFFFFFFFFFFFFFFFFFFFFFFFFFFFFFEFEFFF9F4F4FFE4BFBFFFCB5C
310
5CFFC61313FFCD0101FFCF0101FFCF0101FFCF0101FFCF0101FFCF0101FFCF01
310
01FFCF0101FFCF0101FFCF0101FFCE0101FFCD0101FFC40A0AFFBB3D3EFFCE9C
310
9DFFF2E9EAFFFEFEFEFFFFFFFFFFFFFFFFFFFFFFFFFFFFFFFFFFFFFFFFFFFFFF
310
FFFFFFFFFFFFFFFFFFFFFFFFFFFFFFFFFFFFFFFFFFFFFFFFFFFFFFFFFFFFFFFF
310
FFFFFFFFFFFFFFFFFFFFFFFFFFFFFFFFFFFFFFFFFFFFFFFFFFFFFFFFFFFFFFFF
310
FFFFFFFFFFFFFFFFFFFFFFFFFFFFFFFFFFFFFFFFFFFFFFFFFFFFFFFFFFFFFFFF
310
FFFFFBF8F8FFEBC8C8FFD85C5CFFCD1415FFCC0101FFCE0000FFCE0000FFCF00
310
00FFCF0000FFCF0000FFCF0101FFCF0101FFCF0101FFCF0101FFCF0101FFCF01
310
01FFC90707FFC13030FFD69B9DFFF0E7E8FFFDFEFEFFFFFFFFFFFFFFFFFFFFFF
310
FFFFFFFFFFFFFFFFFFFFFFFFFFFFFFFFFFFFFFFFFFFFFFFFFFFFFFFFFFFFFFFF
310
FFFFFFFFFFFFFFFFFFFFFFFFFFFFFFFFFFFFFFFFFFFFFFFFFFFFFFFFFFFFFFFF
310
FFFFFFFFFFFFFFFFFFFFFFFFFFFFFFFFFFFFFFFFFFFFFFFFFFFFFFFFFFFFFAF6
310
F6FFE4BBBAFFCE5353FFC91111FFCD0101FFCF0000FFCF0000FFCF0000FFCF00
310
00FFCF0000FFCF0000FFCF0000FFCF0000FFCF0000FFCE0000FFC90001FFC408
310
08FFBE3F40FFCFA7A7FFF1EAEAFFFEFDFDFFFFFFFFFFFFFFFFFFFFFFFFFFFFFF
310
FFFFFFFFFFFFFFFFFFFFFFFFFFFFFFFFFFFFFFFFFFFFFFFFFFFFFFFFFFFFFFFF
310
FFFFFFFFFFFFFFFFFFFFFFFFFFFFFFFFFFFFFFFFFFFFFFFFFFFFFFFFFFFFFFFF
310
FFFFFFFFFFFFFFFFFFFFFFFFFFFFFFFFFFFFFFFFFFFFFFFFFFFFFFFFFFFFFFFF
310
FFFFFFFFFFFFFFFFFFFFFFFFFFFFFFFFFFFFFCF7F7FFEDC4C4FFCE5B5CFFC714
310
14FFCB0101FFCB0000FFCE0000FFCF0000FFCF0000FFCF0101FFCF0101FFCF01
310
01FFCF0101FFCF0101FFCF0101FFCF0101FFCB0707FFC33637FFD29A9BFFEEE8
310
E8FFFEFEFEFFFFFFFFFFFFFFFFFFFFFFFFFFFFFFFFFFFFFFFFFFFFFFFFFFFFFF
310
FFFFFFFFFFFFFFFFFFFFFFFFFFFFFFFFFFFFFFFFFFFFFFFFFFFFFFFFFFFFFFFF
310
FFFFFFFFFFFFFFFFFFFFFFFFFFFFFFFFFFFFFFFFFFFFFFFFFFFFFFFFFFFFFFFF
310
FEFFFEFFFEFFF9F6F6FFE2C0C0FFCC595AFFC90E0FFFCE0000FFCF0000FFCF00
310
00FFCF0000FFCF0000FFCF0000FFCF0000FFCF0000FFCF0000FFCF0000FFCE00
310
00FFCD0000FFC50808FFBD3A3BFFD19D9EFFF3EFEFFFFEFEFEFFFFFFFFFFFFFF
310
FFFFFFFFFFFFFFFFFFFFFFFFFFFFFFFFFFFFFFFFFFFFFFFFFFFFFFFFFFFFFFFF
310
FFFFFFFFFFFFFFFFFFFFFFFFFFFFFFFFFFFFFFFFFFFFFFFFFFFFFFFFFFFFFFFF
310
FFFFFFFFFFFFFFFFFFFFFFFFFFFFFFFFFFFFFFFFFFFFFFFFFFFFFFFFFFFFFFFF
310
FFFFFFFFFFFFFFFFFFFFFFFFFFFFFFFFFFFFFFFFFFFFFFFFFFFFFFFFFFFFFFFF
310
FFFFFBF6F6FFE6C1C1FFD15E5FFFC81213FFCA0202FFCE0000FFCF0101FFCF00
310
00FFCF0101FFCF0101FFCF0101FFCF0101FFCF0101FFCF0101FFD00101FFD001
310
01FFC60707FFC33A3BFFD5999AFFF2EBEBFFFEFDFDFFFFFFFFFFFFFFFFFFFFFF
310
FFFFFFFFFFFFFFFFFFFFFFFFFFFFFFFFFFFFFFFFFFFFFFFFFFFFFFFFFFFFFFFF
310
FFFFFFFFFFFFFFFFFFFFFFFFFFFFFFFFFFFFFFFFFFFFFFFFFFFFFFFFFFFFFFFF
310
FFFFFFFFFFFFFFFFFEFFFFFFFEFFF7F4F4FFDCC0C0FFC65C5DFFC71617FFCD00
310
00FFCF0000FFCF0101FFCF0000FFCF0000FFCF0101FFCF0000FFCF0000FFCF00
310
00FFCF0001FFCD0000FFC80101FFC80909FFC03B3BFFD09B9BFFEFE5E5FFFFFF
310
FFFFFFFFFFFFFFFFFFFFFFFFFFFFFFFFFFFFFFFFFFFFFFFFFFFFFFFFFFFFFFFF
310
FFFFFFFFFFFFFFFFFFFFFFFFFFFFFFFFFFFFFFFFFFFFFFFFFFFFFFFFFFFFFFFF
310
FFFFFFFFFFFFFFFFFFFFFFFFFFFFFFFFFFFFFFFFFFFFFFFFFFFFFFFFFFFFFFFF
310
FFFFFFFFFFFFFFFFFFFFFFFFFFFFFFFFFFFFFFFFFFFFFFFFFFFFFFFFFFFFFFFF
310
FFFFFFFFFFFFFFFFFFFFFFFFFFFFFFFFFFFFFBFAFAFFEBC5C6FFCF5F60FFC411
310
12FFCB0101FFCC0101FFCE0000FFCF0101FFCF0101FFCF0101FFCF0101FFCF01
310
01FFCF0101FFCF0101FFCF0101FFCE0101FFC50707FFC43737FFD69898FFF2EA
310
EAFFFEFEFEFFFFFFFFFFFFFFFFFFFFFFFFFFFFFFFFFFFFFFFFFFFFFFFFFFFFFF
310
FFFFFFFFFFFFFFFFFFFFFFFFFFFFFFFFFFFFFFFFFFFFFFFFFFFFFFFFFFFFFFFF
310
FFFFFFFFFFFFFFFFFFFFFFFFFFFFFFFFFFFFFFFFFFFFF9F7F7FFDEBDBEFFC357
310
58FFC31112FFCC0101FFD00000FFCF0000FFCF0000FFCF0000FFCF0000FFCF00
310
00FFCF0000FFCF0000FFCF0000FFCE0000FFCA0000FFC20808FFBE3F3FFFD3A2
310
A2FFF1E9E9FFFEFEFEFFFFFFFFFFFFFFFFFFFFFFFFFFFFFFFFFFFFFFFFFFFFFF
310
FFFFFFFFFFFFFFFFFFFFFFFFFFFFFFFFFFFFFFFFFFFFFFFFFFFFFFFFFFFFFFFF
310
FFFFFFFFFFFFFFFFFFFFFFFFFFFFFFFFFFFFFFFFFFFFFFFFFFFFFFFFFFFFFFFF
310
FFFFFFFFFFFFFFFFFFFFFFFFFFFFFFFFFFFFFFFFFFFFFFFFFFFFFFFFFFFFFFFF
310
FFFFFFFFFFFFFFFFFFFFFFFFFFFFFFFFFFFFFFFFFFFFFFFFFFFFFFFFFFFFFFFF
310
FFFFFBF8F8FFE6C3C4FFCE5D5EFFC91616FFCB0202FFCE0000FFCF0101FFCF01
310
01FFCF0101FFCF0101FFCF0101FFCF0101FFCF0101FFCF0101FFCF0101FFCD00
310
00FFC60606FFC13435FFD2999AFFF2E8E9FFFEFDFDFFFFFFFFFFFFFFFFFFFFFF
310
FFFFFFFFFFFFFFFFFFFFFFFFFFFFFFFFFFFFFFFFFFFFFFFFFFFFFFFFFFFFFFFF
310
FFFFFFFFFFFFFFFFFFFFFFFFFFFFFFFFFFFFFFFFFFFFFFFFFFFFFFFFFEFFF6F4
310
F4FFDBBDBDFFC15657FFC11011FFCC0101FFCF0000FFCF0000FFCF0000FFCF00
310
00FFCF0000FFCF0000FFCF0000FFCF0000FFCF0000FFCF0000FFCA0000FFC108
310
08FFC13E3FFFD2A2A2FFF2ECECFFFEFEFEFFFFFFFFFFFFFFFFFFFFFFFFFFFFFF
310
FFFFFFFFFFFFFFFFFFFFFFFFFFFFFFFFFFFFFFFFFFFFFFFFFFFFFFFFFFFFFFFF
310
FFFFFFFFFFFFFFFFFFFFFFFFFFFFFFFFFFFFFFFFFFFFFFFFFFFFFFFFFFFFFFFF
310
FFFFFFFFFFFFFFFFFFFFFFFFFFFFFFFFFFFFFFFFFFFFFFFFFFFFFFFFFFFFFFFF
310
FFFFFFFFFFFFFFFFFFFFFFFFFFFFFFFFFFFFFFFFFFFFFFFFFFFFFFFFFFFFFFFF
310
FFFFFFFFFFFFFFFFFFFFFFFFFFFFFFFFFFFFFBF9F8FFE9C2C1FFD16060FFC814
310
15FFCC0101FFCF0101FFCF0101FFCF0101FFCF0101FFCF0101FFCF0101FFCF01
310
01FFCF0101FFCF0101FFCF0101FFCD0000FFC20506FFBE3738FFD79B9BFFF2E6
310
E7FFFEFEFEFFFFFFFFFFFFFFFFFFFFFFFFFFFFFFFFFFFFFFFFFFFFFFFFFFFFFF
310
FFFFFFFFFFFFFFFFFFFFFFFFFFFFFFFFFFFFFFFFFFFFFFFFFFFFFFFFFFFFFFFF
310
FFFFFFFFFFFFF8F5F5FFDEBFBFFFBD5C5DFFBC1111FFC80101FFCE0000FFCF00
310
00FFCF0000FFCF0000FFCF0000FFCF0000FFCF0000FFCF0000FFCF0000FFCC00
310
01FFCB0001FFC30A0AFFBA3C3CFFD49D9DFFF2E8E8FFFEFEFEFFFFFFFFFFFFFF
310
FFFFFFFFFFFFFFFFFFFFFFFFFFFFFFFFFFFFFFFFFFFFFFFFFFFFFFFFFFFFFFFF
310
FFFFFFFFFFFFFFFFFFFFFFFFFFFFFFFFFFFFFFFFFFFFFFFFFFFFFFFFFFFFFFFF
310
FFFFFFFFFFFFFFFFFFFFFFFFFFFFFFFFFFFFFFFFFFFFFFFFFFFFFFFFFFFFFFFF
310
FFFFFFFFFFFFFFFFFFFFFFFFFFFFFFFFFFFFFFFFFFFFFFFFFFFFFFFFFFFFFFFF
310
FFFFFFFFFFFFFFFFFFFFFFFFFFFFFFFFFFFFFFFFFFFFFFFFFFFFFFFFFFFFFFFF
310
FFFFF9F9F9FFE6C7C7FFCD5E5FFFC61516FFCA0202FFCD0101FFCE0101FFCF01
310
01FFCF0101FFCF0101FFCF0101FFCF0101FFCF0101FFCF0101FFCF0101FFCE01
310
01FFC60808FFC03232FFD49999FFEFE8E8FFFDFEFEFFFFFFFFFFFFFFFFFFFFFF
310
FFFFFFFFFFFFFFFFFFFFFFFFFFFFFFFFFFFFFFFFFFFFFFFFFFFFFFFFFFFFFFFF
310
FFFFFFFFFFFFFFFFFFFFFFFFFFFFF9F5F5FFDFBDBDFFC15D5DFFBA1011FFCA01
310
01FFCF0000FFCF0101FFCF0000FFCF0000FFCF0000FFCF0101FFCF0000FFCF00
310
00FFCF0000FFCF0000FFC60101FFC0090AFFBF3E3EFFCA9F9FFFF2ECECFFFFFE
310
FEFFFFFFFFFFFFFFFFFFFFFFFFFFFFFFFFFFFFFFFFFFFFFFFFFFFFFFFFFFFFFF
310
FFFFFFFFFFFFFFFFFFFFFFFFFFFFFFFFFFFFFFFFFFFFFFFFFFFFFFFFFFFFFFFF
310
FFFFFFFFFFFFFFFFFFFFFFFFFFFFFFFFFFFFFFFFFFFFFFFFFFFFFFFFFFFFFFFF
310
FFFFFFFFFFFFFFFFFFFFFFFFFFFFFFFFFFFFFFFFFFFFFFFFFFFFFFFFFFFFFFFF
310
FFFFFFFFFFFFFFFFFFFFFFFFFFFFFFFFFFFFFFFFFFFFFFFFFFFFFFFFFFFFFFFF
310
FFFFFFFFFFFFFFFFFFFFFFFFFFFFFFFFFFFFFAF7F7FFE9C9C9FFCA5F5FFFC417
310
17FFC50203FFCB0101FFD00101FFCF0101FFCF0101FFCF0101FFCF0101FFCF01
310
01FFCF0101FFCF0101FFCF0101FFCF0000FFCA0707FFBE3232FFD09B9BFFEFE7
310
E8FFFDFDFDFFFFFFFFFFFFFFFFFFFFFFFFFFFFFFFFFFFFFFFFFFFFFFFFFFFFFF
310
FFFFFFFFFFFFFFFFFFFFFFFFFFFFFFFFFFFFFFFFFFFFF9F4F4FFDFBBBBFFC056
310
56FFBD1313FFCB0101FFCF0000FFCF0000FFCF0000FFCF0000FFCF0000FFCF00
310
00FFCF0000FFCF0000FFCF0000FFCF0000FFCE0101FFC60909FFBE3D3DFFD0A0
310
A0FFF0EAEAFFFDFEFEFFFFFFFFFFFFFFFFFFFFFFFFFFFFFFFFFFFFFFFFFFFFFF
310
FFFFFFFFFFFFFFFFFFFFFFFFFFFFFFFFFFFFFFFFFFFFFFFFFFFFFFFFFFFFFFFF
310
FFFFFFFFFFFFFFFFFFFFFFFFFFFFFFFFFFFFFFFFFFFFFFFFFFFFFFFFFFFFFFFF
310
FFFFFFFFFFFFFFFFFFFFFFFFFFFFFFFFFFFFFFFFFFFFFFFFFFFFFFFFFFFFFFFF
310
FFFFFFFFFFFFFFFFFFFFFFFFFFFFFFFFFFFFFFFFFFFFFFFFFFFFFFFFFFFFFFFF
310
FFFFFFFFFFFFFFFFFFFFFFFFFFFFFFFFFFFFFFFFFFFFFFFFFFFFFFFFFFFFFFFF
310
FFFFFBF8F8FFE9C7C7FFCF5E5FFFBC1819FFC30202FFCF0101FFCF0101FFCF01
310
01FFCF0101FFCF0101FFCF0101FFCF0101FFCF0101FFCF0101FFD00101FFD001
310
01FFC90707FFC03535FFD39A9BFFF0E5E6FFFDFEFEFFFFFFFFFFFFFFFFFFFFFF
310
FFFFFFFFFFFFFFFFFFFFFFFFFFFFFFFFFFFFFFFFFFFFFFFFFFFFFFFFFFFFFAF6
310
F6FFDEBCBCFFC25555FFC01010FFCB0101FFCF0000FFCF0000FFCF0000FFCF00
310
00FFCF0000FFCF0000FFCF0000FFCF0000FFCF0000FFCF0000FFCB0000FFC908
310
08FFC53F3FFFD5A3A4FFF2EAEAFFFEFDFDFFFFFFFFFFFFFFFFFFFFFFFFFFFFFF
310
FFFFFFFFFFFFFFFFFFFFFFFFFFFFFFFFFFFFFFFFFFFFFFFFFFFFFFFFFFFFFFFF
310
FFFFFFFFFFFFFFFFFFFFFFFFFFFFFFFFFFFFFFFFFFFFFFFFFFFFFFFFFFFFFFFF
310
FFFFFFFFFFFFFFFFFFFFFFFFFFFFFFFFFFFFFFFFFFFFFFFFFFFFFFFFFFFFFFFF
310
FFFFFFFFFFFFFFFFFFFFFFFFFFFFFFFFFFFFFFFFFFFFFFFFFFFFFFFFFFFFFFFF
310
FFFFFFFFFFFFFFFFFFFFFFFFFFFFFFFFFFFFFFFFFFFFFFFFFFFFFFFFFFFFFFFF
310
FFFFFFFFFFFFFFFFFFFFFFFFFFFFFFFFFFFFFBF7F7FFECC7C8FFC76162FFBC16
310
17FFC40202FFC80102FFCF0101FFCF0101FFCF0101FFCF0101FFCF0101FFCF01
310
01FFCF0101FFCF0101FFCF0101FFCF0101FFC70808FFBF3435FFD09697FFEEE9
310
EAFFFEFEFEFFFFFFFFFFFFFFFFFFFFFFFFFFFFFFFFFFFFFFFFFFFFFFFFFFFFFF
310
FFFFFEFFFFFFF9F5F5FFDFBFBFFFC0595AFFBD1112FFCB0000FFD00000FFCF00
310
00FFCF0101FFCF0000FFCF0101FFCF0000FFCF0000FFCF0000FFCF0000FFCE00
310
00FFCE0000FFC90809FFBC3C3DFFD09F9FFFF4EDEDFFFEFEFEFFFFFFFFFFFFFF
310
FFFFFFFFFFFFFFFFFFFFFFFFFFFFFFFFFFFFFFFFFFFFFFFFFFFFFFFFFFFFFFFF
310
FFFFFFFFFFFFFFFFFFFFFFFFFFFFFFFFFFFFFFFFFFFFFFFFFFFFFFFFFFFFFFFF
310
FFFFFFFFFFFFFFFFFFFFFFFFFFFFFFFFFFFFFFFFFFFFFFFFFFFFFFFFFFFFFFFF
310
FFFFFFFFFFFFFFFFFFFFFFFFFFFFFFFFFFFFFFFFFFFFFFFFFFFFFFFFFFFFFFFF
310
FFFFFFFFFFFFFFFFFFFFFFFFFFFFFFFFFFFFFFFFFFFFFFFFFFFFFFFFFFFFFFFF
310
FFFFFFFFFFFFFFFFFFFFFFFFFFFFFFFFFFFFFFFFFFFFFFFFFFFFFFFFFFFFFFFF
310
FFFFFCF9F9FFE7C4C5FFCF6566FFC01616FFC30203FFCF0101FFCF0101FFCF01
310
01FFCF0101FFCF0101FFCF0101FFCF0101FFCF0101FFCF0101FFCF0101FFCE01
310
01FFC30505FFBC3536FFCF9495FFF3EAEAFFFEFDFDFFFFFFFFFFFFFFFFFFFFFF
310
FFFFFFFFFFFFFFFFFFFFFFFFFFFFF7F5F4FFDEBFBFFFC45959FFBD1516FFC700
310
00FFCF0000FFCF0000FFCF0000FFCF0101FFCF0000FFCF0000FFCF0000FFCF00
310
00FFCF0000FFCE0000FFCB0000FFC4090AFFC63C3DFFD49F9FFFEDE6E6FFFFFF
310
FFFFFFFFFFFFFFFFFFFFFFFFFFFFFFFFFFFFFFFFFFFFFFFFFFFFFFFFFFFFFFFF
310
FFFFFFFFFFFFFFFFFFFFFFFFFFFFFFFFFFFFFFFFFFFFFFFFFFFFFFFFFFFFFFFF
310
FFFFFFFFFFFFFFFFFFFFFFFFFFFFFFFFFFFFFFFFFFFFFFFFFFFFFFFFFFFFFFFF
310
FFFFFFFFFFFFFFFFFFFFFFFFFFFFFFFFFFFFFFFFFFFFFFFFFFFFFFFFFFFFFFFF
310
FFFFFFFFFFFFFFFFFFFFFFFFFFFFFFFFFFFFFFFFFFFFFFFFFFFFFFFFFFFFFFFF
310
FFFFFFFFFFFFFFFFFFFFFFFFFFFFFFFFFFFFFFFFFFFFFFFFFFFFFFFFFFFFFFFF
310
FFFFFFFFFFFFFFFFFFFFFFFFFFFFFFFFFFFFFDFAFAFFECC7C7FFCA6363FFB917
310
17FFC50202FFCB0101FFCE0101FFCF0101FFCF0101FFCF0101FFCF0101FFCF01
310
01FFCF0101FFCF0101FFCF0101FFCD0101FFBF0404FFBC3334FFD39999FFF0E8
310
E8FFFDFEFEFFFFFFFFFFFFFFFFFFFFFFFFFFFFFFFFFFF8F6F6FFDDBDBDFFC059
310
5AFFBF0E0EFFC90101FFCF0000FFCF0000FFCF0000FFCF0000FFCF0000FFCF00
310
00FFCF0000FFCF0000FFCF0000FFCD0000FFC90000FFC10808FFB73D3EFFD3A1
310
A1FFF5EDEDFFFFFEFEFFFFFFFFFFFFFFFFFFFFFFFFFFFFFFFFFFFFFFFFFFFFFF
310
FFFFFFFFFFFFFFFFFFFFFFFFFFFFFFFFFFFFFFFFFFFFFFFFFFFFFFFFFFFFFFFF
310
FFFFFFFFFFFFFFFFFFFFFFFFFFFFFFFFFFFFFFFFFFFFFFFFFFFFFFFFFFFFFFFF
310
FFFFFFFFFFFFFFFFFFFFFFFFFFFFFFFFFFFFFFFFFFFFFFFFFFFFFFFFFFFFFFFF
310
FFFFFFFFFFFFFFFFFFFFFFFFFFFFFFFFFFFFFFFFFFFFFFFFFFFFFFFFFFFFFFFF
310
FFFFFFFFFFFFFFFFFFFFFFFFFFFFFFFFFFFFFFFFFFFFFFFFFFFFFFFFFFFFFFFF
310
FFFFFFFFFFFFFFFFFFFFFFFFFFFFFFFFFFFFFFFFFFFFFFFFFFFFFFFFFFFFFFFF
310
FFFFFBF7F7FFE4C7C7FFC46565FFBB191AFFC30202FFCD0101FFCF0101FFCF01
310
01FFCF0101FFCF0101FFCF0101FFCF0101FFCF0101FFCF0101FFCF0101FFCB01
310
01FFC20707FFBD3434FFCF9798FFF3E9E9FFFEFEFEFFFFFFFFFFFFFFFFFFFBFA
310
FAFFE7C9C9FFC65A5AFFBF1212FFC90101FFCF0101FFCF0101FFCF0000FFCF00
310
00FFCF0000FFCF0000FFCF0000FFCF0000FFCF0000FFCF0000FFC90101FFBE0C
310
0DFFBB4444FFCBA2A2FFF0EAEAFFFEFEFEFFFFFFFFFFFFFFFFFFFFFFFFFFFFFF
310
FFFFFFFFFFFFFFFFFFFFFFFFFFFFFFFFFFFFFFFFFFFFFFFFFFFFFFFFFFFFFFFF
310
FFFFFFFFFFFFFFFFFFFFFFFFFFFFFFFFFFFFFFFFFFFFFFFFFFFFFFFFFFFFFFFF
310
FFFFFFFFFFFFFFFFFFFFFFFFFFFFFFFFFFFFFFFFFFFFFFFFFFFFFFFFFFFFFFFF
310
FFFFFFFFFFFFFFFFFFFFFFFFFFFFFFFFFFFFFFFFFFFFFFFFFFFFFFFFFFFFFFFF
310
FFFFFFFFFFFFFFFFFFFFFFFFFFFFFFFFFFFFFFFFFFFFFFFFFFFFFFFFFFFFFFFF
310
FFFFFFFFFFFFFFFFFFFFFFFFFFFFFFFFFFFFFFFFFFFFFFFFFFFFFFFFFFFFFFFF
310
FFFFFFFFFFFFFFFFFFFFFFFFFFFFFFFFFFFFFCFAFAFFE8C8C8FFC86565FFBD18
310
18FFC40202FFCD0101FFCF0101FFCF0101FFCF0101FFCF0101FFCF0101FFCF01
310
01FFCF0101FFCF0101FFCF0101FFCE0000FFC40505FFC04040FFE6C9C9FFFCFB
310
FBFFFFFFFFFFFFFFFFFFF6F1F1FFDD9B9BFFC61919FFCA0101FFCF0101FFCF01
310
01FFCF0101FFCF0000FFCF0000FFCF0000FFCF0101FFCF0000FFCF0101FFCF00
310
00FFCD0000FFC30909FFBB3F41FFCFA8A9FFF1ECECFFFEFEFEFFFFFFFFFFFFFF
310
FFFFFFFFFFFFFFFFFFFFFFFFFFFFFFFFFFFFFFFFFFFFFFFFFFFFFFFFFFFFFFFF
310
FFFFFFFFFFFFFFFFFFFFFFFFFFFFFFFFFFFFFFFFFFFFFFFFFFFFFFFFFFFFFFFF
310
FFFFFFFFFFFFFFFFFFFFFFFFFFFFFFFFFFFFFFFFFFFFFFFFFFFFFFFFFFFFFFFF
310
FFFFFFFFFFFFFFFFFFFFFFFFFFFFFFFFFFFFFFFFFFFFFFFFFFFFFFFFFFFFFFFF
310
FFFFFFFFFFFFFFFFFFFFFFFFFFFFFFFFFFFFFFFFFFFFFFFFFFFFFFFFFFFFFFFF
310
FFFFFFFFFFFFFFFFFFFFFFFFFFFFFFFFFFFFFFFFFFFFFFFFFFFFFFFFFFFFFFFF
310
FFFFFFFFFFFFFFFFFFFFFFFFFFFFFFFFFFFFFFFFFFFFFFFFFFFFFFFFFFFFFFFF
310
FFFFFCF9F9FFEACCCDFFC46263FFB51819FFC40202FFCD0101FFCF0101FFCF01
310
01FFCF0101FFCF0101FFCF0101FFCF0101FFCF0101FFCF0101FFCF0101FFCE01
310
01FFD32B2BFFE6BABAFFFAF8F8FFFFFFFFFFFFFFFFFFF7F0F0FFDF9595FFC913
310
13FFCD0000FFCF0101FFCF0101FFCF0101FFCF0000FFCF0000FFCF0000FFCF00
310
00FFCF0000FFCF0000FFCE0000FFC60A0AFFBD3F3FFFCE9E9FFFF5F0F0FFFFFF
310
FFFFFFFFFFFFFFFFFFFFFFFFFFFFFFFFFFFFFFFFFFFFFFFFFFFFFFFFFFFFFFFF
310
FFFFFFFFFFFFFFFFFFFFFFFFFFFFFFFFFFFFFFFFFFFFFFFFFFFFFFFFFFFFFFFF
310
FFFFFFFFFFFFFFFFFFFFFFFFFFFFFFFFFFFFFFFFFFFFFFFFFFFFFFFFFFFFFFFF
310
FFFFFFFFFFFFFFFFFFFFFFFFFFFFFFFFFFFFFFFFFFFFFFFFFFFFFFFFFFFFFFFF
310
FFFFFFFFFFFFFFFFFFFFFFFFFFFFFFFFFFFFFFFFFFFFFFFFFFFFFFFFFFFFFFFF
310
FFFFFFFFFFFFFFFFFFFFFFFFFFFFFFFFFFFFFFFFFFFFFFFFFFFFFFFFFFFFFFFF
310
FFFFFFFFFFFFFFFFFFFFFFFFFFFFFFFFFFFFFFFFFFFFFFFFFFFFFFFFFFFFFFFF
310
FFFFFFFFFFFFFFFFFFFFFFFFFFFFFFFFFFFFFCF8F8FFE9C9C9FFC46364FFBB19
310
19FFC40202FFCD0101FFD00101FFCF0101FFCF0101FFCF0101FFCF0101FFCF01
310
01FFCF0101FFCF0101FFCF0101FFD52A2AFFE6B9B9FFF9F8F8FFFFFFFFFFFFFF
310
FFFFF7EFEFFFDF9595FFCA1313FFCE0000FFCF0101FFCF0101FFCF0101FFCF00
310
00FFCF0000FFCF0000FFCF0000FFCE0000FFCD0101FFCA0A0AFFC44141FFD2A3
310
A4FFF0E9E9FFFEFEFEFFFFFFFFFFFFFFFFFFFFFFFFFFFFFFFFFFFFFFFFFFFFFF
310
FFFFFFFFFFFFFFFFFFFFFFFFFFFFFFFFFFFFFFFFFFFFFFFFFFFFFFFFFFFFFFFF
310
FFFFFFFFFFFFFFFFFFFFFFFFFFFFFFFFFFFFFFFFFFFFFFFFFFFFFFFFFFFFFFFF
310
FFFFFFFFFFFFFFFFFFFFFFFFFFFFFFFFFFFFFFFFFFFFFFFFFFFFFFFFFFFFFFFF
310
FFFFFFFFFFFFFFFFFFFFFFFFFFFFFFFFFFFFFFFFFFFFFFFFFFFFFFFFFFFFFFFF
310
FFFFFFFFFFFFFFFFFFFFFFFFFFFFFFFFFFFFFFFFFFFFFFFFFFFFFFFFFFFFFFFF
310
FFFFFFFFFFFFFFFFFFFFFFFFFFFFFFFFFFFFFFFFFFFFFFFFFFFFFFFFFFFFFFFF
310
FFFFFFFFFFFFFFFFFFFFFFFFFFFFFFFFFFFFFFFFFFFFFFFFFFFFFFFFFFFFFFFF
310
FFFFFCF9F9FFE7CECEFFCA6465FFC41819FFCB0202FFD00101FFCF0101FFCF01
310
01FFCF0101FFCF0101FFCF0101FFCF0101FFCF0101FFCF0101FFD42A2AFFE6BA
310
BAFFFAF8F8FFFFFFFFFFFFFFFFFFF7F0F0FFDF9595FFCA1313FFCE0000FFCF01
310
01FFCF0101FFCF0101FFCF0000FFCF0000FFCF0000FFCF0000FFCE0000FFC709
310
0AFFC74646FFDBAAA9FFF3ECECFFFEFEFEFFFFFFFFFFFFFFFFFFFFFFFFFFFFFF
310
FFFFFFFFFFFFFFFFFFFFFFFFFFFFFFFFFFFFFFFFFFFFFFFFFFFFFFFFFFFFFFFF
310
FFFFFFFFFFFFFFFFFFFFFFFFFFFFFFFFFFFFFFFFFFFFFFFFFFFFFFFFFFFFFFFF
310
FFFFFFFFFFFFFFFFFFFFFFFFFFFFFFFFFFFFFFFFFFFFFFFFFFFFFFFFFFFFFFFF
310
FFFFFFFFFFFFFFFFFFFFFFFFFFFFFFFFFFFFFFFFFFFFFFFFFFFFFFFFFFFFFFFF
310
FFFFFFFFFFFFFFFFFFFFFFFFFFFFFFFFFFFFFFFFFFFFFFFFFFFFFFFFFFFFFFFF
310
FFFFFFFFFFFFFFFFFFFFFFFFFFFFFFFFFFFFFFFFFFFFFFFFFFFFFFFFFFFFFFFF
310
FFFFFFFFFFFFFFFFFFFFFFFFFFFFFFFFFFFFFFFFFFFFFFFFFFFFFFFFFFFFFFFF
310
FFFFFFFFFFFFFFFFFFFFFFFFFFFFFFFFFFFFFBF9F9FFEAC8C9FFCD6667FFC219
310
1AFFCA0202FFCD0101FFCF0101FFCF0101FFCF0101FFCF0101FFCF0101FFCF01
310
01FFCF0101FFD42A2AFFE6BABAFFFAF8F8FFFFFFFFFFFFFFFFFFF7F0F0FFE095
310
95FFCA1313FFCE0000FFCF0101FFCF0101FFCF0101FFCF0000FFCF0000FFCE00
310
00FFCD0101FFC50909FFBF4242FFD8A6A6FFF6EFEFFFFFFEFEFFFFFFFFFFFFFF
310
FFFFFFFFFFFFFFFFFFFFFFFFFFFFFFFFFFFFFFFFFFFFFFFFFFFFFFFFFFFFFFFF
310
FFFFFFFFFFFFFFFFFFFFFFFFFFFFFFFFFFFFFFFFFFFFFFFFFFFFFFFFFFFFFFFF
310
FFFFFFFFFFFFFFFFFFFFFFFFFFFFFFFFFFFFFFFFFFFFFFFFFFFFFFFFFFFFFFFF
310
FFFFFFFFFFFFFFFFFFFFFFFFFFFFFFFFFFFFFFFFFFFFFFFFFFFFFFFFFFFFFFFF
310
FFFFFFFFFFFFFFFFFFFFFFFFFFFFFFFFFFFFFFFFFFFFFFFFFFFFFFFFFFFFFFFF
310
FFFFFFFFFFFFFFFFFFFFFFFFFFFFFFFFFFFFFFFFFFFFFFFFFFFFFFFFFFFFFFFF
310
FFFFFFFFFFFFFFFFFFFFFFFFFFFFFFFFFFFFFFFFFFFFFFFFFFFFFFFFFFFFFFFF
310
FFFFFFFFFFFFFFFFFFFFFFFFFFFFFFFFFFFFFFFFFFFFFFFFFFFFFFFFFFFFFFFF
310
FFFFFCFAFAFFE6C6C6FFCD6667FFC61616FFCC0202FFCF0101FFCF0101FFCF01
310
01FFCF0101FFCF0101FFCF0101FFCF0101FFD42A2AFFE6BABAFFFAF8F8FFFFFF
310
FFFFFFFFFFFFF7F0F0FFE09595FFCA1313FFCE0000FFCF0101FFCF0101FFCF01
310
01FFCF0000FFCF0000FFCC0000FFC50B0BFFBD4242FFD2A2A2FFF0E9E9FFFFFF
310
FFFFFFFFFFFFFFFFFFFFFFFFFFFFFFFFFFFFFFFFFFFFFFFFFFFFFFFFFFFFFFFF
310
FFFFFFFFFFFFFFFFFFFFFFFFFFFFFFFFFFFFFFFFFFFFFFFFFFFFFFFFFFFFFFFF
310
FFFFFFFFFFFFFFFFFFFFFFFFFFFFFFFFFFFFFFFFFFFFFFFFFFFFFFFFFFFFFFFF
310
FFFFFFFFFFFFFFFFFFFFFFFFFFFFFFFFFFFFFFFFFFFFFFFFFFFFFFFFFFFFFFFF
310
FFFFFFFFFFFFFFFFFFFFFFFFFFFFFFFFFFFFFFFFFFFFFFFFFFFFFFFFFFFFFFFF
310
FFFFFFFFFFFFFFFFFFFFFFFFFFFFFFFFFFFFFFFFFFFFFFFFFFFFFFFFFFFFFFFF
310
FFFFFFFFFFFFFFFFFFFFFFFFFFFFFFFFFFFFFFFFFFFFFFFFFFFFFFFFFFFFFFFF
310
FFFFFFFFFFFFFFFFFFFFFFFFFFFFFFFFFFFFFFFFFFFFFFFFFFFFFFFFFFFFFFFF
310
FFFFFFFFFFFFFFFFFFFFFFFFFFFFFFFFFFFFFCFAFAFFEBC9C9FFD16565FFC717
310
17FFCD0202FFCF0101FFCF0101FFCF0101FFCF0101FFCF0101FFCF0101FFD42A
310
2AFFE6BABAFFFAF8F8FFFFFFFFFFFFFFFFFFF7F0F0FFE09595FFCA1313FFCE00
310
00FFCF0101FFCF0101FFCF0101FFCE0000FFC90000FFC10808FFC14344FFD1A8
310
A9FFF2EDEEFFFEFEFEFFFFFFFFFFFFFFFFFFFFFFFFFFFFFFFFFFFFFFFFFFFFFF
310
FFFFFFFFFFFFFFFFFFFFFFFFFFFFFFFFFFFFFFFFFFFFFFFFFFFFFFFFFFFFFFFF
310
FFFFFFFFFFFFFFFFFFFFFFFFFFFFFFFFFFFFFFFFFFFFFFFFFFFFFFFFFFFFFFFF
310
FFFFFFFFFFFFFFFFFFFFFFFFFFFFFFFFFFFFFFFFFFFFFFFFFFFFFFFFFFFFFFFF
310
FFFFFFFFFFFFFFFFFFFFFFFFFFFFFFFFFFFFFFFFFFFFFFFFFFFFFFFFFFFFFFFF
310
FFFFFFFFFFFFFFFFFFFFFFFFFFFFFFFFFFFFFFFFFFFFFFFFFFFFFFFFFFFFFFFF
310
FFFFFFFFFFFFFFFFFFFFFFFFFFFFFFFFFFFFFFFFFFFFFFFFFFFFFFFFFFFFFFFF
310
FFFFFFFFFFFFFFFFFFFFFFFFFFFFFFFFFFFFFFFFFFFFFFFFFFFFFFFFFFFFFFFF
310
FFFFFFFFFFFFFFFFFFFFFFFFFFFFFFFFFFFFFFFFFFFFFFFFFFFFFFFFFFFFFFFF
310
FFFFFCF9F9FFEAC9CAFFD06465FFC91B1BFFCB0203FFCD0101FFCE0101FFCF01
310
01FFCF0101FFCF0101FFD42A2AFFE6BABAFFFAF8F8FFFFFFFFFFFFFFFFFFF7F0
310
F0FFE09595FFCA1313FFCE0000FFCF0101FFCF0101FFCF0101FFCD0101FFC10D
310
0DFFBB4445FFD6A7A8FFF3ECECFFFEFEFEFFFFFFFFFFFFFFFFFFFFFFFFFFFFFF
310
FFFFFFFFFFFFFFFFFFFFFFFFFFFFFFFFFFFFFFFFFFFFFFFFFFFFFFFFFFFFFFFF
310
FFFFFFFFFFFFFFFFFFFFFFFFFFFFFFFFFFFFFFFFFFFFFFFFFFFFFFFFFFFFFFFF
310
FFFFFFFFFFFFFFFFFFFFFFFFFFFFFFFFFFFFFFFFFFFFFFFFFFFFFFFFFFFFFFFF
310
FFFFFFFFFFFFFFFFFFFFFFFFFFFFFFFFFFFFFFFFFFFFFFFFFFFFFFFFFFFFFFFF
310
FFFFFFFFFFFFFFFFFFFFFFFFFFFFFFFFFFFFFFFFFFFFFFFFFFFFFFFFFFFFFFFF
310
FFFFFFFFFFFFFFFFFFFFFFFFFFFFFFFFFFFFFFFFFFFFFFFFFFFFFFFFFFFFFFFF
310
FFFFFFFFFFFFFFFFFFFFFFFFFFFFFFFFFFFFFFFFFFFFFFFFFFFFFFFFFFFFFFFF
310
FFFFFFFFFFFFFFFFFFFFFFFFFFFFFFFFFFFFFFFFFFFFFFFFFFFFFFFFFFFFFFFF
310
FFFFFFFFFFFFFFFFFFFFFFFFFFFFFFFFFFFFFDFAFAFFEDCACBFFD26767FFC818
310
19FFC90202FFCD0101FFCF0101FFCF0101FFCF0101FFD42A2AFFE6BABAFFFAF8
310
F8FFFFFFFFFFFFFFFFFFF7F0F0FFE09595FFCA1313FFCE0000FFCF0101FFD001
310
01FFCE0000FFC8090AFFC34243FFD1A8A8FFF5EFEFFFFEFEFEFFFFFFFFFFFFFF
310
FFFFFFFFFFFFFFFFFFFFFFFFFFFFFFFFFFFFFFFFFFFFFFFFFFFFFFFFFFFFFFFF
310
FFFFFFFFFFFFFFFFFFFFFFFFFFFFFFFFFFFFFFFFFFFFFFFFFFFFFFFFFFFFFFFF
310
FFFFFFFFFFFFFFFFFFFFFFFFFFFFFFFFFFFFFFFFFFFFFFFFFFFFFFFFFFFFFFFF
310
FFFFFFFFFFFFFFFFFFFFFFFFFFFFFFFFFFFFFFFFFFFFFFFFFFFFFFFFFFFFFFFF
310
FFFFFFFFFFFFFFFFFFFFFFFFFFFFFFFFFFFFFFFFFFFFFFFFFFFFFFFFFFFFFFFF
310
FFFFFFFFFFFFFFFFFFFFFFFFFFFFFFFFFFFFFFFFFFFFFFFFFFFFFFFFFFFFFFFF
310
FFFFFFFFFFFFFFFFFFFFFFFFFFFFFFFFFFFFFFFFFFFFFFFFFFFFFFFFFFFFFFFF
310
FFFFFFFFFFFFFFFFFFFFFFFFFFFFFFFFFFFFFFFFFFFFFFFFFFFFFFFFFFFFFFFF
310
FFFFFFFFFFFFFFFFFFFFFFFFFFFFFFFFFFFFFFFFFFFFFFFFFFFFFFFFFFFFFFFF
310
FFFFFAF8F8FFE9CCCCFFD26364FFC91718FFCD0202FFCF0101FFCF0101FFCF01
310
01FFD42A2AFFE6BABAFFFAF8F8FFFFFFFFFFFFFFFFFFF7F0F0FFE09595FFCA13
310
13FFCE0000FFD00101FFCF0101FFC60A0BFFC14142FFD4A1A2FFF3EEEEFFFEFF
310
FFFFFFFFFFFFFFFFFFFFFFFFFFFFFFFFFFFFFFFFFFFFFFFFFFFFFFFFFFFFFFFF
310
FFFFFFFFFFFFFFFFFFFFFFFFFFFFFFFFFFFFFFFFFFFFFFFFFFFFFFFFFFFFFFFF
310
FFFFFFFFFFFFFFFFFFFFFFFFFFFFFFFFFFFFFFFFFFFFFFFFFFFFFFFFFFFFFFFF
310
FFFFFFFFFFFFFFFFFFFFFFFFFFFFFFFFFFFFFFFFFFFFFFFFFFFFFFFFFFFFFFFF
310
FFFFFFFFFFFFFFFFFFFFFFFFFFFFFFFFFFFFFFFFFFFFFFFFFFFFFFFFFFFFFFFF
310
FFFFFFFFFFFFFFFFFFFFFFFFFFFFFFFFFFFFFFFFFFFFFFFFFFFFFFFFFFFFFFFF
310
FFFFFFFFFFFFFFFFFFFFFFFFFFFFFFFFFFFFFFFFFFFFFFFFFFFFFFFFFFFFFFFF
310
FFFFFFFFFFFFFFFFFFFFFFFFFFFFFFFFFFFFFFFFFFFFFFFFFFFFFFFFFFFFFFFF
310
FFFFFFFFFFFFFFFFFFFFFFFFFFFFFFFFFFFFFFFFFFFFFFFFFFFFFFFFFFFFFFFF
310
FFFFFFFFFFFFFFFFFFFFFFFFFFFFFFFFFFFFFBF9F9FFEECBCBFFD36464FFCB17
310
17FFCE0202FFCF0101FFCF0101FFD42A2AFFE6BABAFFFAF8F8FFFFFFFFFFFFFF
310
FFFFF7F0F0FFE09595FFCA1313FFCE0000FFCF0101FFCA0A0AFFBF4444FFD2A8
310
A9FFF2EAEAFFFEFEFEFFFFFFFFFFFFFFFFFFFFFFFFFFFFFFFFFFFFFFFFFFFFFF
310
FFFFFFFFFFFFFFFFFFFFFFFFFFFFFFFFFFFFFFFFFFFFFFFFFFFFFFFFFFFFFFFF
310
FFFFFFFFFFFFFFFFFFFFFFFFFFFFFFFFFFFFFFFFFFFFFFFFFFFFFFFFFFFFFFFF
310
FFFFFFFFFFFFFFFFFFFFFFFFFFFFFFFFFFFFFFFFFFFFFFFFFFFFFFFFFFFFFFFF
310
FFFFFFFFFFFFFFFFFFFFFFFFFFFFFFFFFFFFFFFFFFFFFFFFFFFFFFFFFFFFFFFF
310
FFFFFFFFFFFFFFFFFFFFFFFFFFFFFFFFFFFFFFFFFFFFFFFFFFFFFFFFFFFFFFFF
310
FFFFFFFFFFFFFFFFFFFFFFFFFFFFFFFFFFFFFFFFFFFFFFFFFFFFFFFFFFFFFFFF
310
FFFFFFFFFFFFFFFFFFFFFFFFFFFFFFFFFFFFFFFFFFFFFFFFFFFFFFFFFFFFFFFF
310
FFFFFFFFFFFFFFFFFFFFFFFFFFFFFFFFFFFFFFFFFFFFFFFFFFFFFFFFFFFFFFFF
310
FFFFFFFFFFFFFFFFFFFFFFFFFFFFFFFFFFFFFFFFFFFFFFFFFFFFFFFFFFFFFFFF
310
FFFFFCF9F9FFEACCCCFFD56666FFCE1A1AFFCF0202FFCF0000FFD42A2AFFE6BA
310
BAFFFAF8F8FFFFFFFFFFFFFFFFFFF7F0F0FFE09595FFCA1313FFCC0000FFC60A
310
0AFFC14647FFD6ABACFFF3EFEFFFFEFEFEFFFFFFFFFFFFFFFFFFFFFFFFFFFFFF
310
FFFFFFFFFFFFFFFFFFFFFFFFFFFFFFFFFFFFFFFFFFFFFFFFFFFFFFFFFFFFFFFF
310
FFFFFFFFFFFFFFFFFFFFFFFFFFFFFFFFFFFFFFFFFFFFFFFFFFFFFFFFFFFFFFFF
310
FFFFFFFFFFFFFFFFFFFFFFFFFFFFFFFFFFFFFFFFFFFFFFFFFFFFFFFFFFFFFFFF
310
FFFFFFFFFFFFFFFFFFFFFFFFFFFFFFFFFFFFFFFFFFFFFFFFFFFFFFFFFFFFFFFF
310
FFFFFFFFFFFFFFFFFFFFFFFFFFFFFFFFFFFFFFFFFFFFFFFFFFFFFFFFFFFFFFFF
310
FFFFFFFFFFFFFFFFFFFFFFFFFFFFFFFFFFFFFFFFFFFFFFFFFFFFFFFFFFFFFFFF
310
FFFFFFFFFFFFFFFFFFFFFFFFFFFFFFFFFFFFFFFFFFFFFFFFFFFFFFFFFFFFFFFF
310
FFFFFFFFFFFFFFFFFFFFFFFFFFFFFFFFFFFFFFFFFFFFFFFFFFFFFFFFFFFFFFFF
310
FFFFFFFFFFFFFFFFFFFFFFFFFFFFFFFFFFFFFFFFFFFFFFFFFFFFFFFFFFFFFFFF
310
FFFFFFFFFFFFFFFFFFFFFFFFFFFFFFFFFFFFFAF9F9FFEDC9C9FFD66969FFC919
310
19FFCD0202FFD52A2AFFE7BABAFFFAF8F8FFFFFFFFFFFFFFFFFFF6EFEFFFDF95
310
95FFC61313FFBF0C0CFFBF4647FFD5A7A8FFF2ECEDFFFFFEFEFFFFFFFFFFFFFF
310
FFFFFFFFFFFFFFFFFFFFFFFFFFFFFFFFFFFFFFFFFFFFFFFFFFFFFFFFFFFFFFFF
310
FFFFFFFFFFFFFFFFFFFFFFFFFFFFFFFFFFFFFFFFFFFFFFFFFFFFFFFFFFFFFFFF
310
FFFFFFFFFFFFFFFFFFFFFFFFFFFFFFFFFFFFFFFFFFFFFFFFFFFFFFFFFFFFFFFF
310
FFFFFFFFFFFFFFFFFFFFFFFFFFFFFFFFFFFFFFFFFFFFFFFFFFFFFFFFFFFFFFFF
310
FFFFFFFFFFFFFFFFFFFFFFFFFFFFFFFFFFFFFFFFFFFFFFFFFFFFFFFFFFFFFFFF
310
FFFFFFFFFFFFFFFFFFFFFFFFFFFFFFFFFFFFFFFFFFFFFFFFFFFFFFFFFFFFFFFF
310
FFFFFFFFFFFFFFFFFFFFFFFFFFFFFFFFFFFFFFFFFFFFFFFFFFFFFFFFFFFFFFFF
310
FFFFFFFFFFFFFFFFFFFFFFFFFFFFFFFFFFFFFFFFFFFFFFFFFFFFFFFFFFFFFFFF
310
FFFFFFFFFFFFFFFFFFFFFFFFFFFFFFFFFFFFFFFFFFFFFFFFFFFFFFFFFFFFFFFF
310
FFFFFFFFFFFFFFFFFFFFFFFFFFFFFFFFFFFFFFFFFFFFFFFFFFFFFFFFFFFFFFFF
310
FFFFFDFBFBFFEBC9CAFFD56A6AFFCD1313FFD42929FFE6B9B9FFFAF8F8FFFFFF
310
FFFFFFFFFFFFF5EFEFFFDA9494FFBB1919FFB84040FFD4A8A8FFF2ECECFFFFFE
310
FFFFFFFFFFFFFFFFFFFFFFFFFFFFFFFFFFFFFFFFFFFFFFFFFFFFFFFFFFFFFFFF
310
FFFFFFFFFFFFFFFFFFFFFFFFFFFFFFFFFFFFFFFFFFFFFFFFFFFFFFFFFFFFFFFF
310
FFFFFFFFFFFFFFFFFFFFFFFFFFFFFFFFFFFFFFFFFFFFFFFFFFFFFFFFFFFFFFFF
310
FFFFFFFFFFFFFFFFFFFFFFFFFFFFFFFFFFFFFFFFFFFFFFFFFFFFFFFFFFFFFFFF
310
FFFFFFFFFFFFFFFFFFFFFFFFFFFFFFFFFFFFFFFFFFFFFFFFFFFFFFFFFFFFFFFF
310
FFFFFFFFFFFFFFFFFFFFFFFFFFFFFFFFFFFFFFFFFFFFFFFFFFFFFFFFFFFFFFFF
310
FFFFFFFFFFFFFFFFFFFFFFFFFFFFFFFFFFFFFFFFFFFFFFFFFFFFFFFFFFFFFFFF
310
FFFFFFFFFFFFFFFFFFFFFFFFFFFFFFFFFFFFFFFFFFFFFFFFFFFFFFFFFFFFFFFF
310
FFFFFFFFFFFFFFFFFFFFFFFFFFFFFFFFFFFFFFFFFFFFFFFFFFFFFFFFFFFFFFFF
310
FFFFFFFFFFFFFFFFFFFFFFFFFFFFFFFFFFFFFFFFFFFFFFFFFFFFFFFFFFFFFFFF
310
FFFFFFFFFFFFFFFFFFFFFFFFFFFFFFFFFFFFFDFCFCFFF0CDCDFFD75D5EFFD23D
310
3DFFE5BABAFFF9F7F7FFFFFFFFFFFFFEFEFFF5EEEFFFD49F9FFFB75252FFD0A3
310
A3FFF6F0F0FFFFFEFEFFFFFFFFFFFFFFFFFFFFFFFFFFFFFFFFFFFFFFFFFFFFFF
310
FFFFFFFFFFFFFFFFFFFFFFFFFFFFFFFFFFFFFFFFFFFFFFFFFFFFFFFFFFFFFFFF
310
FFFFFFFFFFFFFFFFFFFFFFFFFFFFFFFFFFFFFFFFFFFFFFFFFFFFFFFFFFFFFFFF
310
FFFFFFFFFFFFFFFFFFFFFFFFFFFFFFFFFFFFFFFFFFFFFFFFFFFFFFFFFFFFFFFF
310
FFFFFFFFFFFFFFFFFFFFFFFFFFFFFFFFFFFFFFFFFFFFFFFFFFFFFFFFFFFFFFFF
310
FFFFFFFFFFFFFFFFFFFFFFFFFFFFFFFFFFFFFFFFFFFFFFFFFFFFFFFFFFFFFFFF
310
FFFFFFFFFFFFFFFFFFFFFFFFFFFFFFFFFFFFFFFFFFFFFFFFFFFFFFFFFFFFFFFF
310
FFFFFFFFFFFFFFFFFFFFFFFFFFFFFFFFFFFFFFFFFFFFFFFFFFFFFFFFFFFFFFFF
310
FFFFFFFFFFFFFFFFFFFFFFFFFFFFFFFFFFFFFFFFFFFFFFFFFFFFFFFFFFFFFFFF
310
FFFFFFFFFFFFFFFFFFFFFFFFFFFFFFFFFFFFFFFFFFFFFFFFFFFFFFFFFFFFFFFF
310
FFFFFFFFFFFFFFFFFFFFFFFFFFFFFFFFFFFFFFFFFFFFFFFFFFFFFFFFFFFFFFFF
310
FFFFFBF9F9FFEBC3C3FFDC8989FFE8CCCCFFFAF7F7FFFFFFFFFFFFFEFFFFF7F2
310
F2FFDEC8C9FFD1B3B4FFF1E9E9FFFEFEFEFFFFFFFFFFFFFFFFFFFFFFFFFFFFFF
310
FFFFFFFFFFFFFFFFFFFFFFFFFFFFFFFFFFFFFFFFFFFFFFFFFFFFFFFFFFFFFFFF
310
FFFFFFFFFFFFFFFFFFFFFFFFFFFFFFFFFFFFFFFFFFFFFFFFFFFFFFFFFFFFFFFF
310
FFFFFFFFFFFFFFFFFFFFFFFFFFFFFFFFFFFFFFFFFFFFFFFFFFFFFFFFFFFFFFFF
310
FFFFFFFFFFFFFFFFFFFFFFFFFFFFFFFFFFFFFFFFFFFFFFFFFFFFFFFFFFFFFFFF
310
FFFFFFFFFFFFFFFFFFFFFFFFFFFFFFFFFFFFFFFFFFFFFFFFFFFFFFFFFFFFFFFF
310
FFFFFFFFFFFFFFFFFFFFFFFFFFFFFFFFFFFFFFFFFFFFFFFFFFFFFFFFFFFFFFFF
310
FFFFFFFFFFFFFFFFFFFFFFFFFFFFFFFFFFFFFFFFFFFFFFFFFFFFFFFFFFFFFFFF
310
FFFFFFFFFFFFFFFFFFFFFFFFFFFFFFFFFFFFFFFFFFFFFFFFFFFFFFFFFFFFFFFF
310
FFFFFFFFFFFFFFFFFFFFFFFFFFFFFFFFFFFFFFFFFFFFFFFFFFFFFFFFFFFFFFFF
310
FFFFFFFFFFFFFFFFFFFFFFFFFFFFFFFFFFFFFFFFFFFFFFFFFFFFFFFFFFFFFFFF
310
FFFFFFFFFFFFFFFFFFFFFFFFFFFFFFFFFFFFFBF6F6FFF4E6E5FFF3EEEDFFFCFB
310
FBFFFFFFFFFFFFFFFFFFFDFCFDFFF8F6F6FFF7F5F5FFFEFDFDFFFFFFFFFFFFFF
310
FFFFFFFFFFFFFFFFFFFFFFFFFFFFFFFFFFFFFFFFFFFFFFFFFFFFFFFFFFFFFFFF
310
FFFFFFFFFFFFFFFFFFFFFFFFFFFFFFFFFFFFFFFFFFFFFFFFFFFFFFFFFFFFFFFF
310
FFFFFFFFFFFFFFFFFFFFFFFFFFFFFFFFFFFFFFFFFFFFFFFFFFFFFFFFFFFFFFFF
310
FFFFFFFFFFFFFFFFFFFFFFFFFFFFFFFFFFFFFFFFFFFFFFFFFFFFFFFFFFFFFFFF
310
FFFFFFFFFFFFFFFFFFFFFFFFFFFFFFFFFFFFFFFFFFFFFFFFFFFFFFFFFFFFFFFF
310
FFFFFFFFFFFFFFFFFFFFFFFFFFFFFFFFFFFFFFFFFFFFFFFFFFFFFFFFFFFFFFFF
310
FFFFFFFFFFFFFFFFFFFFFFFFFFFFFFFFFFFFFFFFFFFFFFFFFFFFFFFFFFFFFFFF
310
FFFFFFFFFFFFFFFFFFFFFFFFFFFFFFFFFFFFFFFFFFFFFFFFFFFFFFFFFFFFFFFF
310
FFFFFFFFFFFFFFFFFFFFFFFFFFFFFFFFFFFFFFFFFFFFFFFFFFFFFFFFFFFFFFFF
310
FFFFFFFFFFFFFFFFFFFFFFFFFFFFFFFFFFFFFFFFFFFFFFFFFFFFFFFFFFFFFFFF
310
FFFFFFFFFFFFFFFFFFFFFFFFFFFFFFFFFFFFFFFFFFFFFFFFFFFFFFFFFFFFFFFF
310
FFFFFEFEFEFFFDFDFCFFFEFEFEFFFFFFFFFFFFFFFFFFFFFFFFFFFFFFFFFFFFFF
310
FFFFFFFFFFFFFFFFFFFFFFFFFFFFFFFFFFFFFFFFFFFFFFFFFFFFFFFFFFFFFFFF
310
FFFFFFFFFFFFFFFFFFFFFFFFFFFFFFFFFFFFFFFFFFFFFFFFFFFFFFFFFFFFFFFF
310
FFFFFFFFFFFFFFFFFFFFFFFFFFFFFFFFFFFFFFFFFFFFFFFFFFFFFFFFFFFFFFFF
310
FFFFFFFFFFFFFFFFFFFFFFFFFFFFFFFFFFFFFFFFFFFFFFFFFFFFFFFFFFFFFFFF
310
FFFFFFFFFFFFFFFFFFFFFFFFFFFFFFFFFFFFFFFFFFFFFFFFFFFFFFFFFFFFFFFF
310
FFFFFFFFFFFFFFFFFFFFFFFFFFFFFFFFFFFFFFFFFFFFFFFFFFFFFFFFFFFFFFFF
310
FFFFFFFFFFFFFFFFFFFFFFFFFFFFFFFFFFFFFFFFFFFFFFFFFFFFFFFFFFFFFFFF
310
FFFFFFFFFFFFFFFFFFFFFFFFFFFFFFFFFFFFFFFFFFFFFFFFFFFFFFFFFFFFFFFF
310
FFFFFFFFFFFFFFFFFFFFFFFFFFFFFFFFFFFFFFFFFFFFFFFFFFFFFFFFFFFFFFFF
310
FFFFFFFFFFFFFFFFFFFFFFFFFFFFFFFFFFFFFFFFFFFFFFFFFFFFFFFFFFFFFFFF
310
FFFFFFFFFFFFFFFFFFFFFFFFFFFFFFFFFFFFFFFFFFFFFFFFFFFFFFFFFFFFFFFF
310
FFFFFFFFFFFFFFFFFFFFFFFFFFFFFFFFFFFFFFFFFFFFFFFFFFFFFFFFFFFFFFFF
310
FFFFFFFFFFFFFFFFFFFFFFFFFFFFFFFFFFFFFFFFFFFFFFFFFFFFFFFFFFFFFFFF
310
FFFFFFFFFFFFFFFFFFFFFFFFFFFFFFFFFFFFFFFFFFFFFFFFFFFFFFFFFFFFFFFF
310
FFFFFFFFFFFFFFFFFFFFFFFFFFFFFFFFFFFFFFFFFFFFFFFFFFFFFFFFFFFFFFFF
310
FFFFFFFFFFFFFFFFFFFFFFFFFFFFFFFFFFFFFFFFFFFFFFFFFFFFFFFFFFFFFFFF
310
FFFFFFFFFFFFFFFFFFFFFFFFFFFFFFFFFFFFFFFFFFFFFFFFFFFFFFFFFFFFFFFF
310
FFFFFFFFFFFFFFFFFFFFFFFFFFFFFFFFFFFFFFFFFFFFFFFFFFFFFFFFFFFFFFFF
310
FFFFFFFFFFFFFFFFFFFFFFFFFFFFFFFFFFFFFFFFFFFFFFFFFFFFFFFFFFFFFFFF
310
FFFFFFFFFFFFFFFFFFFFFFFFFFFFFFFFFFFFFFFFFFFFFFFFFFFFFFFFFFFFFFFF
310
FFFFFFFFFFFFFFFFFFFFFFFFFFFFFFFFFFFFFFFFFFFFFFFFFFFFFFFFFFFFFFFF
310
FFFFFFFFFFFFFFFFFFFFFFFFFFFFFFFFFFFFFFFFFFFFFFFFFFFFFFFFFFFFFFFF
310
FFFFFFFFFFFFFFFFFFFFFFFFFFFFFFFFFFFFFFFFFFFFFFFFFFFFFFFFFFFFFFFF
310
FFFFFFFFFFFFFFFFFFFFFFFFFFFFFFFFFFFFFFFFFFFFFFFFFFFFFFFFFFFFFFFF
310
FFFFFFFFFFFFFFFFFFFFFFFFFFFFFFFFFFFFFFFFFFFFFFFFFFFFFFFFFFFFFFFF
310
FFFFFFFFFFFFFFFFFFFFFFFFFFFFFFFFFFFFFFFFFFFFFFFFFFFFFFFFFFFFFFFF
310
FFFFFFFFFFFFFFFFFFFFFFFFFFFFFFFFFFFFFFFFFFFFFFFFFFFFFFFFFFFFFFFF
310
FFFFFFFFFFFFFFFFFFFFFFFFFFFFFFFFFFFFFFFFFFFFFFFFFFFFFFFFFFFFFFFF
310
FFFFFFFFFFFFFFFFFFFFFFFFFFFFFFFFFFFFFFFFFFFFFFFFFFFFFFFFFFFFFFFF
310
FFFFFFFFFFFFFFFFFFFFFFFFFFFFFFFFFFFFFFFFFFFFFFFFFFFFFFFFFFFFFFFF
310
FFFFFFFFFFFFFFFFFFFFFFFFFFFFFFFFFFFFFFFFFFFFFFFFFFFFFFFFFFFFFFFF
310
FFFFFFFFFFFFFFFFFFFFFFFFFFFFFFFFFFFFFFFFFFFFFFFFFFFFFFFFFFFFFFFF
310
FFFFFFFFFFFFFFFFFFFFFFFFFFFFFFFFFFFFFFFFFFFFFFFFFFFFFFFFFFFFFFFF
310
FFFFFFFFFFFFFFFFFFFFFFFFFFFFFFFFFFFFFFFFFFFFFFFFFFFFFFFFFFFFFFFF
310
FFFFFFFFFFFFFFFFFFFFFFFFFFFFFFFFFFFFFFFFFFFFFFFFFFFFFFFFFFFFFFFF
310
FFFFFFFFFFFFFFFFFFFFFFFFFFFFFFFFFFFFFFFFFFFFFFFFFFFFFFFFFFFFFFFF
310
FFFFFFFFFFFFFFFFFFFFFFFFFFFFFFFFFFFFFFFFFFFFFFFFFFFFFFFFFFFFFFFF
310
FFFFFFFFFFFFFFFFFFFFFFFFFFFFFFFFFFFFFFFFFFFFFFFFFFFFFFFFFFFFFFFF
310
FFFFFFFFFFFFFFFFFFFFFFFFFFFFFFFFFFFFFFFFFFFFFFFFFFFFFFFFFFFFFFFF
310
FFFFFFFFFFFFFFFFFFFFFFFFFFFFFFFFFFFFFFFFFFFFFFFFFFFFFFFFFFFFFFFF
310
FFFFFFFFFFFFFFFFFFFFFFFFFFFFFFFFFFFFFFFFFFFFFFFFFFFFFFFFFFFFFFFF
310
FFFFFFFFFFFFFFFFFFFFFFFFFFFFFFFFFFFFFFFFFFFFFFFFFFFFFFFFFFFFFFFF
310
FFFFFFFFFFFFFFFFFFFFFFFFFFFFFFFFFFFFFFFFFFFFFFFFFFFFFFFFFFFFFFFF
310
FFFFFFFFFFFFFFFFFFFFFFFFFFFFFFFFFFFFFFFFFFFFFFFFFFFFFFFFFFFFFFFF
310
FFFFFFFFFFFFFFFFFFFFFFFFFFFFFFFFFFFFFFFFFFFFFFFFFFFFFFFFFFFFFFFF
310
FFFFFFFFFFFFFFFFFFFFFFFFFFFFFFFFFFFFFFFFFFFFFFFFFFFFFFFFFFFFFFFF
310
FFFFFFFFFFFFFFFFFFFFFFFFFFFFFFFFFFFFFFFFFFFFFFFFFFFFFFFFFFFFFFFF
310
FFFFFFFFFFFFFFFFFFFFFFFFFFFFFFFFFFFFFFFFFFFFFFFFFFFFFFFFFFFFFFFF
310
FFFFFFFFFFFFFFFFFFFFFFFFFFFFFFFFFFFFFFFFFFFFFFFFFFFFFFFFFFFFFFFF
310
FFFFFFFFFFFFFFFFFFFFFFFFFFFFFFFFFFFFFFFFFFFFFFFFFFFFFFFFFFFFFFFF
310
FFFFFFFFFFFFFFFFFFFFFFFFFFFFFFFFFFFFFFFFFFFFFFFFFFFFFFFFFFFFFFFF
310
FFFFFFFFFFFFFFFFFFFFFFFFFFFFFFFFFFFFFFFFFFFFFFFFFFFFFFFFFFFFFFFF
310
FFFFFFFFFFFFFFFFFFFFFFFFFFFFFFFFFFFFFFFFFFFFFFFFFFFFFFFFFFFFFFFF
310
FFFFFFFFFFFFFFFFFFFFFFFFFFFFFFFFFFFFFFFFFFFFFFFFFFFFFFFFFFFFFFFF
310
FFFFFFFFFFFFFFFFFFFFFFFFFFFFFFFFFFFFFFFFFFFFFFFFFFFFFFFFFFFFFFFF
310
FFFFFFFFFFFFFFFFFFFFFFFFFFFFFFFFFFFFFFFFFFFFFFFFFFFFFFFFFFFFFFFF
310
FFFFFFFFFFFFFFFFFFFFFFFFFFFFFFFFFFFFFFFFFFFFFFFFFFFFFFFFFFFFFFFF
310
FFFFFFFFFFFFFFFFFFFFFFFFFFFFFFFFFFFFFFFFFFFFFFFFFFFFFFFFFFFFFFFF
310
FFFFFFFFFFFFFFFFFFFFFFFFFFFFFFFFFFFFFFFFFFFFFFFFFFFFFFFFFFFFFFFF
310
FFFFFFFFFFFFFFFFFFFFFFFFFFFFFFFFFFFFFFFFFFFFFFFFFFFFFFFFFFFFFFFF
310
FFFFFFFFFFFFFFFFFFFFFFFFFFFFFFFFFFFFFFFFFFFFFFFFFFFFFFFFFFFFFFFF
310
FFFFFFFFFFFFFFFFFFFFFFFFFFFFFFFFFFFFFFFFFFFFFFFFFFFFFFFFFFFFFFFF
310
FFFFFFFFFFFFFFFFFFFFFFFFFFFFFFFFFFFFFFFFFFFFFFFFFFFFFFFFFFFFFFFF
310
FFFFFFFFFFFFFFFFFFFFFFFFFFFFFFFFFFFFFFFFFFFFFFFFFFFFFFFFFFFFFFFF
310
FFFFFFFFFFFFFFFFFFFFFFFFFFFFFFFFFFFFFFFFFFFFFFFFFFFFFFFFFFFFFFFF
310
FFFFFFFFFFFFFFFFFFFFFFFFFFFFFFFFFFFFFFFFFFFFFFFFFFFFFFFFFFFFFFFF
310
FFFFFFFFFFFFFFFFFFFFFFFFFFFFFFFFFFFFFFFFFFFFFFFFFFFFFFFFFFFFFFFF
310
FFFFFFFFFFFFFFFFFFFFFFFFFFFFFFFFFFFF0000000000000000000000000000
310
0000000000000000000000000000000000000000000000000000000000000000
310
0000000000000000000000000000000000000000000000000000000000000000
310
0000000000000000000000000000000000000000000000000000000000000000
310
0000000000000000000000000000000000000000000000000000000000000000
310
0000000000000000000000000000000000000000000000000000000000000000
310
0000000000000000000000000000000000000000000000000000000000000000
310
0000000000000000000000000000000000000000000000000000000000000000
310
0000000000000000000000000000000000000000000000000000000000000000
  1
OLE
  0
ENDSEC
  0
SECTION
  2
OBJECTS
  0
DICTIONARY
  5
C
330
0
100
AcDbDictionary
281
     1
  3
ACAD_GROUP
350
D
  3
ACAD_LAYOUT
350
1A
  3
ACAD_MLINESTYLE
350
17
  3
ACAD_PLOTSETTINGS
350
19
  3
ACAD_PLOTSTYLENAME
350
E
  3
ACAD_SCALELIST
350
47
  3
DWGPROPS
350
288
  0
DICTIONARY
  5
D
102
{ACAD_REACTORS
330
C
102
}
330
C
100
AcDbDictionary
281
     1
  0
DICTIONARY
  5
1A
102
{ACAD_REACTORS
330
C
102
}
330
C
100
AcDbDictionary
281
     1
  3
Layout1
350
1E
  3
Layout2
350
26
  3
Model
350
22
  0
DICTIONARY
  5
17
102
{ACAD_REACTORS
330
C
102
}
330
C
100
AcDbDictionary
281
     1
  3
Standard
350
18
  0
DICTIONARY
  5
19
102
{ACAD_REACTORS
330
C
102
}
330
C
100
AcDbDictionary
281
     1
  0
ACDBDICTIONARYWDFLT
  5
E
102
{ACAD_REACTORS
330
C
102
}
330
C
100
AcDbDictionary
281
     1
  3
Normal
350
F
100
AcDbDictionaryWithDefault
340
F
  0
DICTIONARY
  5
47
102
{ACAD_REACTORS
330
C
102
}
330
C
100
AcDbDictionary
281
     1
  3
A0
350
48
  3
A1
350
49
  3
A2
350
4A
  3
A3
350
4B
  3
A4
350
4C
  3
A5
350
4D
  3
A6
350
4E
  3
A7
350
4F
  3
A8
350
50
  3
A9
350
51
  3
B0
350
52
  3
B1
350
53
  3
B2
350
54
  3
B3
350
55
  3
B4
350
56
  3
B5
350
57
  3
B6
350
58
  0
XRECORD
  5
288
102
{ACAD_REACTORS
330
C
102
}
330
C
100
AcDbXrecord
280
     1
  1
DWGPROPS COOKIE
  2

  3

  4

  6

  7

  8
Îå
  9

300
=
301
=
302
=
303
=
304
=
305
=
306
=
307
=
308
=
309
=
 40
0.0
 41
2460727.07379132
 42
2460727.073794792
  1

 90
        0
  0
LAYOUT
  5
1E
102
{ACAD_REACTORS
330
1A
102
}
330
1A
100
AcDbPlotSettings
  1

  2
none_device
  4

  6

 40
0.0
 41
0.0
 42
0.0
 43
0.0
 44
0.0
 45
0.0
 46
0.0
 47
0.0
 48
0.0
 49
0.0
140
0.0
141
0.0
142
1.0
143
1.0
 70
   688
 72
     1
 73
     0
 74
     5
  7

 75
    16
147
1.0
148
0.0
149
0.0
100
AcDbLayout
  1
Layout1
 70
     1
 71
     1
 10
0.0
 20
0.0
 11
420.0
 21
297.0
 12
0.0
 22
0.0
 32
0.0
 14
1.0000000000E+20
 24
1.0000000000E+20
 34
1.0000000000E+20
 15
-1.0000000000E+20
 25
-1.0000000000E+20
 35
-1.0000000000E+20
146
0.0
 13
0.0
 23
0.0
 33
0.0
 16
1.0
 26
0.0
 36
0.0
 17
0.0
 27
1.0
 37
0.0
 76
     0
330
1B
  0
LAYOUT
  5
26
102
{ACAD_REACTORS
330
1A
102
}
330
1A
100
AcDbPlotSettings
  1

  2
none_device
  4

  6

 40
0.0
 41
0.0
 42
0.0
 43
0.0
 44
0.0
 45
0.0
 46
0.0
 47
0.0
 48
0.0
 49
0.0
140
0.0
141
0.0
142
1.0
143
1.0
 70
   688
 72
     1
 73
     0
 74
     5
  7

 75
    16
147
1.0
148
0.0
149
0.0
100
AcDbLayout
  1
Layout2
 70
     1
 71
     2
 10
0.0
 20
0.0
 11
0.0
 21
0.0
 12
0.0
 22
0.0
 32
0.0
 14
0.0
 24
0.0
 34
0.0
 15
0.0
 25
0.0
 35
0.0
146
0.0
 13
0.0
 23
0.0
 33
0.0
 16
1.0
 26
0.0
 36
0.0
 17
0.0
 27
1.0
 37
0.0
 76
     0
330
23
  0
LAYOUT
  5
22
102
{ACAD_REACTORS
330
1A
102
}
330
1A
100
AcDbPlotSettings
  1

  2
none_device
  4
Letter_(8.50_x_11.00_Inches)
  6

 40
6.35
 41
6.35
 42
6.35000508
 43
6.35000508
 44
215.9
 45
279.4
 46
0.0
 47
0.0
 48
0.0
 49
0.0
140
0.0
141
0.0
142
1.0
143
1.0
 70
  1712
 72
     1
 73
     0
 74
     0
  7

 75
     0
147
1.0
148
0.0
149
0.0
100
AcDbLayout
  1
Model
 70
     1
 71
     0
 10
0.0
 20
0.0
 11
297.0
 21
210.0
 12
0.0
 22
0.0
 32
0.0
 14
0.0
 24
0.0
 34
0.0
 15
297.0
 25
210.0
 35
0.0
146
0.0
 13
0.0
 23
0.0
 33
0.0
 16
1.0
 26
0.0
 36
0.0
 17
0.0
 27
1.0
 37
0.0
 76
     0
330
1F
331
29
  0
MLINESTYLE
  5
18
102
{ACAD_REACTORS
330
17
102
}
330
17
100
AcDbMlineStyle
  2
Standard
 70
     0
  3

 62
   256
 51
90.0
 52
90.0
 71
     2
 49
0.5
 62
   256
  6
BYLAYER
 49
-0.5
 62
   256
  6
BYLAYER
  0
ACDBPLACEHOLDER
  5
F
102
{ACAD_REACTORS
330
E
102
}
330
E
  0
SCALE
  5
48
102
{ACAD_REACTORS
330
47
102
}
330
47
100
AcDbScale
 70
     0
300
1:1
140
1.0
141
1.0
290
     1
  0
SCALE
  5
49
102
{ACAD_REACTORS
330
47
102
}
330
47
100
AcDbScale
 70
     0
300
1:2
140
1.0
141
2.0
290
     0
  0
SCALE
  5
4A
102
{ACAD_REACTORS
330
47
102
}
330
47
100
AcDbScale
 70
     0
300
1:4
140
1.0
141
4.0
290
     0
  0
SCALE
  5
4B
102
{ACAD_REACTORS
330
47
102
}
330
47
100
AcDbScale
 70
     0
300
1:5
140
1.0
141
5.0
290
     0
  0
SCALE
  5
4C
102
{ACAD_REACTORS
330
47
102
}
330
47
100
AcDbScale
 70
     0
300
1:8
140
1.0
141
8.0
290
     0
  0
SCALE
  5
4D
102
{ACAD_REACTORS
330
47
102
}
330
47
100
AcDbScale
 70
     0
300
1:10
140
1.0
141
10.0
290
     0
  0
SCALE
  5
4E
102
{ACAD_REACTORS
330
47
102
}
330
47
100
AcDbScale
 70
     0
300
1:16
140
1.0
141
16.0
290
     0
  0
SCALE
  5
4F
102
{ACAD_REACTORS
330
47
102
}
330
47
100
AcDbScale
 70
     0
300
1:20
140
1.0
141
20.0
290
     0
  0
SCALE
  5
50
102
{ACAD_REACTORS
330
47
102
}
330
47
100
AcDbScale
 70
     0
300
1:30
140
1.0
141
30.0
290
     0
  0
SCALE
  5
51
102
{ACAD_REACTORS
330
47
102
}
330
47
100
AcDbScale
 70
     0
300
1:40
140
1.0
141
40.0
290
     0
  0
SCALE
  5
52
102
{ACAD_REACTORS
330
47
102
}
330
47
100
AcDbScale
 70
     0
300
1:50
140
1.0
141
50.0
290
     0
  0
SCALE
  5
53
102
{ACAD_REACTORS
330
47
102
}
330
47
100
AcDbScale
 70
     0
300
1:100
140
1.0
141
100.0
290
     0
  0
SCALE
  5
54
102
{ACAD_REACTORS
330
47
102
}
330
47
100
AcDbScale
 70
     0
300
2:1
140
2.0
141
1.0
290
     0
  0
SCALE
  5
55
102
{ACAD_REACTORS
330
47
102
}
330
47
100
AcDbScale
 70
     0
300
4:1
140
4.0
141
1.0
290
     0
  0
SCALE
  5
56
102
{ACAD_REACTORS
330
47
102
}
330
47
100
AcDbScale
 70
     0
300
8:1
140
8.0
141
1.0
290
     0
  0
SCALE
  5
57
102
{ACAD_REACTORS
330
47
102
}
330
47
100
AcDbScale
 70
     0
300
10:1
140
10.0
141
1.0
290
     0
  0
SCALE
  5
58
102
{ACAD_REACTORS
330
47
102
}
330
47
100
AcDbScale
 70
     0
300
100:1
140
100.0
141
1.0
290
     0
  0
ENDSEC
  0
EOF
